{
  "meta": {
    "_dataset": "tvm board - Nov 22nd 2025 (5060 images)",
    "_label": "",
    "_relpath": "1. Mystical Nights.jpg",
    "_filename": "1. Mystical Nights.jpg",
    "_width": 1200,
    "_height": 1200
  },
  "features": {
    "geometric_structural": {
      "leading_lines": {
        "diagonal": 83,
        "vertical": 4,
        "horizontal": 11,
        "curved": 547
      },
      "leading_lines_strength": 1.259765625,
      "symmetry_vertical": 0.18354543891469438,
      "symmetry_horizontal": 0.13820204126503982,
      "symmetry_radial": 0.14126895696694855,
      "rule_of_thirds": {
        "alignment_score": 0,
        "num_salient_objects": 4
      },
      "golden_ratio": {
        "golden_alignment_score": 0
      },
      "balance": {
        "static_balance": 0.914836049079895,
        "dynamic_balance": 1.0,
        "dominant_quadrant": 1
      },
      "layering": {
        "foreground_ratio": 0.2998237609863281,
        "midground_ratio": 0.30135345458984375,
        "background_ratio": 0.3988227844238281,
        "depth_complexity": 1.0472891508655158
      }
    },
    "spatial_layout": {
      "negative_space_ratio": 0.7381210327148438,
      "subject_isolation": 0.10000228881835938,
      "depth_of_field": {
        "blur_gradient_strength": 510.371463377927,
        "sharpness_variance": 336929.3461830007,
        "min_sharpness": 212.02447288705838,
        "max_sharpness": 2707.539119569396
      },
      "perspective": {
        "has_vanishing_point": 1,
        "perspective_strength": 0.9996206972848247
      }
    },
    "contrast_color": {
      "high_contrast_ratio": 0.359527587890625,
      "low_contrast_ratio": 0.640472412109375,
      "mean_contrast": 24.741851806640625,
      "highlight_ratio": 0.006816864013671875,
      "shadow_ratio": 0.3182334899902344,
      "midtone_ratio": 0.6749496459960938,
      "warm_color_ratio": 0.3220367431640625,
      "cool_color_ratio": 0.378997802734375,
      "complementary_color_score": 2.2222222222222223
    },
    "motion_dynamics": {
      "s_curve_count": 404,
      "motion_blur_score": 6.665713084916121,
      "dominant_direction_deg": 95.0,
      "direction_strength": 0.04418563842756582
    },
    "pattern_rhythm": {
      "repetition_score": 1.0,
      "rhythm_score": 1.0,
      "pattern_breaks": 1
    },
    "visual_mass_focus": {
      "point_of_interest": {
        "x": 0.796875,
        "y": 0.177734375,
        "strength": 1.0
      },
      "visual_mass_concentration": 0.1999969482421875,
      "mean_visual_weight": 0.1326211541891098,
      "face_count": 0,
      "has_directional_cues": 0
    },
    "framing_breathing": {
      "frame_in_frame_count": 0,
      "breathing_space": {
        "top": 0.083984375,
        "bottom": 0.724609375,
        "left": 0.69140625,
        "right": 0.1171875,
        "min_margin": 0.083984375,
        "mean_margin": 0.404296875
      },
      "corner_anchors": {
        "top_left": 0.2483886182308197,
        "top_right": 0.35840538144111633,
        "bottom_left": 0.2874071002006531,
        "bottom_right": 0.2279711216688156,
        "max_corner_weight": 0.35840538144111633,
        "has_corner_subject": 1
      }
    }
  }
}