{
  "meta": {
    "_dataset": "tvm board - Nov 22nd 2025 (5060 images)",
    "_label": "",
    "_relpath": "2. .jpg",
    "_filename": "2. .jpg",
    "_width": 928,
    "_height": 1232
  },
  "features": {
    "geometric_structural": {
      "leading_lines": {
        "diagonal": 227,
        "vertical": 44,
        "horizontal": 63,
        "curved": 1042
      },
      "leading_lines_strength": 2.023529411764706,
      "symmetry_vertical": 0.13313028186239942,
      "symmetry_horizontal": 0.10535394452931822,
      "symmetry_radial": 0.07954161076206666,
      "rule_of_thirds": {
        "alignment_score": 0,
        "num_salient_objects": 1
      },
      "golden_ratio": {
        "golden_alignment_score": 0
      },
      "balance": {
        "static_balance": 0.9122791290283203,
        "dynamic_balance": 1.0,
        "dominant_quadrant": 1
      },
      "layering": {
        "foreground_ratio": 0.3272259880514706,
        "midground_ratio": 0.29040383731617647,
        "background_ratio": 0.38237017463235295,
        "depth_complexity": 2.699562243509119
      }
    },
    "spatial_layout": {
      "negative_space_ratio": 0.6291389016544118,
      "subject_isolation": 0.1,
      "depth_of_field": {
        "blur_gradient_strength": 1110.275509938467,
        "sharpness_variance": 2636907.836236556,
        "min_sharpness": 105.36639753940796,
        "max_sharpness": 7053.665224913495
      },
      "perspective": {
        "has_vanishing_point": 1,
        "perspective_strength": 0.9997914535686266
      }
    },
    "contrast_color": {
      "high_contrast_ratio": 0.471240234375,
      "low_contrast_ratio": 0.528759765625,
      "mean_contrast": 26.447799682617188,
      "highlight_ratio": 0.0036046644672751427,
      "shadow_ratio": 0.31397345662117004,
      "midtone_ratio": 0.6824219226837158,
      "warm_color_ratio": 0.03211167279411765,
      "cool_color_ratio": 0.8192957261029412,
      "complementary_color_score": 2.5
    },
    "motion_dynamics": {
      "s_curve_count": 701,
      "motion_blur_score": 5.20754570752285,
      "dominant_direction_deg": -85.0,
      "direction_strength": 0.044821346507224205
    },
    "pattern_rhythm": {
      "repetition_score": 1.0,
      "rhythm_score": 1.0,
      "pattern_breaks": 1
    },
    "visual_mass_focus": {
      "point_of_interest": {
        "x": 0.857421875,
        "y": 0.060294117647058824,
        "strength": 1.0
      },
      "visual_mass_concentration": 0.1998477711397059,
      "mean_visual_weight": 0.220424622297287,
      "face_count": 0,
      "has_directional_cues": 0
    },
    "framing_breathing": {
      "frame_in_frame_count": 0,
      "breathing_space": {
        "top": 0.016176470588235296,
        "bottom": 0.9088235294117647,
        "left": 0.80078125,
        "right": 0.111328125,
        "min_margin": 0.016176470588235296,
        "mean_margin": 0.45927734375
      },
      "corner_anchors": {
        "top_left": 0.15859386324882507,
        "top_right": 0.30909717082977295,
        "bottom_left": 0.1503181904554367,
        "bottom_right": 0.14410549402236938,
        "max_corner_weight": 0.30909717082977295,
        "has_corner_subject": 1
      }
    }
  }
}