{
  "meta": {
    "_dataset": "tvm board - Nov 22nd 2025 (5060 images)",
    "_label": "",
    "_relpath": "26. The Train.jpg",
    "_filename": "26. The Train.jpg",
    "_width": 2048,
    "_height": 2048
  },
  "features": {
    "geometric_structural": {
      "leading_lines": {
        "diagonal": 56,
        "vertical": 0,
        "horizontal": 0,
        "curved": 344
      },
      "leading_lines_strength": 0.78125,
      "symmetry_vertical": 0.13843795062779699,
      "symmetry_horizontal": 0.11278036858342264,
      "symmetry_radial": 0.11399807623227941,
      "rule_of_thirds": {
        "alignment_score": 0,
        "num_salient_objects": 21
      },
      "golden_ratio": {
        "golden_alignment_score": 2
      },
      "balance": {
        "static_balance": 0.9709508419036865,
        "dynamic_balance": 1.0,
        "dominant_quadrant": 0
      },
      "layering": {
        "foreground_ratio": 0.3116950988769531,
        "midground_ratio": 0.35406494140625,
        "background_ratio": 0.3342399597167969,
        "depth_complexity": 2.571597752646485
      }
    },
    "spatial_layout": {
      "negative_space_ratio": 0.6360435485839844,
      "subject_isolation": 0.10000228881835938,
      "depth_of_field": {
        "blur_gradient_strength": 1134.5293127788957,
        "sharpness_variance": 2629445.6546400506,
        "min_sharpness": 94.17493271818533,
        "max_sharpness": 8776.903840403264
      },
      "perspective": {
        "has_vanishing_point": 1,
        "perspective_strength": 0.9981505740926254
      }
    },
    "contrast_color": {
      "high_contrast_ratio": 0.5075798034667969,
      "low_contrast_ratio": 0.4924201965332031,
      "mean_contrast": 35.505428314208984,
      "highlight_ratio": 0.008808135986328125,
      "shadow_ratio": 0.3225135803222656,
      "midtone_ratio": 0.6686782836914062,
      "warm_color_ratio": 0.12982940673828125,
      "cool_color_ratio": 0.6723747253417969,
      "complementary_color_score": 2.2777777777777777
    },
    "motion_dynamics": {
      "s_curve_count": 243,
      "motion_blur_score": 5.0648297668825935,
      "dominant_direction_deg": -85.0,
      "direction_strength": 0.03728485107407652
    },
    "pattern_rhythm": {
      "repetition_score": 1.0,
      "rhythm_score": 1.0,
      "pattern_breaks": 2
    },
    "visual_mass_focus": {
      "point_of_interest": {
        "x": 0.453125,
        "y": 0.4765625,
        "strength": 1.0
      },
      "visual_mass_concentration": 0.19996261596679688,
      "mean_visual_weight": 0.1472194641828537,
      "face_count": 0,
      "has_directional_cues": 0
    },
    "framing_breathing": {
      "frame_in_frame_count": 0,
      "breathing_space": {
        "top": 0.75,
        "bottom": 0.08203125,
        "left": 0.689453125,
        "right": 0.009765625,
        "min_margin": 0.009765625,
        "mean_margin": 0.3828125
      },
      "corner_anchors": {
        "top_left": 0.3762766122817993,
        "top_right": 0.33358439803123474,
        "bottom_left": 0.24323146045207977,
        "bottom_right": 0.4123886525630951,
        "max_corner_weight": 0.4123886525630951,
        "has_corner_subject": 1
      }
    }
  }
}