{
  "meta": {
    "_dataset": "tvm board - Nov 22nd 2025 (5060 images)",
    "_label": "",
    "_relpath": "23. 1940s steam.jpg",
    "_filename": "23. 1940s steam.jpg",
    "_width": 787,
    "_height": 787
  },
  "features": {
    "geometric_structural": {
      "leading_lines": {
        "diagonal": 51,
        "vertical": 20,
        "horizontal": 5,
        "curved": 490
      },
      "leading_lines_strength": 1.10546875,
      "symmetry_vertical": 0.10454182654888178,
      "symmetry_horizontal": 0.1507064672214842,
      "symmetry_radial": 0.10417280812854883,
      "rule_of_thirds": {
        "alignment_score": 0,
        "num_salient_objects": 19
      },
      "golden_ratio": {
        "golden_alignment_score": 2
      },
      "balance": {
        "static_balance": 0.8325042724609375,
        "dynamic_balance": 1.0,
        "dominant_quadrant": 0
      },
      "layering": {
        "foreground_ratio": 0.31516265869140625,
        "midground_ratio": 0.27997589111328125,
        "background_ratio": 0.4048614501953125,
        "depth_complexity": 1.7590443843802785
      }
    },
    "spatial_layout": {
      "negative_space_ratio": 0.7298240661621094,
      "subject_isolation": 0.10000228881835938,
      "depth_of_field": {
        "blur_gradient_strength": 1319.636644154514,
        "sharpness_variance": 3422859.1894229953,
        "min_sharpness": 3.21874072921115,
        "max_sharpness": 7880.384784428431
      },
      "perspective": {
        "has_vanishing_point": 1,
        "perspective_strength": 0.9958108916816277
      }
    },
    "contrast_color": {
      "high_contrast_ratio": 0.4178924560546875,
      "low_contrast_ratio": 0.5821075439453125,
      "mean_contrast": 30.200111389160156,
      "highlight_ratio": 0.000141143798828125,
      "shadow_ratio": 0.5886459350585938,
      "midtone_ratio": 0.4112129211425781,
      "warm_color_ratio": 0.6996726989746094,
      "cool_color_ratio": 0.00121307373046875,
      "complementary_color_score": 2.0555555555555554
    },
    "motion_dynamics": {
      "s_curve_count": 368,
      "motion_blur_score": 4.620349622816509,
      "dominant_direction_deg": 4.999999999999995,
      "direction_strength": 0.0839042663571018
    },
    "pattern_rhythm": {
      "repetition_score": 1.0,
      "rhythm_score": 1.0,
      "pattern_breaks": 5
    },
    "visual_mass_focus": {
      "point_of_interest": {
        "x": 0.24609375,
        "y": 0.234375,
        "strength": 1.0
      },
      "visual_mass_concentration": 0.1999664306640625,
      "mean_visual_weight": 0.08781202137470245,
      "face_count": 0,
      "has_directional_cues": 0
    },
    "framing_breathing": {
      "frame_in_frame_count": 0,
      "breathing_space": {
        "top": 0.0,
        "bottom": 0.359375,
        "left": 0.0,
        "right": 0.4375,
        "min_margin": 0.0,
        "mean_margin": 0.19921875
      },
      "corner_anchors": {
        "top_left": 0.8223211169242859,
        "top_right": 0.16843517124652863,
        "bottom_left": 0.2870182394981384,
        "bottom_right": 0.30006837844848633,
        "max_corner_weight": 0.8223211169242859,
        "has_corner_subject": 1
      }
    }
  }
}