{
  "meta": {
    "_dataset": "tvm board - Nov 22nd 2025 (5060 images)",
    "_label": "",
    "_relpath": "40. .jpg",
    "_filename": "40. .jpg",
    "_width": 1080,
    "_height": 1350
  },
  "features": {
    "geometric_structural": {
      "leading_lines": {
        "diagonal": 96,
        "vertical": 88,
        "horizontal": 0,
        "curved": 800
      },
      "leading_lines_strength": 1.5375,
      "symmetry_vertical": 0.10337540417035963,
      "symmetry_horizontal": 0.09665051787397115,
      "symmetry_radial": 0.06989975225312521,
      "rule_of_thirds": {
        "alignment_score": 2,
        "num_salient_objects": 25
      },
      "golden_ratio": {
        "golden_alignment_score": 4
      },
      "balance": {
        "static_balance": 0.8343337774276733,
        "dynamic_balance": 1.0,
        "dominant_quadrant": 1
      },
      "layering": {
        "foreground_ratio": 0.32357177734375,
        "midground_ratio": 0.3045501708984375,
        "background_ratio": 0.3718780517578125,
        "depth_complexity": 2.252943338002553
      }
    },
    "spatial_layout": {
      "negative_space_ratio": 0.746209716796875,
      "subject_isolation": 0.1,
      "depth_of_field": {
        "blur_gradient_strength": 1273.1418880674755,
        "sharpness_variance": 2247370.8342564716,
        "min_sharpness": 63.360150274914226,
        "max_sharpness": 7815.341826503011
      },
      "perspective": {
        "has_vanishing_point": 1,
        "perspective_strength": 0.9999210564897204
      }
    },
    "contrast_color": {
      "high_contrast_ratio": 0.3861419677734375,
      "low_contrast_ratio": 0.6138580322265625,
      "mean_contrast": 38.71233367919922,
      "highlight_ratio": 0.14719848334789276,
      "shadow_ratio": 0.5121704339981079,
      "midtone_ratio": 0.34063106775283813,
      "warm_color_ratio": 0.032177734375,
      "cool_color_ratio": 0.3636688232421875,
      "complementary_color_score": 2.388888888888889
    },
    "motion_dynamics": {
      "s_curve_count": 569,
      "motion_blur_score": 4.472833427639315,
      "dominant_direction_deg": 175.0,
      "direction_strength": 0.041705322265497724
    },
    "pattern_rhythm": {
      "repetition_score": 1.0,
      "rhythm_score": 1.0,
      "pattern_breaks": 9
    },
    "visual_mass_focus": {
      "point_of_interest": {
        "x": 0.560546875,
        "y": 0.240625,
        "strength": 1.0
      },
      "visual_mass_concentration": 0.199285888671875,
      "mean_visual_weight": 0.06673432886600494,
      "face_count": 0,
      "has_directional_cues": 0
    },
    "framing_breathing": {
      "frame_in_frame_count": 0,
      "breathing_space": {
        "top": 0.0,
        "bottom": 0.321875,
        "left": 0.25390625,
        "right": 0.16015625,
        "min_margin": 0.0,
        "mean_margin": 0.183984375
      },
      "corner_anchors": {
        "top_left": 0.3031958341598511,
        "top_right": 0.3228166401386261,
        "bottom_left": 0.2559395730495453,
        "bottom_right": 0.26295894384384155,
        "max_corner_weight": 0.3228166401386261,
        "has_corner_subject": 1
      }
    }
  }
}