{
  "meta": {
    "_dataset": "tvm board - Nov 22nd 2025 (5060 images)",
    "_label": "",
    "_relpath": "50. .jpg",
    "_filename": "50. .jpg",
    "_width": 311,
    "_height": 450
  },
  "features": {
    "geometric_structural": {
      "leading_lines": {
        "diagonal": 47,
        "vertical": 3,
        "horizontal": 0,
        "curved": 674
      },
      "leading_lines_strength": 0.9770580296896086,
      "symmetry_vertical": 0.3055519871939751,
      "symmetry_horizontal": 0.29469726841291966,
      "symmetry_radial": 0.21743245175927836,
      "rule_of_thirds": {
        "alignment_score": 0,
        "num_salient_objects": 22
      },
      "golden_ratio": {
        "golden_alignment_score": 0
      },
      "balance": {
        "static_balance": 0.8713000416755676,
        "dynamic_balance": 1.0,
        "dominant_quadrant": 2
      },
      "layering": {
        "foreground_ratio": 0.3375848726383266,
        "midground_ratio": 0.2868036226383266,
        "background_ratio": 0.3756115047233468,
        "depth_complexity": 0.3381649598428217
      }
    },
    "spatial_layout": {
      "negative_space_ratio": 0.6302478702766532,
      "subject_isolation": 0.10000210863697706,
      "depth_of_field": {
        "blur_gradient_strength": 165.89913344071755,
        "sharpness_variance": 60208.88232472704,
        "min_sharpness": 28.88328136887581,
        "max_sharpness": 1255.2032221954676
      },
      "perspective": {
        "has_vanishing_point": 1,
        "perspective_strength": 0.9976465396778701
      }
    },
    "contrast_color": {
      "high_contrast_ratio": 0.41873576670040485,
      "low_contrast_ratio": 0.5812642332995952,
      "mean_contrast": 16.058340072631836,
      "highlight_ratio": 0.007593729067593813,
      "shadow_ratio": 0.009805161505937576,
      "midtone_ratio": 0.9826011061668396,
      "warm_color_ratio": 0.00023985745614035086,
      "cool_color_ratio": 0.9725429107624831,
      "complementary_color_score": 0.0
    },
    "motion_dynamics": {
      "s_curve_count": 511,
      "motion_blur_score": 11.22672359121484,
      "dominant_direction_deg": 4.999999999999995,
      "direction_strength": 0.03315040907548617
    },
    "pattern_rhythm": {
      "repetition_score": 1.0,
      "rhythm_score": 1.0,
      "pattern_breaks": 0
    },
    "visual_mass_focus": {
      "point_of_interest": {
        "x": 0.642578125,
        "y": 0.4898785425101215,
        "strength": 1.0
      },
      "visual_mass_concentration": 0.1999330507759784,
      "mean_visual_weight": 0.3208915591239929,
      "face_count": 0,
      "has_directional_cues": 0
    },
    "framing_breathing": {
      "frame_in_frame_count": 0,
      "breathing_space": {
        "top": 0.7125506072874493,
        "bottom": 0.18893387314439947,
        "left": 0.205078125,
        "right": 0.638671875,
        "min_margin": 0.18893387314439947,
        "mean_margin": 0.43630862010796223
      },
      "corner_anchors": {
        "top_left": 0.09315378218889236,
        "top_right": 0.3186175525188446,
        "bottom_left": 0.19671545922756195,
        "bottom_right": 0.1815793514251709,
        "max_corner_weight": 0.3186175525188446,
        "has_corner_subject": 1
      }
    }
  }
}