{
  "meta": {
    "_dataset": "tvm board - Nov 22nd 2025 (5060 images)",
    "_label": "",
    "_relpath": "42. .jpg",
    "_filename": "42. .jpg",
    "_width": 1192,
    "_height": 1739
  },
  "features": {
    "geometric_structural": {
      "leading_lines": {
        "diagonal": 249,
        "vertical": 126,
        "horizontal": 0,
        "curved": 757
      },
      "leading_lines_strength": 1.5153949129852744,
      "symmetry_vertical": 0.1413770437051957,
      "symmetry_horizontal": 0.10621774481556928,
      "symmetry_radial": 0.07506566669099143,
      "rule_of_thirds": {
        "alignment_score": 1,
        "num_salient_objects": 92
      },
      "golden_ratio": {
        "golden_alignment_score": 3
      },
      "balance": {
        "static_balance": 0.886538028717041,
        "dynamic_balance": 1.0,
        "dominant_quadrant": 0
      },
      "layering": {
        "foreground_ratio": 0.3306271962851406,
        "midground_ratio": 0.3260019243641232,
        "background_ratio": 0.3433708793507363,
        "depth_complexity": 1.4135679910514858
      }
    },
    "spatial_layout": {
      "negative_space_ratio": 0.5195652401271754,
      "subject_isolation": 0.09999895414993307,
      "depth_of_field": {
        "blur_gradient_strength": 455.91867562281806,
        "sharpness_variance": 418449.8389254758,
        "min_sharpness": 197.39016475637604,
        "max_sharpness": 3796.5933325558244
      },
      "perspective": {
        "has_vanishing_point": 1,
        "perspective_strength": 0.9996916129167146
      }
    },
    "contrast_color": {
      "high_contrast_ratio": 0.5031140185742972,
      "low_contrast_ratio": 0.49688598142570284,
      "mean_contrast": 27.446928024291992,
      "highlight_ratio": 0.09394871443510056,
      "shadow_ratio": 0.0021230755373835564,
      "midtone_ratio": 0.9039282202720642,
      "warm_color_ratio": 0.6492349606760375,
      "cool_color_ratio": 0.0032212182061579653,
      "complementary_color_score": 2.111111111111111
    },
    "motion_dynamics": {
      "s_curve_count": 567,
      "motion_blur_score": 8.703704828702293,
      "dominant_direction_deg": 175.0,
      "direction_strength": 0.037577392904854894
    },
    "pattern_rhythm": {
      "repetition_score": 1.0,
      "rhythm_score": 1.0,
      "pattern_breaks": 16
    },
    "visual_mass_focus": {
      "point_of_interest": {
        "x": 0.4375,
        "y": 0.3507362784471218,
        "strength": 1.0
      },
      "visual_mass_concentration": 0.19988286479250333,
      "mean_visual_weight": 0.14633768796920776,
      "face_count": 0,
      "has_directional_cues": 0
    },
    "framing_breathing": {
      "frame_in_frame_count": 0,
      "breathing_space": {
        "top": 0.32663989290495316,
        "bottom": 0.3855421686746988,
        "left": 0.0,
        "right": 0.8125,
        "min_margin": 0.0,
        "mean_margin": 0.381170515394913
      },
      "corner_anchors": {
        "top_left": 0.33940380811691284,
        "top_right": 0.27472102642059326,
        "bottom_left": 0.2626190483570099,
        "bottom_right": 0.2011367678642273,
        "max_corner_weight": 0.33940380811691284,
        "has_corner_subject": 1
      }
    }
  }
}