{
  "meta": {
    "_dataset": "tvm board - Nov 22nd 2025 (5060 images)",
    "_label": "",
    "_relpath": "70. .jpg",
    "_filename": "70. .jpg",
    "_width": 500,
    "_height": 660
  },
  "features": {
    "geometric_structural": {
      "leading_lines": {
        "diagonal": 19,
        "vertical": 20,
        "horizontal": 12,
        "curved": 603
      },
      "leading_lines_strength": 0.9674556213017751,
      "symmetry_vertical": 0.30537491373304626,
      "symmetry_horizontal": 0.31848932035973154,
      "symmetry_radial": 0.17021355902199198,
      "rule_of_thirds": {
        "alignment_score": 1,
        "num_salient_objects": 37
      },
      "golden_ratio": {
        "golden_alignment_score": 2
      },
      "balance": {
        "static_balance": 0.9334572553634644,
        "dynamic_balance": 1.0,
        "dominant_quadrant": 2
      },
      "layering": {
        "foreground_ratio": 0.2976030880177515,
        "midground_ratio": 0.35292910965236685,
        "background_ratio": 0.34946780232988167,
        "depth_complexity": 0.6771569116351309
      }
    },
    "spatial_layout": {
      "negative_space_ratio": 0.7065805288461539,
      "subject_isolation": 0.10000231139053255,
      "depth_of_field": {
        "blur_gradient_strength": 550.1214259723424,
        "sharpness_variance": 847866.7747506786,
        "min_sharpness": 0.0,
        "max_sharpness": 4821.853901753991
      },
      "perspective": {
        "has_vanishing_point": 1,
        "perspective_strength": 0.9979321040840944
      }
    },
    "contrast_color": {
      "high_contrast_ratio": 0.45089450813609466,
      "low_contrast_ratio": 0.5491054918639053,
      "mean_contrast": 25.586044311523438,
      "highlight_ratio": 0.0545661523938179,
      "shadow_ratio": 0.5515584349632263,
      "midtone_ratio": 0.3938754200935364,
      "warm_color_ratio": 0.07093079696745562,
      "cool_color_ratio": 0.19112021542159763,
      "complementary_color_score": 2.388888888888889
    },
    "motion_dynamics": {
      "s_curve_count": 402,
      "motion_blur_score": 6.091193043799877,
      "dominant_direction_deg": 4.999999999999995,
      "direction_strength": 0.09778915495533877
    },
    "pattern_rhythm": {
      "repetition_score": 1.0,
      "rhythm_score": 1.0,
      "pattern_breaks": 8
    },
    "visual_mass_focus": {
      "point_of_interest": {
        "x": 0.447265625,
        "y": 0.4896449704142012,
        "strength": 1.0
      },
      "visual_mass_concentration": 0.19997861963757396,
      "mean_visual_weight": 0.08981338888406754,
      "face_count": 0,
      "has_directional_cues": 0
    },
    "framing_breathing": {
      "frame_in_frame_count": 0,
      "breathing_space": {
        "top": 0.636094674556213,
        "bottom": 0.19230769230769232,
        "left": 0.330078125,
        "right": 0.31640625,
        "min_margin": 0.19230769230769232,
        "mean_margin": 0.36872168546597633
      },
      "corner_anchors": {
        "top_left": 0.2519267499446869,
        "top_right": 0.28244897723197937,
        "bottom_left": 0.23639070987701416,
        "bottom_right": 0.2673282325267792,
        "max_corner_weight": 0.28244897723197937,
        "has_corner_subject": 0
      }
    }
  }
}