{
  "meta": {
    "_dataset": "tvm board - Nov 22nd 2025 (5060 images)",
    "_label": "",
    "_relpath": "84. .jpg",
    "_filename": "84. .jpg",
    "_width": 542,
    "_height": 720
  },
  "features": {
    "geometric_structural": {
      "leading_lines": {
        "diagonal": 26,
        "vertical": 16,
        "horizontal": 15,
        "curved": 281
      },
      "leading_lines_strength": 0.4970588235294118,
      "symmetry_vertical": 0.4246594528012715,
      "symmetry_horizontal": 0.3546776055994292,
      "symmetry_radial": 0.2814367362284212,
      "rule_of_thirds": {
        "alignment_score": 2,
        "num_salient_objects": 28
      },
      "golden_ratio": {
        "golden_alignment_score": 2
      },
      "balance": {
        "static_balance": 0.9336453676223755,
        "dynamic_balance": 1.0,
        "dominant_quadrant": 2
      },
      "layering": {
        "foreground_ratio": 0.28224379595588234,
        "midground_ratio": 0.3124167049632353,
        "background_ratio": 0.40533949908088235,
        "depth_complexity": 0.7013341483408523
      }
    },
    "spatial_layout": {
      "negative_space_ratio": 0.8693215762867647,
      "subject_isolation": 0.1,
      "depth_of_field": {
        "blur_gradient_strength": 560.7246804486763,
        "sharpness_variance": 754316.782085626,
        "min_sharpness": 3.7296659774040717,
        "max_sharpness": 4207.680326423413
      },
      "perspective": {
        "has_vanishing_point": 1,
        "perspective_strength": 0.9992596248766041
      }
    },
    "contrast_color": {
      "high_contrast_ratio": 0.3884765625,
      "low_contrast_ratio": 0.6115234375,
      "mean_contrast": 17.787307739257812,
      "highlight_ratio": 0.0053969440050423145,
      "shadow_ratio": 0.8140998482704163,
      "midtone_ratio": 0.18050318956375122,
      "warm_color_ratio": 0.48521082261029413,
      "cool_color_ratio": 0.007548253676470588,
      "complementary_color_score": 2.4444444444444446
    },
    "motion_dynamics": {
      "s_curve_count": 209,
      "motion_blur_score": 4.697196657106758,
      "dominant_direction_deg": 4.999999999999995,
      "direction_strength": 0.06702665441157218
    },
    "pattern_rhythm": {
      "repetition_score": 1.0,
      "rhythm_score": 1.0,
      "pattern_breaks": 9
    },
    "visual_mass_focus": {
      "point_of_interest": {
        "x": 0.5390625,
        "y": 0.7352941176470589,
        "strength": 1.0
      },
      "visual_mass_concentration": 0.19997414981617648,
      "mean_visual_weight": 0.05138321593403816,
      "face_count": 0,
      "has_directional_cues": 0
    },
    "framing_breathing": {
      "frame_in_frame_count": 0,
      "breathing_space": {
        "top": 0.7382352941176471,
        "bottom": 0.10147058823529412,
        "left": 0.205078125,
        "right": 0.33984375,
        "min_margin": 0.10147058823529412,
        "mean_margin": 0.3461569393382353
      },
      "corner_anchors": {
        "top_left": 0.13408976793289185,
        "top_right": 0.15256522595882416,
        "bottom_left": 0.06479626893997192,
        "bottom_right": 0.12696939706802368,
        "max_corner_weight": 0.15256522595882416,
        "has_corner_subject": 0
      }
    }
  }
}