{
  "meta": {
    "_dataset": "tvm board - Nov 22nd 2025 (5060 images)",
    "_label": "",
    "_relpath": "87. .jpg",
    "_filename": "87. .jpg",
    "_width": 794,
    "_height": 1123
  },
  "features": {
    "geometric_structural": {
      "leading_lines": {
        "diagonal": 11,
        "vertical": 2,
        "horizontal": 2,
        "curved": 247
      },
      "leading_lines_strength": 0.36187845303867405,
      "symmetry_vertical": 0.45665890353956873,
      "symmetry_horizontal": 0.34661226068685,
      "symmetry_radial": 0.2748341871904443,
      "rule_of_thirds": {
        "alignment_score": 0,
        "num_salient_objects": 5
      },
      "golden_ratio": {
        "golden_alignment_score": 0
      },
      "balance": {
        "static_balance": 0.8809629678726196,
        "dynamic_balance": 1.0,
        "dominant_quadrant": 1
      },
      "layering": {
        "foreground_ratio": 0.2891569190262431,
        "midground_ratio": 0.17444049982734808,
        "background_ratio": 0.5364025811464088,
        "depth_complexity": 0.3512597201960612
      }
    },
    "spatial_layout": {
      "negative_space_ratio": 0.7028066729972375,
      "subject_isolation": 0.10000053953729282,
      "depth_of_field": {
        "blur_gradient_strength": 293.53230681845906,
        "sharpness_variance": 236728.39853229793,
        "min_sharpness": 0.0,
        "max_sharpness": 3761.5387055018764
      },
      "perspective": {
        "has_vanishing_point": 1,
        "perspective_strength": 0.7321739130434782
      }
    },
    "contrast_color": {
      "high_contrast_ratio": 0.373259992230663,
      "low_contrast_ratio": 0.626740007769337,
      "mean_contrast": 24.442739486694336,
      "highlight_ratio": 0.21862320601940155,
      "shadow_ratio": 0.05235939472913742,
      "midtone_ratio": 0.7290173768997192,
      "warm_color_ratio": 0.3067269509668508,
      "cool_color_ratio": 0.0990995122582873,
      "complementary_color_score": 1.8333333333333333
    },
    "motion_dynamics": {
      "s_curve_count": 208,
      "motion_blur_score": 11.674248406993863,
      "dominant_direction_deg": 4.999999999999995,
      "direction_strength": 0.19131722634616896
    },
    "pattern_rhythm": {
      "repetition_score": 1.0,
      "rhythm_score": 1.0,
      "pattern_breaks": 1
    },
    "visual_mass_focus": {
      "point_of_interest": {
        "x": 0.546875,
        "y": 0.06767955801104972,
        "strength": 1.0
      },
      "visual_mass_concentration": 0.19997410220994474,
      "mean_visual_weight": 0.10747940838336945,
      "face_count": 0,
      "has_directional_cues": 0
    },
    "framing_breathing": {
      "frame_in_frame_count": 0,
      "breathing_space": {
        "top": 0.0,
        "bottom": 0.7058011049723757,
        "left": 0.0,
        "right": 0.0,
        "min_margin": 0.0,
        "mean_margin": 0.17645027624309392
      },
      "corner_anchors": {
        "top_left": 0.4932166337966919,
        "top_right": 0.9127391576766968,
        "bottom_left": 0.5054128766059875,
        "bottom_right": 0.49371692538261414,
        "max_corner_weight": 0.9127391576766968,
        "has_corner_subject": 1
      }
    }
  }
}