{
  "meta": {
    "_dataset": "tvm board - Nov 22nd 2025 (5060 images)",
    "_label": "",
    "_relpath": "91. .jpg",
    "_filename": "91. .jpg",
    "_width": 1024,
    "_height": 1024
  },
  "features": {
    "geometric_structural": {
      "leading_lines": {
        "diagonal": 137,
        "vertical": 8,
        "horizontal": 4,
        "curved": 780
      },
      "leading_lines_strength": 1.814453125,
      "symmetry_vertical": 0.058578858446068256,
      "symmetry_horizontal": 0.035664900820907695,
      "symmetry_radial": 0.03469707557344743,
      "rule_of_thirds": {
        "alignment_score": 0,
        "num_salient_objects": 14
      },
      "golden_ratio": {
        "golden_alignment_score": 0
      },
      "balance": {
        "static_balance": 0.9731690883636475,
        "dynamic_balance": 1.0,
        "dominant_quadrant": 2
      },
      "layering": {
        "foreground_ratio": 0.3339195251464844,
        "midground_ratio": 0.320159912109375,
        "background_ratio": 0.3459205627441406,
        "depth_complexity": 6.159565306279557
      }
    },
    "spatial_layout": {
      "negative_space_ratio": 0.7607002258300781,
      "subject_isolation": 0.10000228881835938,
      "depth_of_field": {
        "blur_gradient_strength": 2894.8870311240894,
        "sharpness_variance": 12072330.959414441,
        "min_sharpness": 30.534505959246438,
        "max_sharpness": 15905.788854167084
      },
      "perspective": {
        "has_vanishing_point": 1,
        "perspective_strength": 0.9998397692677455
      }
    },
    "contrast_color": {
      "high_contrast_ratio": 0.4861793518066406,
      "low_contrast_ratio": 0.5138206481933594,
      "mean_contrast": 43.204742431640625,
      "highlight_ratio": 0.008945465087890625,
      "shadow_ratio": 0.6559219360351562,
      "midtone_ratio": 0.3351325988769531,
      "warm_color_ratio": 0.09018707275390625,
      "cool_color_ratio": 0.8879737854003906,
      "complementary_color_score": 2.0
    },
    "motion_dynamics": {
      "s_curve_count": 501,
      "motion_blur_score": 1.9533408338410185,
      "dominant_direction_deg": 4.999999999999995,
      "direction_strength": 0.04261779785139992
    },
    "pattern_rhythm": {
      "repetition_score": 1.0,
      "rhythm_score": 1.0,
      "pattern_breaks": 1
    },
    "visual_mass_focus": {
      "point_of_interest": {
        "x": 0.537109375,
        "y": 0.1796875,
        "strength": 1.0
      },
      "visual_mass_concentration": 0.19999313354492188,
      "mean_visual_weight": 0.2952742874622345,
      "face_count": 0,
      "has_directional_cues": 0
    },
    "framing_breathing": {
      "frame_in_frame_count": 0,
      "breathing_space": {
        "top": 0.25,
        "bottom": 0.40234375,
        "left": 0.59765625,
        "right": 0.162109375,
        "min_margin": 0.162109375,
        "mean_margin": 0.35302734375
      },
      "corner_anchors": {
        "top_left": 0.24075445532798767,
        "top_right": 0.24224968254566193,
        "bottom_left": 0.24194777011871338,
        "bottom_right": 0.21145424246788025,
        "max_corner_weight": 0.24224968254566193,
        "has_corner_subject": 0
      }
    }
  }
}