{
  "meta": {
    "_dataset": "tvm board - Nov 22nd 2025 (5060 images)",
    "_label": "",
    "_relpath": "97. Download free.jpg",
    "_filename": "97. Download free.jpg",
    "_width": 562,
    "_height": 1000
  },
  "features": {
    "geometric_structural": {
      "leading_lines": {
        "diagonal": 0,
        "vertical": 0,
        "horizontal": 0,
        "curved": 69
      },
      "leading_lines_strength": 0.07574094401756312,
      "symmetry_vertical": 0.5761771979859689,
      "symmetry_horizontal": 0.5530254632656484,
      "symmetry_radial": 0.36564097815614716,
      "rule_of_thirds": {
        "alignment_score": 1,
        "num_salient_objects": 26
      },
      "golden_ratio": {
        "golden_alignment_score": 6
      },
      "balance": {
        "static_balance": 0.979874849319458,
        "dynamic_balance": 1.0,
        "dominant_quadrant": 0
      },
      "layering": {
        "foreground_ratio": 0.3176240052140505,
        "midground_ratio": 0.18298487239297476,
        "background_ratio": 0.49939112239297473,
        "depth_complexity": 0.18813149794984144
      }
    },
    "spatial_layout": {
      "negative_space_ratio": 0.562491424259056,
      "subject_isolation": 0.1000017151481888,
      "depth_of_field": {
        "blur_gradient_strength": 154.24724324744957,
        "sharpness_variance": 47999.390052243405,
        "min_sharpness": 4.404889370267634,
        "max_sharpness": 2370.1472510572858
      },
      "perspective": {
        "has_vanishing_point": 0,
        "perspective_strength": 0.0
      }
    },
    "contrast_color": {
      "high_contrast_ratio": 0.48000565998902306,
      "low_contrast_ratio": 0.519994340010977,
      "mean_contrast": 15.230568885803223,
      "highlight_ratio": 0.10897408425807953,
      "shadow_ratio": 0.4068417251110077,
      "midtone_ratio": 0.4841841757297516,
      "warm_color_ratio": 0.21799533479692645,
      "cool_color_ratio": 0.44710054198682764,
      "complementary_color_score": 2.0
    },
    "motion_dynamics": {
      "s_curve_count": 57,
      "motion_blur_score": 18.933039870141574,
      "dominant_direction_deg": 4.999999999999995,
      "direction_strength": 0.04863517082865533
    },
    "pattern_rhythm": {
      "repetition_score": 1.0,
      "rhythm_score": 1.0,
      "pattern_breaks": 8
    },
    "visual_mass_focus": {
      "point_of_interest": {
        "x": 0.43359375,
        "y": 0.5192096597145993,
        "strength": 1.0
      },
      "visual_mass_concentration": 0.19996912733260153,
      "mean_visual_weight": 0.12058301270008087,
      "face_count": 1,
      "has_directional_cues": 1
    },
    "framing_breathing": {
      "frame_in_frame_count": 0,
      "breathing_space": {
        "top": 0.2074643249176729,
        "bottom": 0.3150384193194292,
        "left": 0.083984375,
        "right": 0.13671875,
        "min_margin": 0.083984375,
        "mean_margin": 0.18580146730927552
      },
      "corner_anchors": {
        "top_left": 0.5154364109039307,
        "top_right": 0.5317597985267639,
        "bottom_left": 0.530190110206604,
        "bottom_right": 0.5374889969825745,
        "max_corner_weight": 0.5374889969825745,
        "has_corner_subject": 1
      }
    }
  }
}