{
  "meta": {
    "_dataset": "tvm board - Nov 22nd 2025 (5060 images)",
    "_label": "",
    "_relpath": "104. .jpg",
    "_filename": "104. .jpg",
    "_width": 1824,
    "_height": 2048
  },
  "features": {
    "geometric_structural": {
      "leading_lines": {
        "diagonal": 21,
        "vertical": 0,
        "horizontal": 2,
        "curved": 370
      },
      "leading_lines_strength": 0.6834782608695652,
      "symmetry_vertical": 0.34453338862557586,
      "symmetry_horizontal": 0.30456690272194265,
      "symmetry_radial": 0.2734007085286094,
      "rule_of_thirds": {
        "alignment_score": 0,
        "num_salient_objects": 2
      },
      "golden_ratio": {
        "golden_alignment_score": 0
      },
      "balance": {
        "static_balance": 0.9271186590194702,
        "dynamic_balance": 1.0,
        "dominant_quadrant": 0
      },
      "layering": {
        "foreground_ratio": 0.3303634510869565,
        "midground_ratio": 0.27230638586956524,
        "background_ratio": 0.39733016304347823,
        "depth_complexity": 0.5090415541440103
      }
    },
    "spatial_layout": {
      "negative_space_ratio": 0.6403158967391305,
      "subject_isolation": 0.1,
      "depth_of_field": {
        "blur_gradient_strength": 253.99012036017479,
        "sharpness_variance": 165802.40683721798,
        "min_sharpness": 25.320128404167153,
        "max_sharpness": 1818.5468697825827
      },
      "perspective": {
        "has_vanishing_point": 1,
        "perspective_strength": 0.9971331769611675
      }
    },
    "contrast_color": {
      "high_contrast_ratio": 0.385444972826087,
      "low_contrast_ratio": 0.6145550271739131,
      "mean_contrast": 15.631426811218262,
      "highlight_ratio": 0.004656929522752762,
      "shadow_ratio": 0.0006997282616794109,
      "midtone_ratio": 0.9946433901786804,
      "warm_color_ratio": 0.9904483695652174,
      "cool_color_ratio": 0.0,
      "complementary_color_score": 0.0
    },
    "motion_dynamics": {
      "s_curve_count": 364,
      "motion_blur_score": 13.644268302224814,
      "dominant_direction_deg": 95.0,
      "direction_strength": 0.051657608695476705
    },
    "pattern_rhythm": {
      "repetition_score": 1.0,
      "rhythm_score": 1.0,
      "pattern_breaks": 1
    },
    "visual_mass_focus": {
      "point_of_interest": {
        "x": 0.2421875,
        "y": 0.3582608695652174,
        "strength": 1.0
      },
      "visual_mass_concentration": 0.19983695652173913,
      "mean_visual_weight": 0.30787336826324463,
      "face_count": 0,
      "has_directional_cues": 0
    },
    "framing_breathing": {
      "frame_in_frame_count": 0,
      "breathing_space": {
        "top": 0.3182608695652174,
        "bottom": 0.5930434782608696,
        "left": 0.177734375,
        "right": 0.708984375,
        "min_margin": 0.177734375,
        "mean_margin": 0.44950577445652173
      },
      "corner_anchors": {
        "top_left": 0.2508107125759125,
        "top_right": 0.1999731808900833,
        "bottom_left": 0.21284206211566925,
        "bottom_right": 0.2603980600833893,
        "max_corner_weight": 0.2603980600833893,
        "has_corner_subject": 0
      }
    }
  }
}