{
  "meta": {
    "_dataset": "tvm board - Nov 22nd 2025 (5060 images)",
    "_label": "",
    "_relpath": "102. .jpg",
    "_filename": "102. .jpg",
    "_width": 1080,
    "_height": 1350
  },
  "features": {
    "geometric_structural": {
      "leading_lines": {
        "diagonal": 39,
        "vertical": 7,
        "horizontal": 6,
        "curved": 421
      },
      "leading_lines_strength": 0.7390625,
      "symmetry_vertical": 0.31436282305497476,
      "symmetry_horizontal": 0.1672074647005222,
      "symmetry_radial": 0.17275054035959672,
      "rule_of_thirds": {
        "alignment_score": 0,
        "num_salient_objects": 4
      },
      "golden_ratio": {
        "golden_alignment_score": 0
      },
      "balance": {
        "static_balance": 0.966791033744812,
        "dynamic_balance": 1.0,
        "dominant_quadrant": 1
      },
      "layering": {
        "foreground_ratio": 0.323583984375,
        "midground_ratio": 0.244415283203125,
        "background_ratio": 0.432000732421875,
        "depth_complexity": 0.7216193605758157
      }
    },
    "spatial_layout": {
      "negative_space_ratio": 0.64669189453125,
      "subject_isolation": 0.1,
      "depth_of_field": {
        "blur_gradient_strength": 445.20564108262994,
        "sharpness_variance": 419674.4109519689,
        "min_sharpness": 115.10313341022685,
        "max_sharpness": 4369.14479466316
      },
      "perspective": {
        "has_vanishing_point": 1,
        "perspective_strength": 0.9974126778783958
      }
    },
    "contrast_color": {
      "high_contrast_ratio": 0.34925537109375,
      "low_contrast_ratio": 0.65074462890625,
      "mean_contrast": 16.22423553466797,
      "highlight_ratio": 0.0037567138206213713,
      "shadow_ratio": 0.46203309297561646,
      "midtone_ratio": 0.534210205078125,
      "warm_color_ratio": 0.0009368896484375,
      "cool_color_ratio": 0.6528167724609375,
      "complementary_color_score": 2.2222222222222223
    },
    "motion_dynamics": {
      "s_curve_count": 354,
      "motion_blur_score": 9.11960828674834,
      "dominant_direction_deg": 4.999999999999995,
      "direction_strength": 0.03186950683584024
    },
    "pattern_rhythm": {
      "repetition_score": 1.0,
      "rhythm_score": 1.0,
      "pattern_breaks": 1
    },
    "visual_mass_focus": {
      "point_of_interest": {
        "x": 0.345703125,
        "y": 0.24375,
        "strength": 1.0
      },
      "visual_mass_concentration": 0.1997589111328125,
      "mean_visual_weight": 0.14014576375484467,
      "face_count": 0,
      "has_directional_cues": 0
    },
    "framing_breathing": {
      "frame_in_frame_count": 0,
      "breathing_space": {
        "top": 0.778125,
        "bottom": 0.175,
        "left": 0.498046875,
        "right": 0.392578125,
        "min_margin": 0.175,
        "mean_margin": 0.4609375
      },
      "corner_anchors": {
        "top_left": 0.5184056758880615,
        "top_right": 0.5208530426025391,
        "bottom_left": 0.37312740087509155,
        "bottom_right": 0.32174715399742126,
        "max_corner_weight": 0.5208530426025391,
        "has_corner_subject": 1
      }
    }
  }
}