{
  "meta": {
    "_dataset": "tvm board - Nov 22nd 2025 (5060 images)",
    "_label": "",
    "_relpath": "115. .jpg",
    "_filename": "115. .jpg",
    "_width": 1170,
    "_height": 1559
  },
  "features": {
    "geometric_structural": {
      "leading_lines": {
        "diagonal": 146,
        "vertical": 60,
        "horizontal": 1,
        "curved": 849
      },
      "leading_lines_strength": 1.5483870967741935,
      "symmetry_vertical": 0.11700134592734751,
      "symmetry_horizontal": 0.11806727398253009,
      "symmetry_radial": 0.08849997237666905,
      "rule_of_thirds": {
        "alignment_score": 0,
        "num_salient_objects": 12
      },
      "golden_ratio": {
        "golden_alignment_score": 0
      },
      "balance": {
        "static_balance": 0.8580914735794067,
        "dynamic_balance": 1.0,
        "dominant_quadrant": 0
      },
      "layering": {
        "foreground_ratio": 0.3332856030058651,
        "midground_ratio": 0.3188089946847507,
        "background_ratio": 0.34790540230938416,
        "depth_complexity": 1.3415017927195731
      }
    },
    "spatial_layout": {
      "negative_space_ratio": 0.5832111436950147,
      "subject_isolation": 0.10000171829178886,
      "depth_of_field": {
        "blur_gradient_strength": 651.1710021003767,
        "sharpness_variance": 665490.5378141192,
        "min_sharpness": 134.70852706371917,
        "max_sharpness": 6887.265881974534
      },
      "perspective": {
        "has_vanishing_point": 1,
        "perspective_strength": 0.9993329983096533
      }
    },
    "contrast_color": {
      "high_contrast_ratio": 0.5184945472873901,
      "low_contrast_ratio": 0.4815054527126099,
      "mean_contrast": 28.105615615844727,
      "highlight_ratio": 0.03543117642402649,
      "shadow_ratio": 0.07376912981271744,
      "midtone_ratio": 0.8907997012138367,
      "warm_color_ratio": 0.12018591917155426,
      "cool_color_ratio": 0.2765103784824047,
      "complementary_color_score": 2.2222222222222223
    },
    "motion_dynamics": {
      "s_curve_count": 560,
      "motion_blur_score": 6.715715472825675,
      "dominant_direction_deg": -85.0,
      "direction_strength": 0.037186698130392035
    },
    "pattern_rhythm": {
      "repetition_score": 1.0,
      "rhythm_score": 1.0,
      "pattern_breaks": 2
    },
    "visual_mass_focus": {
      "point_of_interest": {
        "x": 0.30078125,
        "y": 0.12609970674486803,
        "strength": 1.0
      },
      "visual_mass_concentration": 0.199828743585044,
      "mean_visual_weight": 0.09231612831354141,
      "face_count": 0,
      "has_directional_cues": 0
    },
    "framing_breathing": {
      "frame_in_frame_count": 0,
      "breathing_space": {
        "top": 0.1217008797653959,
        "bottom": 0.47947214076246336,
        "left": 0.0,
        "right": 0.779296875,
        "min_margin": 0.0,
        "mean_margin": 0.3451174738819648
      },
      "corner_anchors": {
        "top_left": 0.4649742543697357,
        "top_right": 0.23720400035381317,
        "bottom_left": 0.11945720762014389,
        "bottom_right": 0.2345377653837204,
        "max_corner_weight": 0.4649742543697357,
        "has_corner_subject": 1
      }
    }
  }
}