{
  "meta": {
    "_dataset": "tvm board - Nov 22nd 2025 (5060 images)",
    "_label": "",
    "_relpath": "125. The River.jpg",
    "_filename": "125. The River.jpg",
    "_width": 735,
    "_height": 551
  },
  "features": {
    "geometric_structural": {
      "leading_lines": {
        "diagonal": 2,
        "vertical": 0,
        "horizontal": 5,
        "curved": 245
      },
      "leading_lines_strength": 0.3689604685212299,
      "symmetry_vertical": 0.36885208463514874,
      "symmetry_horizontal": 0.30729410594444306,
      "symmetry_radial": 0.24241138389661332,
      "rule_of_thirds": {
        "alignment_score": 0,
        "num_salient_objects": 14
      },
      "golden_ratio": {
        "golden_alignment_score": 4
      },
      "balance": {
        "static_balance": 0.8765290975570679,
        "dynamic_balance": 1.0,
        "dominant_quadrant": 3
      },
      "layering": {
        "foreground_ratio": 0.29158469070278187,
        "midground_ratio": 0.21239876921669107,
        "background_ratio": 0.4960165400805271,
        "depth_complexity": 0.1071901622477411
      }
    },
    "spatial_layout": {
      "negative_space_ratio": 0.7119755444729137,
      "subject_isolation": 0.10000114385065886,
      "depth_of_field": {
        "blur_gradient_strength": 103.69184433541947,
        "sharpness_variance": 20426.68263957727,
        "min_sharpness": 9.337052956741418,
        "max_sharpness": 773.7776766721342
      },
      "perspective": {
        "has_vanishing_point": 1,
        "perspective_strength": 0.9485714285714286
      }
    },
    "contrast_color": {
      "high_contrast_ratio": 0.38968704245973645,
      "low_contrast_ratio": 0.6103129575402635,
      "mean_contrast": 19.13455581665039,
      "highlight_ratio": 0.01116970181465149,
      "shadow_ratio": 0.5290166139602661,
      "midtone_ratio": 0.4598137140274048,
      "warm_color_ratio": 0.025596518118594435,
      "cool_color_ratio": 0.6962104227672035,
      "complementary_color_score": 2.1666666666666665
    },
    "motion_dynamics": {
      "s_curve_count": 264,
      "motion_blur_score": 7.585256400423663,
      "dominant_direction_deg": 95.0,
      "direction_strength": 0.04275999725463614
    },
    "pattern_rhythm": {
      "repetition_score": 1.0,
      "rhythm_score": 1.0,
      "pattern_breaks": 5
    },
    "visual_mass_focus": {
      "point_of_interest": {
        "x": 0.5578330893118595,
        "y": 0.5703125,
        "strength": 1.0
      },
      "visual_mass_concentration": 0.19985644674231332,
      "mean_visual_weight": 0.1007041409611702,
      "face_count": 0,
      "has_directional_cues": 0
    },
    "framing_breathing": {
      "frame_in_frame_count": 0,
      "breathing_space": {
        "top": 0.28515625,
        "bottom": 0.583984375,
        "left": 0.5153733528550513,
        "right": 0.38653001464128844,
        "min_margin": 0.28515625,
        "mean_margin": 0.4427609981240849
      },
      "corner_anchors": {
        "top_left": 0.16207930445671082,
        "top_right": 0.15001915395259857,
        "bottom_left": 0.13781893253326416,
        "bottom_right": 0.18477177619934082,
        "max_corner_weight": 0.18477177619934082,
        "has_corner_subject": 0
      }
    }
  }
}