{
  "meta": {
    "_dataset": "tvm board - Nov 22nd 2025 (5060 images)",
    "_label": "",
    "_relpath": "142. childhood winter.jpg",
    "_filename": "142. childhood winter.jpg",
    "_width": 1200,
    "_height": 900
  },
  "features": {
    "geometric_structural": {
      "leading_lines": {
        "diagonal": 0,
        "vertical": 0,
        "horizontal": 0,
        "curved": 23
      },
      "leading_lines_strength": 0.03367496339677892,
      "symmetry_vertical": 0.6585760037024755,
      "symmetry_horizontal": 0.6627374290559235,
      "symmetry_radial": 0.5387509829065737,
      "rule_of_thirds": {
        "alignment_score": 0,
        "num_salient_objects": 1
      },
      "golden_ratio": {
        "golden_alignment_score": 0
      },
      "balance": {
        "static_balance": 0.9757716655731201,
        "dynamic_balance": 1.0,
        "dominant_quadrant": 1
      },
      "layering": {
        "foreground_ratio": 0.28132435029282576,
        "midground_ratio": 0.2279808748169839,
        "background_ratio": 0.4906947748901903,
        "depth_complexity": 0.044503857429612506
      }
    },
    "spatial_layout": {
      "negative_space_ratio": 0.9396761758784773,
      "subject_isolation": 0.10000114385065886,
      "depth_of_field": {
        "blur_gradient_strength": 17.12093656985041,
        "sharpness_variance": 1093.9757005930273,
        "min_sharpness": 21.178762611783448,
        "max_sharpness": 312.1104094320331
      },
      "perspective": {
        "has_vanishing_point": 0,
        "perspective_strength": 0.0
      }
    },
    "contrast_color": {
      "high_contrast_ratio": 0.2929944866398243,
      "low_contrast_ratio": 0.7070055133601757,
      "mean_contrast": 7.513036251068115,
      "highlight_ratio": 0.0003145589435007423,
      "shadow_ratio": 0.9631451368331909,
      "midtone_ratio": 0.036540329456329346,
      "warm_color_ratio": 0.010983825951683748,
      "cool_color_ratio": 0.9569597593338214,
      "complementary_color_score": 2.5
    },
    "motion_dynamics": {
      "s_curve_count": 31,
      "motion_blur_score": 7.400457006661069,
      "dominant_direction_deg": -85.0,
      "direction_strength": 0.03522488103943075
    },
    "pattern_rhythm": {
      "repetition_score": 1.0,
      "rhythm_score": 1.0,
      "pattern_breaks": 0
    },
    "visual_mass_focus": {
      "point_of_interest": {
        "x": 0.8462664714494875,
        "y": 0.443359375,
        "strength": 1.0
      },
      "visual_mass_concentration": 0.19951329154465594,
      "mean_visual_weight": 0.1780877560377121,
      "face_count": 0,
      "has_directional_cues": 0
    },
    "framing_breathing": {
      "frame_in_frame_count": 0,
      "breathing_space": {
        "top": 0.43359375,
        "bottom": 0.54296875,
        "left": 0.83601756954612,
        "right": 0.14202049780380674,
        "min_margin": 0.14202049780380674,
        "mean_margin": 0.4886501418374817
      },
      "corner_anchors": {
        "top_left": 0.04145431891083717,
        "top_right": 0.05216965824365616,
        "bottom_left": 0.054055701941251755,
        "bottom_right": 0.03684438019990921,
        "max_corner_weight": 0.054055701941251755,
        "has_corner_subject": 0
      }
    }
  }
}