{
  "meta": {
    "_dataset": "tvm board - Nov 22nd 2025 (5060 images)",
    "_label": "",
    "_relpath": "174. .jpg",
    "_filename": "174. .jpg",
    "_width": 500,
    "_height": 333
  },
  "features": {
    "geometric_structural": {
      "leading_lines": {
        "diagonal": 0,
        "vertical": 1,
        "horizontal": 1,
        "curved": 101
      },
      "leading_lines_strength": 0.13394018205461639,
      "symmetry_vertical": 0.5260901608041886,
      "symmetry_horizontal": 0.5062007744082216,
      "symmetry_radial": 0.36403583320192423,
      "rule_of_thirds": {
        "alignment_score": 0,
        "num_salient_objects": 2
      },
      "golden_ratio": {
        "golden_alignment_score": 0
      },
      "balance": {
        "static_balance": 0.8514584302902222,
        "dynamic_balance": 1.0,
        "dominant_quadrant": 2
      },
      "layering": {
        "foreground_ratio": 0.24440476674252276,
        "midground_ratio": 0.15833519587126138,
        "background_ratio": 0.5972600373862159,
        "depth_complexity": 0.07251592313697486
      }
    },
    "spatial_layout": {
      "negative_space_ratio": 0.46091972122886865,
      "subject_isolation": 0.09999796814044214,
      "depth_of_field": {
        "blur_gradient_strength": 108.44630238079026,
        "sharpness_variance": 32015.494528082923,
        "min_sharpness": 3.154490753489808,
        "max_sharpness": 1527.437403883122
      },
      "perspective": {
        "has_vanishing_point": 0,
        "perspective_strength": 0.0
      }
    },
    "contrast_color": {
      "high_contrast_ratio": 0.3775830014629389,
      "low_contrast_ratio": 0.6224169985370611,
      "mean_contrast": 16.591243743896484,
      "highlight_ratio": 0.02933497168123722,
      "shadow_ratio": 0.21507994830608368,
      "midtone_ratio": 0.7555850744247437,
      "warm_color_ratio": 0.4311732973016905,
      "cool_color_ratio": 0.1297367725942783,
      "complementary_color_score": 1.3888888888888888
    },
    "motion_dynamics": {
      "s_curve_count": 109,
      "motion_blur_score": 12.615007675299491,
      "dominant_direction_deg": 95.0,
      "direction_strength": 0.06480616059801486
    },
    "pattern_rhythm": {
      "repetition_score": 1.0,
      "rhythm_score": 1.0,
      "pattern_breaks": 2
    },
    "visual_mass_focus": {
      "point_of_interest": {
        "x": 0.033810143042912875,
        "y": 0.548828125,
        "strength": 1.0
      },
      "visual_mass_concentration": 0.20000101592977892,
      "mean_visual_weight": 0.11855931580066681,
      "face_count": 0,
      "has_directional_cues": 0
    },
    "framing_breathing": {
      "frame_in_frame_count": 0,
      "breathing_space": {
        "top": 0.36328125,
        "bottom": 0.396484375,
        "left": 0.0,
        "right": 0.834850455136541,
        "min_margin": 0.0,
        "mean_margin": 0.39865402003413525
      },
      "corner_anchors": {
        "top_left": 0.16385570168495178,
        "top_right": 0.2308269739151001,
        "bottom_left": 0.3316020965576172,
        "bottom_right": 0.3287816047668457,
        "max_corner_weight": 0.3316020965576172,
        "has_corner_subject": 1
      }
    }
  }
}