{
  "meta": {
    "_dataset": "tvm board - Nov 22nd 2025 (5060 images)",
    "_label": "",
    "_relpath": "200. .png",
    "_filename": "200. .png",
    "_width": 288,
    "_height": 288
  },
  "features": {
    "geometric_structural": {
      "leading_lines": {
        "diagonal": 0,
        "vertical": 0,
        "horizontal": 0,
        "curved": 25
      },
      "leading_lines_strength": 0.048828125,
      "symmetry_vertical": 0.6026987164009864,
      "symmetry_horizontal": 0.4535796930690236,
      "symmetry_radial": 0.4915651629374869,
      "rule_of_thirds": {
        "alignment_score": 3,
        "num_salient_objects": 50
      },
      "golden_ratio": {
        "golden_alignment_score": 12
      },
      "balance": {
        "static_balance": 0.9440144896507263,
        "dynamic_balance": 1.0,
        "dominant_quadrant": 0
      },
      "layering": {
        "foreground_ratio": 0.1910247802734375,
        "midground_ratio": 0.15459060668945312,
        "background_ratio": 0.6543846130371094,
        "depth_complexity": 0.03111901355761802
      }
    },
    "spatial_layout": {
      "negative_space_ratio": 0.6492691040039062,
      "subject_isolation": 0.10000228881835938,
      "depth_of_field": {
        "blur_gradient_strength": 23.445515803856935,
        "sharpness_variance": 825.9361632713892,
        "min_sharpness": 2.7344290657439445,
        "max_sharpness": 124.94328106437636
      },
      "perspective": {
        "has_vanishing_point": 0,
        "perspective_strength": 0.0
      }
    },
    "contrast_color": {
      "high_contrast_ratio": 0.49687957763671875,
      "low_contrast_ratio": 0.5031204223632812,
      "mean_contrast": 21.77471923828125,
      "highlight_ratio": 0.30084991455078125,
      "shadow_ratio": 0.00939178466796875,
      "midtone_ratio": 0.68975830078125,
      "warm_color_ratio": 0.5216522216796875,
      "cool_color_ratio": 7.62939453125e-05,
      "complementary_color_score": 0.5555555555555556
    },
    "motion_dynamics": {
      "s_curve_count": 43,
      "motion_blur_score": 19.976250230300913,
      "dominant_direction_deg": 4.999999999999995,
      "direction_strength": 0.07018661498996663
    },
    "pattern_rhythm": {
      "repetition_score": 1.0,
      "rhythm_score": 1.0,
      "pattern_breaks": 18
    },
    "visual_mass_focus": {
      "point_of_interest": {
        "x": 0.48828125,
        "y": 0.68359375,
        "strength": 1.0
      },
      "visual_mass_concentration": 0.19905853271484375,
      "mean_visual_weight": 0.18186359107494354,
      "face_count": 0,
      "has_directional_cues": 0
    },
    "framing_breathing": {
      "frame_in_frame_count": 0,
      "breathing_space": {
        "top": 0.34375,
        "bottom": 0.087890625,
        "left": 0.146484375,
        "right": 0.1640625,
        "min_margin": 0.087890625,
        "mean_margin": 0.185546875
      },
      "corner_anchors": {
        "top_left": 0.6195991635322571,
        "top_right": 0.5258808732032776,
        "bottom_left": 0.16698072850704193,
        "bottom_right": 0.13528582453727722,
        "max_corner_weight": 0.6195991635322571,
        "has_corner_subject": 1
      }
    }
  }
}