{
  "meta": {
    "_dataset": "tvm board - Nov 22nd 2025 (5060 images)",
    "_label": "",
    "_relpath": "195. autumn candles.jpg",
    "_filename": "195. autumn candles.jpg",
    "_width": 4000,
    "_height": 3000
  },
  "features": {
    "geometric_structural": {
      "leading_lines": {
        "diagonal": 0,
        "vertical": 1,
        "horizontal": 0,
        "curved": 114
      },
      "leading_lines_strength": 0.1683748169838946,
      "symmetry_vertical": 0.3796324220617734,
      "symmetry_horizontal": 0.4102242429389879,
      "symmetry_radial": 0.3110591326671613,
      "rule_of_thirds": {
        "alignment_score": 0,
        "num_salient_objects": 8
      },
      "golden_ratio": {
        "golden_alignment_score": 1
      },
      "balance": {
        "static_balance": 0.8932198882102966,
        "dynamic_balance": 1.0,
        "dominant_quadrant": 1
      },
      "layering": {
        "foreground_ratio": 0.2841067670204978,
        "midground_ratio": 0.1327810441068814,
        "background_ratio": 0.5831121888726208,
        "depth_complexity": 0.2193967606392898
      }
    },
    "spatial_layout": {
      "negative_space_ratio": 0.5862091645314788,
      "subject_isolation": 0.10000114385065886,
      "depth_of_field": {
        "blur_gradient_strength": 185.3955865126971,
        "sharpness_variance": 74985.50508715975,
        "min_sharpness": 6.154079087967971,
        "max_sharpness": 1664.561460923334
      },
      "perspective": {
        "has_vanishing_point": 1,
        "perspective_strength": 0.5
      }
    },
    "contrast_color": {
      "high_contrast_ratio": 0.44335651537335286,
      "low_contrast_ratio": 0.5566434846266471,
      "mean_contrast": 17.7620792388916,
      "highlight_ratio": 0.014358185231685638,
      "shadow_ratio": 0.36318689584732056,
      "midtone_ratio": 0.6224549412727356,
      "warm_color_ratio": 0.9911208592606149,
      "cool_color_ratio": 5.719253294289898e-06,
      "complementary_color_score": 0.0
    },
    "motion_dynamics": {
      "s_curve_count": 165,
      "motion_blur_score": 9.796398625415778,
      "dominant_direction_deg": 95.0,
      "direction_strength": 0.04667482613456638
    },
    "pattern_rhythm": {
      "repetition_score": 1.0,
      "rhythm_score": 1.0,
      "pattern_breaks": 6
    },
    "visual_mass_focus": {
      "point_of_interest": {
        "x": 0.5402635431918009,
        "y": 0.6015625,
        "strength": 1.0
      },
      "visual_mass_concentration": 0.19999656844802344,
      "mean_visual_weight": 0.4193169176578522,
      "face_count": 0,
      "has_directional_cues": 0
    },
    "framing_breathing": {
      "frame_in_frame_count": 0,
      "breathing_space": {
        "top": 0.720703125,
        "bottom": 0.208984375,
        "left": 0.016105417276720352,
        "right": 0.9194729136163983,
        "min_margin": 0.016105417276720352,
        "mean_margin": 0.4663164577232797
      },
      "corner_anchors": {
        "top_left": 0.3651600480079651,
        "top_right": 0.158980593085289,
        "bottom_left": 0.1776513308286667,
        "bottom_right": 0.18147604167461395,
        "max_corner_weight": 0.3651600480079651,
        "has_corner_subject": 1
      }
    }
  }
}