{
  "meta": {
    "_dataset": "tvm board - Nov 22nd 2025 (5060 images)",
    "_label": "",
    "_relpath": "207. .jpg",
    "_filename": "207. .jpg",
    "_width": 8160,
    "_height": 6120
  },
  "features": {
    "geometric_structural": {
      "leading_lines": {
        "diagonal": 10,
        "vertical": 0,
        "horizontal": 17,
        "curved": 370
      },
      "leading_lines_strength": 0.5812591508052709,
      "symmetry_vertical": 0.1827571033643978,
      "symmetry_horizontal": 0.19249558727006785,
      "symmetry_radial": 0.1451969220528172,
      "rule_of_thirds": {
        "alignment_score": 0,
        "num_salient_objects": 15
      },
      "golden_ratio": {
        "golden_alignment_score": 1
      },
      "balance": {
        "static_balance": 0.8546202182769775,
        "dynamic_balance": 1.0,
        "dominant_quadrant": 3
      },
      "layering": {
        "foreground_ratio": 0.3344647922767203,
        "midground_ratio": 0.25572783217423134,
        "background_ratio": 0.40980737554904834,
        "depth_complexity": 1.8865918604352263
      }
    },
    "spatial_layout": {
      "negative_space_ratio": 0.7367942441434846,
      "subject_isolation": 0.10000114385065886,
      "depth_of_field": {
        "blur_gradient_strength": 539.4589798326077,
        "sharpness_variance": 679407.2444271378,
        "min_sharpness": 473.1851890283822,
        "max_sharpness": 3806.7487274125338
      },
      "perspective": {
        "has_vanishing_point": 1,
        "perspective_strength": 0.9980525803310614
      }
    },
    "contrast_color": {
      "high_contrast_ratio": 0.34053863927525624,
      "low_contrast_ratio": 0.6594613607247437,
      "mean_contrast": 20.321901321411133,
      "highlight_ratio": 0.012027589604258537,
      "shadow_ratio": 0.4912523925304413,
      "midtone_ratio": 0.4967200458049774,
      "warm_color_ratio": 0.8959810807101025,
      "cool_color_ratio": 0.012888337298682283,
      "complementary_color_score": 2.5
    },
    "motion_dynamics": {
      "s_curve_count": 288,
      "motion_blur_score": 7.971932567603493,
      "dominant_direction_deg": 4.999999999999995,
      "direction_strength": 0.03444706259140955
    },
    "pattern_rhythm": {
      "repetition_score": 1.0,
      "rhythm_score": 1.0,
      "pattern_breaks": 7
    },
    "visual_mass_focus": {
      "point_of_interest": {
        "x": 0.5358711566617862,
        "y": 0.72265625,
        "strength": 1.0
      },
      "visual_mass_concentration": 0.19996511255490484,
      "mean_visual_weight": 0.2800388038158417,
      "face_count": 0,
      "has_directional_cues": 0
    },
    "framing_breathing": {
      "frame_in_frame_count": 0,
      "breathing_space": {
        "top": 0.572265625,
        "bottom": 0.31640625,
        "left": 0.7320644216691069,
        "right": 0.19326500732064422,
        "min_margin": 0.19326500732064422,
        "mean_margin": 0.45350032599743784
      },
      "corner_anchors": {
        "top_left": 0.16898320615291595,
        "top_right": 0.11610888689756393,
        "bottom_left": 0.2849215567111969,
        "bottom_right": 0.1702931970357895,
        "max_corner_weight": 0.2849215567111969,
        "has_corner_subject": 0
      }
    }
  }
}