{
  "meta": {
    "_dataset": "tvm board - Nov 22nd 2025 (5060 images)",
    "_label": "",
    "_relpath": "214. .jpg",
    "_filename": "214. .jpg",
    "_width": 500,
    "_height": 505
  },
  "features": {
    "geometric_structural": {
      "leading_lines": {
        "diagonal": 0,
        "vertical": 0,
        "horizontal": 0,
        "curved": 18
      },
      "leading_lines_strength": 0.03481624758220503,
      "symmetry_vertical": 0.5894913467575738,
      "symmetry_horizontal": 0.5518910937595181,
      "symmetry_radial": 0.5366784329456005,
      "rule_of_thirds": {
        "alignment_score": 0,
        "num_salient_objects": 23
      },
      "golden_ratio": {
        "golden_alignment_score": 0
      },
      "balance": {
        "static_balance": 0.8661395311355591,
        "dynamic_balance": 1.0,
        "dominant_quadrant": 2
      },
      "layering": {
        "foreground_ratio": 0.22488515473887816,
        "midground_ratio": 0.15198863636363635,
        "background_ratio": 0.6231262088974855,
        "depth_complexity": 0.02578776198504321
      }
    },
    "spatial_layout": {
      "negative_space_ratio": 0.5172645672147002,
      "subject_isolation": 0.10000226668278529,
      "depth_of_field": {
        "blur_gradient_strength": 22.22347646928027,
        "sharpness_variance": 831.8091178790729,
        "min_sharpness": 1.0338318107621636,
        "max_sharpness": 189.9404907555592
      },
      "perspective": {
        "has_vanishing_point": 0,
        "perspective_strength": 0.0
      }
    },
    "contrast_color": {
      "high_contrast_ratio": 0.4560452429883946,
      "low_contrast_ratio": 0.5439547570116054,
      "mean_contrast": 24.09069061279297,
      "highlight_ratio": 0.30678418278694153,
      "shadow_ratio": 0.0005742263165302575,
      "midtone_ratio": 0.6926416158676147,
      "warm_color_ratio": 0.37932936411992263,
      "cool_color_ratio": 0.25141667674081236,
      "complementary_color_score": 2.388888888888889
    },
    "motion_dynamics": {
      "s_curve_count": 30,
      "motion_blur_score": 18.17003086192742,
      "dominant_direction_deg": 4.999999999999995,
      "direction_strength": 0.13218160662425887
    },
    "pattern_rhythm": {
      "repetition_score": 1.0,
      "rhythm_score": 1.0,
      "pattern_breaks": 3
    },
    "visual_mass_focus": {
      "point_of_interest": {
        "x": 0.4765625,
        "y": 0.746615087040619,
        "strength": 1.0
      },
      "visual_mass_concentration": 0.1966385094294004,
      "mean_visual_weight": 0.1493258774280548,
      "face_count": 0,
      "has_directional_cues": 0
    },
    "framing_breathing": {
      "frame_in_frame_count": 0,
      "breathing_space": {
        "top": 0.43520309477756286,
        "bottom": 0.0,
        "left": 0.236328125,
        "right": 0.482421875,
        "min_margin": 0.0,
        "mean_margin": 0.28848827369439073
      },
      "corner_anchors": {
        "top_left": 0.5227024555206299,
        "top_right": 0.13132703304290771,
        "bottom_left": 0.4555123746395111,
        "bottom_right": 0.3449493646621704,
        "max_corner_weight": 0.5227024555206299,
        "has_corner_subject": 1
      }
    }
  }
}