{
  "meta": {
    "_dataset": "tvm board - Nov 22nd 2025 (5060 images)",
    "_label": "",
    "_relpath": "234. .png",
    "_filename": "234. .png",
    "_width": 375,
    "_height": 304
  },
  "features": {
    "geometric_structural": {
      "leading_lines": {
        "diagonal": 0,
        "vertical": 0,
        "horizontal": 0,
        "curved": 0
      },
      "leading_lines_strength": 0.0,
      "symmetry_vertical": 0.7393282483819612,
      "symmetry_horizontal": 0.7469652886330248,
      "symmetry_radial": 0.6154655305976293,
      "rule_of_thirds": {
        "alignment_score": 0,
        "num_salient_objects": 3
      },
      "golden_ratio": {
        "golden_alignment_score": 2
      },
      "balance": {
        "static_balance": 0.9511961936950684,
        "dynamic_balance": 1.0,
        "dominant_quadrant": 2
      },
      "layering": {
        "foreground_ratio": 0.3240951344936709,
        "midground_ratio": 0.0,
        "background_ratio": 0.6759048655063291,
        "depth_complexity": 0.008545988057586478
      }
    },
    "spatial_layout": {
      "negative_space_ratio": 0.2930923655063291,
      "subject_isolation": 0.10000185423259493,
      "depth_of_field": {
        "blur_gradient_strength": 8.699433764242507,
        "sharpness_variance": 161.6518339979665,
        "min_sharpness": 0.11764705882352941,
        "max_sharpness": 66.51054388480105
      },
      "perspective": {
        "has_vanishing_point": 1,
        "perspective_strength": 0.5
      }
    },
    "contrast_color": {
      "high_contrast_ratio": 0.298828125,
      "low_contrast_ratio": 0.701171875,
      "mean_contrast": 10.591880798339844,
      "highlight_ratio": 0.03242743760347366,
      "shadow_ratio": 0.09203174710273743,
      "midtone_ratio": 0.8755408525466919,
      "warm_color_ratio": 0.07754400712025317,
      "cool_color_ratio": 0.0,
      "complementary_color_score": 0.0
    },
    "motion_dynamics": {
      "s_curve_count": 6,
      "motion_blur_score": 34.20777695729325,
      "dominant_direction_deg": 4.999999999999995,
      "direction_strength": 0.2925422765022605
    },
    "pattern_rhythm": {
      "repetition_score": 1.0,
      "rhythm_score": 1.0,
      "pattern_breaks": 3
    },
    "visual_mass_focus": {
      "point_of_interest": {
        "x": 0.37658227848101267,
        "y": 0.51171875,
        "strength": 1.0
      },
      "visual_mass_concentration": 0.19973484473892406,
      "mean_visual_weight": 0.04398462921380997,
      "face_count": 0,
      "has_directional_cues": 0
    },
    "framing_breathing": {
      "frame_in_frame_count": 0,
      "breathing_space": {
        "top": 0.3359375,
        "bottom": 0.046875,
        "left": 0.0,
        "right": 0.7009493670886076,
        "min_margin": 0.0,
        "mean_margin": 0.2709404667721519
      },
      "corner_anchors": {
        "top_left": 0.07070452719926834,
        "top_right": 0.30529505014419556,
        "bottom_left": 0.5889294147491455,
        "bottom_right": 0.19476211071014404,
        "max_corner_weight": 0.5889294147491455,
        "has_corner_subject": 1
      }
    }
  }
}