{
  "meta": {
    "_dataset": "tvm board - Nov 22nd 2025 (5060 images)",
    "_label": "",
    "_relpath": "239. .jpg",
    "_filename": "239. .jpg",
    "_width": 736,
    "_height": 552
  },
  "features": {
    "geometric_structural": {
      "leading_lines": {
        "diagonal": 7,
        "vertical": 3,
        "horizontal": 4,
        "curved": 119
      },
      "leading_lines_strength": 0.19472913616398244,
      "symmetry_vertical": 0.39230540888291976,
      "symmetry_horizontal": 0.49811759085729074,
      "symmetry_radial": 0.32500915312619,
      "rule_of_thirds": {
        "alignment_score": 1,
        "num_salient_objects": 36
      },
      "golden_ratio": {
        "golden_alignment_score": 7
      },
      "balance": {
        "static_balance": 0.8735518455505371,
        "dynamic_balance": 1.0,
        "dominant_quadrant": 2
      },
      "layering": {
        "foreground_ratio": 0.30204520497803805,
        "midground_ratio": 0.14816583546852122,
        "background_ratio": 0.5497889595534406,
        "depth_complexity": 0.1322839219979202
      }
    },
    "spatial_layout": {
      "negative_space_ratio": 0.722241604136164,
      "subject_isolation": 0.10000114385065886,
      "depth_of_field": {
        "blur_gradient_strength": 103.64586694721423,
        "sharpness_variance": 37021.39277833251,
        "min_sharpness": 5.7346795756696665,
        "max_sharpness": 803.1145087928651
      },
      "perspective": {
        "has_vanishing_point": 1,
        "perspective_strength": 0.9898181818181818
      }
    },
    "contrast_color": {
      "high_contrast_ratio": 0.395083157942899,
      "low_contrast_ratio": 0.604916842057101,
      "mean_contrast": 19.067209243774414,
      "highlight_ratio": 0.06692098081111908,
      "shadow_ratio": 0.24758361279964447,
      "midtone_ratio": 0.6854953765869141,
      "warm_color_ratio": 0.08681826500732065,
      "cool_color_ratio": 0.17374805545387995,
      "complementary_color_score": 2.611111111111111
    },
    "motion_dynamics": {
      "s_curve_count": 155,
      "motion_blur_score": 11.592904960749198,
      "dominant_direction_deg": 4.999999999999995,
      "direction_strength": 0.06739282119307229
    },
    "pattern_rhythm": {
      "repetition_score": 1.0,
      "rhythm_score": 1.0,
      "pattern_breaks": 15
    },
    "visual_mass_focus": {
      "point_of_interest": {
        "x": 0.19472913616398244,
        "y": 0.66015625,
        "strength": 1.0
      },
      "visual_mass_concentration": 0.19982213122254758,
      "mean_visual_weight": 0.04357876628637314,
      "face_count": 0,
      "has_directional_cues": 0
    },
    "framing_breathing": {
      "frame_in_frame_count": 0,
      "breathing_space": {
        "top": 0.771484375,
        "bottom": 0.0,
        "left": 0.08638360175695461,
        "right": 0.7745241581259151,
        "min_margin": 0.0,
        "mean_margin": 0.4080980337207174
      },
      "corner_anchors": {
        "top_left": 0.1905769258737564,
        "top_right": 0.21062588691711426,
        "bottom_left": 0.6162142753601074,
        "bottom_right": 0.3315272927284241,
        "max_corner_weight": 0.6162142753601074,
        "has_corner_subject": 1
      }
    }
  }
}