{
  "meta": {
    "_dataset": "tvm board - Nov 22nd 2025 (5060 images)",
    "_label": "",
    "_relpath": "248. .png",
    "_filename": "248. .png",
    "_width": 529,
    "_height": 379
  },
  "features": {
    "geometric_structural": {
      "leading_lines": {
        "diagonal": 0,
        "vertical": 3,
        "horizontal": 4,
        "curved": 20
      },
      "leading_lines_strength": 0.03776223776223776,
      "symmetry_vertical": 0.6219064134134653,
      "symmetry_horizontal": 0.6263136570786473,
      "symmetry_radial": 0.48677626648081834,
      "rule_of_thirds": {
        "alignment_score": 1,
        "num_salient_objects": 14
      },
      "golden_ratio": {
        "golden_alignment_score": 3
      },
      "balance": {
        "static_balance": 0.8971614837646484,
        "dynamic_balance": 1.0,
        "dominant_quadrant": 1
      },
      "layering": {
        "foreground_ratio": 0.22746394230769232,
        "midground_ratio": 0.16481643356643358,
        "background_ratio": 0.6077196241258741,
        "depth_complexity": 0.05840591327683465
      }
    },
    "spatial_layout": {
      "negative_space_ratio": 0.4372049825174825,
      "subject_isolation": 0.1,
      "depth_of_field": {
        "blur_gradient_strength": 59.90961003149232,
        "sharpness_variance": 8452.12012209732,
        "min_sharpness": 0.0,
        "max_sharpness": 547.7341607440784
      },
      "perspective": {
        "has_vanishing_point": 1,
        "perspective_strength": 0.7351778656126482
      }
    },
    "contrast_color": {
      "high_contrast_ratio": 0.4421820367132867,
      "low_contrast_ratio": 0.5578179632867133,
      "mean_contrast": 13.810952186584473,
      "highlight_ratio": 0.12295673042535782,
      "shadow_ratio": 0.03420836851000786,
      "midtone_ratio": 0.8428348898887634,
      "warm_color_ratio": 0.198085118006993,
      "cool_color_ratio": 0.008845061188811188,
      "complementary_color_score": 2.5555555555555554
    },
    "motion_dynamics": {
      "s_curve_count": 54,
      "motion_blur_score": 21.078748484110335,
      "dominant_direction_deg": 4.999999999999995,
      "direction_strength": 0.0699901660837249
    },
    "pattern_rhythm": {
      "repetition_score": 1.0,
      "rhythm_score": 1.0,
      "pattern_breaks": 6
    },
    "visual_mass_focus": {
      "point_of_interest": {
        "x": 0.6195804195804195,
        "y": 0.25390625,
        "strength": 1.0
      },
      "visual_mass_concentration": 0.19966947115384615,
      "mean_visual_weight": 0.06713955849409103,
      "face_count": 0,
      "has_directional_cues": 0
    },
    "framing_breathing": {
      "frame_in_frame_count": 0,
      "breathing_space": {
        "top": 0.0,
        "bottom": 0.802734375,
        "left": 0.22097902097902097,
        "right": 0.17622377622377622,
        "min_margin": 0.0,
        "mean_margin": 0.2999842930506993
      },
      "corner_anchors": {
        "top_left": 0.2085442990064621,
        "top_right": 0.2707858979701996,
        "bottom_left": 0.2413407564163208,
        "bottom_right": 0.25759220123291016,
        "max_corner_weight": 0.2707858979701996,
        "has_corner_subject": 0
      }
    }
  }
}