{
  "meta": {
    "_dataset": "tvm board - Nov 22nd 2025 (5060 images)",
    "_label": "",
    "_relpath": "260. .jpg",
    "_filename": "260. .jpg",
    "_width": 736,
    "_height": 552
  },
  "features": {
    "geometric_structural": {
      "leading_lines": {
        "diagonal": 3,
        "vertical": 2,
        "horizontal": 5,
        "curved": 24
      },
      "leading_lines_strength": 0.04978038067349927,
      "symmetry_vertical": 0.41351160196542264,
      "symmetry_horizontal": 0.495180192892886,
      "symmetry_radial": 0.3404464416676248,
      "rule_of_thirds": {
        "alignment_score": 0,
        "num_salient_objects": 4
      },
      "golden_ratio": {
        "golden_alignment_score": 0
      },
      "balance": {
        "static_balance": 0.843414306640625,
        "dynamic_balance": 1.0,
        "dominant_quadrant": 1
      },
      "layering": {
        "foreground_ratio": 0.20841530929721816,
        "midground_ratio": 0.15298144674231332,
        "background_ratio": 0.6386032439604685,
        "depth_complexity": 0.02435592331097605
      }
    },
    "spatial_layout": {
      "negative_space_ratio": 0.7528195918740849,
      "subject_isolation": 0.10000114385065886,
      "depth_of_field": {
        "blur_gradient_strength": 18.384986034130513,
        "sharpness_variance": 713.9555371128968,
        "min_sharpness": 3.4243750000000004,
        "max_sharpness": 165.5743996372022
      },
      "perspective": {
        "has_vanishing_point": 1,
        "perspective_strength": 0.875
      }
    },
    "contrast_color": {
      "high_contrast_ratio": 0.340830321193265,
      "low_contrast_ratio": 0.6591696788067349,
      "mean_contrast": 18.71019172668457,
      "highlight_ratio": 0.019216690212488174,
      "shadow_ratio": 0.5511329770088196,
      "midtone_ratio": 0.42965030670166016,
      "warm_color_ratio": 0.5323852717789166,
      "cool_color_ratio": 0.0002402086383601757,
      "complementary_color_score": 2.611111111111111
    },
    "motion_dynamics": {
      "s_curve_count": 42,
      "motion_blur_score": 11.571739809750962,
      "dominant_direction_deg": 4.999999999999995,
      "direction_strength": 0.09695278184452509
    },
    "pattern_rhythm": {
      "repetition_score": 1.0,
      "rhythm_score": 1.0,
      "pattern_breaks": 1
    },
    "visual_mass_focus": {
      "point_of_interest": {
        "x": 0.7335285505124451,
        "y": 0.408203125,
        "strength": 1.0
      },
      "visual_mass_concentration": 0.1993331350658858,
      "mean_visual_weight": 0.059806253761053085,
      "face_count": 0,
      "has_directional_cues": 0
    },
    "framing_breathing": {
      "frame_in_frame_count": 0,
      "breathing_space": {
        "top": 0.0546875,
        "bottom": 0.26953125,
        "left": 0.575402635431918,
        "right": 0.08931185944363104,
        "min_margin": 0.0546875,
        "mean_margin": 0.24723331121888728
      },
      "corner_anchors": {
        "top_left": 0.09992297738790512,
        "top_right": 0.38801297545433044,
        "bottom_left": 0.27241137623786926,
        "bottom_right": 0.2887192368507385,
        "max_corner_weight": 0.38801297545433044,
        "has_corner_subject": 1
      }
    }
  }
}