{
  "meta": {
    "_dataset": "tvm board - Nov 22nd 2025 (5060 images)",
    "_label": "",
    "_relpath": "269. lamp.jpg",
    "_filename": "269. lamp.jpg",
    "_width": 1835,
    "_height": 2685
  },
  "features": {
    "geometric_structural": {
      "leading_lines": {
        "diagonal": 3,
        "vertical": 0,
        "horizontal": 0,
        "curved": 52
      },
      "leading_lines_strength": 0.07343124165554073,
      "symmetry_vertical": 0.7894630176170329,
      "symmetry_horizontal": 0.7615536849317251,
      "symmetry_radial": 0.5910315825512472,
      "rule_of_thirds": {
        "alignment_score": 0,
        "num_salient_objects": 6
      },
      "golden_ratio": {
        "golden_alignment_score": 4
      },
      "balance": {
        "static_balance": 0.8911911249160767,
        "dynamic_balance": 1.0,
        "dominant_quadrant": 0
      },
      "layering": {
        "foreground_ratio": 0.17674868574766356,
        "midground_ratio": 0.22544903621495327,
        "background_ratio": 0.5978022780373832,
        "depth_complexity": 0.08634686539799434
      }
    },
    "spatial_layout": {
      "negative_space_ratio": 0.9570651493658211,
      "subject_isolation": 0.10000052152870494,
      "depth_of_field": {
        "blur_gradient_strength": 100.61006597785868,
        "sharpness_variance": 34794.776023872386,
        "min_sharpness": 0.0,
        "max_sharpness": 995.7380417817593
      },
      "perspective": {
        "has_vanishing_point": 1,
        "perspective_strength": 0.8846153846153846
      }
    },
    "contrast_color": {
      "high_contrast_ratio": 0.30574359562750336,
      "low_contrast_ratio": 0.6942564043724966,
      "mean_contrast": 10.502413749694824,
      "highlight_ratio": 0.03269202634692192,
      "shadow_ratio": 0.6241681575775146,
      "midtone_ratio": 0.3431398272514343,
      "warm_color_ratio": 0.17215662550066757,
      "cool_color_ratio": 0.24788259345794392,
      "complementary_color_score": 2.388888888888889
    },
    "motion_dynamics": {
      "s_curve_count": 58,
      "motion_blur_score": 11.59753597522453,
      "dominant_direction_deg": 4.999999999999995,
      "direction_strength": 0.37339108394428666
    },
    "pattern_rhythm": {
      "repetition_score": 1.0,
      "rhythm_score": 1.0,
      "pattern_breaks": 5
    },
    "visual_mass_focus": {
      "point_of_interest": {
        "x": 0.53515625,
        "y": 0.48731642189586116,
        "strength": 1.0
      },
      "visual_mass_concentration": 0.1997637474966622,
      "mean_visual_weight": 0.15340109169483185,
      "face_count": 0,
      "has_directional_cues": 0
    },
    "framing_breathing": {
      "frame_in_frame_count": 0,
      "breathing_space": {
        "top": 0.4032042723631509,
        "bottom": 0.4232309746328438,
        "left": 0.44921875,
        "right": 0.3359375,
        "min_margin": 0.3359375,
        "mean_margin": 0.4028978742489987
      },
      "corner_anchors": {
        "top_left": 0.24854344129562378,
        "top_right": 0.27975863218307495,
        "bottom_left": 0.12442255020141602,
        "bottom_right": 0.11734573543071747,
        "max_corner_weight": 0.27975863218307495,
        "has_corner_subject": 0
      }
    }
  }
}