{
  "meta": {
    "_dataset": "tvm board - Nov 22nd 2025 (5060 images)",
    "_label": "",
    "_relpath": "267. .jpg",
    "_filename": "267. .jpg",
    "_width": 512,
    "_height": 400
  },
  "features": {
    "geometric_structural": {
      "leading_lines": {
        "diagonal": 29,
        "vertical": 0,
        "horizontal": 28,
        "curved": 154
      },
      "leading_lines_strength": 0.32213740458015266,
      "symmetry_vertical": 0.3086748025393306,
      "symmetry_horizontal": 0.3103988339949484,
      "symmetry_radial": 0.19282063138939712,
      "rule_of_thirds": {
        "alignment_score": 0,
        "num_salient_objects": 38
      },
      "golden_ratio": {
        "golden_alignment_score": 2
      },
      "balance": {
        "static_balance": 0.9101581573486328,
        "dynamic_balance": 1.0,
        "dominant_quadrant": 1
      },
      "layering": {
        "foreground_ratio": 0.29734911736641223,
        "midground_ratio": 0.29810651240458014,
        "background_ratio": 0.40454437022900763,
        "depth_complexity": 0.4526922381494611
      }
    },
    "spatial_layout": {
      "negative_space_ratio": 0.5356542223282442,
      "subject_isolation": 0.1,
      "depth_of_field": {
        "blur_gradient_strength": 441.4896951398776,
        "sharpness_variance": 194643.26747540443,
        "min_sharpness": 0.0,
        "max_sharpness": 1440.9241641157446
      },
      "perspective": {
        "has_vanishing_point": 1,
        "perspective_strength": 0.9936119244077721
      }
    },
    "contrast_color": {
      "high_contrast_ratio": 0.49394083969465646,
      "low_contrast_ratio": 0.5060591603053435,
      "mean_contrast": 43.49382781982422,
      "highlight_ratio": 0.17249225080013275,
      "shadow_ratio": 0.2504502534866333,
      "midtone_ratio": 0.5770574808120728,
      "warm_color_ratio": 0.410546875,
      "cool_color_ratio": 0.0007096851145038167,
      "complementary_color_score": 2.2222222222222223
    },
    "motion_dynamics": {
      "s_curve_count": 125,
      "motion_blur_score": 9.179248700708824,
      "dominant_direction_deg": 4.999999999999995,
      "direction_strength": 0.16541328721324722
    },
    "pattern_rhythm": {
      "repetition_score": 1.0,
      "rhythm_score": 1.0,
      "pattern_breaks": 15
    },
    "visual_mass_focus": {
      "point_of_interest": {
        "x": 0.5450381679389313,
        "y": 0.478515625,
        "strength": 1.0
      },
      "visual_mass_concentration": 0.19955570133587786,
      "mean_visual_weight": 0.07222913205623627,
      "face_count": 0,
      "has_directional_cues": 0
    },
    "framing_breathing": {
      "frame_in_frame_count": 0,
      "breathing_space": {
        "top": 0.90625,
        "bottom": 0.0,
        "left": 0.0,
        "right": 0.0,
        "min_margin": 0.0,
        "mean_margin": 0.2265625
      },
      "corner_anchors": {
        "top_left": 0.4345052242279053,
        "top_right": 0.7332391738891602,
        "bottom_left": 0.6012907028198242,
        "bottom_right": 0.5897753834724426,
        "max_corner_weight": 0.7332391738891602,
        "has_corner_subject": 1
      }
    }
  }
}