{
  "meta": {
    "_dataset": "tvm board - Nov 22nd 2025 (5060 images)",
    "_label": "",
    "_relpath": "276. .jpg",
    "_filename": "276. .jpg",
    "_width": 1280,
    "_height": 960
  },
  "features": {
    "geometric_structural": {
      "leading_lines": {
        "diagonal": 0,
        "vertical": 0,
        "horizontal": 0,
        "curved": 50
      },
      "leading_lines_strength": 0.07320644216691069,
      "symmetry_vertical": 0.6034103649565702,
      "symmetry_horizontal": 0.5782394435898063,
      "symmetry_radial": 0.4623449174787729,
      "rule_of_thirds": {
        "alignment_score": 0,
        "num_salient_objects": 6
      },
      "golden_ratio": {
        "golden_alignment_score": 1
      },
      "balance": {
        "static_balance": 0.8513347506523132,
        "dynamic_balance": 1.0,
        "dominant_quadrant": 1
      },
      "layering": {
        "foreground_ratio": 0.26288547767203513,
        "midground_ratio": 0.20833238012445096,
        "background_ratio": 0.5287821422035139,
        "depth_complexity": 0.05898384537007918
      }
    },
    "spatial_layout": {
      "negative_space_ratio": 0.9365305865666179,
      "subject_isolation": 0.10000114385065886,
      "depth_of_field": {
        "blur_gradient_strength": 35.44004573022204,
        "sharpness_variance": 4074.8271389492734,
        "min_sharpness": 33.14165506686349,
        "max_sharpness": 629.9788542868127
      },
      "perspective": {
        "has_vanishing_point": 1,
        "perspective_strength": 0.3333333333333333
      }
    },
    "contrast_color": {
      "high_contrast_ratio": 0.23801244509516836,
      "low_contrast_ratio": 0.7619875549048316,
      "mean_contrast": 15.225476264953613,
      "highlight_ratio": 0.036363013088703156,
      "shadow_ratio": 0.8573475480079651,
      "midtone_ratio": 0.10628944635391235,
      "warm_color_ratio": 0.39808862554904834,
      "cool_color_ratio": 0.5452392935578331,
      "complementary_color_score": 2.3333333333333335
    },
    "motion_dynamics": {
      "s_curve_count": 56,
      "motion_blur_score": 7.773807292627554,
      "dominant_direction_deg": 4.999999999999995,
      "direction_strength": 0.047744326500595534
    },
    "pattern_rhythm": {
      "repetition_score": 1.0,
      "rhythm_score": 1.0,
      "pattern_breaks": 2
    },
    "visual_mass_focus": {
      "point_of_interest": {
        "x": 0.42752562225475843,
        "y": 0.30078125,
        "strength": 1.0
      },
      "visual_mass_concentration": 0.1997220442898975,
      "mean_visual_weight": 0.1478971689939499,
      "face_count": 0,
      "has_directional_cues": 0
    },
    "framing_breathing": {
      "frame_in_frame_count": 0,
      "breathing_space": {
        "top": 0.171875,
        "bottom": 0.626953125,
        "left": 0.20937042459736457,
        "right": 0.6032210834553441,
        "min_margin": 0.171875,
        "mean_margin": 0.40285490826317716
      },
      "corner_anchors": {
        "top_left": 0.06993813067674637,
        "top_right": 0.12714432179927826,
        "bottom_left": 0.09386318176984787,
        "bottom_right": 0.0998273715376854,
        "max_corner_weight": 0.12714432179927826,
        "has_corner_subject": 0
      }
    }
  }
}