{
  "meta": {
    "_dataset": "tvm board - Nov 22nd 2025 (5060 images)",
    "_label": "",
    "_relpath": "294. .jpg",
    "_filename": "294. .jpg",
    "_width": 687,
    "_height": 556
  },
  "features": {
    "geometric_structural": {
      "leading_lines": {
        "diagonal": 2,
        "vertical": 1,
        "horizontal": 7,
        "curved": 206
      },
      "leading_lines_strength": 0.3412322274881517,
      "symmetry_vertical": 0.4543506458823173,
      "symmetry_horizontal": 0.4229799822473016,
      "symmetry_radial": 0.31642390353963556,
      "rule_of_thirds": {
        "alignment_score": 1,
        "num_salient_objects": 28
      },
      "golden_ratio": {
        "golden_alignment_score": 2
      },
      "balance": {
        "static_balance": 0.819678783416748,
        "dynamic_balance": 1.0,
        "dominant_quadrant": 3
      },
      "layering": {
        "foreground_ratio": 0.3173380726698262,
        "midground_ratio": 0.22561833530805686,
        "background_ratio": 0.4570435920221169,
        "depth_complexity": 0.1428777373743731
      }
    },
    "spatial_layout": {
      "negative_space_ratio": 0.7291481536334913,
      "subject_isolation": 0.10000123420221169,
      "depth_of_field": {
        "blur_gradient_strength": 113.93790264201215,
        "sharpness_variance": 37606.354813172824,
        "min_sharpness": 1.7843137254901962,
        "max_sharpness": 1140.2338360678418
      },
      "perspective": {
        "has_vanishing_point": 1,
        "perspective_strength": 0.9961664841182913
      }
    },
    "contrast_color": {
      "high_contrast_ratio": 0.4137014958530806,
      "low_contrast_ratio": 0.5862985041469194,
      "mean_contrast": 19.49019432067871,
      "highlight_ratio": 0.09604252874851227,
      "shadow_ratio": 0.03490323945879936,
      "midtone_ratio": 0.8690542578697205,
      "warm_color_ratio": 0.04137045813586098,
      "cool_color_ratio": 0.013323212875197473,
      "complementary_color_score": 2.1666666666666665
    },
    "motion_dynamics": {
      "s_curve_count": 223,
      "motion_blur_score": 11.800025143163449,
      "dominant_direction_deg": 4.999999999999995,
      "direction_strength": 0.07327458530783078
    },
    "pattern_rhythm": {
      "repetition_score": 1.0,
      "rhythm_score": 1.0,
      "pattern_breaks": 9
    },
    "visual_mass_focus": {
      "point_of_interest": {
        "x": 0.7456556082148499,
        "y": 0.57421875,
        "strength": 1.0
      },
      "visual_mass_concentration": 0.19969391785150079,
      "mean_visual_weight": 0.038386501371860504,
      "face_count": 0,
      "has_directional_cues": 0
    },
    "framing_breathing": {
      "frame_in_frame_count": 0,
      "breathing_space": {
        "top": 0.31640625,
        "bottom": 0.423828125,
        "left": 0.5987361769352291,
        "right": 0.15165876777251186,
        "min_margin": 0.15165876777251186,
        "mean_margin": 0.37265732992693523
      },
      "corner_anchors": {
        "top_left": 0.36328640580177307,
        "top_right": 0.3798816204071045,
        "bottom_left": 0.17962992191314697,
        "bottom_right": 0.3446098268032074,
        "max_corner_weight": 0.3798816204071045,
        "has_corner_subject": 1
      }
    }
  }
}