{
  "meta": {
    "_dataset": "tvm board - Nov 22nd 2025 (5060 images)",
    "_label": "",
    "_relpath": "298. .jpg",
    "_filename": "298. .jpg",
    "_width": 865,
    "_height": 960
  },
  "features": {
    "geometric_structural": {
      "leading_lines": {
        "diagonal": 1,
        "vertical": 5,
        "horizontal": 0,
        "curved": 16
      },
      "leading_lines_strength": 0.03873239436619718,
      "symmetry_vertical": 0.7117943189195833,
      "symmetry_horizontal": 0.6888246804577054,
      "symmetry_radial": 0.6065465061429504,
      "rule_of_thirds": {
        "alignment_score": 0,
        "num_salient_objects": 12
      },
      "golden_ratio": {
        "golden_alignment_score": 1
      },
      "balance": {
        "static_balance": 0.9658262729644775,
        "dynamic_balance": 1.0,
        "dominant_quadrant": 3
      },
      "layering": {
        "foreground_ratio": 0.2378789337588028,
        "midground_ratio": 0.30800574933978875,
        "background_ratio": 0.45411531690140844,
        "depth_complexity": 0.09380425423559889
      }
    },
    "spatial_layout": {
      "negative_space_ratio": 0.8278430347711268,
      "subject_isolation": 0.10000137544014084,
      "depth_of_field": {
        "blur_gradient_strength": 89.98280185573512,
        "sharpness_variance": 35154.217314375055,
        "min_sharpness": 1.7388602499823456,
        "max_sharpness": 1091.9439023319485
      },
      "perspective": {
        "has_vanishing_point": 1,
        "perspective_strength": 0.7532467532467533
      }
    },
    "contrast_color": {
      "high_contrast_ratio": 0.34880818111795775,
      "low_contrast_ratio": 0.6511918188820423,
      "mean_contrast": 13.717019081115723,
      "highlight_ratio": 0.10195449739694595,
      "shadow_ratio": 0.6906635165214539,
      "midtone_ratio": 0.2073819637298584,
      "warm_color_ratio": 0.8977222711267606,
      "cool_color_ratio": 0.016694404709507043,
      "complementary_color_score": 1.4444444444444444
    },
    "motion_dynamics": {
      "s_curve_count": 51,
      "motion_blur_score": 13.19989360753601,
      "dominant_direction_deg": 4.999999999999995,
      "direction_strength": 0.20847890074752257
    },
    "pattern_rhythm": {
      "repetition_score": 1.0,
      "rhythm_score": 1.0,
      "pattern_breaks": 1
    },
    "visual_mass_focus": {
      "point_of_interest": {
        "x": 0.517578125,
        "y": 0.5352112676056338,
        "strength": 1.0
      },
      "visual_mass_concentration": 0.19994085607394366,
      "mean_visual_weight": 0.13009120523929596,
      "face_count": 0,
      "has_directional_cues": 0
    },
    "framing_breathing": {
      "frame_in_frame_count": 0,
      "breathing_space": {
        "top": 0.29401408450704225,
        "bottom": 0.20774647887323944,
        "left": 0.34375,
        "right": 0.30859375,
        "min_margin": 0.20774647887323944,
        "mean_margin": 0.28852607834507044
      },
      "corner_anchors": {
        "top_left": 0.2454199194908142,
        "top_right": 0.24828298389911652,
        "bottom_left": 0.22372771799564362,
        "bottom_right": 0.21914590895175934,
        "max_corner_weight": 0.24828298389911652,
        "has_corner_subject": 0
      }
    }
  }
}