{
  "meta": {
    "_dataset": "tvm board - Nov 22nd 2025 (5060 images)",
    "_label": "",
    "_relpath": "306. .jpg",
    "_filename": "306. .jpg",
    "_width": 1110,
    "_height": 840
  },
  "features": {
    "geometric_structural": {
      "leading_lines": {
        "diagonal": 0,
        "vertical": 0,
        "horizontal": 7,
        "curved": 70
      },
      "leading_lines_strength": 0.1137370753323486,
      "symmetry_vertical": 0.42160761071078756,
      "symmetry_horizontal": 0.43141709806683365,
      "symmetry_radial": 0.3135729925727156,
      "rule_of_thirds": {
        "alignment_score": 0,
        "num_salient_objects": 3
      },
      "golden_ratio": {
        "golden_alignment_score": 0
      },
      "balance": {
        "static_balance": 0.9816832542419434,
        "dynamic_balance": 1.0,
        "dominant_quadrant": 1
      },
      "layering": {
        "foreground_ratio": 0.31564750276957165,
        "midground_ratio": 0.286754523633678,
        "background_ratio": 0.39759797359675036,
        "depth_complexity": 0.2161148401605046
      }
    },
    "spatial_layout": {
      "negative_space_ratio": 0.5204025110782866,
      "subject_isolation": 0.10000173098227474,
      "depth_of_field": {
        "blur_gradient_strength": 255.9653107063161,
        "sharpness_variance": 182418.6855442447,
        "min_sharpness": 9.003964330830371,
        "max_sharpness": 3444.7158785082656
      },
      "perspective": {
        "has_vanishing_point": 1,
        "perspective_strength": 0.9851576994434137
      }
    },
    "contrast_color": {
      "high_contrast_ratio": 0.4583208317946824,
      "low_contrast_ratio": 0.5416791682053176,
      "mean_contrast": 15.123547554016113,
      "highlight_ratio": 0.23940926790237427,
      "shadow_ratio": 0.11817993223667145,
      "midtone_ratio": 0.6424108147621155,
      "warm_color_ratio": 0.047777995753323484,
      "cool_color_ratio": 0.3792091718980798,
      "complementary_color_score": 1.5555555555555556
    },
    "motion_dynamics": {
      "s_curve_count": 105,
      "motion_blur_score": 19.336918410361235,
      "dominant_direction_deg": 4.999999999999995,
      "direction_strength": 0.06018625369258855
    },
    "pattern_rhythm": {
      "repetition_score": 1.0,
      "rhythm_score": 1.0,
      "pattern_breaks": 1
    },
    "visual_mass_focus": {
      "point_of_interest": {
        "x": 0.8330871491875923,
        "y": 0.154296875,
        "strength": 1.0
      },
      "visual_mass_concentration": 0.1997668943870015,
      "mean_visual_weight": 0.09456014633178711,
      "face_count": 0,
      "has_directional_cues": 0
    },
    "framing_breathing": {
      "frame_in_frame_count": 0,
      "breathing_space": {
        "top": 0.361328125,
        "bottom": 0.0,
        "left": 0.04579025110782865,
        "right": 0.4460856720827179,
        "min_margin": 0.0,
        "mean_margin": 0.21330101204763663
      },
      "corner_anchors": {
        "top_left": 0.20137882232666016,
        "top_right": 0.949530839920044,
        "bottom_left": 0.555702805519104,
        "bottom_right": 0.41849663853645325,
        "max_corner_weight": 0.949530839920044,
        "has_corner_subject": 1
      }
    }
  }
}