{
  "meta": {
    "_dataset": "tvm board - Nov 22nd 2025 (5060 images)",
    "_label": "",
    "_relpath": "320. \u02d9\u2727\u02d6\u00b0\ud83e\udec0 \u22c6\uff61\u02da\uaa5c.jpg",
    "_filename": "320. \u02d9\u2727\u02d6\u00b0\ud83e\udec0 \u22c6\uff61\u02da\uaa5c.jpg",
    "_width": 640,
    "_height": 518
  },
  "features": {
    "geometric_structural": {
      "leading_lines": {
        "diagonal": 0,
        "vertical": 0,
        "horizontal": 15,
        "curved": 126
      },
      "leading_lines_strength": 0.22274881516587677,
      "symmetry_vertical": 0.3507221120128581,
      "symmetry_horizontal": 0.3486497921761171,
      "symmetry_radial": 0.2728750670788507,
      "rule_of_thirds": {
        "alignment_score": 2,
        "num_salient_objects": 15
      },
      "golden_ratio": {
        "golden_alignment_score": 3
      },
      "balance": {
        "static_balance": 0.8857084512710571,
        "dynamic_balance": 1.0,
        "dominant_quadrant": 1
      },
      "layering": {
        "foreground_ratio": 0.30752616508688785,
        "midground_ratio": 0.3052490620063191,
        "background_ratio": 0.387224772906793,
        "depth_complexity": 0.28663883692026126
      }
    },
    "spatial_layout": {
      "negative_space_ratio": 0.8745618582148499,
      "subject_isolation": 0.10000123420221169,
      "depth_of_field": {
        "blur_gradient_strength": 194.13304492417242,
        "sharpness_variance": 89715.46197158279,
        "min_sharpness": 5.094177098359679,
        "max_sharpness": 1371.9448516016007
      },
      "perspective": {
        "has_vanishing_point": 1,
        "perspective_strength": 0.9969030659646949
      }
    },
    "contrast_color": {
      "high_contrast_ratio": 0.43856449940758296,
      "low_contrast_ratio": 0.561435500592417,
      "mean_contrast": 26.571435928344727,
      "highlight_ratio": 0.05121321976184845,
      "shadow_ratio": 0.09059970080852509,
      "midtone_ratio": 0.8581870794296265,
      "warm_color_ratio": 0.8466472896919431,
      "cool_color_ratio": 0.0,
      "complementary_color_score": 0.0
    },
    "motion_dynamics": {
      "s_curve_count": 153,
      "motion_blur_score": 8.461450360742441,
      "dominant_direction_deg": -95.0,
      "direction_strength": 0.05377419036318321
    },
    "pattern_rhythm": {
      "repetition_score": 1.0,
      "rhythm_score": 1.0,
      "pattern_breaks": 9
    },
    "visual_mass_focus": {
      "point_of_interest": {
        "x": 0.7014218009478673,
        "y": 0.171875,
        "strength": 1.0
      },
      "visual_mass_concentration": 0.19972477290679305,
      "mean_visual_weight": 0.21902801096439362,
      "face_count": 0,
      "has_directional_cues": 0
    },
    "framing_breathing": {
      "frame_in_frame_count": 0,
      "breathing_space": {
        "top": 0.224609375,
        "bottom": 0.6640625,
        "left": 0.7535545023696683,
        "right": 0.07424960505529225,
        "min_margin": 0.07424960505529225,
        "mean_margin": 0.4291189956062402
      },
      "corner_anchors": {
        "top_left": 0.1821766197681427,
        "top_right": 0.2749538719654083,
        "bottom_left": 0.227682426571846,
        "bottom_right": 0.045579902827739716,
        "max_corner_weight": 0.2749538719654083,
        "has_corner_subject": 0
      }
    }
  }
}