{
  "meta": {
    "_dataset": "tvm board - Nov 22nd 2025 (5060 images)",
    "_label": "",
    "_relpath": "328. .jpg",
    "_filename": "328. .jpg",
    "_width": 900,
    "_height": 1200
  },
  "features": {
    "geometric_structural": {
      "leading_lines": {
        "diagonal": 20,
        "vertical": 1,
        "horizontal": 14,
        "curved": 272
      },
      "leading_lines_strength": 0.4494875549048316,
      "symmetry_vertical": 0.5050248457406695,
      "symmetry_horizontal": 0.31849983295024464,
      "symmetry_radial": 0.29535834536584676,
      "rule_of_thirds": {
        "alignment_score": 0,
        "num_salient_objects": 18
      },
      "golden_ratio": {
        "golden_alignment_score": 0
      },
      "balance": {
        "static_balance": 0.9392351508140564,
        "dynamic_balance": 1.0,
        "dominant_quadrant": 0
      },
      "layering": {
        "foreground_ratio": 0.31610312957540265,
        "midground_ratio": 0.27926255948023426,
        "background_ratio": 0.4046343109443631,
        "depth_complexity": 0.32329884950386895
      }
    },
    "spatial_layout": {
      "negative_space_ratio": 0.5144353953147877,
      "subject_isolation": 0.10000114385065886,
      "depth_of_field": {
        "blur_gradient_strength": 236.30020628230432,
        "sharpness_variance": 213369.37144994858,
        "min_sharpness": 16.25336276039692,
        "max_sharpness": 3625.91541714725
      },
      "perspective": {
        "has_vanishing_point": 1,
        "perspective_strength": 0.997310715763343
      }
    },
    "contrast_color": {
      "high_contrast_ratio": 0.43548110358711567,
      "low_contrast_ratio": 0.5645188964128843,
      "mean_contrast": 16.54486656188965,
      "highlight_ratio": 0.2570575475692749,
      "shadow_ratio": 0.10355280339717865,
      "midtone_ratio": 0.6393896341323853,
      "warm_color_ratio": 0.285925489568082,
      "cool_color_ratio": 0.05021218429721815,
      "complementary_color_score": 2.111111111111111
    },
    "motion_dynamics": {
      "s_curve_count": 229,
      "motion_blur_score": 14.334542387557649,
      "dominant_direction_deg": -85.0,
      "direction_strength": 0.038930957174120005
    },
    "pattern_rhythm": {
      "repetition_score": 1.0,
      "rhythm_score": 1.0,
      "pattern_breaks": 5
    },
    "visual_mass_focus": {
      "point_of_interest": {
        "x": 0.392578125,
        "y": 0.6588579795021962,
        "strength": 1.0
      },
      "visual_mass_concentration": 0.19997941068814057,
      "mean_visual_weight": 0.09060513228178024,
      "face_count": 0,
      "has_directional_cues": 0
    },
    "framing_breathing": {
      "frame_in_frame_count": 0,
      "breathing_space": {
        "top": 0.0,
        "bottom": 0.7920937042459737,
        "left": 0.0,
        "right": 0.0,
        "min_margin": 0.0,
        "mean_margin": 0.19802342606149342
      },
      "corner_anchors": {
        "top_left": 0.5769645571708679,
        "top_right": 0.6239050626754761,
        "bottom_left": 0.5287085771560669,
        "bottom_right": 0.4275053143501282,
        "max_corner_weight": 0.6239050626754761,
        "has_corner_subject": 1
      }
    }
  }
}