{
  "meta": {
    "_dataset": "tvm board - Nov 22nd 2025 (5060 images)",
    "_label": "",
    "_relpath": "339. .jpg",
    "_filename": "339. .jpg",
    "_width": 1439,
    "_height": 959
  },
  "features": {
    "geometric_structural": {
      "leading_lines": {
        "diagonal": 0,
        "vertical": 1,
        "horizontal": 23,
        "curved": 144
      },
      "leading_lines_strength": 0.21875,
      "symmetry_vertical": 0.5115377494484777,
      "symmetry_horizontal": 0.5070302042627165,
      "symmetry_radial": 0.3619349676551147,
      "rule_of_thirds": {
        "alignment_score": 1,
        "num_salient_objects": 29
      },
      "golden_ratio": {
        "golden_alignment_score": 1
      },
      "balance": {
        "static_balance": 0.9411627054214478,
        "dynamic_balance": 1.0,
        "dominant_quadrant": 0
      },
      "layering": {
        "foreground_ratio": 0.33558909098307294,
        "midground_ratio": 0.1415735880533854,
        "background_ratio": 0.5228373209635416,
        "depth_complexity": 0.21316492117938796
      }
    },
    "spatial_layout": {
      "negative_space_ratio": 0.38251495361328125,
      "subject_isolation": 0.10000101725260417,
      "depth_of_field": {
        "blur_gradient_strength": 230.70884041863448,
        "sharpness_variance": 104541.15675361524,
        "min_sharpness": 0.0,
        "max_sharpness": 1951.5045174932714
      },
      "perspective": {
        "has_vanishing_point": 1,
        "perspective_strength": 0.9972640218878249
      }
    },
    "contrast_color": {
      "high_contrast_ratio": 0.38793182373046875,
      "low_contrast_ratio": 0.6120681762695312,
      "mean_contrast": 21.731979370117188,
      "highlight_ratio": 0.36555734276771545,
      "shadow_ratio": 0.04477183148264885,
      "midtone_ratio": 0.5896708369255066,
      "warm_color_ratio": 0.10089111328125,
      "cool_color_ratio": 0.007573445638020833,
      "complementary_color_score": 2.6666666666666665
    },
    "motion_dynamics": {
      "s_curve_count": 162,
      "motion_blur_score": 13.921832452635428,
      "dominant_direction_deg": 4.999999999999995,
      "direction_strength": 0.4136276245106668
    },
    "pattern_rhythm": {
      "repetition_score": 1.0,
      "rhythm_score": 1.0,
      "pattern_breaks": 5
    },
    "visual_mass_focus": {
      "point_of_interest": {
        "x": 0.61328125,
        "y": 0.931640625,
        "strength": 1.0
      },
      "visual_mass_concentration": 0.1998926798502604,
      "mean_visual_weight": 0.02774432860314846,
      "face_count": 0,
      "has_directional_cues": 0
    },
    "framing_breathing": {
      "frame_in_frame_count": 0,
      "breathing_space": {
        "top": 0.46875,
        "bottom": 0.0,
        "left": 0.5221354166666666,
        "right": 0.2955729166666667,
        "min_margin": 0.0,
        "mean_margin": 0.3216145833333333
      },
      "corner_anchors": {
        "top_left": 0.3845486640930176,
        "top_right": 0.39727070927619934,
        "bottom_left": 0.33369970321655273,
        "bottom_right": 0.4547082483768463,
        "max_corner_weight": 0.4547082483768463,
        "has_corner_subject": 1
      }
    }
  }
}