{
  "meta": {
    "_dataset": "tvm board - Nov 22nd 2025 (5060 images)",
    "_label": "",
    "_relpath": "347. Elegant Desert.jpg",
    "_filename": "347. Elegant Desert.jpg",
    "_width": 1000,
    "_height": 734
  },
  "features": {
    "geometric_structural": {
      "leading_lines": {
        "diagonal": 0,
        "vertical": 2,
        "horizontal": 2,
        "curved": 25
      },
      "leading_lines_strength": 0.04154727793696275,
      "symmetry_vertical": 0.6032139624403674,
      "symmetry_horizontal": 0.5319037280460653,
      "symmetry_radial": 0.4421826093952599,
      "rule_of_thirds": {
        "alignment_score": 0,
        "num_salient_objects": 18
      },
      "golden_ratio": {
        "golden_alignment_score": 0
      },
      "balance": {
        "static_balance": 0.7916843891143799,
        "dynamic_balance": 1.0,
        "dominant_quadrant": 3
      },
      "layering": {
        "foreground_ratio": 0.3324957467765043,
        "midground_ratio": 0.19845205050143266,
        "background_ratio": 0.46905220272206305,
        "depth_complexity": 0.15528727031587375
      }
    },
    "spatial_layout": {
      "negative_space_ratio": 0.27980334437679083,
      "subject_isolation": 0.10000111926934098,
      "depth_of_field": {
        "blur_gradient_strength": 3627.2169793070757,
        "sharpness_variance": 57560025.40389996,
        "min_sharpness": 14.861484233801775,
        "max_sharpness": 30448.76432141483
      },
      "perspective": {
        "has_vanishing_point": 1,
        "perspective_strength": 0.5555555555555556
      }
    },
    "contrast_color": {
      "high_contrast_ratio": 0.3932105121776504,
      "low_contrast_ratio": 0.6067894878223496,
      "mean_contrast": 16.18381118774414,
      "highlight_ratio": 0.19340693950653076,
      "shadow_ratio": 0.01390692126005888,
      "midtone_ratio": 0.7926861643791199,
      "warm_color_ratio": 0.5552331438037249,
      "cool_color_ratio": 0.002977256446991404,
      "complementary_color_score": 2.6666666666666665
    },
    "motion_dynamics": {
      "s_curve_count": 56,
      "motion_blur_score": 23.61511279457568,
      "dominant_direction_deg": 95.0,
      "direction_strength": 0.05166267460587263
    },
    "pattern_rhythm": {
      "repetition_score": 1.0,
      "rhythm_score": 1.0,
      "pattern_breaks": 7
    },
    "visual_mass_focus": {
      "point_of_interest": {
        "x": 0.5687679083094556,
        "y": 0.892578125,
        "strength": 1.0
      },
      "visual_mass_concentration": 0.19958531070916904,
      "mean_visual_weight": 0.14515595138072968,
      "face_count": 0,
      "has_directional_cues": 0
    },
    "framing_breathing": {
      "frame_in_frame_count": 0,
      "breathing_space": {
        "top": 0.798828125,
        "bottom": 0.0078125,
        "left": 0.5544412607449857,
        "right": 0.004297994269340974,
        "min_margin": 0.004297994269340974,
        "mean_margin": 0.3413449700035817
      },
      "corner_anchors": {
        "top_left": 0.17030373215675354,
        "top_right": 0.07633136957883835,
        "bottom_left": 0.5729019045829773,
        "bottom_right": 0.6579287052154541,
        "max_corner_weight": 0.6579287052154541,
        "has_corner_subject": 1
      }
    }
  }
}