{
  "meta": {
    "_dataset": "tvm board - Nov 22nd 2025 (5060 images)",
    "_label": "",
    "_relpath": "349. .jpg",
    "_filename": "349. .jpg",
    "_width": 750,
    "_height": 580
  },
  "features": {
    "geometric_structural": {
      "leading_lines": {
        "diagonal": 0,
        "vertical": 1,
        "horizontal": 18,
        "curved": 182
      },
      "leading_lines_strength": 0.30362537764350456,
      "symmetry_vertical": 0.6187528388661652,
      "symmetry_horizontal": 0.4615169404197912,
      "symmetry_radial": 0.4156127772251101,
      "rule_of_thirds": {
        "alignment_score": 1,
        "num_salient_objects": 32
      },
      "golden_ratio": {
        "golden_alignment_score": 3
      },
      "balance": {
        "static_balance": 0.8708918690681458,
        "dynamic_balance": 1.0,
        "dominant_quadrant": 3
      },
      "layering": {
        "foreground_ratio": 0.3066907807779456,
        "midground_ratio": 0.3140430277567976,
        "background_ratio": 0.3792661914652568,
        "depth_complexity": 0.19944569083867242
      }
    },
    "spatial_layout": {
      "negative_space_ratio": 0.4390341767371601,
      "subject_isolation": 0.10000177020392749,
      "depth_of_field": {
        "blur_gradient_strength": 233.64764509955432,
        "sharpness_variance": 212337.21306140872,
        "min_sharpness": 1.494391962633483,
        "max_sharpness": 3965.9753940792
      },
      "perspective": {
        "has_vanishing_point": 1,
        "perspective_strength": 0.9951298701298701
      }
    },
    "contrast_color": {
      "high_contrast_ratio": 0.39136553530966767,
      "low_contrast_ratio": 0.6086344646903323,
      "mean_contrast": 17.572307586669922,
      "highlight_ratio": 0.04016592726111412,
      "shadow_ratio": 0.009582703933119774,
      "midtone_ratio": 0.9502514004707336,
      "warm_color_ratio": 0.2246742824773414,
      "cool_color_ratio": 0.29160274263595165,
      "complementary_color_score": 1.5
    },
    "motion_dynamics": {
      "s_curve_count": 137,
      "motion_blur_score": 13.953632479195084,
      "dominant_direction_deg": 95.0,
      "direction_strength": 0.14902461763551197
    },
    "pattern_rhythm": {
      "repetition_score": 1.0,
      "rhythm_score": 1.0,
      "pattern_breaks": 4
    },
    "visual_mass_focus": {
      "point_of_interest": {
        "x": 0.42749244712990936,
        "y": 0.638671875,
        "strength": 1.0
      },
      "visual_mass_concentration": 0.19997993768882175,
      "mean_visual_weight": 0.12864042818546295,
      "face_count": 0,
      "has_directional_cues": 0
    },
    "framing_breathing": {
      "frame_in_frame_count": 0,
      "breathing_space": {
        "top": 0.580078125,
        "bottom": 0.318359375,
        "left": 0.41389728096676737,
        "right": 0.5090634441087614,
        "min_margin": 0.318359375,
        "mean_margin": 0.4553495562688822
      },
      "corner_anchors": {
        "top_left": 0.3265354335308075,
        "top_right": 0.27313098311424255,
        "bottom_left": 0.23925791680812836,
        "bottom_right": 0.32560136914253235,
        "max_corner_weight": 0.3265354335308075,
        "has_corner_subject": 1
      }
    }
  }
}