{
  "meta": {
    "_dataset": "tvm board - Nov 22nd 2025 (5060 images)",
    "_label": "",
    "_relpath": "357. .jpg",
    "_filename": "357. .jpg",
    "_width": 500,
    "_height": 333
  },
  "features": {
    "geometric_structural": {
      "leading_lines": {
        "diagonal": 0,
        "vertical": 0,
        "horizontal": 40,
        "curved": 238
      },
      "leading_lines_strength": 0.36150845253576075,
      "symmetry_vertical": 0.5890719890409042,
      "symmetry_horizontal": 0.5117310553322162,
      "symmetry_radial": 0.43082747405201566,
      "rule_of_thirds": {
        "alignment_score": 0,
        "num_salient_objects": 7
      },
      "golden_ratio": {
        "golden_alignment_score": 0
      },
      "balance": {
        "static_balance": 0.9128825664520264,
        "dynamic_balance": 1.0,
        "dominant_quadrant": 3
      },
      "layering": {
        "foreground_ratio": 0.264720822496749,
        "midground_ratio": 0.38407987239921976,
        "background_ratio": 0.3511993051040312,
        "depth_complexity": 0.0950809529408404
      }
    },
    "spatial_layout": {
      "negative_space_ratio": 0.2945409013328999,
      "subject_isolation": 0.10000050796488946,
      "depth_of_field": {
        "blur_gradient_strength": 68.79546126993473,
        "sharpness_variance": 22499.654673575158,
        "min_sharpness": 1.3624227868469836,
        "max_sharpness": 848.948833301479
      },
      "perspective": {
        "has_vanishing_point": 1,
        "perspective_strength": 0.9925880172946263
      }
    },
    "contrast_color": {
      "high_contrast_ratio": 0.39364485126788035,
      "low_contrast_ratio": 0.6063551487321197,
      "mean_contrast": 12.984477996826172,
      "highlight_ratio": 0.0,
      "shadow_ratio": 0.004518347792327404,
      "midtone_ratio": 0.9954816699028015,
      "warm_color_ratio": 0.5188251788036411,
      "cool_color_ratio": 0.032222752763329,
      "complementary_color_score": 2.8333333333333335
    },
    "motion_dynamics": {
      "s_curve_count": 214,
      "motion_blur_score": 19.759230051880145,
      "dominant_direction_deg": 95.0,
      "direction_strength": 0.0980702413846664
    },
    "pattern_rhythm": {
      "repetition_score": 1.0,
      "rhythm_score": 1.0,
      "pattern_breaks": 2
    },
    "visual_mass_focus": {
      "point_of_interest": {
        "x": 0.31469440832249673,
        "y": 0.359375,
        "strength": 1.0
      },
      "visual_mass_concentration": 0.19943717490247073,
      "mean_visual_weight": 0.14373242855072021,
      "face_count": 0,
      "has_directional_cues": 0
    },
    "framing_breathing": {
      "frame_in_frame_count": 0,
      "breathing_space": {
        "top": 0.0,
        "bottom": 0.703125,
        "left": 0.0,
        "right": 0.9362808842652796,
        "min_margin": 0.0,
        "mean_margin": 0.4098514710663199
      },
      "corner_anchors": {
        "top_left": 0.3582238554954529,
        "top_right": 0.08697345852851868,
        "bottom_left": 0.13391534984111786,
        "bottom_right": 0.2933184504508972,
        "max_corner_weight": 0.3582238554954529,
        "has_corner_subject": 1
      }
    }
  }
}