{
  "meta": {
    "_dataset": "tvm board - Nov 22nd 2025 (5060 images)",
    "_label": "",
    "_relpath": "365. .jpg",
    "_filename": "365. .jpg",
    "_width": 700,
    "_height": 409
  },
  "features": {
    "geometric_structural": {
      "leading_lines": {
        "diagonal": 0,
        "vertical": 0,
        "horizontal": 171,
        "curved": 566
      },
      "leading_lines_strength": 0.841324200913242,
      "symmetry_vertical": 0.4644041520065282,
      "symmetry_horizontal": 0.24015391367902858,
      "symmetry_radial": 0.19401685897939083,
      "rule_of_thirds": {
        "alignment_score": 1,
        "num_salient_objects": 44
      },
      "golden_ratio": {
        "golden_alignment_score": 1
      },
      "balance": {
        "static_balance": 0.9509899020195007,
        "dynamic_balance": 1.0,
        "dominant_quadrant": 2
      },
      "layering": {
        "foreground_ratio": 0.3256902825342466,
        "midground_ratio": 0.2677252782534247,
        "background_ratio": 0.4065844392123288,
        "depth_complexity": 0.4572394547140437
      }
    },
    "spatial_layout": {
      "negative_space_ratio": 0.388357502140411,
      "subject_isolation": 0.10000178367579908,
      "depth_of_field": {
        "blur_gradient_strength": 297.65078606860743,
        "sharpness_variance": 358955.54294007237,
        "min_sharpness": 4.981403508927524,
        "max_sharpness": 3087.2256824298356
      },
      "perspective": {
        "has_vanishing_point": 1,
        "perspective_strength": 0.9955195424213537
      }
    },
    "contrast_color": {
      "high_contrast_ratio": 0.4090124678938356,
      "low_contrast_ratio": 0.5909875321061644,
      "mean_contrast": 20.097970962524414,
      "highlight_ratio": 0.1807933747768402,
      "shadow_ratio": 0.015618311241269112,
      "midtone_ratio": 0.8035882711410522,
      "warm_color_ratio": 0.4010817993721461,
      "cool_color_ratio": 0.4257790204052511,
      "complementary_color_score": 1.6666666666666667
    },
    "motion_dynamics": {
      "s_curve_count": 437,
      "motion_blur_score": 12.31143184429481,
      "dominant_direction_deg": 95.0,
      "direction_strength": 0.058428759988454204
    },
    "pattern_rhythm": {
      "repetition_score": 1.0,
      "rhythm_score": 1.0,
      "pattern_breaks": 5
    },
    "visual_mass_focus": {
      "point_of_interest": {
        "x": 0.2534246575342466,
        "y": 0.642578125,
        "strength": 1.0
      },
      "visual_mass_concentration": 0.19984972531392695,
      "mean_visual_weight": 0.25433728098869324,
      "face_count": 0,
      "has_directional_cues": 0
    },
    "framing_breathing": {
      "frame_in_frame_count": 0,
      "breathing_space": {
        "top": 0.568359375,
        "bottom": 0.353515625,
        "left": 0.1312785388127854,
        "right": 0.723744292237443,
        "min_margin": 0.1312785388127854,
        "mean_margin": 0.44422445776255715
      },
      "corner_anchors": {
        "top_left": 0.2513560950756073,
        "top_right": 0.24219614267349243,
        "bottom_left": 0.245225727558136,
        "bottom_right": 0.19660507142543793,
        "max_corner_weight": 0.2513560950756073,
        "has_corner_subject": 0
      }
    }
  }
}