{
  "meta": {
    "_dataset": "tvm board - Nov 22nd 2025 (5060 images)",
    "_label": "",
    "_relpath": "386. feeling the.jpg",
    "_filename": "386. feeling the.jpg",
    "_width": 5184,
    "_height": 5184
  },
  "features": {
    "geometric_structural": {
      "leading_lines": {
        "diagonal": 17,
        "vertical": 6,
        "horizontal": 4,
        "curved": 328
      },
      "leading_lines_strength": 0.693359375,
      "symmetry_vertical": 0.22825523757817068,
      "symmetry_horizontal": 0.16984386962106193,
      "symmetry_radial": 0.18393384648757505,
      "rule_of_thirds": {
        "alignment_score": 0,
        "num_salient_objects": 6
      },
      "golden_ratio": {
        "golden_alignment_score": 0
      },
      "balance": {
        "static_balance": 0.9225689172744751,
        "dynamic_balance": 1.0,
        "dominant_quadrant": 3
      },
      "layering": {
        "foreground_ratio": 0.3147697448730469,
        "midground_ratio": 0.24985122680664062,
        "background_ratio": 0.4353790283203125,
        "depth_complexity": 0.20408973634811992
      }
    },
    "spatial_layout": {
      "negative_space_ratio": 0.5462112426757812,
      "subject_isolation": 0.10000228881835938,
      "depth_of_field": {
        "blur_gradient_strength": 142.24755020028562,
        "sharpness_variance": 47710.955312404796,
        "min_sharpness": 13.918834636251015,
        "max_sharpness": 900.4840445982314
      },
      "perspective": {
        "has_vanishing_point": 1,
        "perspective_strength": 0.9964320467077522
      }
    },
    "contrast_color": {
      "high_contrast_ratio": 0.496490478515625,
      "low_contrast_ratio": 0.503509521484375,
      "mean_contrast": 28.209197998046875,
      "highlight_ratio": 0.040203094482421875,
      "shadow_ratio": 0.18282699584960938,
      "midtone_ratio": 0.7769699096679688,
      "warm_color_ratio": 0.17650604248046875,
      "cool_color_ratio": 0.08660507202148438,
      "complementary_color_score": 2.2222222222222223
    },
    "motion_dynamics": {
      "s_curve_count": 298,
      "motion_blur_score": 7.844916286445346,
      "dominant_direction_deg": 175.0,
      "direction_strength": 0.04090499877914083
    },
    "pattern_rhythm": {
      "repetition_score": 1.0,
      "rhythm_score": 1.0,
      "pattern_breaks": 0
    },
    "visual_mass_focus": {
      "point_of_interest": {
        "x": 0.54296875,
        "y": 0.416015625,
        "strength": 1.0
      },
      "visual_mass_concentration": 0.19997787475585938,
      "mean_visual_weight": 0.23036159574985504,
      "face_count": 0,
      "has_directional_cues": 0
    },
    "framing_breathing": {
      "frame_in_frame_count": 0,
      "breathing_space": {
        "top": 0.4609375,
        "bottom": 0.380859375,
        "left": 0.548828125,
        "right": 0.30078125,
        "min_margin": 0.30078125,
        "mean_margin": 0.4228515625
      },
      "corner_anchors": {
        "top_left": 0.3189445734024048,
        "top_right": 0.22589251399040222,
        "bottom_left": 0.40927854180336,
        "bottom_right": 0.49671581387519836,
        "max_corner_weight": 0.49671581387519836,
        "has_corner_subject": 1
      }
    }
  }
}