{
  "meta": {
    "_dataset": "tvm board - Nov 22nd 2025 (5060 images)",
    "_label": "",
    "_relpath": "392. .jpg",
    "_filename": "392. .jpg",
    "_width": 1440,
    "_height": 1440
  },
  "features": {
    "geometric_structural": {
      "leading_lines": {
        "diagonal": 156,
        "vertical": 9,
        "horizontal": 10,
        "curved": 741
      },
      "leading_lines_strength": 1.7890625,
      "symmetry_vertical": 0.09297820293026805,
      "symmetry_horizontal": 0.10177990982680574,
      "symmetry_radial": 0.09616178341477288,
      "rule_of_thirds": {
        "alignment_score": 0,
        "num_salient_objects": 34
      },
      "golden_ratio": {
        "golden_alignment_score": 0
      },
      "balance": {
        "static_balance": 0.9508260488510132,
        "dynamic_balance": 1.0,
        "dominant_quadrant": 1
      },
      "layering": {
        "foreground_ratio": 0.3302803039550781,
        "midground_ratio": 0.3231849670410156,
        "background_ratio": 0.34653472900390625,
        "depth_complexity": 0.9724576576473046
      }
    },
    "spatial_layout": {
      "negative_space_ratio": 0.53509521484375,
      "subject_isolation": 0.10000228881835938,
      "depth_of_field": {
        "blur_gradient_strength": 533.9516653899234,
        "sharpness_variance": 709591.560910663,
        "min_sharpness": 0.47058823529411764,
        "max_sharpness": 4935.903430215895
      },
      "perspective": {
        "has_vanishing_point": 1,
        "perspective_strength": 0.9995043984636353
      }
    },
    "contrast_color": {
      "high_contrast_ratio": 0.5266456604003906,
      "low_contrast_ratio": 0.4733543395996094,
      "mean_contrast": 31.907859802246094,
      "highlight_ratio": 0.04302215576171875,
      "shadow_ratio": 0.21895980834960938,
      "midtone_ratio": 0.7380180358886719,
      "warm_color_ratio": 0.12987899780273438,
      "cool_color_ratio": 0.5384864807128906,
      "complementary_color_score": 2.0
    },
    "motion_dynamics": {
      "s_curve_count": 499,
      "motion_blur_score": 5.9603004581054115,
      "dominant_direction_deg": 4.999999999999995,
      "direction_strength": 0.03777694702134027
    },
    "pattern_rhythm": {
      "repetition_score": 1.0,
      "rhythm_score": 1.0,
      "pattern_breaks": 1
    },
    "visual_mass_focus": {
      "point_of_interest": {
        "x": 0.90234375,
        "y": 0.193359375,
        "strength": 1.0
      },
      "visual_mass_concentration": 0.19974136352539062,
      "mean_visual_weight": 0.15539363026618958,
      "face_count": 0,
      "has_directional_cues": 0
    },
    "framing_breathing": {
      "frame_in_frame_count": 0,
      "breathing_space": {
        "top": 0.0,
        "bottom": 0.677734375,
        "left": 0.767578125,
        "right": 0.0,
        "min_margin": 0.0,
        "mean_margin": 0.361328125
      },
      "corner_anchors": {
        "top_left": 0.3255203068256378,
        "top_right": 0.7146062254905701,
        "bottom_left": 0.32615435123443604,
        "bottom_right": 0.4290864169597626,
        "max_corner_weight": 0.7146062254905701,
        "has_corner_subject": 1
      }
    }
  }
}