{
  "meta": {
    "_dataset": "tvm board - Nov 22nd 2025 (5060 images)",
    "_label": "",
    "_relpath": "400. \u0aee\u13ca \u00b4\u0348.jpg",
    "_filename": "400. \u0aee\u13ca \u00b4\u0348.jpg",
    "_width": 568,
    "_height": 736
  },
  "features": {
    "geometric_structural": {
      "leading_lines": {
        "diagonal": 45,
        "vertical": 5,
        "horizontal": 0,
        "curved": 728
      },
      "leading_lines_strength": 1.1734539969834088,
      "symmetry_vertical": 0.19806634310885254,
      "symmetry_horizontal": 0.14713170490529265,
      "symmetry_radial": 0.12082133590882649,
      "rule_of_thirds": {
        "alignment_score": 0,
        "num_salient_objects": 6
      },
      "golden_ratio": {
        "golden_alignment_score": 0
      },
      "balance": {
        "static_balance": 0.8893918395042419,
        "dynamic_balance": 1.0,
        "dominant_quadrant": 2
      },
      "layering": {
        "foreground_ratio": 0.3334040346907994,
        "midground_ratio": 0.25602139894419307,
        "background_ratio": 0.41057456636500755,
        "depth_complexity": 0.3374416023516167
      }
    },
    "spatial_layout": {
      "negative_space_ratio": 0.6229702818627451,
      "subject_isolation": 0.10000117835595777,
      "depth_of_field": {
        "blur_gradient_strength": 66.6668714281137,
        "sharpness_variance": 8437.197263793429,
        "min_sharpness": 78.80016366106491,
        "max_sharpness": 887.5982314494423
      },
      "perspective": {
        "has_vanishing_point": 1,
        "perspective_strength": 0.9994115916446014
      }
    },
    "contrast_color": {
      "high_contrast_ratio": 0.49158653846153844,
      "low_contrast_ratio": 0.5084134615384616,
      "mean_contrast": 31.086732864379883,
      "highlight_ratio": 0.07550904899835587,
      "shadow_ratio": 0.15464743971824646,
      "midtone_ratio": 0.7698434591293335,
      "warm_color_ratio": 0.9335966958898945,
      "cool_color_ratio": 7.953902714932127e-05,
      "complementary_color_score": 2.111111111111111
    },
    "motion_dynamics": {
      "s_curve_count": 623,
      "motion_blur_score": 8.822231294999614,
      "dominant_direction_deg": -85.0,
      "direction_strength": 0.03339166195314447
    },
    "pattern_rhythm": {
      "repetition_score": 1.0,
      "rhythm_score": 1.0,
      "pattern_breaks": 3
    },
    "visual_mass_focus": {
      "point_of_interest": {
        "x": 0.4765625,
        "y": 0.7722473604826546,
        "strength": 1.0
      },
      "visual_mass_concentration": 0.19989925056561086,
      "mean_visual_weight": 0.29798516631126404,
      "face_count": 0,
      "has_directional_cues": 0
    },
    "framing_breathing": {
      "frame_in_frame_count": 0,
      "breathing_space": {
        "top": 0.6757164404223228,
        "bottom": 0.1885369532428356,
        "left": 0.158203125,
        "right": 0.5859375,
        "min_margin": 0.158203125,
        "mean_margin": 0.4020985046662896
      },
      "corner_anchors": {
        "top_left": 0.1813381016254425,
        "top_right": 0.22228120267391205,
        "bottom_left": 0.38358619809150696,
        "bottom_right": 0.43871814012527466,
        "max_corner_weight": 0.43871814012527466,
        "has_corner_subject": 1
      }
    }
  }
}