{
  "meta": {
    "_dataset": "tvm board - Nov 22nd 2025 (5060 images)",
    "_label": "",
    "_relpath": "434. .png",
    "_filename": "434. .png",
    "_width": 800,
    "_height": 600
  },
  "features": {
    "geometric_structural": {
      "leading_lines": {
        "diagonal": 0,
        "vertical": 7,
        "horizontal": 5,
        "curved": 202
      },
      "leading_lines_strength": 0.31332357247437775,
      "symmetry_vertical": 0.33407731793725653,
      "symmetry_horizontal": 0.37366581143630845,
      "symmetry_radial": 0.2569823958081117,
      "rule_of_thirds": {
        "alignment_score": 0,
        "num_salient_objects": 14
      },
      "golden_ratio": {
        "golden_alignment_score": 0
      },
      "balance": {
        "static_balance": 0.9693987369537354,
        "dynamic_balance": 1.0,
        "dominant_quadrant": 3
      },
      "layering": {
        "foreground_ratio": 0.3241672767203514,
        "midground_ratio": 0.15083958638360176,
        "background_ratio": 0.5249931368960469,
        "depth_complexity": 0.21498947566819435
      }
    },
    "spatial_layout": {
      "negative_space_ratio": 0.45396001098096633,
      "subject_isolation": 0.10000114385065886,
      "depth_of_field": {
        "blur_gradient_strength": 199.95200797725732,
        "sharpness_variance": 85009.77957727363,
        "min_sharpness": 0.9092406862708142,
        "max_sharpness": 1348.9091280510365
      },
      "perspective": {
        "has_vanishing_point": 1,
        "perspective_strength": 0.9111111111111111
      }
    },
    "contrast_color": {
      "high_contrast_ratio": 0.4575030883967789,
      "low_contrast_ratio": 0.5424969116032211,
      "mean_contrast": 22.7198429107666,
      "highlight_ratio": 0.06606309115886688,
      "shadow_ratio": 0.3017163574695587,
      "midtone_ratio": 0.6322205066680908,
      "warm_color_ratio": 0.7798945369692533,
      "cool_color_ratio": 0.002725224194729136,
      "complementary_color_score": 2.0
    },
    "motion_dynamics": {
      "s_curve_count": 201,
      "motion_blur_score": 8.585816363323783,
      "dominant_direction_deg": 4.999999999999995,
      "direction_strength": 0.05085560029268034
    },
    "pattern_rhythm": {
      "repetition_score": 1.0,
      "rhythm_score": 1.0,
      "pattern_breaks": 1
    },
    "visual_mass_focus": {
      "point_of_interest": {
        "x": 0.0746705710102489,
        "y": 0.43359375,
        "strength": 1.0
      },
      "visual_mass_concentration": 0.1999622529282577,
      "mean_visual_weight": 0.15679796040058136,
      "face_count": 0,
      "has_directional_cues": 0
    },
    "framing_breathing": {
      "frame_in_frame_count": 0,
      "breathing_space": {
        "top": 0.326171875,
        "bottom": 0.244140625,
        "left": 0.7598828696925329,
        "right": 0.0,
        "min_margin": 0.0,
        "mean_margin": 0.3325488424231332
      },
      "corner_anchors": {
        "top_left": 0.2970218360424042,
        "top_right": 0.30062946677207947,
        "bottom_left": 0.4269491732120514,
        "bottom_right": 0.5524035096168518,
        "max_corner_weight": 0.5524035096168518,
        "has_corner_subject": 1
      }
    }
  }
}