{
  "meta": {
    "_dataset": "tvm board - Nov 22nd 2025 (5060 images)",
    "_label": "",
    "_relpath": "435. \u22c5\u02da\u208a\u2027 \u0b68\u0b67.jpg",
    "_filename": "435. \u22c5\u02da\u208a\u2027 \u0b68\u0b67.jpg",
    "_width": 736,
    "_height": 552
  },
  "features": {
    "geometric_structural": {
      "leading_lines": {
        "diagonal": 0,
        "vertical": 2,
        "horizontal": 0,
        "curved": 88
      },
      "leading_lines_strength": 0.13177159590043924,
      "symmetry_vertical": 0.4634588133940863,
      "symmetry_horizontal": 0.4100582992074551,
      "symmetry_radial": 0.318953996828976,
      "rule_of_thirds": {
        "alignment_score": 1,
        "num_salient_objects": 9
      },
      "golden_ratio": {
        "golden_alignment_score": 3
      },
      "balance": {
        "static_balance": 0.8473643064498901,
        "dynamic_balance": 1.0,
        "dominant_quadrant": 1
      },
      "layering": {
        "foreground_ratio": 0.2512668146046852,
        "midground_ratio": 0.20354822474377746,
        "background_ratio": 0.5451849606515373,
        "depth_complexity": 0.027883427166246304
      }
    },
    "spatial_layout": {
      "negative_space_ratio": 0.6652235084187409,
      "subject_isolation": 0.10000114385065886,
      "depth_of_field": {
        "blur_gradient_strength": 19.315272185167203,
        "sharpness_variance": 1129.3118756442288,
        "min_sharpness": 5.068242983467897,
        "max_sharpness": 277.02798837758115
      },
      "perspective": {
        "has_vanishing_point": 1,
        "perspective_strength": 0.6666666666666666
      }
    },
    "contrast_color": {
      "high_contrast_ratio": 0.36183141928989754,
      "low_contrast_ratio": 0.6381685807101025,
      "mean_contrast": 13.2947416305542,
      "highlight_ratio": 0.03692635893821716,
      "shadow_ratio": 0.4019262492656708,
      "midtone_ratio": 0.5611473321914673,
      "warm_color_ratio": 0.6079051519033675,
      "cool_color_ratio": 0.07935463945827233,
      "complementary_color_score": 2.3333333333333335
    },
    "motion_dynamics": {
      "s_curve_count": 86,
      "motion_blur_score": 14.466911630971937,
      "dominant_direction_deg": -85.0,
      "direction_strength": 0.04573686859430552
    },
    "pattern_rhythm": {
      "repetition_score": 1.0,
      "rhythm_score": 1.0,
      "pattern_breaks": 3
    },
    "visual_mass_focus": {
      "point_of_interest": {
        "x": 0.5007320644216691,
        "y": 0.337890625,
        "strength": 1.0
      },
      "visual_mass_concentration": 0.19994795479502195,
      "mean_visual_weight": 0.13508911430835724,
      "face_count": 0,
      "has_directional_cues": 0
    },
    "framing_breathing": {
      "frame_in_frame_count": 0,
      "breathing_space": {
        "top": 0.23828125,
        "bottom": 0.5,
        "left": 0.3323572474377745,
        "right": 0.30600292825768666,
        "min_margin": 0.23828125,
        "mean_margin": 0.3441603564238653
      },
      "corner_anchors": {
        "top_left": 0.31852826476097107,
        "top_right": 0.5206753015518188,
        "bottom_left": 0.22543099522590637,
        "bottom_right": 0.23842421174049377,
        "max_corner_weight": 0.5206753015518188,
        "has_corner_subject": 1
      }
    }
  }
}