{
  "meta": {
    "_dataset": "tvm board - Nov 22nd 2025 (5060 images)",
    "_label": "",
    "_relpath": "436. .jpg",
    "_filename": "436. .jpg",
    "_width": 807,
    "_height": 605
  },
  "features": {
    "geometric_structural": {
      "leading_lines": {
        "diagonal": 1,
        "vertical": 4,
        "horizontal": 2,
        "curved": 76
      },
      "leading_lines_strength": 0.12152269399707175,
      "symmetry_vertical": 0.41992881660601594,
      "symmetry_horizontal": 0.44802540540163643,
      "symmetry_radial": 0.35597914659100843,
      "rule_of_thirds": {
        "alignment_score": 1,
        "num_salient_objects": 6
      },
      "golden_ratio": {
        "golden_alignment_score": 1
      },
      "balance": {
        "static_balance": 0.920260488986969,
        "dynamic_balance": 1.0,
        "dominant_quadrant": 1
      },
      "layering": {
        "foreground_ratio": 0.28595980508784774,
        "midground_ratio": 0.3206556551976574,
        "background_ratio": 0.3933845397144949,
        "depth_complexity": 0.1492518716557909
      }
    },
    "spatial_layout": {
      "negative_space_ratio": 0.4907748444363104,
      "subject_isolation": 0.10000114385065886,
      "depth_of_field": {
        "blur_gradient_strength": 86.12244171999986,
        "sharpness_variance": 28984.30748405197,
        "min_sharpness": 25.073785686485884,
        "max_sharpness": 1713.4820884109727
      },
      "perspective": {
        "has_vanishing_point": 1,
        "perspective_strength": 0.9898648648648649
      }
    },
    "contrast_color": {
      "high_contrast_ratio": 0.39099961109077597,
      "low_contrast_ratio": 0.609000388909224,
      "mean_contrast": 13.704856872558594,
      "highlight_ratio": 0.02313723973929882,
      "shadow_ratio": 0.3059943616390228,
      "midtone_ratio": 0.6708683967590332,
      "warm_color_ratio": 0.17494051976573938,
      "cool_color_ratio": 0.29332334370424595,
      "complementary_color_score": 2.0
    },
    "motion_dynamics": {
      "s_curve_count": 86,
      "motion_blur_score": 14.958245107606148,
      "dominant_direction_deg": 4.999999999999995,
      "direction_strength": 0.03855062683005081
    },
    "pattern_rhythm": {
      "repetition_score": 1.0,
      "rhythm_score": 1.0,
      "pattern_breaks": 2
    },
    "visual_mass_focus": {
      "point_of_interest": {
        "x": 0.7847730600292826,
        "y": 0.2109375,
        "strength": 1.0
      },
      "visual_mass_concentration": 0.19999656844802344,
      "mean_visual_weight": 0.08870033174753189,
      "face_count": 0,
      "has_directional_cues": 0
    },
    "framing_breathing": {
      "frame_in_frame_count": 0,
      "breathing_space": {
        "top": 0.044921875,
        "bottom": 0.625,
        "left": 0.5607613469985359,
        "right": 0.0,
        "min_margin": 0.0,
        "mean_margin": 0.307670805499634
      },
      "corner_anchors": {
        "top_left": 0.6437174677848816,
        "top_right": 0.6140239834785461,
        "bottom_left": 0.4992212951183319,
        "bottom_right": 0.33426254987716675,
        "max_corner_weight": 0.6437174677848816,
        "has_corner_subject": 1
      }
    }
  }
}