{
  "meta": {
    "_dataset": "tvm board - Nov 22nd 2025 (5060 images)",
    "_label": "",
    "_relpath": "445. first love.jpg",
    "_filename": "445. first love.jpg",
    "_width": 825,
    "_height": 825
  },
  "features": {
    "geometric_structural": {
      "leading_lines": {
        "diagonal": 1,
        "vertical": 3,
        "horizontal": 38,
        "curved": 44
      },
      "leading_lines_strength": 0.16796875,
      "symmetry_vertical": 0.45640771528772445,
      "symmetry_horizontal": 0.19665329141219554,
      "symmetry_radial": 0.24413549341539217,
      "rule_of_thirds": {
        "alignment_score": 0,
        "num_salient_objects": 41
      },
      "golden_ratio": {
        "golden_alignment_score": 0
      },
      "balance": {
        "static_balance": 0.9706909656524658,
        "dynamic_balance": 1.0,
        "dominant_quadrant": 0
      },
      "layering": {
        "foreground_ratio": 0.3378562927246094,
        "midground_ratio": 0.10781478881835938,
        "background_ratio": 0.5543289184570312,
        "depth_complexity": 0.2495993898296146
      }
    },
    "spatial_layout": {
      "negative_space_ratio": 0.5787391662597656,
      "subject_isolation": 0.10000228881835938,
      "depth_of_field": {
        "blur_gradient_strength": 280.3216336667778,
        "sharpness_variance": 225618.83920389408,
        "min_sharpness": 0.0,
        "max_sharpness": 2073.6778156332684
      },
      "perspective": {
        "has_vanishing_point": 1,
        "perspective_strength": 0.996033494931688
      }
    },
    "contrast_color": {
      "high_contrast_ratio": 0.45719146728515625,
      "low_contrast_ratio": 0.5428085327148438,
      "mean_contrast": 22.44148826599121,
      "highlight_ratio": 0.2621498107910156,
      "shadow_ratio": 0.3182411193847656,
      "midtone_ratio": 0.41960906982421875,
      "warm_color_ratio": 0.3244285583496094,
      "cool_color_ratio": 0.054180145263671875,
      "complementary_color_score": 2.5555555555555554
    },
    "motion_dynamics": {
      "s_curve_count": 82,
      "motion_blur_score": 13.237606684899477,
      "dominant_direction_deg": 4.999999999999995,
      "direction_strength": 0.08966445922817358
    },
    "pattern_rhythm": {
      "repetition_score": 1.0,
      "rhythm_score": 1.0,
      "pattern_breaks": 12
    },
    "visual_mass_focus": {
      "point_of_interest": {
        "x": 0.40625,
        "y": 0.388671875,
        "strength": 1.0
      },
      "visual_mass_concentration": 0.19997406005859375,
      "mean_visual_weight": 0.09723717719316483,
      "face_count": 0,
      "has_directional_cues": 0
    },
    "framing_breathing": {
      "frame_in_frame_count": 0,
      "breathing_space": {
        "top": 0.0,
        "bottom": 0.0,
        "left": 0.0,
        "right": 0.0,
        "min_margin": 0.0,
        "mean_margin": 0.0
      },
      "corner_anchors": {
        "top_left": 0.8979098200798035,
        "top_right": 0.48733004927635193,
        "bottom_left": 0.7963330745697021,
        "bottom_right": 0.7808818817138672,
        "max_corner_weight": 0.8979098200798035,
        "has_corner_subject": 1
      }
    }
  }
}