{
  "meta": {
    "_dataset": "tvm board - Nov 22nd 2025 (5060 images)",
    "_label": "",
    "_relpath": "454. Train Station.jpg",
    "_filename": "454. Train Station.jpg",
    "_width": 1200,
    "_height": 796
  },
  "features": {
    "geometric_structural": {
      "leading_lines": {
        "diagonal": 21,
        "vertical": 5,
        "horizontal": 6,
        "curved": 209
      },
      "leading_lines_strength": 0.3121761658031088,
      "symmetry_vertical": 0.2874539884852529,
      "symmetry_horizontal": 0.28976020400515473,
      "symmetry_radial": 0.1972416136495818,
      "rule_of_thirds": {
        "alignment_score": 1,
        "num_salient_objects": 110
      },
      "golden_ratio": {
        "golden_alignment_score": 5
      },
      "balance": {
        "static_balance": 0.878522515296936,
        "dynamic_balance": 1.0,
        "dominant_quadrant": 1
      },
      "layering": {
        "foreground_ratio": 0.29251082820595853,
        "midground_ratio": 0.2623714783031088,
        "background_ratio": 0.44511769349093266,
        "depth_complexity": 0.6083131728728459
      }
    },
    "spatial_layout": {
      "negative_space_ratio": 0.3812869373380829,
      "subject_isolation": 0.10000151797279792,
      "depth_of_field": {
        "blur_gradient_strength": 470.377626459921,
        "sharpness_variance": 385154.68230438756,
        "min_sharpness": 25.989564453232273,
        "max_sharpness": 3156.417200316738
      },
      "perspective": {
        "has_vanishing_point": 1,
        "perspective_strength": 0.9964633068081344
      }
    },
    "contrast_color": {
      "high_contrast_ratio": 0.44385524611398963,
      "low_contrast_ratio": 0.5561447538860104,
      "mean_contrast": 29.79578971862793,
      "highlight_ratio": 0.14064523577690125,
      "shadow_ratio": 0.16898831725120544,
      "midtone_ratio": 0.6903663873672485,
      "warm_color_ratio": 0.23789669689119172,
      "cool_color_ratio": 0.10387740851683938,
      "complementary_color_score": 1.1111111111111112
    },
    "motion_dynamics": {
      "s_curve_count": 214,
      "motion_blur_score": 8.84291978736892,
      "dominant_direction_deg": 4.999999999999995,
      "direction_strength": 0.03837941224083554
    },
    "pattern_rhythm": {
      "repetition_score": 1.0,
      "rhythm_score": 1.0,
      "pattern_breaks": 20
    },
    "visual_mass_focus": {
      "point_of_interest": {
        "x": 0.5699481865284974,
        "y": 0.369140625,
        "strength": 1.0
      },
      "visual_mass_concentration": 0.1998284690738342,
      "mean_visual_weight": 0.1641564667224884,
      "face_count": 0,
      "has_directional_cues": 0
    },
    "framing_breathing": {
      "frame_in_frame_count": 0,
      "breathing_space": {
        "top": 0.0,
        "bottom": 0.55078125,
        "left": 0.405440414507772,
        "right": 0.05829015544041451,
        "min_margin": 0.0,
        "mean_margin": 0.25362795498704666
      },
      "corner_anchors": {
        "top_left": 0.30448466539382935,
        "top_right": 0.741336464881897,
        "bottom_left": 0.48896488547325134,
        "bottom_right": 0.22751526534557343,
        "max_corner_weight": 0.741336464881897,
        "has_corner_subject": 1
      }
    }
  }
}