{
  "meta": {
    "_dataset": "tvm board - Nov 22nd 2025 (5060 images)",
    "_label": "",
    "_relpath": "483. .jpg",
    "_filename": "483. .jpg",
    "_width": 1024,
    "_height": 706
  },
  "features": {
    "geometric_structural": {
      "leading_lines": {
        "diagonal": 1,
        "vertical": 2,
        "horizontal": 0,
        "curved": 246
      },
      "leading_lines_strength": 0.3351278600269179,
      "symmetry_vertical": 0.3542858696252557,
      "symmetry_horizontal": 0.39192169808160615,
      "symmetry_radial": 0.26163565197201777,
      "rule_of_thirds": {
        "alignment_score": 0,
        "num_salient_objects": 46
      },
      "golden_ratio": {
        "golden_alignment_score": 0
      },
      "balance": {
        "static_balance": 0.8271905183792114,
        "dynamic_balance": 1.0,
        "dominant_quadrant": 0
      },
      "layering": {
        "foreground_ratio": 0.33720190528263794,
        "midground_ratio": 0.27506729475100944,
        "background_ratio": 0.3877307999663526,
        "depth_complexity": 0.9063803175630891
      }
    },
    "spatial_layout": {
      "negative_space_ratio": 0.6326547779273217,
      "subject_isolation": 0.10000105148048452,
      "depth_of_field": {
        "blur_gradient_strength": 867.7087481252362,
        "sharpness_variance": 4520233.3068417935,
        "min_sharpness": 13.416245282290944,
        "max_sharpness": 17191.899013495684
      },
      "perspective": {
        "has_vanishing_point": 1,
        "perspective_strength": 0.9515669515669516
      }
    },
    "contrast_color": {
      "high_contrast_ratio": 0.3430691663862719,
      "low_contrast_ratio": 0.6569308336137281,
      "mean_contrast": 21.765228271484375,
      "highlight_ratio": 0.2736320197582245,
      "shadow_ratio": 0.18799945712089539,
      "midtone_ratio": 0.5383684635162354,
      "warm_color_ratio": 0.09920981241588156,
      "cool_color_ratio": 0.030366756393001345,
      "complementary_color_score": 2.111111111111111
    },
    "motion_dynamics": {
      "s_curve_count": 165,
      "motion_blur_score": 9.209313934580896,
      "dominant_direction_deg": -85.0,
      "direction_strength": 0.04138364316947399
    },
    "pattern_rhythm": {
      "repetition_score": 1.0,
      "rhythm_score": 1.0,
      "pattern_breaks": 6
    },
    "visual_mass_focus": {
      "point_of_interest": {
        "x": 0.531628532974428,
        "y": 0.306640625,
        "strength": 1.0
      },
      "visual_mass_concentration": 0.19968403011440108,
      "mean_visual_weight": 0.043478626757860184,
      "face_count": 0,
      "has_directional_cues": 0
    },
    "framing_breathing": {
      "frame_in_frame_count": 0,
      "breathing_space": {
        "top": 0.0,
        "bottom": 0.48828125,
        "left": 0.0,
        "right": 0.15746971736204576,
        "min_margin": 0.0,
        "mean_margin": 0.16143774184051143
      },
      "corner_anchors": {
        "top_left": 0.7358736395835876,
        "top_right": 0.5894824266433716,
        "bottom_left": 0.1526280641555786,
        "bottom_right": 0.764549970626831,
        "max_corner_weight": 0.764549970626831,
        "has_corner_subject": 1
      }
    }
  }
}