{
  "meta": {
    "_dataset": "tvm board - Nov 22nd 2025 (5060 images)",
    "_label": "",
    "_relpath": "497. .jpg",
    "_filename": "497. .jpg",
    "_width": 671,
    "_height": 671
  },
  "features": {
    "geometric_structural": {
      "leading_lines": {
        "diagonal": 19,
        "vertical": 0,
        "horizontal": 12,
        "curved": 372
      },
      "leading_lines_strength": 0.787109375,
      "symmetry_vertical": 0.3635469485125225,
      "symmetry_horizontal": 0.22851972187425956,
      "symmetry_radial": 0.26443685453380156,
      "rule_of_thirds": {
        "alignment_score": 0,
        "num_salient_objects": 48
      },
      "golden_ratio": {
        "golden_alignment_score": 0
      },
      "balance": {
        "static_balance": 0.9761034846305847,
        "dynamic_balance": 1.0,
        "dominant_quadrant": 2
      },
      "layering": {
        "foreground_ratio": 0.27993011474609375,
        "midground_ratio": 0.3776397705078125,
        "background_ratio": 0.34243011474609375,
        "depth_complexity": 0.2228727946148574
      }
    },
    "spatial_layout": {
      "negative_space_ratio": 0.4040260314941406,
      "subject_isolation": 0.04991912841796875,
      "depth_of_field": {
        "blur_gradient_strength": 190.74651173641348,
        "sharpness_variance": 91598.67015684971,
        "min_sharpness": 0.0,
        "max_sharpness": 2388.778162245291
      },
      "perspective": {
        "has_vanishing_point": 1,
        "perspective_strength": 0.9977500865351333
      }
    },
    "contrast_color": {
      "high_contrast_ratio": 0.47820281982421875,
      "low_contrast_ratio": 0.5217971801757812,
      "mean_contrast": 16.88970184326172,
      "highlight_ratio": 0.2694892883300781,
      "shadow_ratio": 0.050403594970703125,
      "midtone_ratio": 0.6801071166992188,
      "warm_color_ratio": 0.3106422424316406,
      "cool_color_ratio": 0.000362396240234375,
      "complementary_color_score": 0.9444444444444444
    },
    "motion_dynamics": {
      "s_curve_count": 324,
      "motion_blur_score": 14.874666551409137,
      "dominant_direction_deg": 4.999999999999995,
      "direction_strength": 0.12468338012647749
    },
    "pattern_rhythm": {
      "repetition_score": 1.0,
      "rhythm_score": 1.0,
      "pattern_breaks": 7
    },
    "visual_mass_focus": {
      "point_of_interest": {
        "x": 0.458984375,
        "y": 0.40234375,
        "strength": 1.0
      },
      "visual_mass_concentration": 0.199798583984375,
      "mean_visual_weight": 0.09017482399940491,
      "face_count": 0,
      "has_directional_cues": 0
    },
    "framing_breathing": {
      "frame_in_frame_count": 0,
      "breathing_space": {
        "top": 0.61328125,
        "bottom": 0.0,
        "left": 0.0,
        "right": 0.0,
        "min_margin": 0.0,
        "mean_margin": 0.1533203125
      },
      "corner_anchors": {
        "top_left": 0.8353191018104553,
        "top_right": 0.7496062517166138,
        "bottom_left": 0.7483473420143127,
        "bottom_right": 0.7565646767616272,
        "max_corner_weight": 0.8353191018104553,
        "has_corner_subject": 1
      }
    }
  }
}