{
  "meta": {
    "_dataset": "tvm board - Nov 22nd 2025 (5060 images)",
    "_label": "",
    "_relpath": "512. summer evening.jpg",
    "_filename": "512. summer evening.jpg",
    "_width": 2048,
    "_height": 1536
  },
  "features": {
    "geometric_structural": {
      "leading_lines": {
        "diagonal": 25,
        "vertical": 0,
        "horizontal": 69,
        "curved": 761
      },
      "leading_lines_strength": 1.2518301610541727,
      "symmetry_vertical": 0.19900139315035884,
      "symmetry_horizontal": 0.20345766496920611,
      "symmetry_radial": 0.16008154343890257,
      "rule_of_thirds": {
        "alignment_score": 0,
        "num_salient_objects": 42
      },
      "golden_ratio": {
        "golden_alignment_score": 0
      },
      "balance": {
        "static_balance": 0.9320610761642456,
        "dynamic_balance": 1.0,
        "dominant_quadrant": 2
      },
      "layering": {
        "foreground_ratio": 0.2989425100658858,
        "midground_ratio": 0.357421875,
        "background_ratio": 0.3436356149341142,
        "depth_complexity": 0.8473369947503604
      }
    },
    "spatial_layout": {
      "negative_space_ratio": 0.7876898792093704,
      "subject_isolation": 0.10000114385065886,
      "depth_of_field": {
        "blur_gradient_strength": 690.75540253039,
        "sharpness_variance": 811308.1403610707,
        "min_sharpness": 7.347445848246045,
        "max_sharpness": 3927.4104476718435
      },
      "perspective": {
        "has_vanishing_point": 1,
        "perspective_strength": 0.9921812602463324
      }
    },
    "contrast_color": {
      "high_contrast_ratio": 0.3788948114934114,
      "low_contrast_ratio": 0.6211051885065886,
      "mean_contrast": 22.656347274780273,
      "highlight_ratio": 0.07502230256795883,
      "shadow_ratio": 0.225321426987648,
      "midtone_ratio": 0.6996563076972961,
      "warm_color_ratio": 0.5170319363103953,
      "cool_color_ratio": 0.027672607064421668,
      "complementary_color_score": 2.4444444444444446
    },
    "motion_dynamics": {
      "s_curve_count": 554,
      "motion_blur_score": 7.456427063158817,
      "dominant_direction_deg": 4.999999999999995,
      "direction_strength": 0.05837355874800291
    },
    "pattern_rhythm": {
      "repetition_score": 1.0,
      "rhythm_score": 1.0,
      "pattern_breaks": 7
    },
    "visual_mass_focus": {
      "point_of_interest": {
        "x": 0.35431918008784774,
        "y": 0.427734375,
        "strength": 1.0
      },
      "visual_mass_concentration": 0.19999942807467058,
      "mean_visual_weight": 0.12295961380004883,
      "face_count": 0,
      "has_directional_cues": 0
    },
    "framing_breathing": {
      "frame_in_frame_count": 0,
      "breathing_space": {
        "top": 0.63671875,
        "bottom": 0.001953125,
        "left": 0.11127379209370425,
        "right": 0.705710102489019,
        "min_margin": 0.001953125,
        "mean_margin": 0.3639139423956808
      },
      "corner_anchors": {
        "top_left": 0.48883888125419617,
        "top_right": 0.3847140371799469,
        "bottom_left": 0.45317399501800537,
        "bottom_right": 0.3869718313217163,
        "max_corner_weight": 0.48883888125419617,
        "has_corner_subject": 1
      }
    }
  }
}