{
  "meta": {
    "_dataset": "tvm board - Nov 22nd 2025 (5060 images)",
    "_label": "",
    "_relpath": "525. .jpg",
    "_filename": "525. .jpg",
    "_width": 1199,
    "_height": 794
  },
  "features": {
    "geometric_structural": {
      "leading_lines": {
        "diagonal": 2,
        "vertical": 8,
        "horizontal": 0,
        "curved": 276
      },
      "leading_lines_strength": 0.36998706338939197,
      "symmetry_vertical": 0.4100788594882969,
      "symmetry_horizontal": 0.4306149993128184,
      "symmetry_radial": 0.29557640703959415,
      "rule_of_thirds": {
        "alignment_score": 0,
        "num_salient_objects": 19
      },
      "golden_ratio": {
        "golden_alignment_score": 0
      },
      "balance": {
        "static_balance": 0.8818415403366089,
        "dynamic_balance": 1.0,
        "dominant_quadrant": 2
      },
      "layering": {
        "foreground_ratio": 0.30821474773609314,
        "midground_ratio": 0.316906532988357,
        "background_ratio": 0.37487871927554983,
        "depth_complexity": 0.08495293784962896
      }
    },
    "spatial_layout": {
      "negative_space_ratio": 0.847102906694696,
      "subject_isolation": 0.10000101067270376,
      "depth_of_field": {
        "blur_gradient_strength": 52.475155686018816,
        "sharpness_variance": 7262.447537342599,
        "min_sharpness": 15.52909938485198,
        "max_sharpness": 450.76212133238914
      },
      "perspective": {
        "has_vanishing_point": 1,
        "perspective_strength": 0.6894329896907216
      }
    },
    "contrast_color": {
      "high_contrast_ratio": 0.4016590192432083,
      "low_contrast_ratio": 0.5983409807567917,
      "mean_contrast": 19.065780639648438,
      "highlight_ratio": 0.026499837636947632,
      "shadow_ratio": 0.2684978246688843,
      "midtone_ratio": 0.7050023078918457,
      "warm_color_ratio": 0.6414436448900388,
      "cool_color_ratio": 0.024609880336351874,
      "complementary_color_score": 1.4444444444444444
    },
    "motion_dynamics": {
      "s_curve_count": 241,
      "motion_blur_score": 8.707899371343942,
      "dominant_direction_deg": 4.999999999999995,
      "direction_strength": 0.03713716849925933
    },
    "pattern_rhythm": {
      "repetition_score": 1.0,
      "rhythm_score": 1.0,
      "pattern_breaks": 7
    },
    "visual_mass_focus": {
      "point_of_interest": {
        "x": 0.38809831824062097,
        "y": 0.34375,
        "strength": 1.0
      },
      "visual_mass_concentration": 0.19986052716688227,
      "mean_visual_weight": 0.10654713213443756,
      "face_count": 0,
      "has_directional_cues": 0
    },
    "framing_breathing": {
      "frame_in_frame_count": 0,
      "breathing_space": {
        "top": 0.822265625,
        "bottom": 0.0,
        "left": 0.19404915912031048,
        "right": 0.6804657179818887,
        "min_margin": 0.0,
        "mean_margin": 0.4241951255255498
      },
      "corner_anchors": {
        "top_left": 0.2075551450252533,
        "top_right": 0.12352361530065536,
        "bottom_left": 0.1559305340051651,
        "bottom_right": 0.11438262462615967,
        "max_corner_weight": 0.2075551450252533,
        "has_corner_subject": 0
      }
    }
  }
}