{
  "meta": {
    "_dataset": "tvm board - Nov 22nd 2025 (5060 images)",
    "_label": "",
    "_relpath": "543. .jpg",
    "_filename": "543. .jpg",
    "_width": 500,
    "_height": 691
  },
  "features": {
    "geometric_structural": {
      "leading_lines": {
        "diagonal": 28,
        "vertical": 19,
        "horizontal": 15,
        "curved": 355
      },
      "leading_lines_strength": 0.5889830508474576,
      "symmetry_vertical": 0.40204154040404233,
      "symmetry_horizontal": 0.24831900601306078,
      "symmetry_radial": 0.23702253498805778,
      "rule_of_thirds": {
        "alignment_score": 0,
        "num_salient_objects": 58
      },
      "golden_ratio": {
        "golden_alignment_score": 0
      },
      "balance": {
        "static_balance": 0.9742430448532104,
        "dynamic_balance": 1.0,
        "dominant_quadrant": 2
      },
      "layering": {
        "foreground_ratio": 0.3126241393008475,
        "midground_ratio": 0.3330933306850282,
        "background_ratio": 0.3542825300141243,
        "depth_complexity": 0.16599430246226665
      }
    },
    "spatial_layout": {
      "negative_space_ratio": 0.3651157530014124,
      "subject_isolation": 0.10000110346045198,
      "depth_of_field": {
        "blur_gradient_strength": 87.48051161129375,
        "sharpness_variance": 35135.18235215683,
        "min_sharpness": 2.9409157244551936,
        "max_sharpness": 762.3763737396716
      },
      "perspective": {
        "has_vanishing_point": 1,
        "perspective_strength": 0.9982683982683983
      }
    },
    "contrast_color": {
      "high_contrast_ratio": 0.4300930217161017,
      "low_contrast_ratio": 0.5699069782838984,
      "mean_contrast": 17.1307430267334,
      "highlight_ratio": 0.25785940885543823,
      "shadow_ratio": 0.06215241178870201,
      "midtone_ratio": 0.6799882054328918,
      "warm_color_ratio": 0.2082560911016949,
      "cool_color_ratio": 0.22937632415254236,
      "complementary_color_score": 1.3888888888888888
    },
    "motion_dynamics": {
      "s_curve_count": 274,
      "motion_blur_score": 13.345105206296708,
      "dominant_direction_deg": 4.999999999999995,
      "direction_strength": 0.041994946151014095
    },
    "pattern_rhythm": {
      "repetition_score": 1.0,
      "rhythm_score": 1.0,
      "pattern_breaks": 13
    },
    "visual_mass_focus": {
      "point_of_interest": {
        "x": 0.42578125,
        "y": 0.8403954802259888,
        "strength": 1.0
      },
      "visual_mass_concentration": 0.1999608271539548,
      "mean_visual_weight": 0.1385311782360077,
      "face_count": 0,
      "has_directional_cues": 0
    },
    "framing_breathing": {
      "frame_in_frame_count": 0,
      "breathing_space": {
        "top": 0.0,
        "bottom": 0.71045197740113,
        "left": 0.0,
        "right": 0.0,
        "min_margin": 0.0,
        "mean_margin": 0.1776129943502825
      },
      "corner_anchors": {
        "top_left": 0.5595409870147705,
        "top_right": 0.649813175201416,
        "bottom_left": 0.47165414690971375,
        "bottom_right": 0.6748863458633423,
        "max_corner_weight": 0.6748863458633423,
        "has_corner_subject": 1
      }
    }
  }
}