{
  "meta": {
    "_dataset": "tvm board - Nov 22nd 2025 (5060 images)",
    "_label": "",
    "_relpath": "552. .jpg",
    "_filename": "552. .jpg",
    "_width": 1024,
    "_height": 768
  },
  "features": {
    "geometric_structural": {
      "leading_lines": {
        "diagonal": 0,
        "vertical": 0,
        "horizontal": 0,
        "curved": 217
      },
      "leading_lines_strength": 0.31771595900439237,
      "symmetry_vertical": 0.4620543364511545,
      "symmetry_horizontal": 0.19419344101121644,
      "symmetry_radial": 0.21032271261675137,
      "rule_of_thirds": {
        "alignment_score": 0,
        "num_salient_objects": 21
      },
      "golden_ratio": {
        "golden_alignment_score": 0
      },
      "balance": {
        "static_balance": 0.8982051610946655,
        "dynamic_balance": 1.0,
        "dominant_quadrant": 0
      },
      "layering": {
        "foreground_ratio": 0.24336280655197656,
        "midground_ratio": 0.4078599698023426,
        "background_ratio": 0.3487772236456808,
        "depth_complexity": 0.030943141216469613
      }
    },
    "spatial_layout": {
      "negative_space_ratio": 0.6527812728770132,
      "subject_isolation": 0.10000114385065886,
      "depth_of_field": {
        "blur_gradient_strength": 24.113914427764968,
        "sharpness_variance": 3112.7118107459487,
        "min_sharpness": 0.6842930461341798,
        "max_sharpness": 276.4948849265528
      },
      "perspective": {
        "has_vanishing_point": 1,
        "perspective_strength": 0.9733333333333334
      }
    },
    "contrast_color": {
      "high_contrast_ratio": 0.36576912518301613,
      "low_contrast_ratio": 0.6342308748169838,
      "mean_contrast": 19.477848052978516,
      "highlight_ratio": 0.1600104123353958,
      "shadow_ratio": 0.5591513514518738,
      "midtone_ratio": 0.2808382511138916,
      "warm_color_ratio": 0.061664989019033674,
      "cool_color_ratio": 0.5811047309663251,
      "complementary_color_score": 2.388888888888889
    },
    "motion_dynamics": {
      "s_curve_count": 189,
      "motion_blur_score": 11.217060382735626,
      "dominant_direction_deg": 4.999999999999995,
      "direction_strength": 0.11418775164681841
    },
    "pattern_rhythm": {
      "repetition_score": 1.0,
      "rhythm_score": 1.0,
      "pattern_breaks": 4
    },
    "visual_mass_focus": {
      "point_of_interest": {
        "x": 0.48316251830161056,
        "y": 0.119140625,
        "strength": 1.0
      },
      "visual_mass_concentration": 0.1993016791727672,
      "mean_visual_weight": 0.07043416798114777,
      "face_count": 0,
      "has_directional_cues": 0
    },
    "framing_breathing": {
      "frame_in_frame_count": 0,
      "breathing_space": {
        "top": 0.0,
        "bottom": 0.65625,
        "left": 0.10248901903367497,
        "right": 0.2020497803806735,
        "min_margin": 0.0,
        "mean_margin": 0.24019719985358712
      },
      "corner_anchors": {
        "top_left": 0.3988039195537567,
        "top_right": 0.3766147196292877,
        "bottom_left": 0.49396342039108276,
        "bottom_right": 0.45049935579299927,
        "max_corner_weight": 0.49396342039108276,
        "has_corner_subject": 1
      }
    }
  }
}