{
  "meta": {
    "_dataset": "tvm board - Nov 22nd 2025 (5060 images)",
    "_label": "",
    "_relpath": "570. House of.jpg",
    "_filename": "570. House of.jpg",
    "_width": 900,
    "_height": 1200
  },
  "features": {
    "geometric_structural": {
      "leading_lines": {
        "diagonal": 0,
        "vertical": 0,
        "horizontal": 0,
        "curved": 219
      },
      "leading_lines_strength": 0.3206442166910688,
      "symmetry_vertical": 0.4228107912771251,
      "symmetry_horizontal": 0.36847174401072047,
      "symmetry_radial": 0.2820544130723272,
      "rule_of_thirds": {
        "alignment_score": 0,
        "num_salient_objects": 12
      },
      "golden_ratio": {
        "golden_alignment_score": 0
      },
      "balance": {
        "static_balance": 0.8440327644348145,
        "dynamic_balance": 1.0,
        "dominant_quadrant": 0
      },
      "layering": {
        "foreground_ratio": 0.2727140144582723,
        "midground_ratio": 0.29778150164714495,
        "background_ratio": 0.42950448389458273,
        "depth_complexity": 0.06355006288472047
      }
    },
    "spatial_layout": {
      "negative_space_ratio": 0.672466942715959,
      "subject_isolation": 0.10000114385065886,
      "depth_of_field": {
        "blur_gradient_strength": 28.701133373954878,
        "sharpness_variance": 1320.7318149164203,
        "min_sharpness": 8.464436163833122,
        "max_sharpness": 228.21923428439158
      },
      "perspective": {
        "has_vanishing_point": 1,
        "perspective_strength": 0.7857142857142857
      }
    },
    "contrast_color": {
      "high_contrast_ratio": 0.4313975567349927,
      "low_contrast_ratio": 0.5686024432650073,
      "mean_contrast": 21.195690155029297,
      "highlight_ratio": 0.1741541177034378,
      "shadow_ratio": 0.07848531007766724,
      "midtone_ratio": 0.7473605871200562,
      "warm_color_ratio": 0.8136181140190337,
      "cool_color_ratio": 0.0,
      "complementary_color_score": 0.0
    },
    "motion_dynamics": {
      "s_curve_count": 192,
      "motion_blur_score": 13.039583132934947,
      "dominant_direction_deg": -85.0,
      "direction_strength": 0.03940279557089757
    },
    "pattern_rhythm": {
      "repetition_score": 1.0,
      "rhythm_score": 1.0,
      "pattern_breaks": 1
    },
    "visual_mass_focus": {
      "point_of_interest": {
        "x": 0.423828125,
        "y": 0.11566617862371889,
        "strength": 1.0
      },
      "visual_mass_concentration": 0.19992793740849193,
      "mean_visual_weight": 0.314924955368042,
      "face_count": 0,
      "has_directional_cues": 0
    },
    "framing_breathing": {
      "frame_in_frame_count": 0,
      "breathing_space": {
        "top": 0.0,
        "bottom": 0.6149341142020498,
        "left": 0.0,
        "right": 0.08984375,
        "min_margin": 0.0,
        "mean_margin": 0.17619446605051245
      },
      "corner_anchors": {
        "top_left": 0.7605506777763367,
        "top_right": 0.22880715131759644,
        "bottom_left": 0.4450780153274536,
        "bottom_right": 0.33580994606018066,
        "max_corner_weight": 0.7605506777763367,
        "has_corner_subject": 1
      }
    }
  }
}