{
  "meta": {
    "_dataset": "tvm board - Nov 22nd 2025 (5060 images)",
    "_label": "",
    "_relpath": "562. Mountain in.jpg",
    "_filename": "562. Mountain in.jpg",
    "_width": 1632,
    "_height": 1224
  },
  "features": {
    "geometric_structural": {
      "leading_lines": {
        "diagonal": 1,
        "vertical": 0,
        "horizontal": 4,
        "curved": 277
      },
      "leading_lines_strength": 0.4128843338213763,
      "symmetry_vertical": 0.5055662260220245,
      "symmetry_horizontal": 0.37832560221969586,
      "symmetry_radial": 0.32516557396827883,
      "rule_of_thirds": {
        "alignment_score": 0,
        "num_salient_objects": 33
      },
      "golden_ratio": {
        "golden_alignment_score": 0
      },
      "balance": {
        "static_balance": 0.8882054090499878,
        "dynamic_balance": 1.0,
        "dominant_quadrant": 2
      },
      "layering": {
        "foreground_ratio": 0.2696828102122987,
        "midground_ratio": 0.2980903413250366,
        "background_ratio": 0.43222684846266474,
        "depth_complexity": 0.048757579744687175
      }
    },
    "spatial_layout": {
      "negative_space_ratio": 0.3360318676793558,
      "subject_isolation": 0.10000114385065886,
      "depth_of_field": {
        "blur_gradient_strength": 33.81742161080593,
        "sharpness_variance": 3920.121768730791,
        "min_sharpness": 12.027341094521804,
        "max_sharpness": 446.36937500000005
      },
      "perspective": {
        "has_vanishing_point": 1,
        "perspective_strength": 0.9798488664987406
      }
    },
    "contrast_color": {
      "high_contrast_ratio": 0.5260168832357247,
      "low_contrast_ratio": 0.4739831167642753,
      "mean_contrast": 13.79983139038086,
      "highlight_ratio": 0.050801265984773636,
      "shadow_ratio": 0.07431883364915848,
      "midtone_ratio": 0.8748798966407776,
      "warm_color_ratio": 0.08786202873352855,
      "cool_color_ratio": 0.17515499176427526,
      "complementary_color_score": 0.7777777777777778
    },
    "motion_dynamics": {
      "s_curve_count": 275,
      "motion_blur_score": 16.98282924432291,
      "dominant_direction_deg": 175.0,
      "direction_strength": 0.03638588945816828
    },
    "pattern_rhythm": {
      "repetition_score": 1.0,
      "rhythm_score": 1.0,
      "pattern_breaks": 9
    },
    "visual_mass_focus": {
      "point_of_interest": {
        "x": 0.5885797950219619,
        "y": 0.912109375,
        "strength": 1.0
      },
      "visual_mass_concentration": 0.1999937088213763,
      "mean_visual_weight": 0.11098261177539825,
      "face_count": 0,
      "has_directional_cues": 0
    },
    "framing_breathing": {
      "frame_in_frame_count": 0,
      "breathing_space": {
        "top": 0.646484375,
        "bottom": 0.0,
        "left": 0.0,
        "right": 0.4480234260614934,
        "min_margin": 0.0,
        "mean_margin": 0.27362695026537337
      },
      "corner_anchors": {
        "top_left": 0.2715132236480713,
        "top_right": 0.19809313118457794,
        "bottom_left": 0.49295344948768616,
        "bottom_right": 0.44537749886512756,
        "max_corner_weight": 0.49295344948768616,
        "has_corner_subject": 1
      }
    }
  }
}