{
  "meta": {
    "_dataset": "tvm board - Nov 22nd 2025 (5060 images)",
    "_label": "",
    "_relpath": "594. .jpg",
    "_filename": "594. .jpg",
    "_width": 1920,
    "_height": 1920
  },
  "features": {
    "geometric_structural": {
      "leading_lines": {
        "diagonal": 0,
        "vertical": 0,
        "horizontal": 0,
        "curved": 128
      },
      "leading_lines_strength": 0.25,
      "symmetry_vertical": 0.5227292466227811,
      "symmetry_horizontal": 0.5347351892280434,
      "symmetry_radial": 0.45977635697013763,
      "rule_of_thirds": {
        "alignment_score": 0,
        "num_salient_objects": 8
      },
      "golden_ratio": {
        "golden_alignment_score": 1
      },
      "balance": {
        "static_balance": 0.9600098133087158,
        "dynamic_balance": 1.0,
        "dominant_quadrant": 2
      },
      "layering": {
        "foreground_ratio": 0.3182716369628906,
        "midground_ratio": 0.2137451171875,
        "background_ratio": 0.4679832458496094,
        "depth_complexity": 0.08798426080819627
      }
    },
    "spatial_layout": {
      "negative_space_ratio": 0.3998069763183594,
      "subject_isolation": 0.10000228881835938,
      "depth_of_field": {
        "blur_gradient_strength": 49.00615581246816,
        "sharpness_variance": 3765.692314521584,
        "min_sharpness": 8.0,
        "max_sharpness": 504.43877354863514
      },
      "perspective": {
        "has_vanishing_point": 1,
        "perspective_strength": 0.5
      }
    },
    "contrast_color": {
      "high_contrast_ratio": 0.4484367370605469,
      "low_contrast_ratio": 0.5515632629394531,
      "mean_contrast": 15.372550010681152,
      "highlight_ratio": 0.012775421142578125,
      "shadow_ratio": 0.14084625244140625,
      "midtone_ratio": 0.8463783264160156,
      "warm_color_ratio": 0.9896163940429688,
      "cool_color_ratio": 0.0,
      "complementary_color_score": 0.0
    },
    "motion_dynamics": {
      "s_curve_count": 93,
      "motion_blur_score": 16.30038661974437,
      "dominant_direction_deg": -85.0,
      "direction_strength": 0.03968429565414549
    },
    "pattern_rhythm": {
      "repetition_score": 1.0,
      "rhythm_score": 1.0,
      "pattern_breaks": 1
    },
    "visual_mass_focus": {
      "point_of_interest": {
        "x": 0.6015625,
        "y": 0.474609375,
        "strength": 1.0
      },
      "visual_mass_concentration": 0.1998443603515625,
      "mean_visual_weight": 0.41144225001335144,
      "face_count": 0,
      "has_directional_cues": 0
    },
    "framing_breathing": {
      "frame_in_frame_count": 0,
      "breathing_space": {
        "top": 0.49609375,
        "bottom": 0.373046875,
        "left": 0.5703125,
        "right": 0.298828125,
        "min_margin": 0.298828125,
        "mean_margin": 0.4345703125
      },
      "corner_anchors": {
        "top_left": 0.20892579853534698,
        "top_right": 0.10595331341028214,
        "bottom_left": 0.1752152144908905,
        "bottom_right": 0.2872486412525177,
        "max_corner_weight": 0.2872486412525177,
        "has_corner_subject": 0
      }
    }
  }
}