{
  "meta": {
    "_dataset": "tvm board - Nov 22nd 2025 (5060 images)",
    "_label": "",
    "_relpath": "604. .jpg",
    "_filename": "604. .jpg",
    "_width": 648,
    "_height": 486
  },
  "features": {
    "geometric_structural": {
      "leading_lines": {
        "diagonal": 0,
        "vertical": 0,
        "horizontal": 0,
        "curved": 70
      },
      "leading_lines_strength": 0.10248901903367497,
      "symmetry_vertical": 0.5950723656995915,
      "symmetry_horizontal": 0.3667050201803957,
      "symmetry_radial": 0.34861728808363684,
      "rule_of_thirds": {
        "alignment_score": 0,
        "num_salient_objects": 39
      },
      "golden_ratio": {
        "golden_alignment_score": 0
      },
      "balance": {
        "static_balance": 0.9545761346817017,
        "dynamic_balance": 1.0,
        "dominant_quadrant": 2
      },
      "layering": {
        "foreground_ratio": 0.2387073343704246,
        "midground_ratio": 0.17423991123718888,
        "background_ratio": 0.5870527543923866,
        "depth_complexity": 0.028755212504025608
      }
    },
    "spatial_layout": {
      "negative_space_ratio": 0.5430573984260615,
      "subject_isolation": 0.10000114385065886,
      "depth_of_field": {
        "blur_gradient_strength": 17.29254547472473,
        "sharpness_variance": 824.3025962223098,
        "min_sharpness": 0.6870255591814641,
        "max_sharpness": 204.7357877467351
      },
      "perspective": {
        "has_vanishing_point": 0,
        "perspective_strength": 0.0
      }
    },
    "contrast_color": {
      "high_contrast_ratio": 0.4430648334553441,
      "low_contrast_ratio": 0.5569351665446559,
      "mean_contrast": 19.533082962036133,
      "highlight_ratio": 0.23209016025066376,
      "shadow_ratio": 0.2235741913318634,
      "midtone_ratio": 0.5443356037139893,
      "warm_color_ratio": 0.355271435761347,
      "cool_color_ratio": 0.0,
      "complementary_color_score": 0.0
    },
    "motion_dynamics": {
      "s_curve_count": 85,
      "motion_blur_score": 18.066147465454428,
      "dominant_direction_deg": 4.999999999999995,
      "direction_strength": 0.11082769033643271
    },
    "pattern_rhythm": {
      "repetition_score": 1.0,
      "rhythm_score": 1.0,
      "pattern_breaks": 7
    },
    "visual_mass_focus": {
      "point_of_interest": {
        "x": 0.4568081991215227,
        "y": 0.470703125,
        "strength": 1.0
      },
      "visual_mass_concentration": 0.1993216965592972,
      "mean_visual_weight": 0.0783931240439415,
      "face_count": 0,
      "has_directional_cues": 0
    },
    "framing_breathing": {
      "frame_in_frame_count": 0,
      "breathing_space": {
        "top": 0.513671875,
        "bottom": 0.0,
        "left": 0.0,
        "right": 0.0,
        "min_margin": 0.0,
        "mean_margin": 0.12841796875
      },
      "corner_anchors": {
        "top_left": 0.8494119644165039,
        "top_right": 0.6411240696907043,
        "bottom_left": 0.8708862066268921,
        "bottom_right": 0.7823688983917236,
        "max_corner_weight": 0.8708862066268921,
        "has_corner_subject": 1
      }
    }
  }
}