{
  "meta": {
    "_dataset": "tvm board - Nov 22nd 2025 (5060 images)",
    "_label": "",
    "_relpath": "618. Someone tell.jpg",
    "_filename": "618. Someone tell.jpg",
    "_width": 1224,
    "_height": 1632
  },
  "features": {
    "geometric_structural": {
      "leading_lines": {
        "diagonal": 1,
        "vertical": 1,
        "horizontal": 4,
        "curved": 86
      },
      "leading_lines_strength": 0.13469985358711567,
      "symmetry_vertical": 0.6726068303406693,
      "symmetry_horizontal": 0.41025865780512716,
      "symmetry_radial": 0.3675161250331334,
      "rule_of_thirds": {
        "alignment_score": 2,
        "num_salient_objects": 14
      },
      "golden_ratio": {
        "golden_alignment_score": 2
      },
      "balance": {
        "static_balance": 0.974843442440033,
        "dynamic_balance": 1.0,
        "dominant_quadrant": 3
      },
      "layering": {
        "foreground_ratio": 0.2441663616398243,
        "midground_ratio": 0.2284012399341142,
        "background_ratio": 0.5274323984260615,
        "depth_complexity": 0.06074569339831154
      }
    },
    "spatial_layout": {
      "negative_space_ratio": 0.48838705618594436,
      "subject_isolation": 0.10000114385065886,
      "depth_of_field": {
        "blur_gradient_strength": 67.33469423932465,
        "sharpness_variance": 9204.73532520396,
        "min_sharpness": 0.23260151472217905,
        "max_sharpness": 480.7055550899375
      },
      "perspective": {
        "has_vanishing_point": 1,
        "perspective_strength": 0.8947368421052632
      }
    },
    "contrast_color": {
      "high_contrast_ratio": 0.3581853953147877,
      "low_contrast_ratio": 0.6418146046852122,
      "mean_contrast": 13.632500648498535,
      "highlight_ratio": 0.4787100851535797,
      "shadow_ratio": 0.1586635261774063,
      "midtone_ratio": 0.36262643337249756,
      "warm_color_ratio": 0.03125,
      "cool_color_ratio": 0.016997620790629574,
      "complementary_color_score": 2.2777777777777777
    },
    "motion_dynamics": {
      "s_curve_count": 98,
      "motion_blur_score": 18.828436820410424,
      "dominant_direction_deg": 4.999999999999995,
      "direction_strength": 0.29490185761262666
    },
    "pattern_rhythm": {
      "repetition_score": 1.0,
      "rhythm_score": 1.0,
      "pattern_breaks": 5
    },
    "visual_mass_focus": {
      "point_of_interest": {
        "x": 0.6328125,
        "y": 0.6076134699853587,
        "strength": 1.0
      },
      "visual_mass_concentration": 0.19917013634699854,
      "mean_visual_weight": 0.03742817044258118,
      "face_count": 0,
      "has_directional_cues": 0
    },
    "framing_breathing": {
      "frame_in_frame_count": 0,
      "breathing_space": {
        "top": 0.3513909224011713,
        "bottom": 0.2869692532942899,
        "left": 0.490234375,
        "right": 0.0,
        "min_margin": 0.0,
        "mean_margin": 0.28214863767386533
      },
      "corner_anchors": {
        "top_left": 0.5199657678604126,
        "top_right": 0.5326181054115295,
        "bottom_left": 0.520884096622467,
        "bottom_right": 0.4041750729084015,
        "max_corner_weight": 0.5326181054115295,
        "has_corner_subject": 1
      }
    }
  }
}