{
  "meta": {
    "_dataset": "tvm board - Nov 22nd 2025 (5060 images)",
    "_label": "",
    "_relpath": "625. .jpg",
    "_filename": "625. .jpg",
    "_width": 816,
    "_height": 612
  },
  "features": {
    "geometric_structural": {
      "leading_lines": {
        "diagonal": 5,
        "vertical": 0,
        "horizontal": 5,
        "curved": 232
      },
      "leading_lines_strength": 0.35431918008784774,
      "symmetry_vertical": 0.4822739112681184,
      "symmetry_horizontal": 0.4367309772511244,
      "symmetry_radial": 0.29498956888395783,
      "rule_of_thirds": {
        "alignment_score": 0,
        "num_salient_objects": 50
      },
      "golden_ratio": {
        "golden_alignment_score": 2
      },
      "balance": {
        "static_balance": 0.9772147536277771,
        "dynamic_balance": 1.0,
        "dominant_quadrant": 0
      },
      "layering": {
        "foreground_ratio": 0.28337756222547583,
        "midground_ratio": 0.24507858254026355,
        "background_ratio": 0.4715438552342606,
        "depth_complexity": 0.23187930354164035
      }
    },
    "spatial_layout": {
      "negative_space_ratio": 0.5568493777452416,
      "subject_isolation": 0.10000114385065886,
      "depth_of_field": {
        "blur_gradient_strength": 150.75271960165645,
        "sharpness_variance": 67355.81720167524,
        "min_sharpness": 0.0,
        "max_sharpness": 1229.5312559079914
      },
      "perspective": {
        "has_vanishing_point": 1,
        "perspective_strength": 0.9275862068965517
      }
    },
    "contrast_color": {
      "high_contrast_ratio": 0.4016460010980966,
      "low_contrast_ratio": 0.5983539989019033,
      "mean_contrast": 21.8214111328125,
      "highlight_ratio": 0.2916790544986725,
      "shadow_ratio": 0.2367113083600998,
      "midtone_ratio": 0.4716096520423889,
      "warm_color_ratio": 0.0010809388726207906,
      "cool_color_ratio": 0.31074704886530014,
      "complementary_color_score": 2.5555555555555554
    },
    "motion_dynamics": {
      "s_curve_count": 182,
      "motion_blur_score": 16.029884559983415,
      "dominant_direction_deg": 4.999999999999995,
      "direction_strength": 0.10000114385037288
    },
    "pattern_rhythm": {
      "repetition_score": 1.0,
      "rhythm_score": 1.0,
      "pattern_breaks": 18
    },
    "visual_mass_focus": {
      "point_of_interest": {
        "x": 0.5065885797950219,
        "y": 0.341796875,
        "strength": 1.0
      },
      "visual_mass_concentration": 0.199593361090776,
      "mean_visual_weight": 0.09738343209028244,
      "face_count": 0,
      "has_directional_cues": 0
    },
    "framing_breathing": {
      "frame_in_frame_count": 0,
      "breathing_space": {
        "top": 0.0,
        "bottom": 0.326171875,
        "left": 0.0,
        "right": 0.05417276720351391,
        "min_margin": 0.0,
        "mean_margin": 0.09508616055087848
      },
      "corner_anchors": {
        "top_left": 0.3865613341331482,
        "top_right": 0.4244237542152405,
        "bottom_left": 0.4843871593475342,
        "bottom_right": 0.35365208983421326,
        "max_corner_weight": 0.4843871593475342,
        "has_corner_subject": 1
      }
    }
  }
}