{
  "meta": {
    "_dataset": "tvm board - Nov 22nd 2025 (5060 images)",
    "_label": "",
    "_relpath": "633. .jpg",
    "_filename": "633. .jpg",
    "_width": 1200,
    "_height": 893
  },
  "features": {
    "geometric_structural": {
      "leading_lines": {
        "diagonal": 37,
        "vertical": 1,
        "horizontal": 9,
        "curved": 335
      },
      "leading_lines_strength": 0.5552325581395349,
      "symmetry_vertical": 0.24982002430863964,
      "symmetry_horizontal": 0.29007529853859504,
      "symmetry_radial": 0.2093547341646247,
      "rule_of_thirds": {
        "alignment_score": 2,
        "num_salient_objects": 73
      },
      "golden_ratio": {
        "golden_alignment_score": 2
      },
      "balance": {
        "static_balance": 0.8187561631202698,
        "dynamic_balance": 1.0,
        "dominant_quadrant": 2
      },
      "layering": {
        "foreground_ratio": 0.3237702125726744,
        "midground_ratio": 0.28319460846656974,
        "background_ratio": 0.3930351789607558,
        "depth_complexity": 0.5863660356218248
      }
    },
    "spatial_layout": {
      "negative_space_ratio": 0.7645093341206395,
      "subject_isolation": 0.10000113553779069,
      "depth_of_field": {
        "blur_gradient_strength": 514.5290991621071,
        "sharpness_variance": 712157.8534469925,
        "min_sharpness": 48.696400000000004,
        "max_sharpness": 3694.087045159485
      },
      "perspective": {
        "has_vanishing_point": 1,
        "perspective_strength": 0.9986815118663932
      }
    },
    "contrast_color": {
      "high_contrast_ratio": 0.37006041061046513,
      "low_contrast_ratio": 0.6299395893895349,
      "mean_contrast": 21.453716278076172,
      "highlight_ratio": 0.10221827030181885,
      "shadow_ratio": 0.13990961015224457,
      "midtone_ratio": 0.7578721046447754,
      "warm_color_ratio": 0.11370139898255814,
      "cool_color_ratio": 0.05995071765988372,
      "complementary_color_score": 2.0555555555555554
    },
    "motion_dynamics": {
      "s_curve_count": 296,
      "motion_blur_score": 7.971397317346275,
      "dominant_direction_deg": -85.0,
      "direction_strength": 0.03789573491995056
    },
    "pattern_rhythm": {
      "repetition_score": 1.0,
      "rhythm_score": 1.0,
      "pattern_breaks": 15
    },
    "visual_mass_focus": {
      "point_of_interest": {
        "x": 0.2136627906976744,
        "y": 0.30859375,
        "strength": 1.0
      },
      "visual_mass_concentration": 0.19961618822674418,
      "mean_visual_weight": 0.06735483556985855,
      "face_count": 0,
      "has_directional_cues": 0
    },
    "framing_breathing": {
      "frame_in_frame_count": 0,
      "breathing_space": {
        "top": 0.66796875,
        "bottom": 0.0,
        "left": 0.0436046511627907,
        "right": 0.5901162790697675,
        "min_margin": 0.0,
        "mean_margin": 0.32542242005813954
      },
      "corner_anchors": {
        "top_left": 0.7824299931526184,
        "top_right": 0.18739357590675354,
        "bottom_left": 0.5349714756011963,
        "bottom_right": 0.41130903363227844,
        "max_corner_weight": 0.7824299931526184,
        "has_corner_subject": 1
      }
    }
  }
}