{
  "meta": {
    "_dataset": "tvm board - Nov 22nd 2025 (5060 images)",
    "_label": "",
    "_relpath": "641. Reflections.jpg",
    "_filename": "641. Reflections.jpg",
    "_width": 640,
    "_height": 503
  },
  "features": {
    "geometric_structural": {
      "leading_lines": {
        "diagonal": 69,
        "vertical": 0,
        "horizontal": 53,
        "curved": 446
      },
      "leading_lines_strength": 0.8725038402457758,
      "symmetry_vertical": 0.3378045166780566,
      "symmetry_horizontal": 0.2644423050451511,
      "symmetry_radial": 0.18805743990428267,
      "rule_of_thirds": {
        "alignment_score": 0,
        "num_salient_objects": 18
      },
      "golden_ratio": {
        "golden_alignment_score": 0
      },
      "balance": {
        "static_balance": 0.9110689759254456,
        "dynamic_balance": 1.0,
        "dominant_quadrant": 1
      },
      "layering": {
        "foreground_ratio": 0.338721678187404,
        "midground_ratio": 0.2684061779953917,
        "background_ratio": 0.3928721438172043,
        "depth_complexity": 1.1568816077217767
      }
    },
    "spatial_layout": {
      "negative_space_ratio": 0.5531874039938556,
      "subject_isolation": 0.09999939996159754,
      "depth_of_field": {
        "blur_gradient_strength": 685.7294917483052,
        "sharpness_variance": 1433987.7737799282,
        "min_sharpness": 0.19108020589484334,
        "max_sharpness": 5886.031821670931
      },
      "perspective": {
        "has_vanishing_point": 1,
        "perspective_strength": 0.9993199171535442
      }
    },
    "contrast_color": {
      "high_contrast_ratio": 0.4548981134792627,
      "low_contrast_ratio": 0.5451018865207373,
      "mean_contrast": 33.45022201538086,
      "highlight_ratio": 0.32509779930114746,
      "shadow_ratio": 0.02580765075981617,
      "midtone_ratio": 0.6490945219993591,
      "warm_color_ratio": 0.19793166762672812,
      "cool_color_ratio": 0.15342381912442396,
      "complementary_color_score": 2.111111111111111
    },
    "motion_dynamics": {
      "s_curve_count": 350,
      "motion_blur_score": 8.767275186909732,
      "dominant_direction_deg": 4.999999999999995,
      "direction_strength": 0.10827692972317746
    },
    "pattern_rhythm": {
      "repetition_score": 1.0,
      "rhythm_score": 1.0,
      "pattern_breaks": 1
    },
    "visual_mass_focus": {
      "point_of_interest": {
        "x": 0.8571428571428571,
        "y": 0.72265625,
        "strength": 1.0
      },
      "visual_mass_concentration": 0.19983078917050692,
      "mean_visual_weight": 0.09733716398477554,
      "face_count": 0,
      "has_directional_cues": 0
    },
    "framing_breathing": {
      "frame_in_frame_count": 0,
      "breathing_space": {
        "top": 0.0,
        "bottom": 0.75,
        "left": 0.0,
        "right": 0.15821812596006143,
        "min_margin": 0.0,
        "mean_margin": 0.22705453149001537
      },
      "corner_anchors": {
        "top_left": 0.648941695690155,
        "top_right": 0.48724403977394104,
        "bottom_left": 0.4240138530731201,
        "bottom_right": 0.3987923562526703,
        "max_corner_weight": 0.648941695690155,
        "has_corner_subject": 1
      }
    }
  }
}