{
  "meta": {
    "_dataset": "tvm board - Nov 22nd 2025 (5060 images)",
    "_label": "",
    "_relpath": "667. .jpg",
    "_filename": "667. .jpg",
    "_width": 2736,
    "_height": 3648
  },
  "features": {
    "geometric_structural": {
      "leading_lines": {
        "diagonal": 4,
        "vertical": 4,
        "horizontal": 18,
        "curved": 301
      },
      "leading_lines_strength": 0.4787701317715959,
      "symmetry_vertical": 0.4110614343809611,
      "symmetry_horizontal": 0.3514676775435539,
      "symmetry_radial": 0.23574308311542155,
      "rule_of_thirds": {
        "alignment_score": 0,
        "num_salient_objects": 9
      },
      "golden_ratio": {
        "golden_alignment_score": 0
      },
      "balance": {
        "static_balance": 0.9277803301811218,
        "dynamic_balance": 1.0,
        "dominant_quadrant": 1
      },
      "layering": {
        "foreground_ratio": 0.30765579245973645,
        "midground_ratio": 0.2700517020497804,
        "background_ratio": 0.42229250549048314,
        "depth_complexity": 0.3096398499765113
      }
    },
    "spatial_layout": {
      "negative_space_ratio": 0.5835754483894583,
      "subject_isolation": 0.09999828422401172,
      "depth_of_field": {
        "blur_gradient_strength": 189.20762146086858,
        "sharpness_variance": 96532.88392355667,
        "min_sharpness": 10.19,
        "max_sharpness": 1924.3211264898114
      },
      "perspective": {
        "has_vanishing_point": 1,
        "perspective_strength": 0.995059575704737
      }
    },
    "contrast_color": {
      "high_contrast_ratio": 0.39566652177891654,
      "low_contrast_ratio": 0.6043334782210834,
      "mean_contrast": 19.658681869506836,
      "highlight_ratio": 0.24083489179611206,
      "shadow_ratio": 0.08427319675683975,
      "midtone_ratio": 0.6748918890953064,
      "warm_color_ratio": 0.08031261438506589,
      "cool_color_ratio": 0.0009951500732064422,
      "complementary_color_score": 1.1666666666666667
    },
    "motion_dynamics": {
      "s_curve_count": 291,
      "motion_blur_score": 13.172902792813307,
      "dominant_direction_deg": 4.999999999999995,
      "direction_strength": 0.04344344802330183
    },
    "pattern_rhythm": {
      "repetition_score": 1.0,
      "rhythm_score": 1.0,
      "pattern_breaks": 3
    },
    "visual_mass_focus": {
      "point_of_interest": {
        "x": 0.03515625,
        "y": 0.4363103953147877,
        "strength": 1.0
      },
      "visual_mass_concentration": 0.19825505581991215,
      "mean_visual_weight": 0.03957171365618706,
      "face_count": 0,
      "has_directional_cues": 0
    },
    "framing_breathing": {
      "frame_in_frame_count": 0,
      "breathing_space": {
        "top": 0.0,
        "bottom": 0.6193265007320644,
        "left": 0.0390625,
        "right": 0.0,
        "min_margin": 0.0,
        "mean_margin": 0.1645972501830161
      },
      "corner_anchors": {
        "top_left": 0.6851187944412231,
        "top_right": 0.6653508543968201,
        "bottom_left": 0.34633228182792664,
        "bottom_right": 0.3231830298900604,
        "max_corner_weight": 0.6851187944412231,
        "has_corner_subject": 1
      }
    }
  }
}