{
  "meta": {
    "_dataset": "tvm board - Nov 22nd 2025 (5060 images)",
    "_label": "",
    "_relpath": "679. snow4life.jpg",
    "_filename": "679. snow4life.jpg",
    "_width": 718,
    "_height": 932
  },
  "features": {
    "geometric_structural": {
      "leading_lines": {
        "diagonal": 217,
        "vertical": 32,
        "horizontal": 5,
        "curved": 1648
      },
      "leading_lines_strength": 2.8601503759398494,
      "symmetry_vertical": 0.07983272499560759,
      "symmetry_horizontal": 0.08225535265070662,
      "symmetry_radial": 0.06161053264645866,
      "rule_of_thirds": {
        "alignment_score": 0,
        "num_salient_objects": 8
      },
      "golden_ratio": {
        "golden_alignment_score": 0
      },
      "balance": {
        "static_balance": 0.7590044140815735,
        "dynamic_balance": 1.0,
        "dominant_quadrant": 3
      },
      "layering": {
        "foreground_ratio": 0.336953712406015,
        "midground_ratio": 0.3062206296992481,
        "background_ratio": 0.35682565789473686,
        "depth_complexity": 2.06489716554714
      }
    },
    "spatial_layout": {
      "negative_space_ratio": 0.6349624060150376,
      "subject_isolation": 0.1,
      "depth_of_field": {
        "blur_gradient_strength": 755.3005501113511,
        "sharpness_variance": 1419870.012720307,
        "min_sharpness": 37.12064371775502,
        "max_sharpness": 7524.451749327181
      },
      "perspective": {
        "has_vanishing_point": 1,
        "perspective_strength": 0.9997948630283345
      }
    },
    "contrast_color": {
      "high_contrast_ratio": 0.361140155075188,
      "low_contrast_ratio": 0.638859844924812,
      "mean_contrast": 29.290559768676758,
      "highlight_ratio": 0.05960996076464653,
      "shadow_ratio": 0.19213169813156128,
      "midtone_ratio": 0.7482583522796631,
      "warm_color_ratio": 0.022920582706766918,
      "cool_color_ratio": 0.05788005169172932,
      "complementary_color_score": 2.3333333333333335
    },
    "motion_dynamics": {
      "s_curve_count": 932,
      "motion_blur_score": 5.7389734451023005,
      "dominant_direction_deg": 95.0,
      "direction_strength": 0.0388304746239461
    },
    "pattern_rhythm": {
      "repetition_score": 1.0,
      "rhythm_score": 1.0,
      "pattern_breaks": 1
    },
    "visual_mass_focus": {
      "point_of_interest": {
        "x": 0.619140625,
        "y": 0.1849624060150376,
        "strength": 1.0
      },
      "visual_mass_concentration": 0.1999559445488722,
      "mean_visual_weight": 0.03841288015246391,
      "face_count": 0,
      "has_directional_cues": 0
    },
    "framing_breathing": {
      "frame_in_frame_count": 0,
      "breathing_space": {
        "top": 0.9142857142857143,
        "bottom": 0.0,
        "left": 0.0,
        "right": 0.529296875,
        "min_margin": 0.0,
        "mean_margin": 0.36089564732142854
      },
      "corner_anchors": {
        "top_left": 0.07445696741342545,
        "top_right": 0.17904230952262878,
        "bottom_left": 0.4706985056400299,
        "bottom_right": 0.4358823299407959,
        "max_corner_weight": 0.4706985056400299,
        "has_corner_subject": 1
      }
    }
  }
}