{
  "meta": {
    "_dataset": "tvm board - Nov 22nd 2025 (5060 images)",
    "_label": "",
    "_relpath": "685. .jpg",
    "_filename": "685. .jpg",
    "_width": 828,
    "_height": 1036
  },
  "features": {
    "geometric_structural": {
      "leading_lines": {
        "diagonal": 3,
        "vertical": 0,
        "horizontal": 0,
        "curved": 67
      },
      "leading_lines_strength": 0.10920436817472699,
      "symmetry_vertical": 0.4992459146025836,
      "symmetry_horizontal": 0.47354407476205784,
      "symmetry_radial": 0.35613775756297117,
      "rule_of_thirds": {
        "alignment_score": 0,
        "num_salient_objects": 3
      },
      "golden_ratio": {
        "golden_alignment_score": 0
      },
      "balance": {
        "static_balance": 0.8867924809455872,
        "dynamic_balance": 1.0,
        "dominant_quadrant": 3
      },
      "layering": {
        "foreground_ratio": 0.23378997659906398,
        "midground_ratio": 0.390551872074883,
        "background_ratio": 0.37565815132605307,
        "depth_complexity": 0.06197889944811087
      }
    },
    "spatial_layout": {
      "negative_space_ratio": 0.4633598625195008,
      "subject_isolation": 0.10000243759750391,
      "depth_of_field": {
        "blur_gradient_strength": 53.164014897967945,
        "sharpness_variance": 15327.470955893546,
        "min_sharpness": 0.9723063660636246,
        "max_sharpness": 960.7350001869863
      },
      "perspective": {
        "has_vanishing_point": 1,
        "perspective_strength": 0.9880952380952381
      }
    },
    "contrast_color": {
      "high_contrast_ratio": 0.4086936914976599,
      "low_contrast_ratio": 0.5913063085023401,
      "mean_contrast": 13.743578910827637,
      "highlight_ratio": 0.0011365298414602876,
      "shadow_ratio": 0.4373050034046173,
      "midtone_ratio": 0.5615584850311279,
      "warm_color_ratio": 0.24778178627145087,
      "cool_color_ratio": 0.09536490834633385,
      "complementary_color_score": 2.3333333333333335
    },
    "motion_dynamics": {
      "s_curve_count": 88,
      "motion_blur_score": 9.630133845560328,
      "dominant_direction_deg": 4.999999999999995,
      "direction_strength": 0.1566613445783058
    },
    "pattern_rhythm": {
      "repetition_score": 1.0,
      "rhythm_score": 1.0,
      "pattern_breaks": 0
    },
    "visual_mass_focus": {
      "point_of_interest": {
        "x": 0.697265625,
        "y": 0.47737909516380655,
        "strength": 1.0
      },
      "visual_mass_concentration": 0.19818886505460218,
      "mean_visual_weight": 0.043615054339170456,
      "face_count": 0,
      "has_directional_cues": 0
    },
    "framing_breathing": {
      "frame_in_frame_count": 0,
      "breathing_space": {
        "top": 0.4711388455538221,
        "bottom": 0.4960998439937597,
        "left": 0.6875,
        "right": 0.24609375,
        "min_margin": 0.24609375,
        "mean_margin": 0.47520810988689544
      },
      "corner_anchors": {
        "top_left": 0.051153410226106644,
        "top_right": 0.12521693110466003,
        "bottom_left": 0.06875503808259964,
        "bottom_right": 0.11805204302072525,
        "max_corner_weight": 0.12521693110466003,
        "has_corner_subject": 0
      }
    }
  }
}