{
  "meta": {
    "_dataset": "tvm board - Nov 22nd 2025 (5060 images)",
    "_label": "",
    "_relpath": "690. Winter.jpg",
    "_filename": "690. Winter.jpg",
    "_width": 1224,
    "_height": 1632
  },
  "features": {
    "geometric_structural": {
      "leading_lines": {
        "diagonal": 9,
        "vertical": 59,
        "horizontal": 0,
        "curved": 474
      },
      "leading_lines_strength": 0.7935578330893118,
      "symmetry_vertical": 0.26097165918705345,
      "symmetry_horizontal": 0.16715473408991932,
      "symmetry_radial": 0.1577563267287173,
      "rule_of_thirds": {
        "alignment_score": 0,
        "num_salient_objects": 1
      },
      "golden_ratio": {
        "golden_alignment_score": 0
      },
      "balance": {
        "static_balance": 0.7626479864120483,
        "dynamic_balance": 1.0,
        "dominant_quadrant": 3
      },
      "layering": {
        "foreground_ratio": 0.3332036969253294,
        "midground_ratio": 0.32020669381405564,
        "background_ratio": 0.34658960926061494,
        "depth_complexity": 0.4215544203588167
      }
    },
    "spatial_layout": {
      "negative_space_ratio": 0.7322388588945827,
      "subject_isolation": 0.10000114385065886,
      "depth_of_field": {
        "blur_gradient_strength": 203.40260203727752,
        "sharpness_variance": 220430.99710897013,
        "min_sharpness": 13.379530039092703,
        "max_sharpness": 2630.5558256140507
      },
      "perspective": {
        "has_vanishing_point": 1,
        "perspective_strength": 0.9984919318353189
      }
    },
    "contrast_color": {
      "high_contrast_ratio": 0.348090913250366,
      "low_contrast_ratio": 0.651909086749634,
      "mean_contrast": 25.095157623291016,
      "highlight_ratio": 0.06000354513525963,
      "shadow_ratio": 0.5513874888420105,
      "midtone_ratio": 0.38860899209976196,
      "warm_color_ratio": 0.8747712298682284,
      "cool_color_ratio": 0.06290320735724744,
      "complementary_color_score": 2.5555555555555554
    },
    "motion_dynamics": {
      "s_curve_count": 375,
      "motion_blur_score": 6.753061455064059,
      "dominant_direction_deg": 95.0,
      "direction_strength": 0.03742107430443179
    },
    "pattern_rhythm": {
      "repetition_score": 1.0,
      "rhythm_score": 1.0,
      "pattern_breaks": 1
    },
    "visual_mass_focus": {
      "point_of_interest": {
        "x": 0.03515625,
        "y": 0.09663250366032211,
        "strength": 1.0
      },
      "visual_mass_concentration": 0.19999942807467058,
      "mean_visual_weight": 0.12201245129108429,
      "face_count": 0,
      "has_directional_cues": 0
    },
    "framing_breathing": {
      "frame_in_frame_count": 0,
      "breathing_space": {
        "top": 0.6866764275256223,
        "bottom": 0.16544655929721816,
        "left": 0.70703125,
        "right": 0.0,
        "min_margin": 0.0,
        "mean_margin": 0.3897885592057101
      },
      "corner_anchors": {
        "top_left": 0.4253946840763092,
        "top_right": 0.2615586817264557,
        "bottom_left": 0.510938823223114,
        "bottom_right": 0.5269107222557068,
        "max_corner_weight": 0.5269107222557068,
        "has_corner_subject": 1
      }
    }
  }
}