{
  "meta": {
    "_dataset": "tvm board - Nov 22nd 2025 (5060 images)",
    "_label": "",
    "_relpath": "693. nyc.jpg",
    "_filename": "693. nyc.jpg",
    "_width": 900,
    "_height": 1200
  },
  "features": {
    "geometric_structural": {
      "leading_lines": {
        "diagonal": 317,
        "vertical": 93,
        "horizontal": 5,
        "curved": 1153
      },
      "leading_lines_strength": 2.2957540263543192,
      "symmetry_vertical": 0.06671961307478748,
      "symmetry_horizontal": 0.07920330263117008,
      "symmetry_radial": 0.05382026983378759,
      "rule_of_thirds": {
        "alignment_score": 0,
        "num_salient_objects": 30
      },
      "golden_ratio": {
        "golden_alignment_score": 0
      },
      "balance": {
        "static_balance": 0.924511194229126,
        "dynamic_balance": 1.0,
        "dominant_quadrant": 3
      },
      "layering": {
        "foreground_ratio": 0.3350138405929722,
        "midground_ratio": 0.3321913890922401,
        "background_ratio": 0.3327947703147877,
        "depth_complexity": 3.4724484636294464
      }
    },
    "spatial_layout": {
      "negative_space_ratio": 0.6844173224743777,
      "subject_isolation": 0.10000114385065886,
      "depth_of_field": {
        "blur_gradient_strength": 1409.5912010783857,
        "sharpness_variance": 4543369.399804688,
        "min_sharpness": 40.41362436977113,
        "max_sharpness": 9482.129694003179
      },
      "perspective": {
        "has_vanishing_point": 1,
        "perspective_strength": 0.9999462679750415
      }
    },
    "contrast_color": {
      "high_contrast_ratio": 0.3947914760248902,
      "low_contrast_ratio": 0.6052085239751098,
      "mean_contrast": 31.633529663085938,
      "highlight_ratio": 0.030003203079104424,
      "shadow_ratio": 0.20150931179523468,
      "midtone_ratio": 0.7684875130653381,
      "warm_color_ratio": 0.5662146550146413,
      "cool_color_ratio": 0.05928006039531479,
      "complementary_color_score": 2.5
    },
    "motion_dynamics": {
      "s_curve_count": 782,
      "motion_blur_score": 5.119147432368902,
      "dominant_direction_deg": 4.999999999999995,
      "direction_strength": 0.03724949670560358
    },
    "pattern_rhythm": {
      "repetition_score": 1.0,
      "rhythm_score": 1.0,
      "pattern_breaks": 3
    },
    "visual_mass_focus": {
      "point_of_interest": {
        "x": 0.5625,
        "y": 0.42313323572474376,
        "strength": 1.0
      },
      "visual_mass_concentration": 0.19994795479502195,
      "mean_visual_weight": 0.12390699982643127,
      "face_count": 0,
      "has_directional_cues": 0
    },
    "framing_breathing": {
      "frame_in_frame_count": 0,
      "breathing_space": {
        "top": 0.4802342606149341,
        "bottom": 0.42313323572474376,
        "left": 0.298828125,
        "right": 0.439453125,
        "min_margin": 0.298828125,
        "mean_margin": 0.41041218658491946
      },
      "corner_anchors": {
        "top_left": 0.12779274582862854,
        "top_right": 0.1768065094947815,
        "bottom_left": 0.13997891545295715,
        "bottom_right": 0.15418899059295654,
        "max_corner_weight": 0.1768065094947815,
        "has_corner_subject": 0
      }
    }
  }
}