{
  "meta": {
    "_dataset": "tvm board - Nov 22nd 2025 (5060 images)",
    "_label": "",
    "_relpath": "709. .jpg",
    "_filename": "709. .jpg",
    "_width": 1080,
    "_height": 1350
  },
  "features": {
    "geometric_structural": {
      "leading_lines": {
        "diagonal": 0,
        "vertical": 0,
        "horizontal": 0,
        "curved": 65
      },
      "leading_lines_strength": 0.1015625,
      "symmetry_vertical": 0.34698674483431174,
      "symmetry_horizontal": 0.4658557995248982,
      "symmetry_radial": 0.30029715240898347,
      "rule_of_thirds": {
        "alignment_score": 1,
        "num_salient_objects": 16
      },
      "golden_ratio": {
        "golden_alignment_score": 3
      },
      "balance": {
        "static_balance": 0.9260650873184204,
        "dynamic_balance": 1.0,
        "dominant_quadrant": 3
      },
      "layering": {
        "foreground_ratio": 0.2349853515625,
        "midground_ratio": 0.3347930908203125,
        "background_ratio": 0.4302215576171875,
        "depth_complexity": 0.11570717771634459
      }
    },
    "spatial_layout": {
      "negative_space_ratio": 0.6072509765625,
      "subject_isolation": 0.1,
      "depth_of_field": {
        "blur_gradient_strength": 48.91574583569324,
        "sharpness_variance": 2674.903723664446,
        "min_sharpness": 16.268358323721642,
        "max_sharpness": 254.85753579235856
      },
      "perspective": {
        "has_vanishing_point": 1,
        "perspective_strength": 0.6666666666666666
      }
    },
    "contrast_color": {
      "high_contrast_ratio": 0.421783447265625,
      "low_contrast_ratio": 0.578216552734375,
      "mean_contrast": 20.044172286987305,
      "highlight_ratio": 0.07961120456457138,
      "shadow_ratio": 0.3228515684604645,
      "midtone_ratio": 0.5975372791290283,
      "warm_color_ratio": 0.6887298583984375,
      "cool_color_ratio": 0.112921142578125,
      "complementary_color_score": 1.8333333333333333
    },
    "motion_dynamics": {
      "s_curve_count": 96,
      "motion_blur_score": 14.092649998892302,
      "dominant_direction_deg": 4.999999999999995,
      "direction_strength": 0.046502685546733084
    },
    "pattern_rhythm": {
      "repetition_score": 1.0,
      "rhythm_score": 1.0,
      "pattern_breaks": 6
    },
    "visual_mass_focus": {
      "point_of_interest": {
        "x": 0.845703125,
        "y": 0.578125,
        "strength": 1.0
      },
      "visual_mass_concentration": 0.1999725341796875,
      "mean_visual_weight": 0.2835114896297455,
      "face_count": 0,
      "has_directional_cues": 0
    },
    "framing_breathing": {
      "frame_in_frame_count": 0,
      "breathing_space": {
        "top": 0.484375,
        "bottom": 0.0671875,
        "left": 0.7421875,
        "right": 0.0,
        "min_margin": 0.0,
        "mean_margin": 0.3234375
      },
      "corner_anchors": {
        "top_left": 0.42170819640159607,
        "top_right": 0.3063221275806427,
        "bottom_left": 0.425076961517334,
        "bottom_right": 0.5755041837692261,
        "max_corner_weight": 0.5755041837692261,
        "has_corner_subject": 1
      }
    }
  }
}