{
  "meta": {
    "_dataset": "tvm board - Nov 22nd 2025 (5060 images)",
    "_label": "",
    "_relpath": "704. .jpg",
    "_filename": "704. .jpg",
    "_width": 749,
    "_height": 562
  },
  "features": {
    "geometric_structural": {
      "leading_lines": {
        "diagonal": 0,
        "vertical": 0,
        "horizontal": 0,
        "curved": 61
      },
      "leading_lines_strength": 0.08944281524926687,
      "symmetry_vertical": 0.35432771676668723,
      "symmetry_horizontal": 0.29684111540615005,
      "symmetry_radial": 0.26312978779936164,
      "rule_of_thirds": {
        "alignment_score": 0,
        "num_salient_objects": 11
      },
      "golden_ratio": {
        "golden_alignment_score": 0
      },
      "balance": {
        "static_balance": 0.9117799401283264,
        "dynamic_balance": 1.0,
        "dominant_quadrant": 0
      },
      "layering": {
        "foreground_ratio": 0.20115469208211142,
        "midground_ratio": 0.140258431085044,
        "background_ratio": 0.6585868768328446,
        "depth_complexity": 0.03131543784952214
      }
    },
    "spatial_layout": {
      "negative_space_ratio": 0.6092661748533724,
      "subject_isolation": 0.10000171829178886,
      "depth_of_field": {
        "blur_gradient_strength": 41.7586229705444,
        "sharpness_variance": 5317.569926914271,
        "min_sharpness": 1.1717410909151111,
        "max_sharpness": 694.1942522106881
      },
      "perspective": {
        "has_vanishing_point": 1,
        "perspective_strength": 0.6666666666666666
      }
    },
    "contrast_color": {
      "high_contrast_ratio": 0.4254576383797654,
      "low_contrast_ratio": 0.5745423616202345,
      "mean_contrast": 29.64597511291504,
      "highlight_ratio": 0.17730480432510376,
      "shadow_ratio": 0.4020344614982605,
      "midtone_ratio": 0.42066073417663574,
      "warm_color_ratio": 0.16649674670087977,
      "cool_color_ratio": 0.4611666055718475,
      "complementary_color_score": 2.3333333333333335
    },
    "motion_dynamics": {
      "s_curve_count": 102,
      "motion_blur_score": 13.423244143224911,
      "dominant_direction_deg": 4.999999999999995,
      "direction_strength": 0.09429985337216396
    },
    "pattern_rhythm": {
      "repetition_score": 1.0,
      "rhythm_score": 1.0,
      "pattern_breaks": 4
    },
    "visual_mass_focus": {
      "point_of_interest": {
        "x": 0.37976539589442815,
        "y": 0.23046875,
        "strength": 1.0
      },
      "visual_mass_concentration": 0.19997479838709678,
      "mean_visual_weight": 0.12566649913787842,
      "face_count": 0,
      "has_directional_cues": 0
    },
    "framing_breathing": {
      "frame_in_frame_count": 0,
      "breathing_space": {
        "top": 0.0078125,
        "bottom": 0.484375,
        "left": 0.093841642228739,
        "right": 0.5630498533724341,
        "min_margin": 0.0078125,
        "mean_margin": 0.2872697489002933
      },
      "corner_anchors": {
        "top_left": 0.5012208223342896,
        "top_right": 0.5825674533843994,
        "bottom_left": 0.41101977229118347,
        "bottom_right": 0.5477721691131592,
        "max_corner_weight": 0.5825674533843994,
        "has_corner_subject": 1
      }
    }
  }
}