{
  "meta": {
    "_dataset": "tvm board - Nov 22nd 2025 (5060 images)",
    "_label": "",
    "_relpath": "719. .jpg",
    "_filename": "719. .jpg",
    "_width": 1080,
    "_height": 1079
  },
  "features": {
    "geometric_structural": {
      "leading_lines": {
        "diagonal": 5,
        "vertical": 0,
        "horizontal": 7,
        "curved": 147
      },
      "leading_lines_strength": 0.310546875,
      "symmetry_vertical": 0.4030284951552637,
      "symmetry_horizontal": 0.3498594990094663,
      "symmetry_radial": 0.33609290464587654,
      "rule_of_thirds": {
        "alignment_score": 4,
        "num_salient_objects": 23
      },
      "golden_ratio": {
        "golden_alignment_score": 6
      },
      "balance": {
        "static_balance": 0.8044959306716919,
        "dynamic_balance": 1.0,
        "dominant_quadrant": 2
      },
      "layering": {
        "foreground_ratio": 0.31313323974609375,
        "midground_ratio": 0.16209030151367188,
        "background_ratio": 0.5247764587402344,
        "depth_complexity": 0.35624196399655195
      }
    },
    "spatial_layout": {
      "negative_space_ratio": 0.8382492065429688,
      "subject_isolation": 0.10000228881835938,
      "depth_of_field": {
        "blur_gradient_strength": 305.47372672725146,
        "sharpness_variance": 274008.29354427586,
        "min_sharpness": 0.0,
        "max_sharpness": 2264.9164537757265
      },
      "perspective": {
        "has_vanishing_point": 1,
        "perspective_strength": 0.9986789960369881
      }
    },
    "contrast_color": {
      "high_contrast_ratio": 0.437347412109375,
      "low_contrast_ratio": 0.562652587890625,
      "mean_contrast": 25.7639217376709,
      "highlight_ratio": 0.017971038818359375,
      "shadow_ratio": 0.7577781677246094,
      "midtone_ratio": 0.22425079345703125,
      "warm_color_ratio": 0.5117111206054688,
      "cool_color_ratio": 0.01491546630859375,
      "complementary_color_score": 2.2777777777777777
    },
    "motion_dynamics": {
      "s_curve_count": 160,
      "motion_blur_score": 4.034687839471853,
      "dominant_direction_deg": 4.999999999999995,
      "direction_strength": 0.13735198974556978
    },
    "pattern_rhythm": {
      "repetition_score": 1.0,
      "rhythm_score": 1.0,
      "pattern_breaks": 6
    },
    "visual_mass_focus": {
      "point_of_interest": {
        "x": 0.48046875,
        "y": 0.57421875,
        "strength": 1.0
      },
      "visual_mass_concentration": 0.19998931884765625,
      "mean_visual_weight": 0.12041255086660385,
      "face_count": 1,
      "has_directional_cues": 1
    },
    "framing_breathing": {
      "frame_in_frame_count": 0,
      "breathing_space": {
        "top": 0.521484375,
        "bottom": 0.37109375,
        "left": 0.380859375,
        "right": 0.482421875,
        "min_margin": 0.37109375,
        "mean_margin": 0.43896484375
      },
      "corner_anchors": {
        "top_left": 0.20395484566688538,
        "top_right": 0.15523315966129303,
        "bottom_left": 0.2014961838722229,
        "bottom_right": 0.1645713597536087,
        "max_corner_weight": 0.20395484566688538,
        "has_corner_subject": 0
      }
    }
  }
}