{
  "meta": {
    "_dataset": "tvm board - Nov 22nd 2025 (5060 images)",
    "_label": "",
    "_relpath": "731. Rose\ud83c\udf39.png",
    "_filename": "731. Rose\ud83c\udf39.png",
    "_width": 576,
    "_height": 903
  },
  "features": {
    "geometric_structural": {
      "leading_lines": {
        "diagonal": 0,
        "vertical": 1,
        "horizontal": 0,
        "curved": 2
      },
      "leading_lines_strength": 0.0037359900373599006,
      "symmetry_vertical": 0.6602912301798955,
      "symmetry_horizontal": 0.6869048408884215,
      "symmetry_radial": 0.460320054267392,
      "rule_of_thirds": {
        "alignment_score": 2,
        "num_salient_objects": 19
      },
      "golden_ratio": {
        "golden_alignment_score": 2
      },
      "balance": {
        "static_balance": 0.9203953146934509,
        "dynamic_balance": 1.0,
        "dominant_quadrant": 0
      },
      "layering": {
        "foreground_ratio": 0.10442773194271482,
        "midground_ratio": 0.2541202910958904,
        "background_ratio": 0.6414519769613948,
        "depth_complexity": 0.015545933381437704
      }
    },
    "spatial_layout": {
      "negative_space_ratio": 0.45501975015566626,
      "subject_isolation": 0.10000097291407223,
      "depth_of_field": {
        "blur_gradient_strength": 19.92880328651861,
        "sharpness_variance": 2490.4427647882235,
        "min_sharpness": 0.16301363403688965,
        "max_sharpness": 399.1115229244482
      },
      "perspective": {
        "has_vanishing_point": 0,
        "perspective_strength": 0.0
      }
    },
    "contrast_color": {
      "high_contrast_ratio": 0.44284616282689915,
      "low_contrast_ratio": 0.5571538371731009,
      "mean_contrast": 12.554289817810059,
      "highlight_ratio": 0.0,
      "shadow_ratio": 0.3751605451107025,
      "midtone_ratio": 0.6248394250869751,
      "warm_color_ratio": 0.9702093711083437,
      "cool_color_ratio": 0.0,
      "complementary_color_score": 0.0
    },
    "motion_dynamics": {
      "s_curve_count": 20,
      "motion_blur_score": 21.528274938777713,
      "dominant_direction_deg": 4.999999999999995,
      "direction_strength": 0.3327585032681819
    },
    "pattern_rhythm": {
      "repetition_score": 1.0,
      "rhythm_score": 1.0,
      "pattern_breaks": 11
    },
    "visual_mass_focus": {
      "point_of_interest": {
        "x": 0.203125,
        "y": 0.526774595267746,
        "strength": 1.0
      },
      "visual_mass_concentration": 0.19764262920298878,
      "mean_visual_weight": 0.12024088948965073,
      "face_count": 0,
      "has_directional_cues": 0
    },
    "framing_breathing": {
      "frame_in_frame_count": 0,
      "breathing_space": {
        "top": 0.06973848069738481,
        "bottom": 0.564134495641345,
        "left": 0.0390625,
        "right": 0.23046875,
        "min_margin": 0.0390625,
        "mean_margin": 0.22585105658468246
      },
      "corner_anchors": {
        "top_left": 0.5205085873603821,
        "top_right": 0.43876105546951294,
        "bottom_left": 0.16007135808467865,
        "bottom_right": 0.38138696551322937,
        "max_corner_weight": 0.5205085873603821,
        "has_corner_subject": 1
      }
    }
  }
}