{
  "meta": {
    "_dataset": "tvm board - Nov 22nd 2025 (5060 images)",
    "_label": "",
    "_relpath": "734. blurry.jpg",
    "_filename": "734. blurry.jpg",
    "_width": 675,
    "_height": 1200
  },
  "features": {
    "geometric_structural": {
      "leading_lines": {
        "diagonal": 0,
        "vertical": 0,
        "horizontal": 0,
        "curved": 25
      },
      "leading_lines_strength": 0.027472527472527472,
      "symmetry_vertical": 0.5609827712697327,
      "symmetry_horizontal": 0.510976816228787,
      "symmetry_radial": 0.35729879385746127,
      "rule_of_thirds": {
        "alignment_score": 0,
        "num_salient_objects": 5
      },
      "golden_ratio": {
        "golden_alignment_score": 0
      },
      "balance": {
        "static_balance": 0.8567575216293335,
        "dynamic_balance": 1.0,
        "dominant_quadrant": 0
      },
      "layering": {
        "foreground_ratio": 0.1436319539835165,
        "midground_ratio": 0.21059838598901098,
        "background_ratio": 0.6457696600274725,
        "depth_complexity": 0.07854964312334707
      }
    },
    "spatial_layout": {
      "negative_space_ratio": 0.7065354567307692,
      "subject_isolation": 0.1,
      "depth_of_field": {
        "blur_gradient_strength": 101.32244080907292,
        "sharpness_variance": 180741.9331532398,
        "min_sharpness": 9.282902902663201,
        "max_sharpness": 4361.2888409376155
      },
      "perspective": {
        "has_vanishing_point": 0,
        "perspective_strength": 0.0
      }
    },
    "contrast_color": {
      "high_contrast_ratio": 0.2498991243131868,
      "low_contrast_ratio": 0.7501008756868132,
      "mean_contrast": 8.345961570739746,
      "highlight_ratio": 0.00021677541371900588,
      "shadow_ratio": 0.6500042676925659,
      "midtone_ratio": 0.349778950214386,
      "warm_color_ratio": 0.15697330013736263,
      "cool_color_ratio": 0.01936813186813187,
      "complementary_color_score": 1.6666666666666667
    },
    "motion_dynamics": {
      "s_curve_count": 35,
      "motion_blur_score": 12.815662748880321,
      "dominant_direction_deg": -85.0,
      "direction_strength": 0.04115298763727431
    },
    "pattern_rhythm": {
      "repetition_score": 1.0,
      "rhythm_score": 1.0,
      "pattern_breaks": 2
    },
    "visual_mass_focus": {
      "point_of_interest": {
        "x": 0.51953125,
        "y": 0.08131868131868132,
        "strength": 1.0
      },
      "visual_mass_concentration": 0.19993990384615384,
      "mean_visual_weight": 0.042637065052986145,
      "face_count": 0,
      "has_directional_cues": 0
    },
    "framing_breathing": {
      "frame_in_frame_count": 0,
      "breathing_space": {
        "top": 0.0,
        "bottom": 0.7549450549450549,
        "left": 0.0,
        "right": 0.0,
        "min_margin": 0.0,
        "mean_margin": 0.18873626373626373
      },
      "corner_anchors": {
        "top_left": 0.7588581442832947,
        "top_right": 0.6049028635025024,
        "bottom_left": 0.2594640254974365,
        "bottom_right": 0.3155674636363983,
        "max_corner_weight": 0.7588581442832947,
        "has_corner_subject": 1
      }
    }
  }
}