{
  "meta": {
    "_dataset": "tvm board - Nov 22nd 2025 (5060 images)",
    "_label": "",
    "_relpath": "747. .jpg",
    "_filename": "747. .jpg",
    "_width": 1224,
    "_height": 1632
  },
  "features": {
    "geometric_structural": {
      "leading_lines": {
        "diagonal": 0,
        "vertical": 0,
        "horizontal": 0,
        "curved": 7
      },
      "leading_lines_strength": 0.010248901903367497,
      "symmetry_vertical": 0.6257926149475384,
      "symmetry_horizontal": 0.39228904321117597,
      "symmetry_radial": 0.369501617741036,
      "rule_of_thirds": {
        "alignment_score": 0,
        "num_salient_objects": 8
      },
      "golden_ratio": {
        "golden_alignment_score": 2
      },
      "balance": {
        "static_balance": 0.8775577545166016,
        "dynamic_balance": 1.0,
        "dominant_quadrant": 2
      },
      "layering": {
        "foreground_ratio": 0.10187705893118594,
        "midground_ratio": 0.2727769262445095,
        "background_ratio": 0.6253460148243045,
        "depth_complexity": 0.005350941524659884
      }
    },
    "spatial_layout": {
      "negative_space_ratio": 0.8231492496339677,
      "subject_isolation": 0.10000114385065886,
      "depth_of_field": {
        "blur_gradient_strength": 4.614655793857854,
        "sharpness_variance": 66.04738481300377,
        "min_sharpness": 0.0,
        "max_sharpness": 62.44262483849334
      },
      "perspective": {
        "has_vanishing_point": 0,
        "perspective_strength": 0.0
      }
    },
    "contrast_color": {
      "high_contrast_ratio": 0.3091828330893119,
      "low_contrast_ratio": 0.6908171669106882,
      "mean_contrast": 10.027854919433594,
      "highlight_ratio": 8.578880078857765e-05,
      "shadow_ratio": 0.6546943783760071,
      "midtone_ratio": 0.34521985054016113,
      "warm_color_ratio": 0.7005656341508053,
      "cool_color_ratio": 0.07902292276720352,
      "complementary_color_score": 2.0555555555555554
    },
    "motion_dynamics": {
      "s_curve_count": 13,
      "motion_blur_score": 16.316982837676402,
      "dominant_direction_deg": 4.999999999999995,
      "direction_strength": 0.34389584095802095
    },
    "pattern_rhythm": {
      "repetition_score": 1.0,
      "rhythm_score": 1.0,
      "pattern_breaks": 6
    },
    "visual_mass_focus": {
      "point_of_interest": {
        "x": 0.46484375,
        "y": 0.8521229868228404,
        "strength": 1.0
      },
      "visual_mass_concentration": 0.19985644674231332,
      "mean_visual_weight": 0.10293950885534286,
      "face_count": 0,
      "has_directional_cues": 0
    },
    "framing_breathing": {
      "frame_in_frame_count": 0,
      "breathing_space": {
        "top": 0.6691068814055637,
        "bottom": 0.0,
        "left": 0.224609375,
        "right": 0.302734375,
        "min_margin": 0.0,
        "mean_margin": 0.29911265785139096
      },
      "corner_anchors": {
        "top_left": 0.25911957025527954,
        "top_right": 0.3011088967323303,
        "bottom_left": 0.1947493851184845,
        "bottom_right": 0.12245768308639526,
        "max_corner_weight": 0.3011088967323303,
        "has_corner_subject": 1
      }
    }
  }
}