{
  "meta": {
    "_dataset": "tvm board - Nov 22nd 2025 (5060 images)",
    "_label": "",
    "_relpath": "759. night road.png",
    "_filename": "759. night road.png",
    "_width": 671,
    "_height": 1196
  },
  "features": {
    "geometric_structural": {
      "leading_lines": {
        "diagonal": 0,
        "vertical": 2,
        "horizontal": 10,
        "curved": 22
      },
      "leading_lines_strength": 0.03723986856516977,
      "symmetry_vertical": 0.5211040673017627,
      "symmetry_horizontal": 0.21808918649246775,
      "symmetry_radial": 0.3158366775891653,
      "rule_of_thirds": {
        "alignment_score": 0,
        "num_salient_objects": 4
      },
      "golden_ratio": {
        "golden_alignment_score": 0
      },
      "balance": {
        "static_balance": 0.8293082118034363,
        "dynamic_balance": 1.0,
        "dominant_quadrant": 0
      },
      "layering": {
        "foreground_ratio": 0.32240467552026286,
        "midground_ratio": 0.22746098028477546,
        "background_ratio": 0.4501343441949617,
        "depth_complexity": 0.03310917053509317
      }
    },
    "spatial_layout": {
      "negative_space_ratio": 0.5791689485213581,
      "subject_isolation": 0.10000085569550932,
      "depth_of_field": {
        "blur_gradient_strength": 34.75499294233536,
        "sharpness_variance": 3327.1103499035894,
        "min_sharpness": 0.0,
        "max_sharpness": 546.2108215262192
      },
      "perspective": {
        "has_vanishing_point": 1,
        "perspective_strength": 0.9567307692307693
      }
    },
    "contrast_color": {
      "high_contrast_ratio": 0.4269129073110624,
      "low_contrast_ratio": 0.5730870926889375,
      "mean_contrast": 20.25558853149414,
      "highlight_ratio": 0.019488465040922165,
      "shadow_ratio": 0.5492666959762573,
      "midtone_ratio": 0.4312448501586914,
      "warm_color_ratio": 0.6224521666210295,
      "cool_color_ratio": 0.04654983570646221,
      "complementary_color_score": 2.4444444444444446
    },
    "motion_dynamics": {
      "s_curve_count": 73,
      "motion_blur_score": 9.245777446125476,
      "dominant_direction_deg": 4.999999999999995,
      "direction_strength": 0.27935463444628084
    },
    "pattern_rhythm": {
      "repetition_score": 1.0,
      "rhythm_score": 1.0,
      "pattern_breaks": 1
    },
    "visual_mass_focus": {
      "point_of_interest": {
        "x": 0.29296875,
        "y": 0.0755750273822563,
        "strength": 1.0
      },
      "visual_mass_concentration": 0.19945192702628697,
      "mean_visual_weight": 0.10620731115341187,
      "face_count": 0,
      "has_directional_cues": 0
    },
    "framing_breathing": {
      "frame_in_frame_count": 0,
      "breathing_space": {
        "top": 0.0,
        "bottom": 0.7732749178532311,
        "left": 0.18359375,
        "right": 0.638671875,
        "min_margin": 0.0,
        "mean_margin": 0.39888513571330775
      },
      "corner_anchors": {
        "top_left": 0.29146379232406616,
        "top_right": 0.28078383207321167,
        "bottom_left": 0.19478416442871094,
        "bottom_right": 0.17417553067207336,
        "max_corner_weight": 0.29146379232406616,
        "has_corner_subject": 0
      }
    }
  }
}