{
  "meta": {
    "_dataset": "tvm board - Nov 22nd 2025 (5060 images)",
    "_label": "",
    "_relpath": "768. road lantern.jpg",
    "_filename": "768. road lantern.jpg",
    "_width": 1200,
    "_height": 1200
  },
  "features": {
    "geometric_structural": {
      "leading_lines": {
        "diagonal": 0,
        "vertical": 0,
        "horizontal": 0,
        "curved": 6
      },
      "leading_lines_strength": 0.01171875,
      "symmetry_vertical": 0.641589529134006,
      "symmetry_horizontal": 0.6059862375028339,
      "symmetry_radial": 0.6067420403269731,
      "rule_of_thirds": {
        "alignment_score": 0,
        "num_salient_objects": 6
      },
      "golden_ratio": {
        "golden_alignment_score": 1
      },
      "balance": {
        "static_balance": 0.846961259841919,
        "dynamic_balance": 1.0,
        "dominant_quadrant": 2
      },
      "layering": {
        "foreground_ratio": 0.19876861572265625,
        "midground_ratio": 0.3004570007324219,
        "background_ratio": 0.5007743835449219,
        "depth_complexity": 0.03467542536660039
      }
    },
    "spatial_layout": {
      "negative_space_ratio": 0.9215240478515625,
      "subject_isolation": 0.10000228881835938,
      "depth_of_field": {
        "blur_gradient_strength": 39.092863749380534,
        "sharpness_variance": 6312.602321750785,
        "min_sharpness": 0.0,
        "max_sharpness": 464.2395452847595
      },
      "perspective": {
        "has_vanishing_point": 0,
        "perspective_strength": 0.0
      }
    },
    "contrast_color": {
      "high_contrast_ratio": 0.3285942077636719,
      "low_contrast_ratio": 0.6714057922363281,
      "mean_contrast": 15.29049301147461,
      "highlight_ratio": 0.027500152587890625,
      "shadow_ratio": 0.4805259704589844,
      "midtone_ratio": 0.491973876953125,
      "warm_color_ratio": 0.54156494140625,
      "cool_color_ratio": 0.08913040161132812,
      "complementary_color_score": 2.4444444444444446
    },
    "motion_dynamics": {
      "s_curve_count": 29,
      "motion_blur_score": 10.785248939299901,
      "dominant_direction_deg": 4.999999999999995,
      "direction_strength": 0.30730056762578084
    },
    "pattern_rhythm": {
      "repetition_score": 1.0,
      "rhythm_score": 1.0,
      "pattern_breaks": 5
    },
    "visual_mass_focus": {
      "point_of_interest": {
        "x": 0.44140625,
        "y": 0.787109375,
        "strength": 1.0
      },
      "visual_mass_concentration": 0.19979095458984375,
      "mean_visual_weight": 0.10455307364463806,
      "face_count": 0,
      "has_directional_cues": 0
    },
    "framing_breathing": {
      "frame_in_frame_count": 0,
      "breathing_space": {
        "top": 0.859375,
        "bottom": 0.0,
        "left": 0.3359375,
        "right": 0.4609375,
        "min_margin": 0.0,
        "mean_margin": 0.4140625
      },
      "corner_anchors": {
        "top_left": 0.06221006438136101,
        "top_right": 0.16039107739925385,
        "bottom_left": 0.19151130318641663,
        "bottom_right": 0.20965313911437988,
        "max_corner_weight": 0.20965313911437988,
        "has_corner_subject": 0
      }
    }
  }
}