{
  "meta": {
    "_dataset": "tvm board - Nov 22nd 2025 (5060 images)",
    "_label": "",
    "_relpath": "778. .jpg",
    "_filename": "778. .jpg",
    "_width": 750,
    "_height": 909
  },
  "features": {
    "geometric_structural": {
      "leading_lines": {
        "diagonal": 5,
        "vertical": 2,
        "horizontal": 1,
        "curved": 133
      },
      "leading_lines_strength": 0.22705314009661837,
      "symmetry_vertical": 0.4144116935599017,
      "symmetry_horizontal": 0.2947818950499567,
      "symmetry_radial": 0.27051371326936535,
      "rule_of_thirds": {
        "alignment_score": 1,
        "num_salient_objects": 16
      },
      "golden_ratio": {
        "golden_alignment_score": 1
      },
      "balance": {
        "static_balance": 0.8683987259864807,
        "dynamic_balance": 1.0,
        "dominant_quadrant": 2
      },
      "layering": {
        "foreground_ratio": 0.27766455314009664,
        "midground_ratio": 0.18280746779388085,
        "background_ratio": 0.5395279790660226,
        "depth_complexity": 0.16109085336911444
      }
    },
    "spatial_layout": {
      "negative_space_ratio": 0.4527066978663446,
      "subject_isolation": 0.10000251610305957,
      "depth_of_field": {
        "blur_gradient_strength": 176.08462567300174,
        "sharpness_variance": 69827.20427141992,
        "min_sharpness": 0.0,
        "max_sharpness": 1726.4604306985443
      },
      "perspective": {
        "has_vanishing_point": 1,
        "perspective_strength": 0.6510989010989011
      }
    },
    "contrast_color": {
      "high_contrast_ratio": 0.449284797705314,
      "low_contrast_ratio": 0.550715202294686,
      "mean_contrast": 24.757762908935547,
      "highlight_ratio": 0.07130321860313416,
      "shadow_ratio": 0.15587572753429413,
      "midtone_ratio": 0.7728210091590881,
      "warm_color_ratio": 0.3148588466183575,
      "cool_color_ratio": 0.2918113425925926,
      "complementary_color_score": 2.6666666666666665
    },
    "motion_dynamics": {
      "s_curve_count": 171,
      "motion_blur_score": 10.79707013205266,
      "dominant_direction_deg": -85.0,
      "direction_strength": 0.082125603864476
    },
    "pattern_rhythm": {
      "repetition_score": 1.0,
      "rhythm_score": 1.0,
      "pattern_breaks": 5
    },
    "visual_mass_focus": {
      "point_of_interest": {
        "x": 0.55859375,
        "y": 0.49597423510466987,
        "strength": 1.0
      },
      "visual_mass_concentration": 0.1999893065619968,
      "mean_visual_weight": 0.1493428349494934,
      "face_count": 0,
      "has_directional_cues": 0
    },
    "framing_breathing": {
      "frame_in_frame_count": 0,
      "breathing_space": {
        "top": 0.8067632850241546,
        "bottom": 0.0,
        "left": 0.052734375,
        "right": 0.662109375,
        "min_margin": 0.0,
        "mean_margin": 0.38040175875603865
      },
      "corner_anchors": {
        "top_left": 0.10710787028074265,
        "top_right": 0.17207062244415283,
        "bottom_left": 0.5803342461585999,
        "bottom_right": 0.5030767917633057,
        "max_corner_weight": 0.5803342461585999,
        "has_corner_subject": 1
      }
    }
  }
}