{
  "meta": {
    "_dataset": "tvm board - Nov 22nd 2025 (5060 images)",
    "_label": "",
    "_relpath": "788. .jpg",
    "_filename": "788. .jpg",
    "_width": 1080,
    "_height": 1332
  },
  "features": {
    "geometric_structural": {
      "leading_lines": {
        "diagonal": 1,
        "vertical": 0,
        "horizontal": 9,
        "curved": 82
      },
      "leading_lines_strength": 0.14580031695721077,
      "symmetry_vertical": 0.4531785265199072,
      "symmetry_horizontal": 0.3866640112949608,
      "symmetry_radial": 0.30971072656668036,
      "rule_of_thirds": {
        "alignment_score": 2,
        "num_salient_objects": 25
      },
      "golden_ratio": {
        "golden_alignment_score": 5
      },
      "balance": {
        "static_balance": 0.839424729347229,
        "dynamic_balance": 1.0,
        "dominant_quadrant": 0
      },
      "layering": {
        "foreground_ratio": 0.2394481725435816,
        "midground_ratio": 0.32379160063391443,
        "background_ratio": 0.436760226822504,
        "depth_complexity": 0.2261479442718332
      }
    },
    "spatial_layout": {
      "negative_space_ratio": 0.7819835826069731,
      "subject_isolation": 0.1000024762282092,
      "depth_of_field": {
        "blur_gradient_strength": 224.16544740323704,
        "sharpness_variance": 186169.2117846814,
        "min_sharpness": 47.13991409863507,
        "max_sharpness": 3641.7914775924623
      },
      "perspective": {
        "has_vanishing_point": 1,
        "perspective_strength": 0.9969879518072289
      }
    },
    "contrast_color": {
      "high_contrast_ratio": 0.43364017927892234,
      "low_contrast_ratio": 0.5663598207210776,
      "mean_contrast": 24.375947952270508,
      "highlight_ratio": 0.04125705733895302,
      "shadow_ratio": 0.6308315396308899,
      "midtone_ratio": 0.327911376953125,
      "warm_color_ratio": 0.6605803040808241,
      "cool_color_ratio": 0.002395750792393027,
      "complementary_color_score": 1.4444444444444444
    },
    "motion_dynamics": {
      "s_curve_count": 92,
      "motion_blur_score": 8.08436904388601,
      "dominant_direction_deg": 95.0,
      "direction_strength": 0.04007465828038309
    },
    "pattern_rhythm": {
      "repetition_score": 1.0,
      "rhythm_score": 1.0,
      "pattern_breaks": 9
    },
    "visual_mass_focus": {
      "point_of_interest": {
        "x": 0.41796875,
        "y": 0.26782884310618066,
        "strength": 1.0
      },
      "visual_mass_concentration": 0.1996397087955626,
      "mean_visual_weight": 0.08190076053142548,
      "face_count": 0,
      "has_directional_cues": 0
    },
    "framing_breathing": {
      "frame_in_frame_count": 0,
      "breathing_space": {
        "top": 0.07923930269413629,
        "bottom": 0.7290015847860539,
        "left": 0.109375,
        "right": 0.33203125,
        "min_margin": 0.07923930269413629,
        "mean_margin": 0.3124117843700476
      },
      "corner_anchors": {
        "top_left": 0.3494541049003601,
        "top_right": 0.230233296751976,
        "bottom_left": 0.3075701892375946,
        "bottom_right": 0.28182652592658997,
        "max_corner_weight": 0.3494541049003601,
        "has_corner_subject": 1
      }
    }
  }
}