{
  "meta": {
    "_dataset": "tvm board - Nov 22nd 2025 (5060 images)",
    "_label": "",
    "_relpath": "806. Western.jpg",
    "_filename": "806. Western.jpg",
    "_width": 1080,
    "_height": 1920
  },
  "features": {
    "geometric_structural": {
      "leading_lines": {
        "diagonal": 2,
        "vertical": 16,
        "horizontal": 0,
        "curved": 352
      },
      "leading_lines_strength": 0.4065934065934066,
      "symmetry_vertical": 0.5225538068140586,
      "symmetry_horizontal": 0.3157783940800187,
      "symmetry_radial": 0.24587783259772866,
      "rule_of_thirds": {
        "alignment_score": 0,
        "num_salient_objects": 26
      },
      "golden_ratio": {
        "golden_alignment_score": 2
      },
      "balance": {
        "static_balance": 0.9595320224761963,
        "dynamic_balance": 1.0,
        "dominant_quadrant": 0
      },
      "layering": {
        "foreground_ratio": 0.30140582074175826,
        "midground_ratio": 0.2842784168956044,
        "background_ratio": 0.41431576236263734,
        "depth_complexity": 0.33747372039584866
      }
    },
    "spatial_layout": {
      "negative_space_ratio": 0.5546960851648352,
      "subject_isolation": 0.09969737293956044,
      "depth_of_field": {
        "blur_gradient_strength": 315.1812816883681,
        "sharpness_variance": 340563.00650050765,
        "min_sharpness": 0.19992310649750097,
        "max_sharpness": 4422.166935468731
      },
      "perspective": {
        "has_vanishing_point": 1,
        "perspective_strength": 0.9967083607636603
      }
    },
    "contrast_color": {
      "high_contrast_ratio": 0.27201021634615385,
      "low_contrast_ratio": 0.7279897836538461,
      "mean_contrast": 16.4157657623291,
      "highlight_ratio": 0.37862294912338257,
      "shadow_ratio": 0.06466131657361984,
      "midtone_ratio": 0.556715726852417,
      "warm_color_ratio": 0.5433486435439561,
      "cool_color_ratio": 0.003580013736263736,
      "complementary_color_score": 1.8888888888888888
    },
    "motion_dynamics": {
      "s_curve_count": 308,
      "motion_blur_score": 14.521867827190992,
      "dominant_direction_deg": 4.999999999999995,
      "direction_strength": 0.2948875343400264
    },
    "pattern_rhythm": {
      "repetition_score": 1.0,
      "rhythm_score": 1.0,
      "pattern_breaks": 6
    },
    "visual_mass_focus": {
      "point_of_interest": {
        "x": 0.546875,
        "y": 0.765934065934066,
        "strength": 1.0
      },
      "visual_mass_concentration": 0.19961796016483516,
      "mean_visual_weight": 0.12118282914161682,
      "face_count": 0,
      "has_directional_cues": 0
    },
    "framing_breathing": {
      "frame_in_frame_count": 0,
      "breathing_space": {
        "top": 0.13956043956043956,
        "bottom": 0.5406593406593406,
        "left": 0.0,
        "right": 0.298828125,
        "min_margin": 0.0,
        "mean_margin": 0.24476197630494506
      },
      "corner_anchors": {
        "top_left": 0.5497212409973145,
        "top_right": 0.5143623948097229,
        "bottom_left": 0.3963489234447479,
        "bottom_right": 0.5722701549530029,
        "max_corner_weight": 0.5722701549530029,
        "has_corner_subject": 1
      }
    }
  }
}