{
  "meta": {
    "_dataset": "tvm board - Nov 22nd 2025 (5060 images)",
    "_label": "",
    "_relpath": "805. intimate wedding.jpg",
    "_filename": "805. intimate wedding.jpg",
    "_width": 736,
    "_height": 1102
  },
  "features": {
    "geometric_structural": {
      "leading_lines": {
        "diagonal": 0,
        "vertical": 0,
        "horizontal": 0,
        "curved": 86
      },
      "leading_lines_strength": 0.1121251629726206,
      "symmetry_vertical": 0.45587541605250875,
      "symmetry_horizontal": 0.39827297451483273,
      "symmetry_radial": 0.27498898475066585,
      "rule_of_thirds": {
        "alignment_score": 0,
        "num_salient_objects": 2
      },
      "golden_ratio": {
        "golden_alignment_score": 0
      },
      "balance": {
        "static_balance": 0.9366172552108765,
        "dynamic_balance": 1.0,
        "dominant_quadrant": 1
      },
      "layering": {
        "foreground_ratio": 0.2883291232073012,
        "midground_ratio": 0.31619234843546284,
        "background_ratio": 0.39547852835723596,
        "depth_complexity": 0.049022217741929934
      }
    },
    "spatial_layout": {
      "negative_space_ratio": 0.6701103120925684,
      "subject_isolation": 0.10000152786831812,
      "depth_of_field": {
        "blur_gradient_strength": 58.516470328067385,
        "sharpness_variance": 15725.504723963946,
        "min_sharpness": 0.0,
        "max_sharpness": 747.0858323721645
      },
      "perspective": {
        "has_vanishing_point": 1,
        "perspective_strength": 0.9285714285714286
      }
    },
    "contrast_color": {
      "high_contrast_ratio": 0.42519047425032597,
      "low_contrast_ratio": 0.574809525749674,
      "mean_contrast": 15.736958503723145,
      "highlight_ratio": 0.17612247169017792,
      "shadow_ratio": 0.321135014295578,
      "midtone_ratio": 0.5027425289154053,
      "warm_color_ratio": 0.872593607398957,
      "cool_color_ratio": 0.0,
      "complementary_color_score": 0.0
    },
    "motion_dynamics": {
      "s_curve_count": 132,
      "motion_blur_score": 15.516219796238062,
      "dominant_direction_deg": 4.999999999999995,
      "direction_strength": 0.15880663298525402
    },
    "pattern_rhythm": {
      "repetition_score": 1.0,
      "rhythm_score": 1.0,
      "pattern_breaks": 2
    },
    "visual_mass_focus": {
      "point_of_interest": {
        "x": 0.609375,
        "y": 0.07170795306388526,
        "strength": 1.0
      },
      "visual_mass_concentration": 0.19988082627118645,
      "mean_visual_weight": 0.24405249953269958,
      "face_count": 0,
      "has_directional_cues": 0
    },
    "framing_breathing": {
      "frame_in_frame_count": 0,
      "breathing_space": {
        "top": 0.0,
        "bottom": 0.6975228161668839,
        "left": 0.0,
        "right": 0.0,
        "min_margin": 0.0,
        "mean_margin": 0.17438070404172099
      },
      "corner_anchors": {
        "top_left": 0.38888606429100037,
        "top_right": 0.9631616473197937,
        "bottom_left": 0.4459379315376282,
        "bottom_right": 0.28708159923553467,
        "max_corner_weight": 0.9631616473197937,
        "has_corner_subject": 1
      }
    }
  }
}