{
  "meta": {
    "_dataset": "tvm board - Nov 22nd 2025 (5060 images)",
    "_label": "",
    "_relpath": "826. .jpg",
    "_filename": "826. .jpg",
    "_width": 970,
    "_height": 1200
  },
  "features": {
    "geometric_structural": {
      "leading_lines": {
        "diagonal": 0,
        "vertical": 0,
        "horizontal": 0,
        "curved": 90
      },
      "leading_lines_strength": 0.14218009478672985,
      "symmetry_vertical": 0.37169435450721067,
      "symmetry_horizontal": 0.2843720514900856,
      "symmetry_radial": 0.24566707772194307,
      "rule_of_thirds": {
        "alignment_score": 1,
        "num_salient_objects": 7
      },
      "golden_ratio": {
        "golden_alignment_score": 1
      },
      "balance": {
        "static_balance": 0.9699549674987793,
        "dynamic_balance": 1.0,
        "dominant_quadrant": 3
      },
      "layering": {
        "foreground_ratio": 0.29731314178515006,
        "midground_ratio": 0.15133787519747235,
        "background_ratio": 0.5513489830173776,
        "depth_complexity": 0.1520332136572428
      }
    },
    "spatial_layout": {
      "negative_space_ratio": 0.6560895537124802,
      "subject_isolation": 0.10000123420221169,
      "depth_of_field": {
        "blur_gradient_strength": 681.3134746401624,
        "sharpness_variance": 2658955.1068087127,
        "min_sharpness": 5.2479809542983284,
        "max_sharpness": 12237.758266051516
      },
      "perspective": {
        "has_vanishing_point": 1,
        "perspective_strength": 0.5
      }
    },
    "contrast_color": {
      "high_contrast_ratio": 0.42880813092417064,
      "low_contrast_ratio": 0.5711918690758293,
      "mean_contrast": 21.311370849609375,
      "highlight_ratio": 0.0053286682814359665,
      "shadow_ratio": 0.5619816184043884,
      "midtone_ratio": 0.43268972635269165,
      "warm_color_ratio": 0.5186858214849921,
      "cool_color_ratio": 0.3012687598736177,
      "complementary_color_score": 2.388888888888889
    },
    "motion_dynamics": {
      "s_curve_count": 180,
      "motion_blur_score": 6.918446460929926,
      "dominant_direction_deg": 4.999999999999995,
      "direction_strength": 0.0549590244864023
    },
    "pattern_rhythm": {
      "repetition_score": 1.0,
      "rhythm_score": 1.0,
      "pattern_breaks": 1
    },
    "visual_mass_focus": {
      "point_of_interest": {
        "x": 0.669921875,
        "y": 0.3902053712480253,
        "strength": 1.0
      },
      "visual_mass_concentration": 0.19987596267772512,
      "mean_visual_weight": 0.10689322650432587,
      "face_count": 1,
      "has_directional_cues": 1
    },
    "framing_breathing": {
      "frame_in_frame_count": 0,
      "breathing_space": {
        "top": 0.6477093206951027,
        "bottom": 0.2812006319115324,
        "left": 0.126953125,
        "right": 0.759765625,
        "min_margin": 0.126953125,
        "mean_margin": 0.4539071756516588
      },
      "corner_anchors": {
        "top_left": 0.21927760541439056,
        "top_right": 0.24378754198551178,
        "bottom_left": 0.11685146391391754,
        "bottom_right": 0.1504247635602951,
        "max_corner_weight": 0.24378754198551178,
        "has_corner_subject": 0
      }
    }
  }
}