{
  "meta": {
    "_dataset": "tvm board - Nov 22nd 2025 (5060 images)",
    "_label": "",
    "_relpath": "833. .jpg",
    "_filename": "833. .jpg",
    "_width": 736,
    "_height": 736
  },
  "features": {
    "geometric_structural": {
      "leading_lines": {
        "diagonal": 25,
        "vertical": 27,
        "horizontal": 0,
        "curved": 475
      },
      "leading_lines_strength": 1.029296875,
      "symmetry_vertical": 0.15710916129248884,
      "symmetry_horizontal": 0.1541369881296306,
      "symmetry_radial": 0.13856361794799946,
      "rule_of_thirds": {
        "alignment_score": 0,
        "num_salient_objects": 16
      },
      "golden_ratio": {
        "golden_alignment_score": 2
      },
      "balance": {
        "static_balance": 0.8807398080825806,
        "dynamic_balance": 1.0,
        "dominant_quadrant": 0
      },
      "layering": {
        "foreground_ratio": 0.3275909423828125,
        "midground_ratio": 0.3087348937988281,
        "background_ratio": 0.3636741638183594,
        "depth_complexity": 1.2309115960784112
      }
    },
    "spatial_layout": {
      "negative_space_ratio": 0.6493492126464844,
      "subject_isolation": 0.10000228881835938,
      "depth_of_field": {
        "blur_gradient_strength": 1007.0038995242788,
        "sharpness_variance": 1434582.6488284345,
        "min_sharpness": 3.91189175310534,
        "max_sharpness": 5580.387158785082
      },
      "perspective": {
        "has_vanishing_point": 1,
        "perspective_strength": 0.9992065591113463
      }
    },
    "contrast_color": {
      "high_contrast_ratio": 0.4099159240722656,
      "low_contrast_ratio": 0.5900840759277344,
      "mean_contrast": 31.065385818481445,
      "highlight_ratio": 0.05777740478515625,
      "shadow_ratio": 0.3383064270019531,
      "midtone_ratio": 0.6039161682128906,
      "warm_color_ratio": 0.55133056640625,
      "cool_color_ratio": 0.000469207763671875,
      "complementary_color_score": 1.5555555555555556
    },
    "motion_dynamics": {
      "s_curve_count": 383,
      "motion_blur_score": 5.792991068413403,
      "dominant_direction_deg": 4.999999999999995,
      "direction_strength": 0.04694747924786778
    },
    "pattern_rhythm": {
      "repetition_score": 1.0,
      "rhythm_score": 1.0,
      "pattern_breaks": 2
    },
    "visual_mass_focus": {
      "point_of_interest": {
        "x": 0.326171875,
        "y": 0.091796875,
        "strength": 1.0
      },
      "visual_mass_concentration": 0.199981689453125,
      "mean_visual_weight": 0.07709299027919769,
      "face_count": 0,
      "has_directional_cues": 0
    },
    "framing_breathing": {
      "frame_in_frame_count": 0,
      "breathing_space": {
        "top": 0.0,
        "bottom": 0.7578125,
        "left": 0.01953125,
        "right": 0.51171875,
        "min_margin": 0.0,
        "mean_margin": 0.322265625
      },
      "corner_anchors": {
        "top_left": 0.6264786124229431,
        "top_right": 0.23007766902446747,
        "bottom_left": 0.2426934391260147,
        "bottom_right": 0.2866850793361664,
        "max_corner_weight": 0.6264786124229431,
        "has_corner_subject": 1
      }
    }
  }
}