{
  "meta": {
    "_dataset": "tvm board - Nov 22nd 2025 (5060 images)",
    "_label": "",
    "_relpath": "844. .jpg",
    "_filename": "844. .jpg",
    "_width": 1440,
    "_height": 1797
  },
  "features": {
    "geometric_structural": {
      "leading_lines": {
        "diagonal": 0,
        "vertical": 0,
        "horizontal": 0,
        "curved": 47
      },
      "leading_lines_strength": 0.07355242566510173,
      "symmetry_vertical": 0.6982724838699585,
      "symmetry_horizontal": 0.5153371878834426,
      "symmetry_radial": 0.45747311835855414,
      "rule_of_thirds": {
        "alignment_score": 0,
        "num_salient_objects": 8
      },
      "golden_ratio": {
        "golden_alignment_score": 0
      },
      "balance": {
        "static_balance": 0.8036108016967773,
        "dynamic_balance": 1.0,
        "dominant_quadrant": 1
      },
      "layering": {
        "foreground_ratio": 0.19965889084507044,
        "midground_ratio": 0.4452849911971831,
        "background_ratio": 0.3550561179577465,
        "depth_complexity": 0.05235379967242517
      }
    },
    "spatial_layout": {
      "negative_space_ratio": 0.528548024256651,
      "subject_isolation": 0.10000061130672927,
      "depth_of_field": {
        "blur_gradient_strength": 24.53591987642572,
        "sharpness_variance": 1830.9893256953715,
        "min_sharpness": 0.0,
        "max_sharpness": 195.14701100529015
      },
      "perspective": {
        "has_vanishing_point": 0,
        "perspective_strength": 0.0
      }
    },
    "contrast_color": {
      "high_contrast_ratio": 0.34247542546948356,
      "low_contrast_ratio": 0.6575245745305165,
      "mean_contrast": 10.809272766113281,
      "highlight_ratio": 0.0,
      "shadow_ratio": 0.2835668623447418,
      "midtone_ratio": 0.7164331674575806,
      "warm_color_ratio": 0.4873459507042254,
      "cool_color_ratio": 0.0562035406885759,
      "complementary_color_score": 1.5
    },
    "motion_dynamics": {
      "s_curve_count": 53,
      "motion_blur_score": 18.175308069651813,
      "dominant_direction_deg": 4.999999999999995,
      "direction_strength": 0.16250061130623258
    },
    "pattern_rhythm": {
      "repetition_score": 1.0,
      "rhythm_score": 1.0,
      "pattern_breaks": 2
    },
    "visual_mass_focus": {
      "point_of_interest": {
        "x": 0.580078125,
        "y": 0.09859154929577464,
        "strength": 1.0
      },
      "visual_mass_concentration": 0.19998899647887325,
      "mean_visual_weight": 0.11000309139490128,
      "face_count": 0,
      "has_directional_cues": 0
    },
    "framing_breathing": {
      "frame_in_frame_count": 0,
      "breathing_space": {
        "top": 0.0,
        "bottom": 0.7809076682316118,
        "left": 0.0,
        "right": 0.0,
        "min_margin": 0.0,
        "mean_margin": 0.19522691705790296
      },
      "corner_anchors": {
        "top_left": 0.5738078355789185,
        "top_right": 0.7579520344734192,
        "bottom_left": 0.1774667501449585,
        "bottom_right": 0.32024702429771423,
        "max_corner_weight": 0.7579520344734192,
        "has_corner_subject": 1
      }
    }
  }
}