{
  "meta": {
    "_dataset": "tvm board - Nov 22nd 2025 (5060 images)",
    "_label": "",
    "_relpath": "863. .jpg",
    "_filename": "863. .jpg",
    "_width": 750,
    "_height": 913
  },
  "features": {
    "geometric_structural": {
      "leading_lines": {
        "diagonal": 35,
        "vertical": 4,
        "horizontal": 8,
        "curved": 255
      },
      "leading_lines_strength": 0.48475120385232745,
      "symmetry_vertical": 0.1994672637981722,
      "symmetry_horizontal": 0.1953810794520217,
      "symmetry_radial": 0.14682299241268318,
      "rule_of_thirds": {
        "alignment_score": 2,
        "num_salient_objects": 27
      },
      "golden_ratio": {
        "golden_alignment_score": 5
      },
      "balance": {
        "static_balance": 0.9688718318939209,
        "dynamic_balance": 1.0,
        "dominant_quadrant": 2
      },
      "layering": {
        "foreground_ratio": 0.3225697231139647,
        "midground_ratio": 0.21557107744783308,
        "background_ratio": 0.46185919943820225,
        "depth_complexity": 0.591886723788405
      }
    },
    "spatial_layout": {
      "negative_space_ratio": 0.5792567465890851,
      "subject_isolation": 0.10000125401284109,
      "depth_of_field": {
        "blur_gradient_strength": 391.13041117026427,
        "sharpness_variance": 465883.0881566653,
        "min_sharpness": 30.846405893926875,
        "max_sharpness": 3704.782404543487
      },
      "perspective": {
        "has_vanishing_point": 1,
        "perspective_strength": 0.998211091234347
      }
    },
    "contrast_color": {
      "high_contrast_ratio": 0.5172332714686998,
      "low_contrast_ratio": 0.4827667285313002,
      "mean_contrast": 35.77304458618164,
      "highlight_ratio": 0.14713959395885468,
      "shadow_ratio": 0.2376730591058731,
      "midtone_ratio": 0.6151873469352722,
      "warm_color_ratio": 0.3513022923354735,
      "cool_color_ratio": 0.05344916231942215,
      "complementary_color_score": 2.4444444444444446
    },
    "motion_dynamics": {
      "s_curve_count": 289,
      "motion_blur_score": 6.955991253071775,
      "dominant_direction_deg": 4.999999999999995,
      "direction_strength": 0.05272810493562924
    },
    "pattern_rhythm": {
      "repetition_score": 1.0,
      "rhythm_score": 1.0,
      "pattern_breaks": 8
    },
    "visual_mass_focus": {
      "point_of_interest": {
        "x": 0.630859375,
        "y": 0.19903691813804172,
        "strength": 1.0
      },
      "visual_mass_concentration": 0.19986456661316213,
      "mean_visual_weight": 0.08400699496269226,
      "face_count": 0,
      "has_directional_cues": 0
    },
    "framing_breathing": {
      "frame_in_frame_count": 0,
      "breathing_space": {
        "top": 0.5200642054574639,
        "bottom": 0.17174959871589085,
        "left": 0.408203125,
        "right": 0.240234375,
        "min_margin": 0.17174959871589085,
        "mean_margin": 0.3350628260433387
      },
      "corner_anchors": {
        "top_left": 0.27249306440353394,
        "top_right": 0.31929710507392883,
        "bottom_left": 0.6817019581794739,
        "bottom_right": 0.2071746587753296,
        "max_corner_weight": 0.6817019581794739,
        "has_corner_subject": 1
      }
    }
  }
}