{
  "meta": {
    "_dataset": "tvm board - Nov 22nd 2025 (5060 images)",
    "_label": "",
    "_relpath": "876. Blurry vision.jpg",
    "_filename": "876. Blurry vision.jpg",
    "_width": 900,
    "_height": 1200
  },
  "features": {
    "geometric_structural": {
      "leading_lines": {
        "diagonal": 8,
        "vertical": 1,
        "horizontal": 5,
        "curved": 181
      },
      "leading_lines_strength": 0.28550512445095166,
      "symmetry_vertical": 0.3431818801634302,
      "symmetry_horizontal": 0.33379184159129066,
      "symmetry_radial": 0.23019023889904736,
      "rule_of_thirds": {
        "alignment_score": 1,
        "num_salient_objects": 3
      },
      "golden_ratio": {
        "golden_alignment_score": 0
      },
      "balance": {
        "static_balance": 0.8629070520401001,
        "dynamic_balance": 1.0,
        "dominant_quadrant": 1
      },
      "layering": {
        "foreground_ratio": 0.2778298865300146,
        "midground_ratio": 0.24562191160322108,
        "background_ratio": 0.4765482018667643,
        "depth_complexity": 0.2984510739263681
      }
    },
    "spatial_layout": {
      "negative_space_ratio": 0.48544735999267935,
      "subject_isolation": 0.10000114385065886,
      "depth_of_field": {
        "blur_gradient_strength": 367.9196307995487,
        "sharpness_variance": 686414.592732056,
        "min_sharpness": 2.9883416619846184,
        "max_sharpness": 5434.92666282199
      },
      "perspective": {
        "has_vanishing_point": 1,
        "perspective_strength": 0.9977937120794264
      }
    },
    "contrast_color": {
      "high_contrast_ratio": 0.4477317441434846,
      "low_contrast_ratio": 0.5522682558565154,
      "mean_contrast": 25.240039825439453,
      "highlight_ratio": 0.027838464826345444,
      "shadow_ratio": 0.2315353900194168,
      "midtone_ratio": 0.7406261563301086,
      "warm_color_ratio": 0.816051656295754,
      "cool_color_ratio": 0.07885420479502196,
      "complementary_color_score": 2.2222222222222223
    },
    "motion_dynamics": {
      "s_curve_count": 253,
      "motion_blur_score": 9.735227192364942,
      "dominant_direction_deg": 4.999999999999995,
      "direction_strength": 0.05449590501448545
    },
    "pattern_rhythm": {
      "repetition_score": 1.0,
      "rhythm_score": 1.0,
      "pattern_breaks": 2
    },
    "visual_mass_focus": {
      "point_of_interest": {
        "x": 0.583984375,
        "y": 0.0951683748169839,
        "strength": 1.0
      },
      "visual_mass_concentration": 0.19999084919472915,
      "mean_visual_weight": 0.26700636744499207,
      "face_count": 0,
      "has_directional_cues": 0
    },
    "framing_breathing": {
      "frame_in_frame_count": 0,
      "breathing_space": {
        "top": 0.0,
        "bottom": 0.8345534407027818,
        "left": 0.296875,
        "right": 0.216796875,
        "min_margin": 0.0,
        "mean_margin": 0.3370563289256955
      },
      "corner_anchors": {
        "top_left": 0.24708716571331024,
        "top_right": 0.3840380012989044,
        "bottom_left": 0.217841237783432,
        "bottom_right": 0.31110233068466187,
        "max_corner_weight": 0.3840380012989044,
        "has_corner_subject": 1
      }
    }
  }
}