{
  "meta": {
    "_dataset": "tvm board - Nov 22nd 2025 (5060 images)",
    "_label": "",
    "_relpath": "889. .jpg",
    "_filename": "889. .jpg",
    "_width": 1075,
    "_height": 1356
  },
  "features": {
    "geometric_structural": {
      "leading_lines": {
        "diagonal": 12,
        "vertical": 1,
        "horizontal": 35,
        "curved": 188
      },
      "leading_lines_strength": 0.3653250773993808,
      "symmetry_vertical": 0.2599958006550553,
      "symmetry_horizontal": 0.19135251560644337,
      "symmetry_radial": 0.15623164735852602,
      "rule_of_thirds": {
        "alignment_score": 4,
        "num_salient_objects": 36
      },
      "golden_ratio": {
        "golden_alignment_score": 5
      },
      "balance": {
        "static_balance": 0.874345600605011,
        "dynamic_balance": 1.0,
        "dominant_quadrant": 1
      },
      "layering": {
        "foreground_ratio": 0.31635485197368424,
        "midground_ratio": 0.21442651896284828,
        "background_ratio": 0.4692186290634675,
        "depth_complexity": 0.6700937305677834
      }
    },
    "spatial_layout": {
      "negative_space_ratio": 0.3668670181888545,
      "subject_isolation": 0.08989514802631579,
      "depth_of_field": {
        "blur_gradient_strength": 736.3780210263448,
        "sharpness_variance": 989106.5030234118,
        "min_sharpness": 0.1872284356370195,
        "max_sharpness": 7564.0099961553215
      },
      "perspective": {
        "has_vanishing_point": 1,
        "perspective_strength": 0.9977519670288497
      }
    },
    "contrast_color": {
      "high_contrast_ratio": 0.49434621710526316,
      "low_contrast_ratio": 0.5056537828947368,
      "mean_contrast": 32.174560546875,
      "highlight_ratio": 0.06955362111330032,
      "shadow_ratio": 0.27114272117614746,
      "midtone_ratio": 0.6593036651611328,
      "warm_color_ratio": 0.7239109665247678,
      "cool_color_ratio": 0.04618868517801858,
      "complementary_color_score": 2.1666666666666665
    },
    "motion_dynamics": {
      "s_curve_count": 216,
      "motion_blur_score": 7.465091735594261,
      "dominant_direction_deg": 4.999999999999995,
      "direction_strength": 0.11307868130770765
    },
    "pattern_rhythm": {
      "repetition_score": 1.0,
      "rhythm_score": 1.0,
      "pattern_breaks": 19
    },
    "visual_mass_focus": {
      "point_of_interest": {
        "x": 0.4765625,
        "y": 0.19040247678018576,
        "strength": 1.0
      },
      "visual_mass_concentration": 0.19999879063467493,
      "mean_visual_weight": 0.17730501294136047,
      "face_count": 0,
      "has_directional_cues": 0
    },
    "framing_breathing": {
      "frame_in_frame_count": 0,
      "breathing_space": {
        "top": 0.0,
        "bottom": 0.7151702786377709,
        "left": 0.0,
        "right": 0.0,
        "min_margin": 0.0,
        "mean_margin": 0.17879256965944273
      },
      "corner_anchors": {
        "top_left": 0.5036069750785828,
        "top_right": 0.5051840543746948,
        "bottom_left": 0.17964695394039154,
        "bottom_right": 0.5831882357597351,
        "max_corner_weight": 0.5831882357597351,
        "has_corner_subject": 1
      }
    }
  }
}