{
  "meta": {
    "_dataset": "tvm board - Nov 22nd 2025 (5060 images)",
    "_label": "",
    "_relpath": "908. .jpg",
    "_filename": "908. .jpg",
    "_width": 472,
    "_height": 704
  },
  "features": {
    "geometric_structural": {
      "leading_lines": {
        "diagonal": 0,
        "vertical": 19,
        "horizontal": 6,
        "curved": 197
      },
      "leading_lines_strength": 0.2905759162303665,
      "symmetry_vertical": 0.17435544279507686,
      "symmetry_horizontal": 0.1462889642067028,
      "symmetry_radial": 0.12071487808152907,
      "rule_of_thirds": {
        "alignment_score": 0,
        "num_salient_objects": 21
      },
      "golden_ratio": {
        "golden_alignment_score": 0
      },
      "balance": {
        "static_balance": 0.9242323637008667,
        "dynamic_balance": 1.0,
        "dominant_quadrant": 0
      },
      "layering": {
        "foreground_ratio": 0.30142291803010474,
        "midground_ratio": 0.2991885839332461,
        "background_ratio": 0.3993884980366492,
        "depth_complexity": 0.690126787486246
      }
    },
    "spatial_layout": {
      "negative_space_ratio": 0.614712859947644,
      "subject_isolation": 0.10000051128926701,
      "depth_of_field": {
        "blur_gradient_strength": 614.1123784262002,
        "sharpness_variance": 946829.1083403972,
        "min_sharpness": 0.27450980392156865,
        "max_sharpness": 4622.531546364994
      },
      "perspective": {
        "has_vanishing_point": 1,
        "perspective_strength": 0.9962390305056414
      }
    },
    "contrast_color": {
      "high_contrast_ratio": 0.5117366451243456,
      "low_contrast_ratio": 0.4882633548756544,
      "mean_contrast": 39.77919387817383,
      "highlight_ratio": 0.038413163274526596,
      "shadow_ratio": 0.515653133392334,
      "midtone_ratio": 0.4459336996078491,
      "warm_color_ratio": 0.20301507280759162,
      "cool_color_ratio": 0.3342962614528796,
      "complementary_color_score": 2.2777777777777777
    },
    "motion_dynamics": {
      "s_curve_count": 261,
      "motion_blur_score": 4.365866170361204,
      "dominant_direction_deg": 4.999999999999995,
      "direction_strength": 0.12017854221173466
    },
    "pattern_rhythm": {
      "repetition_score": 1.0,
      "rhythm_score": 1.0,
      "pattern_breaks": 4
    },
    "visual_mass_focus": {
      "point_of_interest": {
        "x": 0.259765625,
        "y": 0.3010471204188482,
        "strength": 1.0
      },
      "visual_mass_concentration": 0.19996778877617802,
      "mean_visual_weight": 0.06561127305030823,
      "face_count": 1,
      "has_directional_cues": 1
    },
    "framing_breathing": {
      "frame_in_frame_count": 0,
      "breathing_space": {
        "top": 0.1531413612565445,
        "bottom": 0.7054973821989529,
        "left": 0.31640625,
        "right": 0.4375,
        "min_margin": 0.1531413612565445,
        "mean_margin": 0.40313624836387435
      },
      "corner_anchors": {
        "top_left": 0.308605432510376,
        "top_right": 0.28638985753059387,
        "bottom_left": 0.20153078436851501,
        "bottom_right": 0.3296240270137787,
        "max_corner_weight": 0.3296240270137787,
        "has_corner_subject": 1
      }
    }
  }
}