{
  "meta": {
    "_dataset": "tvm board - Nov 22nd 2025 (5060 images)",
    "_label": "",
    "_relpath": "905. .jpg",
    "_filename": "905. .jpg",
    "_width": 607,
    "_height": 607
  },
  "features": {
    "geometric_structural": {
      "leading_lines": {
        "diagonal": 0,
        "vertical": 0,
        "horizontal": 1,
        "curved": 40
      },
      "leading_lines_strength": 0.080078125,
      "symmetry_vertical": 0.505511517853076,
      "symmetry_horizontal": 0.4501118729339146,
      "symmetry_radial": 0.45204650995285084,
      "rule_of_thirds": {
        "alignment_score": 0,
        "num_salient_objects": 1
      },
      "golden_ratio": {
        "golden_alignment_score": 0
      },
      "balance": {
        "static_balance": 0.9193934798240662,
        "dynamic_balance": 1.0,
        "dominant_quadrant": 0
      },
      "layering": {
        "foreground_ratio": 0.3115577697753906,
        "midground_ratio": 0.13463211059570312,
        "background_ratio": 0.5538101196289062,
        "depth_complexity": 0.21949023360520367
      }
    },
    "spatial_layout": {
      "negative_space_ratio": 0.5780601501464844,
      "subject_isolation": 0.10000228881835938,
      "depth_of_field": {
        "blur_gradient_strength": 207.53277238986993,
        "sharpness_variance": 93519.86354279675,
        "min_sharpness": 0.0,
        "max_sharpness": 2045.4705882352941
      },
      "perspective": {
        "has_vanishing_point": 1,
        "perspective_strength": 0.8131868131868132
      }
    },
    "contrast_color": {
      "high_contrast_ratio": 0.43695831298828125,
      "low_contrast_ratio": 0.5630416870117188,
      "mean_contrast": 13.637641906738281,
      "highlight_ratio": 5.340576171875e-05,
      "shadow_ratio": 0.4831123352050781,
      "midtone_ratio": 0.5168342590332031,
      "warm_color_ratio": 0.5198211669921875,
      "cool_color_ratio": 0.00244903564453125,
      "complementary_color_score": 0.0
    },
    "motion_dynamics": {
      "s_curve_count": 59,
      "motion_blur_score": 12.131822011815604,
      "dominant_direction_deg": 4.999999999999995,
      "direction_strength": 0.16749191284115794
    },
    "pattern_rhythm": {
      "repetition_score": 1.0,
      "rhythm_score": 1.0,
      "pattern_breaks": 1
    },
    "visual_mass_focus": {
      "point_of_interest": {
        "x": 0.3046875,
        "y": 0.072265625,
        "strength": 1.0
      },
      "visual_mass_concentration": 0.19820022583007812,
      "mean_visual_weight": 0.06765950471162796,
      "face_count": 0,
      "has_directional_cues": 0
    },
    "framing_breathing": {
      "frame_in_frame_count": 0,
      "breathing_space": {
        "top": 0.03515625,
        "bottom": 0.833984375,
        "left": 0.0,
        "right": 0.388671875,
        "min_margin": 0.0,
        "mean_margin": 0.314453125
      },
      "corner_anchors": {
        "top_left": 0.5138744115829468,
        "top_right": 0.16607211530208588,
        "bottom_left": 0.543974757194519,
        "bottom_right": 0.46114176511764526,
        "max_corner_weight": 0.543974757194519,
        "has_corner_subject": 1
      }
    }
  }
}