{
  "meta": {
    "_dataset": "tvm board - Nov 22nd 2025 (5060 images)",
    "_label": "",
    "_relpath": "938. .jpg",
    "_filename": "938. .jpg",
    "_width": 662,
    "_height": 883
  },
  "features": {
    "geometric_structural": {
      "leading_lines": {
        "diagonal": 0,
        "vertical": 6,
        "horizontal": 0,
        "curved": 122
      },
      "leading_lines_strength": 0.18740849194729137,
      "symmetry_vertical": 0.3979509011191445,
      "symmetry_horizontal": 0.28969223315187304,
      "symmetry_radial": 0.2567008916952993,
      "rule_of_thirds": {
        "alignment_score": 1,
        "num_salient_objects": 37
      },
      "golden_ratio": {
        "golden_alignment_score": 5
      },
      "balance": {
        "static_balance": 0.8368539214134216,
        "dynamic_balance": 1.0,
        "dominant_quadrant": 2
      },
      "layering": {
        "foreground_ratio": 0.26571650805270863,
        "midground_ratio": 0.21868994784040996,
        "background_ratio": 0.5155935441068814,
        "depth_complexity": 0.10697337802677871
      }
    },
    "spatial_layout": {
      "negative_space_ratio": 0.7467914989019033,
      "subject_isolation": 0.10000114385065886,
      "depth_of_field": {
        "blur_gradient_strength": 84.73225015059413,
        "sharpness_variance": 17291.02475964818,
        "min_sharpness": 0.19803537101114954,
        "max_sharpness": 604.9925490757777
      },
      "perspective": {
        "has_vanishing_point": 1,
        "perspective_strength": 0.9873015873015873
      }
    },
    "contrast_color": {
      "high_contrast_ratio": 0.4694620470351391,
      "low_contrast_ratio": 0.5305379529648608,
      "mean_contrast": 26.127124786376953,
      "highlight_ratio": 0.025891060009598732,
      "shadow_ratio": 0.4778750538825989,
      "midtone_ratio": 0.49623388051986694,
      "warm_color_ratio": 0.665778275988287,
      "cool_color_ratio": 0.011206876830161054,
      "complementary_color_score": 2.2777777777777777
    },
    "motion_dynamics": {
      "s_curve_count": 152,
      "motion_blur_score": 7.203235120466238,
      "dominant_direction_deg": 4.999999999999995,
      "direction_strength": 0.10202861914319286
    },
    "pattern_rhythm": {
      "repetition_score": 1.0,
      "rhythm_score": 1.0,
      "pattern_breaks": 12
    },
    "visual_mass_focus": {
      "point_of_interest": {
        "x": 0.466796875,
        "y": 0.5153733528550513,
        "strength": 1.0
      },
      "visual_mass_concentration": 0.1998049734626647,
      "mean_visual_weight": 0.14109839498996735,
      "face_count": 0,
      "has_directional_cues": 0
    },
    "framing_breathing": {
      "frame_in_frame_count": 0,
      "breathing_space": {
        "top": 0.6076134699853587,
        "bottom": 0.31771595900439237,
        "left": 0.349609375,
        "right": 0.548828125,
        "min_margin": 0.31771595900439237,
        "mean_margin": 0.4559417322474378
      },
      "corner_anchors": {
        "top_left": 0.21306531131267548,
        "top_right": 0.1684691607952118,
        "bottom_left": 0.26456397771835327,
        "bottom_right": 0.2031613290309906,
        "max_corner_weight": 0.26456397771835327,
        "has_corner_subject": 0
      }
    }
  }
}