{
  "meta": {
    "_dataset": "tvm board - Nov 22nd 2025 (5060 images)",
    "_label": "",
    "_relpath": "946. .jpg",
    "_filename": "946. .jpg",
    "_width": 1539,
    "_height": 1348
  },
  "features": {
    "geometric_structural": {
      "leading_lines": {
        "diagonal": 0,
        "vertical": 0,
        "horizontal": 0,
        "curved": 16
      },
      "leading_lines_strength": 0.02735042735042735,
      "symmetry_vertical": 0.6220071952360086,
      "symmetry_horizontal": 0.47625533978340867,
      "symmetry_radial": 0.4734126224633089,
      "rule_of_thirds": {
        "alignment_score": 1,
        "num_salient_objects": 3
      },
      "golden_ratio": {
        "golden_alignment_score": 2
      },
      "balance": {
        "static_balance": 0.9149447679519653,
        "dynamic_balance": 1.0,
        "dominant_quadrant": 2
      },
      "layering": {
        "foreground_ratio": 0.30380275106837606,
        "midground_ratio": 0.0,
        "background_ratio": 0.6961972489316239,
        "depth_complexity": 0.014496130436625504
      }
    },
    "spatial_layout": {
      "negative_space_ratio": 0.8181189903846153,
      "subject_isolation": 0.1,
      "depth_of_field": {
        "blur_gradient_strength": 18.09349141007843,
        "sharpness_variance": 1092.852578864345,
        "min_sharpness": 0.0,
        "max_sharpness": 204.1277735872149
      },
      "perspective": {
        "has_vanishing_point": 0,
        "perspective_strength": 0.0
      }
    },
    "contrast_color": {
      "high_contrast_ratio": 0.38209134615384616,
      "low_contrast_ratio": 0.6179086538461538,
      "mean_contrast": 9.06961441040039,
      "highlight_ratio": 0.005518829915672541,
      "shadow_ratio": 0.8661725521087646,
      "midtone_ratio": 0.12830859422683716,
      "warm_color_ratio": 0.9961304754273504,
      "cool_color_ratio": 0.0,
      "complementary_color_score": 0.0
    },
    "motion_dynamics": {
      "s_curve_count": 29,
      "motion_blur_score": 8.697906793831711,
      "dominant_direction_deg": 4.999999999999995,
      "direction_strength": 0.43395432692162805
    },
    "pattern_rhythm": {
      "repetition_score": 1.0,
      "rhythm_score": 1.0,
      "pattern_breaks": 3
    },
    "visual_mass_focus": {
      "point_of_interest": {
        "x": 0.5726495726495726,
        "y": 0.37890625,
        "strength": 1.0
      },
      "visual_mass_concentration": 0.1995292467948718,
      "mean_visual_weight": 0.19833701848983765,
      "face_count": 0,
      "has_directional_cues": 0
    },
    "framing_breathing": {
      "frame_in_frame_count": 0,
      "breathing_space": {
        "top": 0.275390625,
        "bottom": 0.619140625,
        "left": 0.7846153846153846,
        "right": 0.1658119658119658,
        "min_margin": 0.1658119658119658,
        "mean_margin": 0.4612396501068376
      },
      "corner_anchors": {
        "top_left": 0.053193796426057816,
        "top_right": 0.05469958856701851,
        "bottom_left": 0.1163603886961937,
        "bottom_right": 0.1307574212551117,
        "max_corner_weight": 0.1307574212551117,
        "has_corner_subject": 0
      }
    }
  }
}