{
  "meta": {
    "_dataset": "tvm board - Nov 22nd 2025 (5060 images)",
    "_label": "",
    "_relpath": "947. Romantic candle.jpg",
    "_filename": "947. Romantic candle.jpg",
    "_width": 2731,
    "_height": 4096
  },
  "features": {
    "geometric_structural": {
      "leading_lines": {
        "diagonal": 0,
        "vertical": 2,
        "horizontal": 2,
        "curved": 44
      },
      "leading_lines_strength": 0.0625,
      "symmetry_vertical": 0.5866416202352187,
      "symmetry_horizontal": 0.587154302222551,
      "symmetry_radial": 0.4438258365473147,
      "rule_of_thirds": {
        "alignment_score": 0,
        "num_salient_objects": 2
      },
      "golden_ratio": {
        "golden_alignment_score": 0
      },
      "balance": {
        "static_balance": 0.7870633602142334,
        "dynamic_balance": 1.0,
        "dominant_quadrant": 1
      },
      "layering": {
        "foreground_ratio": 0.1694793701171875,
        "midground_ratio": 0.19790140787760416,
        "background_ratio": 0.6326192220052084,
        "depth_complexity": 0.049760531502407196
      }
    },
    "spatial_layout": {
      "negative_space_ratio": 0.7983271280924479,
      "subject_isolation": 0.10000101725260417,
      "depth_of_field": {
        "blur_gradient_strength": 53.21583784504694,
        "sharpness_variance": 4212.564510906424,
        "min_sharpness": 18.617910982984835,
        "max_sharpness": 366.3333333333333
      },
      "perspective": {
        "has_vanishing_point": 1,
        "perspective_strength": 0.75
      }
    },
    "contrast_color": {
      "high_contrast_ratio": 0.364715576171875,
      "low_contrast_ratio": 0.635284423828125,
      "mean_contrast": 12.234500885009766,
      "highlight_ratio": 0.008733113296329975,
      "shadow_ratio": 0.7446517944335938,
      "midtone_ratio": 0.24661511182785034,
      "warm_color_ratio": 0.7744394938151041,
      "cool_color_ratio": 0.1051025390625,
      "complementary_color_score": 1.0
    },
    "motion_dynamics": {
      "s_curve_count": 48,
      "motion_blur_score": 10.586197645347044,
      "dominant_direction_deg": 4.999999999999995,
      "direction_strength": 0.038607279459537236
    },
    "pattern_rhythm": {
      "repetition_score": 1.0,
      "rhythm_score": 1.0,
      "pattern_breaks": 2
    },
    "visual_mass_focus": {
      "point_of_interest": {
        "x": 0.6640625,
        "y": 0.24348958333333334,
        "strength": 1.0
      },
      "visual_mass_concentration": 0.19959513346354166,
      "mean_visual_weight": 0.12659777700901031,
      "face_count": 0,
      "has_directional_cues": 0
    },
    "framing_breathing": {
      "frame_in_frame_count": 0,
      "breathing_space": {
        "top": 0.2747395833333333,
        "bottom": 0.6380208333333334,
        "left": 0.70703125,
        "right": 0.17578125,
        "min_margin": 0.17578125,
        "mean_margin": 0.4488932291666667
      },
      "corner_anchors": {
        "top_left": 0.07469002157449722,
        "top_right": 0.12413414567708969,
        "bottom_left": 0.10574878007173538,
        "bottom_right": 0.12963297963142395,
        "max_corner_weight": 0.12963297963142395,
        "has_corner_subject": 0
      }
    }
  }
}