{
  "meta": {
    "_dataset": "tvm board - Nov 22nd 2025 (5060 images)",
    "_label": "",
    "_relpath": "949. .jpg",
    "_filename": "949. .jpg",
    "_width": 500,
    "_height": 500
  },
  "features": {
    "geometric_structural": {
      "leading_lines": {
        "diagonal": 0,
        "vertical": 0,
        "horizontal": 0,
        "curved": 59
      },
      "leading_lines_strength": 0.115234375,
      "symmetry_vertical": 0.41243787889923944,
      "symmetry_horizontal": 0.3087423656775705,
      "symmetry_radial": 0.30507280516832297,
      "rule_of_thirds": {
        "alignment_score": 1,
        "num_salient_objects": 4
      },
      "golden_ratio": {
        "golden_alignment_score": 1
      },
      "balance": {
        "static_balance": 0.9002867341041565,
        "dynamic_balance": 1.0,
        "dominant_quadrant": 0
      },
      "layering": {
        "foreground_ratio": 0.23250579833984375,
        "midground_ratio": 0.13919830322265625,
        "background_ratio": 0.6282958984375,
        "depth_complexity": 0.042424609329493254
      }
    },
    "spatial_layout": {
      "negative_space_ratio": 0.775604248046875,
      "subject_isolation": 0.10000228881835938,
      "depth_of_field": {
        "blur_gradient_strength": 60.2947910172436,
        "sharpness_variance": 10048.952182856543,
        "min_sharpness": 0.0,
        "max_sharpness": 707.9681853133411
      },
      "perspective": {
        "has_vanishing_point": 1,
        "perspective_strength": 0.6
      }
    },
    "contrast_color": {
      "high_contrast_ratio": 0.41828155517578125,
      "low_contrast_ratio": 0.5817184448242188,
      "mean_contrast": 28.72490692138672,
      "highlight_ratio": 0.10535812377929688,
      "shadow_ratio": 0.5613937377929688,
      "midtone_ratio": 0.3332481384277344,
      "warm_color_ratio": 0.5290412902832031,
      "cool_color_ratio": 0.17769241333007812,
      "complementary_color_score": 2.388888888888889
    },
    "motion_dynamics": {
      "s_curve_count": 81,
      "motion_blur_score": 8.758991049457453,
      "dominant_direction_deg": 4.999999999999995,
      "direction_strength": 0.13238906860301058
    },
    "pattern_rhythm": {
      "repetition_score": 1.0,
      "rhythm_score": 1.0,
      "pattern_breaks": 3
    },
    "visual_mass_focus": {
      "point_of_interest": {
        "x": 0.51953125,
        "y": 0.107421875,
        "strength": 1.0
      },
      "visual_mass_concentration": 0.19991683959960938,
      "mean_visual_weight": 0.09077760577201843,
      "face_count": 0,
      "has_directional_cues": 0
    },
    "framing_breathing": {
      "frame_in_frame_count": 0,
      "breathing_space": {
        "top": 0.0,
        "bottom": 0.73828125,
        "left": 0.38671875,
        "right": 0.0,
        "min_margin": 0.0,
        "mean_margin": 0.28125
      },
      "corner_anchors": {
        "top_left": 0.6459799408912659,
        "top_right": 0.7540711164474487,
        "bottom_left": 0.32728278636932373,
        "bottom_right": 0.34311315417289734,
        "max_corner_weight": 0.7540711164474487,
        "has_corner_subject": 1
      }
    }
  }
}