{
  "meta": {
    "_dataset": "tvm board - Nov 22nd 2025 (5060 images)",
    "_label": "",
    "_relpath": "942. .jpg",
    "_filename": "942. .jpg",
    "_width": 1127,
    "_height": 1840
  },
  "features": {
    "geometric_structural": {
      "leading_lines": {
        "diagonal": 1,
        "vertical": 4,
        "horizontal": 0,
        "curved": 110
      },
      "leading_lines_strength": 0.1375598086124402,
      "symmetry_vertical": 0.36288403742904773,
      "symmetry_horizontal": 0.5377909658165554,
      "symmetry_radial": 0.2895981167127144,
      "rule_of_thirds": {
        "alignment_score": 0,
        "num_salient_objects": 3
      },
      "golden_ratio": {
        "golden_alignment_score": 2
      },
      "balance": {
        "static_balance": 0.8925502300262451,
        "dynamic_balance": 1.0,
        "dominant_quadrant": 1
      },
      "layering": {
        "foreground_ratio": 0.31402792314593303,
        "midground_ratio": 0.26382606907894735,
        "background_ratio": 0.4221460077751196,
        "depth_complexity": 0.0629649533744271
      }
    },
    "spatial_layout": {
      "negative_space_ratio": 0.4298393578050239,
      "subject_isolation": 0.10000186901913875,
      "depth_of_field": {
        "blur_gradient_strength": 533.5433571106598,
        "sharpness_variance": 3501099.764225238,
        "min_sharpness": 0.3967651515453865,
        "max_sharpness": 14262.607458669745
      },
      "perspective": {
        "has_vanishing_point": 1,
        "perspective_strength": 0.7379310344827587
      }
    },
    "contrast_color": {
      "high_contrast_ratio": 0.4153310967404306,
      "low_contrast_ratio": 0.5846689032595693,
      "mean_contrast": 13.864936828613281,
      "highlight_ratio": 0.008758691139519215,
      "shadow_ratio": 0.2759770154953003,
      "midtone_ratio": 0.7152643203735352,
      "warm_color_ratio": 0.9942551024222488,
      "cool_color_ratio": 0.0003410959928229665,
      "complementary_color_score": 1.0555555555555556
    },
    "motion_dynamics": {
      "s_curve_count": 125,
      "motion_blur_score": 13.12594569641401,
      "dominant_direction_deg": 4.999999999999995,
      "direction_strength": 0.19086890699716172
    },
    "pattern_rhythm": {
      "repetition_score": 1.0,
      "rhythm_score": 1.0,
      "pattern_breaks": 3
    },
    "visual_mass_focus": {
      "point_of_interest": {
        "x": 0.39453125,
        "y": 0.5717703349282297,
        "strength": 1.0
      },
      "visual_mass_concentration": 0.19965796949760767,
      "mean_visual_weight": 0.32046401500701904,
      "face_count": 0,
      "has_directional_cues": 0
    },
    "framing_breathing": {
      "frame_in_frame_count": 0,
      "breathing_space": {
        "top": 0.687799043062201,
        "bottom": 0.2703349282296651,
        "left": 0.353515625,
        "right": 0.533203125,
        "min_margin": 0.2703349282296651,
        "mean_margin": 0.46121318032296654
      },
      "corner_anchors": {
        "top_left": 0.22847869992256165,
        "top_right": 0.4403386414051056,
        "bottom_left": 0.0881810411810875,
        "bottom_right": 0.08480828255414963,
        "max_corner_weight": 0.4403386414051056,
        "has_corner_subject": 1
      }
    }
  }
}