{
  "meta": {
    "_dataset": "tvm board - Nov 22nd 2025 (5060 images)",
    "_label": "",
    "_relpath": "977. _______\ud83d\udd87\ufe0f_______\ud83d\udddd\ufe0f.jpg",
    "_filename": "977. _______\ud83d\udd87\ufe0f_______\ud83d\udddd\ufe0f.jpg",
    "_width": 1080,
    "_height": 1146
  },
  "features": {
    "geometric_structural": {
      "leading_lines": {
        "diagonal": 0,
        "vertical": 1,
        "horizontal": 0,
        "curved": 139
      },
      "leading_lines_strength": 0.2578268876611418,
      "symmetry_vertical": 0.3315420465498935,
      "symmetry_horizontal": 0.38890439219697004,
      "symmetry_radial": 0.2795200432281101,
      "rule_of_thirds": {
        "alignment_score": 0,
        "num_salient_objects": 6
      },
      "golden_ratio": {
        "golden_alignment_score": 1
      },
      "balance": {
        "static_balance": 0.935853123664856,
        "dynamic_balance": 1.0,
        "dominant_quadrant": 0
      },
      "layering": {
        "foreground_ratio": 0.3227727900552486,
        "midground_ratio": 0.24688147444751382,
        "background_ratio": 0.4303457354972376,
        "depth_complexity": 0.283478777190965
      }
    },
    "spatial_layout": {
      "negative_space_ratio": 0.6555450046040515,
      "subject_isolation": 0.10000143876611418,
      "depth_of_field": {
        "blur_gradient_strength": 119.65061732019498,
        "sharpness_variance": 25670.876856587613,
        "min_sharpness": 113.06389211495711,
        "max_sharpness": 1579.0050941945403
      },
      "perspective": {
        "has_vanishing_point": 1,
        "perspective_strength": 0.6842105263157895
      }
    },
    "contrast_color": {
      "high_contrast_ratio": 0.46392653660220995,
      "low_contrast_ratio": 0.53607346339779,
      "mean_contrast": 25.702545166015625,
      "highlight_ratio": 0.06165112927556038,
      "shadow_ratio": 0.38101404905319214,
      "midtone_ratio": 0.557334840297699,
      "warm_color_ratio": 0.7963714318600368,
      "cool_color_ratio": 0.0013452463167587477,
      "complementary_color_score": 0.0
    },
    "motion_dynamics": {
      "s_curve_count": 128,
      "motion_blur_score": 10.67805311469096,
      "dominant_direction_deg": 175.0,
      "direction_strength": 0.044393128452878995
    },
    "pattern_rhythm": {
      "repetition_score": 1.0,
      "rhythm_score": 1.0,
      "pattern_breaks": 2
    },
    "visual_mass_focus": {
      "point_of_interest": {
        "x": 0.47265625,
        "y": 0.2302025782688766,
        "strength": 1.0
      },
      "visual_mass_concentration": 0.1995352785451197,
      "mean_visual_weight": 0.11751336604356766,
      "face_count": 0,
      "has_directional_cues": 0
    },
    "framing_breathing": {
      "frame_in_frame_count": 0,
      "breathing_space": {
        "top": 0.0,
        "bottom": 0.4585635359116022,
        "left": 0.16796875,
        "right": 0.35546875,
        "min_margin": 0.0,
        "mean_margin": 0.24550025897790057
      },
      "corner_anchors": {
        "top_left": 0.30594736337661743,
        "top_right": 0.2794777750968933,
        "bottom_left": 0.3714803159236908,
        "bottom_right": 0.3898533582687378,
        "max_corner_weight": 0.3898533582687378,
        "has_corner_subject": 1
      }
    }
  }
}