{
  "meta": {
    "_dataset": "tvm board - Nov 22nd 2025 (5060 images)",
    "_label": "",
    "_relpath": "981. .jpg",
    "_filename": "981. .jpg",
    "_width": 601,
    "_height": 902
  },
  "features": {
    "geometric_structural": {
      "leading_lines": {
        "diagonal": 0,
        "vertical": 0,
        "horizontal": 0,
        "curved": 94
      },
      "leading_lines_strength": 0.12239583333333333,
      "symmetry_vertical": 0.4984652102813845,
      "symmetry_horizontal": 0.5149279405375133,
      "symmetry_radial": 0.44366640694003334,
      "rule_of_thirds": {
        "alignment_score": 0,
        "num_salient_objects": 20
      },
      "golden_ratio": {
        "golden_alignment_score": 0
      },
      "balance": {
        "static_balance": 0.9819433093070984,
        "dynamic_balance": 1.0,
        "dominant_quadrant": 1
      },
      "layering": {
        "foreground_ratio": 0.27091725667317706,
        "midground_ratio": 0.2877298990885417,
        "background_ratio": 0.44135284423828125,
        "depth_complexity": 0.06473340497439495
      }
    },
    "spatial_layout": {
      "negative_space_ratio": 0.4743855794270833,
      "subject_isolation": 0.10000101725260417,
      "depth_of_field": {
        "blur_gradient_strength": 75.42788085311877,
        "sharpness_variance": 15171.347127124765,
        "min_sharpness": 0.0,
        "max_sharpness": 836.8563052672049
      },
      "perspective": {
        "has_vanishing_point": 0,
        "perspective_strength": 0.0
      }
    },
    "contrast_color": {
      "high_contrast_ratio": 0.4111480712890625,
      "low_contrast_ratio": 0.5888519287109375,
      "mean_contrast": 19.03285789489746,
      "highlight_ratio": 0.0,
      "shadow_ratio": 0.4743855893611908,
      "midtone_ratio": 0.5256143808364868,
      "warm_color_ratio": 0.6366933186848959,
      "cool_color_ratio": 0.059939066569010414,
      "complementary_color_score": 2.111111111111111
    },
    "motion_dynamics": {
      "s_curve_count": 65,
      "motion_blur_score": 7.144318956777012,
      "dominant_direction_deg": 4.999999999999995,
      "direction_strength": 0.21807607014918498
    },
    "pattern_rhythm": {
      "repetition_score": 1.0,
      "rhythm_score": 1.0,
      "pattern_breaks": 1
    },
    "visual_mass_focus": {
      "point_of_interest": {
        "x": 0.404296875,
        "y": 0.12109375,
        "strength": 1.0
      },
      "visual_mass_concentration": 0.19915262858072916,
      "mean_visual_weight": 0.15344877541065216,
      "face_count": 0,
      "has_directional_cues": 0
    },
    "framing_breathing": {
      "frame_in_frame_count": 0,
      "breathing_space": {
        "top": 0.4921875,
        "bottom": 0.0,
        "left": 0.0,
        "right": 0.0,
        "min_margin": 0.0,
        "mean_margin": 0.123046875
      },
      "corner_anchors": {
        "top_left": 0.5791829228401184,
        "top_right": 0.6275225877761841,
        "bottom_left": 0.5323276519775391,
        "bottom_right": 0.6348695755004883,
        "max_corner_weight": 0.6348695755004883,
        "has_corner_subject": 1
      }
    }
  }
}