{
  "meta": {
    "_dataset": "tvm board - Nov 22nd 2025 (5060 images)",
    "_label": "",
    "_relpath": "992. .jpg",
    "_filename": "992. .jpg",
    "_width": 1200,
    "_height": 800
  },
  "features": {
    "geometric_structural": {
      "leading_lines": {
        "diagonal": 1,
        "vertical": 0,
        "horizontal": 3,
        "curved": 20
      },
      "leading_lines_strength": 0.03125,
      "symmetry_vertical": 0.5216832765060097,
      "symmetry_horizontal": 0.695225799310741,
      "symmetry_radial": 0.4251945524429184,
      "rule_of_thirds": {
        "alignment_score": 0,
        "num_salient_objects": 2
      },
      "golden_ratio": {
        "golden_alignment_score": 1
      },
      "balance": {
        "static_balance": 0.9242520928382874,
        "dynamic_balance": 1.0,
        "dominant_quadrant": 0
      },
      "layering": {
        "foreground_ratio": 0.3121388753255208,
        "midground_ratio": 0.0,
        "background_ratio": 0.6878611246744791,
        "depth_complexity": 0.059328541636363516
      }
    },
    "spatial_layout": {
      "negative_space_ratio": 0.8029886881510416,
      "subject_isolation": 0.10000101725260417,
      "depth_of_field": {
        "blur_gradient_strength": 56.43064806075882,
        "sharpness_variance": 25348.689046057323,
        "min_sharpness": 0.0,
        "max_sharpness": 939.3515403311743
      },
      "perspective": {
        "has_vanishing_point": 1,
        "perspective_strength": 0.9710144927536232
      }
    },
    "contrast_color": {
      "high_contrast_ratio": 0.33734893798828125,
      "low_contrast_ratio": 0.6626510620117188,
      "mean_contrast": 10.657877922058105,
      "highlight_ratio": 0.01671854592859745,
      "shadow_ratio": 0.7304585576057434,
      "midtone_ratio": 0.2528228759765625,
      "warm_color_ratio": 0.5946426391601562,
      "cool_color_ratio": 0.0265350341796875,
      "complementary_color_score": 2.0
    },
    "motion_dynamics": {
      "s_curve_count": 37,
      "motion_blur_score": 9.541584348434478,
      "dominant_direction_deg": 4.999999999999995,
      "direction_strength": 0.3470687866202111
    },
    "pattern_rhythm": {
      "repetition_score": 1.0,
      "rhythm_score": 1.0,
      "pattern_breaks": 1
    },
    "visual_mass_focus": {
      "point_of_interest": {
        "x": 0.3932291666666667,
        "y": 0.39453125,
        "strength": 1.0
      },
      "visual_mass_concentration": 0.19991302490234375,
      "mean_visual_weight": 0.08682919293642044,
      "face_count": 0,
      "has_directional_cues": 0
    },
    "framing_breathing": {
      "frame_in_frame_count": 0,
      "breathing_space": {
        "top": 0.28125,
        "bottom": 0.48828125,
        "left": 0.328125,
        "right": 0.5364583333333334,
        "min_margin": 0.28125,
        "mean_margin": 0.40852864583333337
      },
      "corner_anchors": {
        "top_left": 0.11340752989053726,
        "top_right": 0.18342748284339905,
        "bottom_left": 0.1591290384531021,
        "bottom_right": 0.16600337624549866,
        "max_corner_weight": 0.18342748284339905,
        "has_corner_subject": 0
      }
    }
  }
}