{
  "meta": {
    "_dataset": "tvm board - Nov 22nd 2025 (5060 images)",
    "_label": "",
    "_relpath": "1015. .jpg",
    "_filename": "1015. .jpg",
    "_width": 640,
    "_height": 640
  },
  "features": {
    "geometric_structural": {
      "leading_lines": {
        "diagonal": 30,
        "vertical": 0,
        "horizontal": 1,
        "curved": 288
      },
      "leading_lines_strength": 0.623046875,
      "symmetry_vertical": 0.4355127153549075,
      "symmetry_horizontal": 0.33668963795735246,
      "symmetry_radial": 0.3719656749451284,
      "rule_of_thirds": {
        "alignment_score": 0,
        "num_salient_objects": 22
      },
      "golden_ratio": {
        "golden_alignment_score": 2
      },
      "balance": {
        "static_balance": 0.9653108716011047,
        "dynamic_balance": 1.0,
        "dominant_quadrant": 2
      },
      "layering": {
        "foreground_ratio": 0.3225860595703125,
        "midground_ratio": 0.12160110473632812,
        "background_ratio": 0.5558128356933594,
        "depth_complexity": 0.7542752950374124
      }
    },
    "spatial_layout": {
      "negative_space_ratio": 0.3512153625488281,
      "subject_isolation": 0.10000228881835938,
      "depth_of_field": {
        "blur_gradient_strength": 629.5069381686811,
        "sharpness_variance": 1520218.258818307,
        "min_sharpness": 3.3697925604871166,
        "max_sharpness": 5522.858612072282
      },
      "perspective": {
        "has_vanishing_point": 1,
        "perspective_strength": 0.9987652143235138
      }
    },
    "contrast_color": {
      "high_contrast_ratio": 0.4484367370605469,
      "low_contrast_ratio": 0.5515632629394531,
      "mean_contrast": 22.196638107299805,
      "highlight_ratio": 0.5843086242675781,
      "shadow_ratio": 0.0,
      "midtone_ratio": 0.4156913757324219,
      "warm_color_ratio": 0.8347358703613281,
      "cool_color_ratio": 0.0,
      "complementary_color_score": 0.0
    },
    "motion_dynamics": {
      "s_curve_count": 175,
      "motion_blur_score": 13.196168622727875,
      "dominant_direction_deg": 4.999999999999995,
      "direction_strength": 0.08549118041959575
    },
    "pattern_rhythm": {
      "repetition_score": 1.0,
      "rhythm_score": 1.0,
      "pattern_breaks": 7
    },
    "visual_mass_focus": {
      "point_of_interest": {
        "x": 0.2265625,
        "y": 0.751953125,
        "strength": 1.0
      },
      "visual_mass_concentration": 0.19997406005859375,
      "mean_visual_weight": 0.38436657190322876,
      "face_count": 0,
      "has_directional_cues": 0
    },
    "framing_breathing": {
      "frame_in_frame_count": 0,
      "breathing_space": {
        "top": 0.533203125,
        "bottom": 0.0,
        "left": 0.0,
        "right": 0.7265625,
        "min_margin": 0.0,
        "mean_margin": 0.31494140625
      },
      "corner_anchors": {
        "top_left": 0.5733357071876526,
        "top_right": 0.4372321665287018,
        "bottom_left": 0.6475785970687866,
        "bottom_right": 0.6904287338256836,
        "max_corner_weight": 0.6904287338256836,
        "has_corner_subject": 1
      }
    }
  }
}