{
  "meta": {
    "_dataset": "tvm board - Nov 22nd 2025 (5060 images)",
    "_label": "",
    "_relpath": "1031. .jpg",
    "_filename": "1031. .jpg",
    "_width": 384,
    "_height": 640
  },
  "features": {
    "geometric_structural": {
      "leading_lines": {
        "diagonal": 0,
        "vertical": 0,
        "horizontal": 0,
        "curved": 2
      },
      "leading_lines_strength": 0.0023446658851113715,
      "symmetry_vertical": 0.9001715796307821,
      "symmetry_horizontal": 0.6476826742342142,
      "symmetry_radial": 0.5084997277213532,
      "rule_of_thirds": {
        "alignment_score": 0,
        "num_salient_objects": 2
      },
      "golden_ratio": {
        "golden_alignment_score": 2
      },
      "balance": {
        "static_balance": 0.9097157716751099,
        "dynamic_balance": 1.0,
        "dominant_quadrant": 2
      },
      "layering": {
        "foreground_ratio": 0.23486041910902697,
        "midground_ratio": 0.42080570413247365,
        "background_ratio": 0.3443338767584994,
        "depth_complexity": 0.011809733998254168
      }
    },
    "spatial_layout": {
      "negative_space_ratio": 0.742737031066823,
      "subject_isolation": 0.10000091588511137,
      "depth_of_field": {
        "blur_gradient_strength": 5.755575605549054,
        "sharpness_variance": 84.52666025131379,
        "min_sharpness": 1.4557601466682217,
        "max_sharpness": 86.17814932623585
      },
      "perspective": {
        "has_vanishing_point": 0,
        "perspective_strength": 0.0
      }
    },
    "contrast_color": {
      "high_contrast_ratio": 0.3415679037221571,
      "low_contrast_ratio": 0.6584320962778429,
      "mean_contrast": 8.64380931854248,
      "highlight_ratio": 0.04794887453317642,
      "shadow_ratio": 0.40498608350753784,
      "midtone_ratio": 0.547065019607544,
      "warm_color_ratio": 0.9719235419109027,
      "cool_color_ratio": 0.0,
      "complementary_color_score": 0.0
    },
    "motion_dynamics": {
      "s_curve_count": 7,
      "motion_blur_score": 29.359329493413753,
      "dominant_direction_deg": 4.999999999999995,
      "direction_strength": 0.08308222816510871
    },
    "pattern_rhythm": {
      "repetition_score": 1.0,
      "rhythm_score": 1.0,
      "pattern_breaks": 1
    },
    "visual_mass_focus": {
      "point_of_interest": {
        "x": 0.494140625,
        "y": 0.6260257913247362,
        "strength": 1.0
      },
      "visual_mass_concentration": 0.19975683250293083,
      "mean_visual_weight": 0.2572323679924011,
      "face_count": 0,
      "has_directional_cues": 0
    },
    "framing_breathing": {
      "frame_in_frame_count": 0,
      "breathing_space": {
        "top": 0.4396248534583822,
        "bottom": 0.1969519343493552,
        "left": 0.359375,
        "right": 0.3671875,
        "min_margin": 0.1969519343493552,
        "mean_margin": 0.3407848219519344
      },
      "corner_anchors": {
        "top_left": 0.31069329380989075,
        "top_right": 0.31373170018196106,
        "bottom_left": 0.20667392015457153,
        "bottom_right": 0.2003519982099533,
        "max_corner_weight": 0.31373170018196106,
        "has_corner_subject": 1
      }
    }
  }
}