{
  "meta": {
    "_dataset": "tvm board - Nov 22nd 2025 (5060 images)",
    "_label": "",
    "_relpath": "1025. .jpg",
    "_filename": "1025. .jpg",
    "_width": 548,
    "_height": 673
  },
  "features": {
    "geometric_structural": {
      "leading_lines": {
        "diagonal": 0,
        "vertical": 0,
        "horizontal": 0,
        "curved": 1
      },
      "leading_lines_strength": 0.001589825119236884,
      "symmetry_vertical": 0.7640637357220751,
      "symmetry_horizontal": 0.8715264225877745,
      "symmetry_radial": 0.6671235216332777,
      "rule_of_thirds": {
        "alignment_score": 1,
        "num_salient_objects": 2
      },
      "golden_ratio": {
        "golden_alignment_score": 2
      },
      "balance": {
        "static_balance": 0.7652984857559204,
        "dynamic_balance": 1.0,
        "dominant_quadrant": 3
      },
      "layering": {
        "foreground_ratio": 0.07436158585055644,
        "midground_ratio": 0.3994715073529412,
        "background_ratio": 0.5261669067965024,
        "depth_complexity": 0.004071403423834429
      }
    },
    "spatial_layout": {
      "negative_space_ratio": 0.4990591464626391,
      "subject_isolation": 0.1000006210254372,
      "depth_of_field": {
        "blur_gradient_strength": 1.8086167834524076,
        "sharpness_variance": 4.646028502508871,
        "min_sharpness": 1.5700322872890249,
        "max_sharpness": 15.297547552541307
      },
      "perspective": {
        "has_vanishing_point": 0,
        "perspective_strength": 0.0
      }
    },
    "contrast_color": {
      "high_contrast_ratio": 0.32036528716216217,
      "low_contrast_ratio": 0.6796347128378378,
      "mean_contrast": 7.96264123916626,
      "highlight_ratio": 0.0,
      "shadow_ratio": 0.2565704584121704,
      "midtone_ratio": 0.7434295415878296,
      "warm_color_ratio": 0.6116727941176471,
      "cool_color_ratio": 0.25701758744038156,
      "complementary_color_score": 0.6666666666666666
    },
    "motion_dynamics": {
      "s_curve_count": 2,
      "motion_blur_score": 31.393609000393873,
      "dominant_direction_deg": 4.999999999999995,
      "direction_strength": 0.18278641693106995
    },
    "pattern_rhythm": {
      "repetition_score": 1.0,
      "rhythm_score": 1.0,
      "pattern_breaks": 2
    },
    "visual_mass_focus": {
      "point_of_interest": {
        "x": 0.513671875,
        "y": 0.4451510333863275,
        "strength": 1.0
      },
      "visual_mass_concentration": 0.1999732959062003,
      "mean_visual_weight": 0.10911865532398224,
      "face_count": 0,
      "has_directional_cues": 0
    },
    "framing_breathing": {
      "frame_in_frame_count": 0,
      "breathing_space": {
        "top": 0.40858505564387915,
        "bottom": 0.0,
        "left": 0.587890625,
        "right": 0.34375,
        "min_margin": 0.0,
        "mean_margin": 0.3350564201609698
      },
      "corner_anchors": {
        "top_left": 0.027353331446647644,
        "top_right": 0.3294326066970825,
        "bottom_left": 0.17554520070552826,
        "bottom_right": 0.28377118706703186,
        "max_corner_weight": 0.3294326066970825,
        "has_corner_subject": 1
      }
    }
  }
}