{
  "meta": {
    "_dataset": "tvm board - Nov 22nd 2025 (5060 images)",
    "_label": "",
    "_relpath": "1033. .jpg",
    "_filename": "1033. .jpg",
    "_width": 428,
    "_height": 580
  },
  "features": {
    "geometric_structural": {
      "leading_lines": {
        "diagonal": 0,
        "vertical": 1,
        "horizontal": 0,
        "curved": 15
      },
      "leading_lines_strength": 0.023054755043227664,
      "symmetry_vertical": 0.48867184309186795,
      "symmetry_horizontal": 0.4396284918044408,
      "symmetry_radial": 0.38323955336898824,
      "rule_of_thirds": {
        "alignment_score": 1,
        "num_salient_objects": 7
      },
      "golden_ratio": {
        "golden_alignment_score": 2
      },
      "balance": {
        "static_balance": 0.8565016388893127,
        "dynamic_balance": 1.0,
        "dominant_quadrant": 1
      },
      "layering": {
        "foreground_ratio": 0.23984037283861673,
        "midground_ratio": 0.3716453530259366,
        "background_ratio": 0.3885142741354467,
        "depth_complexity": 0.06396368143030992
      }
    },
    "spatial_layout": {
      "negative_space_ratio": 0.9007086410302594,
      "subject_isolation": 0.10000056286023054,
      "depth_of_field": {
        "blur_gradient_strength": 72.56669922494353,
        "sharpness_variance": 16442.991557245718,
        "min_sharpness": 0.4113802383698578,
        "max_sharpness": 919.7136708872359
      },
      "perspective": {
        "has_vanishing_point": 1,
        "perspective_strength": 0.6666666666666666
      }
    },
    "contrast_color": {
      "high_contrast_ratio": 0.3074398865273775,
      "low_contrast_ratio": 0.6925601134726225,
      "mean_contrast": 24.502315521240234,
      "highlight_ratio": 0.05236288905143738,
      "shadow_ratio": 0.7204442024230957,
      "midtone_ratio": 0.22719287872314453,
      "warm_color_ratio": 0.7325260041426513,
      "cool_color_ratio": 0.11465744326368876,
      "complementary_color_score": 2.4444444444444446
    },
    "motion_dynamics": {
      "s_curve_count": 33,
      "motion_blur_score": 8.22753180554003,
      "dominant_direction_deg": 4.999999999999995,
      "direction_strength": 0.11909841048237375
    },
    "pattern_rhythm": {
      "repetition_score": 1.0,
      "rhythm_score": 1.0,
      "pattern_breaks": 5
    },
    "visual_mass_focus": {
      "point_of_interest": {
        "x": 0.474609375,
        "y": 0.3227665706051873,
        "strength": 1.0
      },
      "visual_mass_concentration": 0.19988011077089338,
      "mean_visual_weight": 0.18938997387886047,
      "face_count": 0,
      "has_directional_cues": 0
    },
    "framing_breathing": {
      "frame_in_frame_count": 0,
      "breathing_space": {
        "top": 0.04610951008645533,
        "bottom": 0.7017291066282421,
        "left": 0.142578125,
        "right": 0.7578125,
        "min_margin": 0.04610951008645533,
        "mean_margin": 0.41205731042867433
      },
      "corner_anchors": {
        "top_left": 0.296884685754776,
        "top_right": 0.22400157153606415,
        "bottom_left": 0.1380048394203186,
        "bottom_right": 0.12200669199228287,
        "max_corner_weight": 0.296884685754776,
        "has_corner_subject": 0
      }
    }
  }
}