{
  "meta": {
    "_dataset": "tvm board - Nov 22nd 2025 (5060 images)",
    "_label": "",
    "_relpath": "1038. #\u0634\u0645\u0648\u0639 #\u062a\u0635\u0648\u064a\u0631\u064a.jpg",
    "_filename": "1038. #\u0634\u0645\u0648\u0639 #\u062a\u0635\u0648\u064a\u0631\u064a.jpg",
    "_width": 744,
    "_height": 992
  },
  "features": {
    "geometric_structural": {
      "leading_lines": {
        "diagonal": 0,
        "vertical": 2,
        "horizontal": 0,
        "curved": 71
      },
      "leading_lines_strength": 0.10688140556368961,
      "symmetry_vertical": 0.46369999289051944,
      "symmetry_horizontal": 0.33615371367936364,
      "symmetry_radial": 0.2998152831589633,
      "rule_of_thirds": {
        "alignment_score": 2,
        "num_salient_objects": 21
      },
      "golden_ratio": {
        "golden_alignment_score": 4
      },
      "balance": {
        "static_balance": 0.8821113109588623,
        "dynamic_balance": 1.0,
        "dominant_quadrant": 1
      },
      "layering": {
        "foreground_ratio": 0.2327078376647145,
        "midground_ratio": 0.431108734443631,
        "background_ratio": 0.33618342789165445,
        "depth_complexity": 0.04052492784421648
      }
    },
    "spatial_layout": {
      "negative_space_ratio": 0.7339374771229868,
      "subject_isolation": 0.09999828422401172,
      "depth_of_field": {
        "blur_gradient_strength": 54.64533282744482,
        "sharpness_variance": 10106.613104521388,
        "min_sharpness": 0.63920030757401,
        "max_sharpness": 831.6544598231451
      },
      "perspective": {
        "has_vanishing_point": 1,
        "perspective_strength": 0.7777777777777778
      }
    },
    "contrast_color": {
      "high_contrast_ratio": 0.402521046852123,
      "low_contrast_ratio": 0.597478953147877,
      "mean_contrast": 22.47040557861328,
      "highlight_ratio": 0.05765293166041374,
      "shadow_ratio": 0.4479776620864868,
      "midtone_ratio": 0.49436938762664795,
      "warm_color_ratio": 0.9676147282210834,
      "cool_color_ratio": 0.0002173316251830161,
      "complementary_color_score": 2.7222222222222223
    },
    "motion_dynamics": {
      "s_curve_count": 118,
      "motion_blur_score": 12.018588753870267,
      "dominant_direction_deg": 4.999999999999995,
      "direction_strength": 0.08477649158101672
    },
    "pattern_rhythm": {
      "repetition_score": 1.0,
      "rhythm_score": 1.0,
      "pattern_breaks": 18
    },
    "visual_mass_focus": {
      "point_of_interest": {
        "x": 0.5390625,
        "y": 0.2840409956076135,
        "strength": 1.0
      },
      "visual_mass_concentration": 0.1998993411420205,
      "mean_visual_weight": 0.2562478184700012,
      "face_count": 0,
      "has_directional_cues": 0
    },
    "framing_breathing": {
      "frame_in_frame_count": 0,
      "breathing_space": {
        "top": 0.1683748169838946,
        "bottom": 0.5461200585651538,
        "left": 0.546875,
        "right": 0.294921875,
        "min_margin": 0.1683748169838946,
        "mean_margin": 0.3890729376372621
      },
      "corner_anchors": {
        "top_left": 0.2770446240901947,
        "top_right": 0.18483753502368927,
        "bottom_left": 0.3402254581451416,
        "bottom_right": 0.3964955806732178,
        "max_corner_weight": 0.3964955806732178,
        "has_corner_subject": 1
      }
    }
  }
}