{
  "meta": {
    "_dataset": "tvm board - Nov 22nd 2025 (5060 images)",
    "_label": "",
    "_relpath": "1052. .jpg",
    "_filename": "1052. .jpg",
    "_width": 850,
    "_height": 852
  },
  "features": {
    "geometric_structural": {
      "leading_lines": {
        "diagonal": 0,
        "vertical": 0,
        "horizontal": 2,
        "curved": 41
      },
      "leading_lines_strength": 0.08382066276803118,
      "symmetry_vertical": 0.47495809700444813,
      "symmetry_horizontal": 0.42243384691115776,
      "symmetry_radial": 0.42349062199282067,
      "rule_of_thirds": {
        "alignment_score": 0,
        "num_salient_objects": 3
      },
      "golden_ratio": {
        "golden_alignment_score": 3
      },
      "balance": {
        "static_balance": 0.9069090485572815,
        "dynamic_balance": 1.0,
        "dominant_quadrant": 3
      },
      "layering": {
        "foreground_ratio": 0.31714485867446396,
        "midground_ratio": 0.20450703581871346,
        "background_ratio": 0.4783481055068226,
        "depth_complexity": 0.1357388960961879
      }
    },
    "spatial_layout": {
      "negative_space_ratio": 0.6034813596491229,
      "subject_isolation": 0.10000152290448343,
      "depth_of_field": {
        "blur_gradient_strength": 88.28234865156925,
        "sharpness_variance": 17270.168795485726,
        "min_sharpness": 3.4722222222222228,
        "max_sharpness": 748.5103812880061
      },
      "perspective": {
        "has_vanishing_point": 0,
        "perspective_strength": 0.0
      }
    },
    "contrast_color": {
      "high_contrast_ratio": 0.34659402412280704,
      "low_contrast_ratio": 0.653405975877193,
      "mean_contrast": 17.998462677001953,
      "highlight_ratio": 0.03748629242181778,
      "shadow_ratio": 0.4186045527458191,
      "midtone_ratio": 0.5439091324806213,
      "warm_color_ratio": 0.6773346125730995,
      "cool_color_ratio": 0.17505787037037038,
      "complementary_color_score": 2.4444444444444446
    },
    "motion_dynamics": {
      "s_curve_count": 49,
      "motion_blur_score": 11.492733483936647,
      "dominant_direction_deg": -85.0,
      "direction_strength": 0.035300925925791524
    },
    "pattern_rhythm": {
      "repetition_score": 1.0,
      "rhythm_score": 1.0,
      "pattern_breaks": 2
    },
    "visual_mass_focus": {
      "point_of_interest": {
        "x": 0.65625,
        "y": 0.49902534113060426,
        "strength": 1.0
      },
      "visual_mass_concentration": 0.19998781676413255,
      "mean_visual_weight": 0.22956344485282898,
      "face_count": 0,
      "has_directional_cues": 0
    },
    "framing_breathing": {
      "frame_in_frame_count": 0,
      "breathing_space": {
        "top": 0.31773879142300193,
        "bottom": 0.37037037037037035,
        "left": 0.458984375,
        "right": 0.21875,
        "min_margin": 0.21875,
        "mean_margin": 0.3414608841983431
      },
      "corner_anchors": {
        "top_left": 0.09938227385282516,
        "top_right": 0.3666464686393738,
        "bottom_left": 0.3974674940109253,
        "bottom_right": 0.40154796838760376,
        "max_corner_weight": 0.40154796838760376,
        "has_corner_subject": 1
      }
    }
  }
}