{
  "meta": {
    "_dataset": "tvm board - Nov 22nd 2025 (5060 images)",
    "_label": "",
    "_relpath": "1061. .jpg",
    "_filename": "1061. .jpg",
    "_width": 491,
    "_height": 428
  },
  "features": {
    "geometric_structural": {
      "leading_lines": {
        "diagonal": 0,
        "vertical": 0,
        "horizontal": 0,
        "curved": 82
      },
      "leading_lines_strength": 0.13969335604770017,
      "symmetry_vertical": 0.49441365946673843,
      "symmetry_horizontal": 0.42120972115344474,
      "symmetry_radial": 0.3693696639308686,
      "rule_of_thirds": {
        "alignment_score": 7,
        "num_salient_objects": 21
      },
      "golden_ratio": {
        "golden_alignment_score": 12
      },
      "balance": {
        "static_balance": 0.9189329147338867,
        "dynamic_balance": 1.0,
        "dominant_quadrant": 1
      },
      "layering": {
        "foreground_ratio": 0.2822748083475298,
        "midground_ratio": 0.25703723913969334,
        "background_ratio": 0.46068795251277683,
        "depth_complexity": 0.034828119460629886
      }
    },
    "spatial_layout": {
      "negative_space_ratio": 0.7314869037478705,
      "subject_isolation": 0.10000199637989779,
      "depth_of_field": {
        "blur_gradient_strength": 35.290724294301086,
        "sharpness_variance": 5235.836178874475,
        "min_sharpness": 0.0,
        "max_sharpness": 514.0386835513091
      },
      "perspective": {
        "has_vanishing_point": 1,
        "perspective_strength": 0.8
      }
    },
    "contrast_color": {
      "high_contrast_ratio": 0.4327153428449744,
      "low_contrast_ratio": 0.5672846571550256,
      "mean_contrast": 21.34210777282715,
      "highlight_ratio": 0.032121751457452774,
      "shadow_ratio": 0.591314435005188,
      "midtone_ratio": 0.37656378746032715,
      "warm_color_ratio": 0.9999733816013628,
      "cool_color_ratio": 0.0,
      "complementary_color_score": 0.0
    },
    "motion_dynamics": {
      "s_curve_count": 86,
      "motion_blur_score": 9.572848958140492,
      "dominant_direction_deg": 4.999999999999995,
      "direction_strength": 0.2565547806635416
    },
    "pattern_rhythm": {
      "repetition_score": 1.0,
      "rhythm_score": 1.0,
      "pattern_breaks": 15
    },
    "visual_mass_focus": {
      "point_of_interest": {
        "x": 0.5315161839863713,
        "y": 0.369140625,
        "strength": 1.0
      },
      "visual_mass_concentration": 0.20000066545996592,
      "mean_visual_weight": 0.3752541244029999,
      "face_count": 0,
      "has_directional_cues": 0
    },
    "framing_breathing": {
      "frame_in_frame_count": 0,
      "breathing_space": {
        "top": 0.12109375,
        "bottom": 0.40234375,
        "left": 0.3321976149914821,
        "right": 0.12265758091993186,
        "min_margin": 0.12109375,
        "mean_margin": 0.24457317397785347
      },
      "corner_anchors": {
        "top_left": 0.23534753918647766,
        "top_right": 0.2070954293012619,
        "bottom_left": 0.2528105676174164,
        "bottom_right": 0.263052374124527,
        "max_corner_weight": 0.263052374124527,
        "has_corner_subject": 0
      }
    }
  }
}