{
  "meta": {
    "_dataset": "tvm board - Nov 22nd 2025 (5060 images)",
    "_label": "",
    "_relpath": "1064. Ancient Egypt.jpg",
    "_filename": "1064. Ancient Egypt.jpg",
    "_width": 1280,
    "_height": 1600
  },
  "features": {
    "geometric_structural": {
      "leading_lines": {
        "diagonal": 39,
        "vertical": 0,
        "horizontal": 0,
        "curved": 506
      },
      "leading_lines_strength": 0.8515625,
      "symmetry_vertical": 0.2480441014917591,
      "symmetry_horizontal": 0.25557591414918873,
      "symmetry_radial": 0.20028084275388167,
      "rule_of_thirds": {
        "alignment_score": 2,
        "num_salient_objects": 10
      },
      "golden_ratio": {
        "golden_alignment_score": 3
      },
      "balance": {
        "static_balance": 0.8515389561653137,
        "dynamic_balance": 1.0,
        "dominant_quadrant": 0
      },
      "layering": {
        "foreground_ratio": 0.3105133056640625,
        "midground_ratio": 0.2825531005859375,
        "background_ratio": 0.40693359375,
        "depth_complexity": 1.1807342941807208
      }
    },
    "spatial_layout": {
      "negative_space_ratio": 0.907659912109375,
      "subject_isolation": 0.1,
      "depth_of_field": {
        "blur_gradient_strength": 205.1638807336954,
        "sharpness_variance": 99868.55494859372,
        "min_sharpness": 558.5098852040817,
        "max_sharpness": 2211.4573778369627
      },
      "perspective": {
        "has_vanishing_point": 1,
        "perspective_strength": 0.9979666531110207
      }
    },
    "contrast_color": {
      "high_contrast_ratio": 0.2778167724609375,
      "low_contrast_ratio": 0.7221832275390625,
      "mean_contrast": 17.54588508605957,
      "highlight_ratio": 0.013378906063735485,
      "shadow_ratio": 0.8586395382881165,
      "midtone_ratio": 0.1279815435409546,
      "warm_color_ratio": 0.23304443359375,
      "cool_color_ratio": 0.415087890625,
      "complementary_color_score": 2.2777777777777777
    },
    "motion_dynamics": {
      "s_curve_count": 364,
      "motion_blur_score": 5.884893731883623,
      "dominant_direction_deg": 4.999999999999995,
      "direction_strength": 0.032196044921776745
    },
    "pattern_rhythm": {
      "repetition_score": 1.0,
      "rhythm_score": 1.0,
      "pattern_breaks": 4
    },
    "visual_mass_focus": {
      "point_of_interest": {
        "x": 0.33203125,
        "y": 0.28125,
        "strength": 1.0
      },
      "visual_mass_concentration": 0.199957275390625,
      "mean_visual_weight": 0.0992933064699173,
      "face_count": 0,
      "has_directional_cues": 0
    },
    "framing_breathing": {
      "frame_in_frame_count": 0,
      "breathing_space": {
        "top": 0.0,
        "bottom": 0.5828125,
        "left": 0.08203125,
        "right": 0.466796875,
        "min_margin": 0.0,
        "mean_margin": 0.28291015625
      },
      "corner_anchors": {
        "top_left": 0.22048912942409515,
        "top_right": 0.09914825111627579,
        "bottom_left": 0.07738157361745834,
        "bottom_right": 0.1029774472117424,
        "max_corner_weight": 0.22048912942409515,
        "has_corner_subject": 0
      }
    }
  }
}