{
  "meta": {
    "_dataset": "tvm board - Nov 22nd 2025 (5060 images)",
    "_label": "",
    "_relpath": "1071. \ud83d\udc3e.jpg",
    "_filename": "1071. \ud83d\udc3e.jpg",
    "_width": 480,
    "_height": 524
  },
  "features": {
    "geometric_structural": {
      "leading_lines": {
        "diagonal": 2,
        "vertical": 0,
        "horizontal": 0,
        "curved": 44
      },
      "leading_lines_strength": 0.08228980322003578,
      "symmetry_vertical": 0.6035234315894695,
      "symmetry_horizontal": 0.5906946011890103,
      "symmetry_radial": 0.5505430471983169,
      "rule_of_thirds": {
        "alignment_score": 1,
        "num_salient_objects": 5
      },
      "golden_ratio": {
        "golden_alignment_score": 3
      },
      "balance": {
        "static_balance": 0.7827526330947876,
        "dynamic_balance": 1.0,
        "dominant_quadrant": 0
      },
      "layering": {
        "foreground_ratio": 0.29572199239713776,
        "midground_ratio": 0.3439212041592129,
        "background_ratio": 0.3603568034436494,
        "depth_complexity": 0.10189896098182771
      }
    },
    "spatial_layout": {
      "negative_space_ratio": 0.9539286113595706,
      "subject_isolation": 0.10000069879248659,
      "depth_of_field": {
        "blur_gradient_strength": 47.00393249488996,
        "sharpness_variance": 5604.640954967126,
        "min_sharpness": 49.91550842025486,
        "max_sharpness": 437.14295672811494
      },
      "perspective": {
        "has_vanishing_point": 1,
        "perspective_strength": 0.8095238095238095
      }
    },
    "contrast_color": {
      "high_contrast_ratio": 0.19084372204830052,
      "low_contrast_ratio": 0.8091562779516994,
      "mean_contrast": 10.56509780883789,
      "highlight_ratio": 0.005066245328634977,
      "shadow_ratio": 0.9237547516822815,
      "midtone_ratio": 0.07117903232574463,
      "warm_color_ratio": 0.9952027895796064,
      "cool_color_ratio": 0.0,
      "complementary_color_score": 0.0
    },
    "motion_dynamics": {
      "s_curve_count": 39,
      "motion_blur_score": 6.702252814338455,
      "dominant_direction_deg": 4.999999999999995,
      "direction_strength": 0.035788657200232735
    },
    "pattern_rhythm": {
      "repetition_score": 1.0,
      "rhythm_score": 1.0,
      "pattern_breaks": 4
    },
    "visual_mass_focus": {
      "point_of_interest": {
        "x": 0.369140625,
        "y": 0.3363148479427549,
        "strength": 1.0
      },
      "visual_mass_concentration": 0.19811116390876565,
      "mean_visual_weight": 0.10423822700977325,
      "face_count": 0,
      "has_directional_cues": 0
    },
    "framing_breathing": {
      "frame_in_frame_count": 0,
      "breathing_space": {
        "top": 0.0,
        "bottom": 0.7853309481216458,
        "left": 0.1171875,
        "right": 0.716796875,
        "min_margin": 0.0,
        "mean_margin": 0.40482883078041143
      },
      "corner_anchors": {
        "top_left": 0.13733679056167603,
        "top_right": 0.041852615773677826,
        "bottom_left": 0.040148768573999405,
        "bottom_right": 0.04135233908891678,
        "max_corner_weight": 0.13733679056167603,
        "has_corner_subject": 0
      }
    }
  }
}