{
  "meta": {
    "_dataset": "tvm board - Nov 22nd 2025 (5060 images)",
    "_label": "",
    "_relpath": "1074. \u0421\u043e\u043b\u043d\u0435\u0447\u043d\u044b\u0438\u0306 \u0434\u0435\u043d\u044c.jpg",
    "_filename": "1074. \u0421\u043e\u043b\u043d\u0435\u0447\u043d\u044b\u0438\u0306 \u0434\u0435\u043d\u044c.jpg",
    "_width": 1200,
    "_height": 2592
  },
  "features": {
    "geometric_structural": {
      "leading_lines": {
        "diagonal": 0,
        "vertical": 0,
        "horizontal": 0,
        "curved": 35
      },
      "leading_lines_strength": 0.03164556962025317,
      "symmetry_vertical": 0.5514954131917097,
      "symmetry_horizontal": 0.538146390755297,
      "symmetry_radial": 0.3119928197204476,
      "rule_of_thirds": {
        "alignment_score": 1,
        "num_salient_objects": 9
      },
      "golden_ratio": {
        "golden_alignment_score": 2
      },
      "balance": {
        "static_balance": 0.9138098955154419,
        "dynamic_balance": 1.0,
        "dominant_quadrant": 1
      },
      "layering": {
        "foreground_ratio": 0.2503302299954792,
        "midground_ratio": 0.3176971490732369,
        "background_ratio": 0.4319726209312839,
        "depth_complexity": 0.061867922345243555
      }
    },
    "spatial_layout": {
      "negative_space_ratio": 0.49343425067811936,
      "subject_isolation": 0.10000141274864376,
      "depth_of_field": {
        "blur_gradient_strength": 51.67005751835588,
        "sharpness_variance": 10085.55097501421,
        "min_sharpness": 1.1602750605636107,
        "max_sharpness": 482.9220385321885
      },
      "perspective": {
        "has_vanishing_point": 1,
        "perspective_strength": 0.4
      }
    },
    "contrast_color": {
      "high_contrast_ratio": 0.2893715387658228,
      "low_contrast_ratio": 0.7106284612341772,
      "mean_contrast": 19.590471267700195,
      "highlight_ratio": 0.25567394495010376,
      "shadow_ratio": 0.17861557006835938,
      "midtone_ratio": 0.5657104849815369,
      "warm_color_ratio": 0.8522317896699819,
      "cool_color_ratio": 0.00033022999547920436,
      "complementary_color_score": 3.8333333333333335
    },
    "motion_dynamics": {
      "s_curve_count": 56,
      "motion_blur_score": 20.096773062318157,
      "dominant_direction_deg": 4.999999999999995,
      "direction_strength": 0.15805655232793064
    },
    "pattern_rhythm": {
      "repetition_score": 1.0,
      "rhythm_score": 1.0,
      "pattern_breaks": 5
    },
    "visual_mass_focus": {
      "point_of_interest": {
        "x": 0.609375,
        "y": 0.40687160940325495,
        "strength": 1.0
      },
      "visual_mass_concentration": 0.19738217676311032,
      "mean_visual_weight": 0.4568493068218231,
      "face_count": 0,
      "has_directional_cues": 0
    },
    "framing_breathing": {
      "frame_in_frame_count": 0,
      "breathing_space": {
        "top": 0.0,
        "bottom": 0.5036166365280289,
        "left": 0.396484375,
        "right": 0.12109375,
        "min_margin": 0.0,
        "mean_margin": 0.25529869038200725
      },
      "corner_anchors": {
        "top_left": 0.34668341279029846,
        "top_right": 0.23078763484954834,
        "bottom_left": 0.32555538415908813,
        "bottom_right": 0.2504199147224426,
        "max_corner_weight": 0.34668341279029846,
        "has_corner_subject": 1
      }
    }
  }
}