{
  "meta": {
    "_dataset": "tvm board - Nov 22nd 2025 (5060 images)",
    "_label": "",
    "_relpath": "1087. Friend Photo.jpg",
    "_filename": "1087. Friend Photo.jpg",
    "_width": 1080,
    "_height": 1757
  },
  "features": {
    "geometric_structural": {
      "leading_lines": {
        "diagonal": 0,
        "vertical": 2,
        "horizontal": 6,
        "curved": 17
      },
      "leading_lines_strength": 0.030012004801920768,
      "symmetry_vertical": 0.6333448281605657,
      "symmetry_horizontal": 0.3916589955363133,
      "symmetry_radial": 0.31779371580803645,
      "rule_of_thirds": {
        "alignment_score": 4,
        "num_salient_objects": 33
      },
      "golden_ratio": {
        "golden_alignment_score": 2
      },
      "balance": {
        "static_balance": 0.9940829277038574,
        "dynamic_balance": 1.0,
        "dominant_quadrant": 0
      },
      "layering": {
        "foreground_ratio": 0.2077158988595438,
        "midground_ratio": 0.28223476890756305,
        "background_ratio": 0.5100493322328932,
        "depth_complexity": 0.083958960025944
      }
    },
    "spatial_layout": {
      "negative_space_ratio": 0.5701577506002401,
      "subject_isolation": 0.10000093787515006,
      "depth_of_field": {
        "blur_gradient_strength": 2934.9649151614312,
        "sharpness_variance": 62932877.933707364,
        "min_sharpness": 0.4755743399198339,
        "max_sharpness": 61764.6828143022
      },
      "perspective": {
        "has_vanishing_point": 1,
        "perspective_strength": 0.6753246753246753
      }
    },
    "contrast_color": {
      "high_contrast_ratio": 0.4514110331632653,
      "low_contrast_ratio": 0.5485889668367347,
      "mean_contrast": 26.032302856445312,
      "highlight_ratio": 0.27611044049263,
      "shadow_ratio": 0.2877635359764099,
      "midtone_ratio": 0.43612605333328247,
      "warm_color_ratio": 0.9978686787214885,
      "cool_color_ratio": 0.0012239270708283314,
      "complementary_color_score": 2.8333333333333335
    },
    "motion_dynamics": {
      "s_curve_count": 39,
      "motion_blur_score": 14.804669746738936,
      "dominant_direction_deg": 4.999999999999995,
      "direction_strength": 0.2553763692971203
    },
    "pattern_rhythm": {
      "repetition_score": 1.0,
      "rhythm_score": 1.0,
      "pattern_breaks": 6
    },
    "visual_mass_focus": {
      "point_of_interest": {
        "x": 0.513671875,
        "y": 0.6218487394957983,
        "strength": 1.0
      },
      "visual_mass_concentration": 0.19898193652460985,
      "mean_visual_weight": 0.3944343030452728,
      "face_count": 0,
      "has_directional_cues": 0
    },
    "framing_breathing": {
      "frame_in_frame_count": 0,
      "breathing_space": {
        "top": 0.0,
        "bottom": 0.0,
        "left": 0.0,
        "right": 0.0,
        "min_margin": 0.0,
        "mean_margin": 0.0
      },
      "corner_anchors": {
        "top_left": 0.49694526195526123,
        "top_right": 0.42528650164604187,
        "bottom_left": 0.551260769367218,
        "bottom_right": 0.6193931102752686,
        "max_corner_weight": 0.6193931102752686,
        "has_corner_subject": 1
      }
    }
  }
}