{
  "meta": {
    "_dataset": "tvm board - Nov 22nd 2025 (5060 images)",
    "_label": "",
    "_relpath": "1096. .jpg",
    "_filename": "1096. .jpg",
    "_width": 600,
    "_height": 600
  },
  "features": {
    "geometric_structural": {
      "leading_lines": {
        "diagonal": 0,
        "vertical": 1,
        "horizontal": 0,
        "curved": 6
      },
      "leading_lines_strength": 0.013671875,
      "symmetry_vertical": 0.7477013762404285,
      "symmetry_horizontal": 0.7225383904294085,
      "symmetry_radial": 0.7033171800157662,
      "rule_of_thirds": {
        "alignment_score": 1,
        "num_salient_objects": 20
      },
      "golden_ratio": {
        "golden_alignment_score": 1
      },
      "balance": {
        "static_balance": 0.8256435394287109,
        "dynamic_balance": 1.0,
        "dominant_quadrant": 0
      },
      "layering": {
        "foreground_ratio": 0.18984603881835938,
        "midground_ratio": 0.41729736328125,
        "background_ratio": 0.3928565979003906,
        "depth_complexity": 0.018016981208638753
      }
    },
    "spatial_layout": {
      "negative_space_ratio": 0.7466163635253906,
      "subject_isolation": 0.10000228881835938,
      "depth_of_field": {
        "blur_gradient_strength": 43.89470188934826,
        "sharpness_variance": 27340.696277619067,
        "min_sharpness": 3.0576581538375582,
        "max_sharpness": 1402.0881391772396
      },
      "perspective": {
        "has_vanishing_point": 0,
        "perspective_strength": 0.0
      }
    },
    "contrast_color": {
      "high_contrast_ratio": 0.3480491638183594,
      "low_contrast_ratio": 0.6519508361816406,
      "mean_contrast": 15.133404731750488,
      "highlight_ratio": 0.237457275390625,
      "shadow_ratio": 0.001949310302734375,
      "midtone_ratio": 0.7605934143066406,
      "warm_color_ratio": 0.6449775695800781,
      "cool_color_ratio": 0.0,
      "complementary_color_score": 0.0
    },
    "motion_dynamics": {
      "s_curve_count": 13,
      "motion_blur_score": 24.60207838745501,
      "dominant_direction_deg": 4.999999999999995,
      "direction_strength": 0.10464859008749142
    },
    "pattern_rhythm": {
      "repetition_score": 1.0,
      "rhythm_score": 1.0,
      "pattern_breaks": 2
    },
    "visual_mass_focus": {
      "point_of_interest": {
        "x": 0.36328125,
        "y": 0.359375,
        "strength": 1.0
      },
      "visual_mass_concentration": 0.199981689453125,
      "mean_visual_weight": 0.1461031436920166,
      "face_count": 0,
      "has_directional_cues": 0
    },
    "framing_breathing": {
      "frame_in_frame_count": 0,
      "breathing_space": {
        "top": 0.0,
        "bottom": 0.1171875,
        "left": 0.140625,
        "right": 0.287109375,
        "min_margin": 0.0,
        "mean_margin": 0.13623046875
      },
      "corner_anchors": {
        "top_left": 0.3518073558807373,
        "top_right": 0.1358988881111145,
        "bottom_left": 0.6438296437263489,
        "bottom_right": 0.4757017493247986,
        "max_corner_weight": 0.6438296437263489,
        "has_corner_subject": 1
      }
    }
  }
}