{
  "meta": {
    "_dataset": "tvm board - Nov 22nd 2025 (5060 images)",
    "_label": "",
    "_relpath": "1118. brand clothing.jpg",
    "_filename": "1118. brand clothing.jpg",
    "_width": 900,
    "_height": 1200
  },
  "features": {
    "geometric_structural": {
      "leading_lines": {
        "diagonal": 0,
        "vertical": 0,
        "horizontal": 0,
        "curved": 156
      },
      "leading_lines_strength": 0.22840409956076135,
      "symmetry_vertical": 0.497958861780314,
      "symmetry_horizontal": 0.2796080621659378,
      "symmetry_radial": 0.2659605857531202,
      "rule_of_thirds": {
        "alignment_score": 0,
        "num_salient_objects": 11
      },
      "golden_ratio": {
        "golden_alignment_score": 1
      },
      "balance": {
        "static_balance": 0.8918156623840332,
        "dynamic_balance": 1.0,
        "dominant_quadrant": 0
      },
      "layering": {
        "foreground_ratio": 0.2710554310029283,
        "midground_ratio": 0.3049734626647145,
        "background_ratio": 0.42397110633235724,
        "depth_complexity": 0.22181087859129037
      }
    },
    "spatial_layout": {
      "negative_space_ratio": 0.7154385523426061,
      "subject_isolation": 0.10000114385065886,
      "depth_of_field": {
        "blur_gradient_strength": 126.0842249535121,
        "sharpness_variance": 66336.7009136032,
        "min_sharpness": 1.3927234386679714,
        "max_sharpness": 2123.0178990986374
      },
      "perspective": {
        "has_vanishing_point": 1,
        "perspective_strength": 0.5818181818181818
      }
    },
    "contrast_color": {
      "high_contrast_ratio": 0.395083157942899,
      "low_contrast_ratio": 0.604916842057101,
      "mean_contrast": 16.169466018676758,
      "highlight_ratio": 0.09111342579126358,
      "shadow_ratio": 0.5086846947669983,
      "midtone_ratio": 0.40020185708999634,
      "warm_color_ratio": 0.479107567715959,
      "cool_color_ratio": 0.011930362371888726,
      "complementary_color_score": 1.7222222222222223
    },
    "motion_dynamics": {
      "s_curve_count": 148,
      "motion_blur_score": 12.893437630909675,
      "dominant_direction_deg": 4.999999999999995,
      "direction_strength": 0.04911980691786832
    },
    "pattern_rhythm": {
      "repetition_score": 1.0,
      "rhythm_score": 1.0,
      "pattern_breaks": 2
    },
    "visual_mass_focus": {
      "point_of_interest": {
        "x": 0.45703125,
        "y": 0.19326500732064422,
        "strength": 1.0
      },
      "visual_mass_concentration": 0.19999084919472915,
      "mean_visual_weight": 0.19040034711360931,
      "face_count": 0,
      "has_directional_cues": 0
    },
    "framing_breathing": {
      "frame_in_frame_count": 0,
      "breathing_space": {
        "top": 0.0,
        "bottom": 0.5944363103953147,
        "left": 0.15234375,
        "right": 0.13671875,
        "min_margin": 0.0,
        "mean_margin": 0.2208747025988287
      },
      "corner_anchors": {
        "top_left": 0.15238212049007416,
        "top_right": 0.24339748919010162,
        "bottom_left": 0.3336769640445709,
        "bottom_right": 0.3505833148956299,
        "max_corner_weight": 0.3505833148956299,
        "has_corner_subject": 1
      }
    }
  }
}