{
  "meta": {
    "_dataset": "tvm board - Nov 22nd 2025 (5060 images)",
    "_label": "",
    "_relpath": "1129. .jpg",
    "_filename": "1129. .jpg",
    "_width": 768,
    "_height": 1024
  },
  "features": {
    "geometric_structural": {
      "leading_lines": {
        "diagonal": 1,
        "vertical": 2,
        "horizontal": 13,
        "curved": 201
      },
      "leading_lines_strength": 0.31771595900439237,
      "symmetry_vertical": 0.2786141080965144,
      "symmetry_horizontal": 0.22009955016171306,
      "symmetry_radial": 0.17210217297445,
      "rule_of_thirds": {
        "alignment_score": 0,
        "num_salient_objects": 28
      },
      "golden_ratio": {
        "golden_alignment_score": 0
      },
      "balance": {
        "static_balance": 0.9403687715530396,
        "dynamic_balance": 1.0,
        "dominant_quadrant": 1
      },
      "layering": {
        "foreground_ratio": 0.30801324579062955,
        "midground_ratio": 0.2627510752196193,
        "background_ratio": 0.4292356789897511,
        "depth_complexity": 0.48941508566537967
      }
    },
    "spatial_layout": {
      "negative_space_ratio": 0.5068716828330894,
      "subject_isolation": 0.10000114385065886,
      "depth_of_field": {
        "blur_gradient_strength": 363.6573515622592,
        "sharpness_variance": 742992.1541395282,
        "min_sharpness": 14.936171149977657,
        "max_sharpness": 4002.6662821991536
      },
      "perspective": {
        "has_vanishing_point": 1,
        "perspective_strength": 0.9888594164456234
      }
    },
    "contrast_color": {
      "high_contrast_ratio": 0.4211886896046852,
      "low_contrast_ratio": 0.5788113103953147,
      "mean_contrast": 25.778797149658203,
      "highlight_ratio": 0.03701214864850044,
      "shadow_ratio": 0.27204200625419617,
      "midtone_ratio": 0.6909458637237549,
      "warm_color_ratio": 0.021404305453879943,
      "cool_color_ratio": 0.11863733071010249,
      "complementary_color_score": 0.6666666666666666
    },
    "motion_dynamics": {
      "s_curve_count": 306,
      "motion_blur_score": 9.10541873808308,
      "dominant_direction_deg": -95.0,
      "direction_strength": 0.07739007595146244
    },
    "pattern_rhythm": {
      "repetition_score": 1.0,
      "rhythm_score": 1.0,
      "pattern_breaks": 6
    },
    "visual_mass_focus": {
      "point_of_interest": {
        "x": 0.62890625,
        "y": 0.060029282576866766,
        "strength": 1.0
      },
      "visual_mass_concentration": 0.1999508144216691,
      "mean_visual_weight": 0.15412142872810364,
      "face_count": 0,
      "has_directional_cues": 0
    },
    "framing_breathing": {
      "frame_in_frame_count": 0,
      "breathing_space": {
        "top": 0.0,
        "bottom": 0.8609077598828697,
        "left": 0.578125,
        "right": 0.146484375,
        "min_margin": 0.0,
        "mean_margin": 0.3963792837207174
      },
      "corner_anchors": {
        "top_left": 0.22402992844581604,
        "top_right": 0.28007861971855164,
        "bottom_left": 0.1784343421459198,
        "bottom_right": 0.2229427546262741,
        "max_corner_weight": 0.28007861971855164,
        "has_corner_subject": 0
      }
    }
  }
}