{
  "meta": {
    "_dataset": "tvm board - Nov 22nd 2025 (5060 images)",
    "_label": "",
    "_relpath": "1149. Swoosh.jpg",
    "_filename": "1149. Swoosh.jpg",
    "_width": 640,
    "_height": 420
  },
  "features": {
    "geometric_structural": {
      "leading_lines": {
        "diagonal": 1,
        "vertical": 0,
        "horizontal": 0,
        "curved": 63
      },
      "leading_lines_strength": 0.08205128205128205,
      "symmetry_vertical": 0.47928920973911,
      "symmetry_horizontal": 0.3629423715290944,
      "symmetry_radial": 0.2612545421707363,
      "rule_of_thirds": {
        "alignment_score": 0,
        "num_salient_objects": 29
      },
      "golden_ratio": {
        "golden_alignment_score": 2
      },
      "balance": {
        "static_balance": 0.8900420665740967,
        "dynamic_balance": 1.0,
        "dominant_quadrant": 0
      },
      "layering": {
        "foreground_ratio": 0.24501702724358973,
        "midground_ratio": 0.3268154046474359,
        "background_ratio": 0.4281675681089744,
        "depth_complexity": 0.10215113072486864
      }
    },
    "spatial_layout": {
      "negative_space_ratio": 0.6289513221153846,
      "subject_isolation": 0.1,
      "depth_of_field": {
        "blur_gradient_strength": 80.22540609515698,
        "sharpness_variance": 19119.387264365374,
        "min_sharpness": 10.113800018654286,
        "max_sharpness": 849.5085301974028
      },
      "perspective": {
        "has_vanishing_point": 1,
        "perspective_strength": 0.9973118279569892
      }
    },
    "contrast_color": {
      "high_contrast_ratio": 0.3210486778846154,
      "low_contrast_ratio": 0.6789513221153847,
      "mean_contrast": 11.445963859558105,
      "highlight_ratio": 0.0,
      "shadow_ratio": 0.5684094429016113,
      "midtone_ratio": 0.43159055709838867,
      "warm_color_ratio": 0.27233824118589745,
      "cool_color_ratio": 0.009134615384615385,
      "complementary_color_score": 1.3888888888888888
    },
    "motion_dynamics": {
      "s_curve_count": 143,
      "motion_blur_score": 12.244078137887461,
      "dominant_direction_deg": 4.999999999999995,
      "direction_strength": 0.039555789262721464
    },
    "pattern_rhythm": {
      "repetition_score": 1.0,
      "rhythm_score": 1.0,
      "pattern_breaks": 7
    },
    "visual_mass_focus": {
      "point_of_interest": {
        "x": 0.19487179487179487,
        "y": 0.279296875,
        "strength": 1.0
      },
      "visual_mass_concentration": 0.19997996794871795,
      "mean_visual_weight": 0.09639330208301544,
      "face_count": 0,
      "has_directional_cues": 0
    },
    "framing_breathing": {
      "frame_in_frame_count": 0,
      "breathing_space": {
        "top": 0.0,
        "bottom": 0.322265625,
        "left": 0.0,
        "right": 0.0,
        "min_margin": 0.0,
        "mean_margin": 0.08056640625
      },
      "corner_anchors": {
        "top_left": 0.8352727293968201,
        "top_right": 0.5906387567520142,
        "bottom_left": 0.41557037830352783,
        "bottom_right": 0.5111367702484131,
        "max_corner_weight": 0.8352727293968201,
        "has_corner_subject": 1
      }
    }
  }
}