{
  "meta": {
    "_dataset": "tvm board - Nov 22nd 2025 (5060 images)",
    "_label": "",
    "_relpath": "1152. Blurry skies.jpg",
    "_filename": "1152. Blurry skies.jpg",
    "_width": 1080,
    "_height": 1920
  },
  "features": {
    "geometric_structural": {
      "leading_lines": {
        "diagonal": 0,
        "vertical": 0,
        "horizontal": 0,
        "curved": 25
      },
      "leading_lines_strength": 0.027472527472527472,
      "symmetry_vertical": 0.785350485702372,
      "symmetry_horizontal": 0.5001129399726045,
      "symmetry_radial": 0.4297942970747653,
      "rule_of_thirds": {
        "alignment_score": 0,
        "num_salient_objects": 39
      },
      "golden_ratio": {
        "golden_alignment_score": 0
      },
      "balance": {
        "static_balance": 0.9238189458847046,
        "dynamic_balance": 1.0,
        "dominant_quadrant": 3
      },
      "layering": {
        "foreground_ratio": 0.15971840659340658,
        "midground_ratio": 0.20452438186813188,
        "background_ratio": 0.6357572115384615,
        "depth_complexity": 0.011187789494275272
      }
    },
    "spatial_layout": {
      "negative_space_ratio": 0.41400455013736265,
      "subject_isolation": 0.1,
      "depth_of_field": {
        "blur_gradient_strength": 5.150082694402891,
        "sharpness_variance": 304.59204077475624,
        "min_sharpness": 0.11764705882352941,
        "max_sharpness": 71.90196078431373
      },
      "perspective": {
        "has_vanishing_point": 0,
        "perspective_strength": 0.0
      }
    },
    "contrast_color": {
      "high_contrast_ratio": 0.35516612293956046,
      "low_contrast_ratio": 0.6448338770604396,
      "mean_contrast": 9.929010391235352,
      "highlight_ratio": 0.17304901778697968,
      "shadow_ratio": 0.20160327851772308,
      "midtone_ratio": 0.6253476738929749,
      "warm_color_ratio": 0.22087912087912087,
      "cool_color_ratio": 0.4220037774725275,
      "complementary_color_score": 2.0555555555555554
    },
    "motion_dynamics": {
      "s_curve_count": 26,
      "motion_blur_score": 31.502288049313083,
      "dominant_direction_deg": 4.999999999999995,
      "direction_strength": 0.3994119162079339
    },
    "pattern_rhythm": {
      "repetition_score": 1.0,
      "rhythm_score": 1.0,
      "pattern_breaks": 18
    },
    "visual_mass_focus": {
      "point_of_interest": {
        "x": 0.533203125,
        "y": 0.8802197802197802,
        "strength": 1.0
      },
      "visual_mass_concentration": 0.19993775755494506,
      "mean_visual_weight": 0.14443792402744293,
      "face_count": 0,
      "has_directional_cues": 0
    },
    "framing_breathing": {
      "frame_in_frame_count": 0,
      "breathing_space": {
        "top": 0.6758241758241759,
        "bottom": 0.0,
        "left": 0.0,
        "right": 0.0,
        "min_margin": 0.0,
        "mean_margin": 0.16895604395604397
      },
      "corner_anchors": {
        "top_left": 0.35202106833457947,
        "top_right": 0.29285314679145813,
        "bottom_left": 0.6588646173477173,
        "bottom_right": 0.7489244341850281,
        "max_corner_weight": 0.7489244341850281,
        "has_corner_subject": 1
      }
    }
  }
}