{
  "meta": {
    "_dataset": "tvm board - Nov 22nd 2025 (5060 images)",
    "_label": "",
    "_relpath": "1162. .jpg",
    "_filename": "1162. .jpg",
    "_width": 1080,
    "_height": 781
  },
  "features": {
    "geometric_structural": {
      "leading_lines": {
        "diagonal": 3,
        "vertical": 0,
        "horizontal": 1,
        "curved": 206
      },
      "leading_lines_strength": 0.2966101694915254,
      "symmetry_vertical": 0.47159841089534577,
      "symmetry_horizontal": 0.5421469945995702,
      "symmetry_radial": 0.3040969423728311,
      "rule_of_thirds": {
        "alignment_score": 1,
        "num_salient_objects": 24
      },
      "golden_ratio": {
        "golden_alignment_score": 1
      },
      "balance": {
        "static_balance": 0.8885682821273804,
        "dynamic_balance": 1.0,
        "dominant_quadrant": 3
      },
      "layering": {
        "foreground_ratio": 0.2927784030720339,
        "midground_ratio": 0.1248096530720339,
        "background_ratio": 0.5824119438559322,
        "depth_complexity": 0.6617910828846247
      }
    },
    "spatial_layout": {
      "negative_space_ratio": 0.8115399894067796,
      "subject_isolation": 0.10000110346045198,
      "depth_of_field": {
        "blur_gradient_strength": 747.8455059909776,
        "sharpness_variance": 1934868.0037657653,
        "min_sharpness": 1.9984621299500192,
        "max_sharpness": 6800.221212348311
      },
      "perspective": {
        "has_vanishing_point": 1,
        "perspective_strength": 0.7067901234567902
      }
    },
    "contrast_color": {
      "high_contrast_ratio": 0.3819766287076271,
      "low_contrast_ratio": 0.6180233712923728,
      "mean_contrast": 22.034095764160156,
      "highlight_ratio": 0.11645369976758957,
      "shadow_ratio": 0.5227423310279846,
      "midtone_ratio": 0.3608039617538452,
      "warm_color_ratio": 0.2635367010946328,
      "cool_color_ratio": 0.3499955861581921,
      "complementary_color_score": 2.1666666666666665
    },
    "motion_dynamics": {
      "s_curve_count": 167,
      "motion_blur_score": 7.162504532051977,
      "dominant_direction_deg": 4.999999999999995,
      "direction_strength": 0.11523989230194198
    },
    "pattern_rhythm": {
      "repetition_score": 1.0,
      "rhythm_score": 1.0,
      "pattern_breaks": 7
    },
    "visual_mass_focus": {
      "point_of_interest": {
        "x": 0.6031073446327684,
        "y": 0.44921875,
        "strength": 1.0
      },
      "visual_mass_concentration": 0.1999663444562147,
      "mean_visual_weight": 0.08920608460903168,
      "face_count": 0,
      "has_directional_cues": 0
    },
    "framing_breathing": {
      "frame_in_frame_count": 0,
      "breathing_space": {
        "top": 0.55078125,
        "bottom": 0.0,
        "left": 0.4717514124293785,
        "right": 0.20056497175141244,
        "min_margin": 0.0,
        "mean_margin": 0.3057744085451977
      },
      "corner_anchors": {
        "top_left": 0.2511442303657532,
        "top_right": 0.21168674528598785,
        "bottom_left": 0.21723879873752594,
        "bottom_right": 0.2138938009738922,
        "max_corner_weight": 0.2511442303657532,
        "has_corner_subject": 0
      }
    }
  }
}