{
  "meta": {
    "_dataset": "tvm board - Nov 22nd 2025 (5060 images)",
    "_label": "",
    "_relpath": "1179. .jpg",
    "_filename": "1179. .jpg",
    "_width": 2183,
    "_height": 2696
  },
  "features": {
    "geometric_structural": {
      "leading_lines": {
        "diagonal": 0,
        "vertical": 0,
        "horizontal": 1,
        "curved": 24
      },
      "leading_lines_strength": 0.03955696202531646,
      "symmetry_vertical": 0.4911417295723068,
      "symmetry_horizontal": 0.5021846832612104,
      "symmetry_radial": 0.34988609717634755,
      "rule_of_thirds": {
        "alignment_score": 0,
        "num_salient_objects": 4
      },
      "golden_ratio": {
        "golden_alignment_score": 0
      },
      "balance": {
        "static_balance": 0.7723580598831177,
        "dynamic_balance": 1.0,
        "dominant_quadrant": 1
      },
      "layering": {
        "foreground_ratio": 0.2923012262658228,
        "midground_ratio": 0.2003158376186709,
        "background_ratio": 0.5073829361155063,
        "depth_complexity": 0.07829446445850778
      }
    },
    "spatial_layout": {
      "negative_space_ratio": 0.441053945806962,
      "subject_isolation": 0.10000185423259493,
      "depth_of_field": {
        "blur_gradient_strength": 33.97183537804831,
        "sharpness_variance": 3110.0720511578647,
        "min_sharpness": 24.17964462548859,
        "max_sharpness": 322.6078431372549
      },
      "perspective": {
        "has_vanishing_point": 1,
        "perspective_strength": 0.8333333333333334
      }
    },
    "contrast_color": {
      "high_contrast_ratio": 0.34973608089398733,
      "low_contrast_ratio": 0.6502639191060127,
      "mean_contrast": 15.474432945251465,
      "highlight_ratio": 0.0220499150454998,
      "shadow_ratio": 0.21200677752494812,
      "midtone_ratio": 0.7659432888031006,
      "warm_color_ratio": 0.8167492830300633,
      "cool_color_ratio": 0.0,
      "complementary_color_score": 0.0
    },
    "motion_dynamics": {
      "s_curve_count": 97,
      "motion_blur_score": 17.107439515381696,
      "dominant_direction_deg": -85.0,
      "direction_strength": 0.05595455893970049
    },
    "pattern_rhythm": {
      "repetition_score": 1.0,
      "rhythm_score": 1.0,
      "pattern_breaks": 2
    },
    "visual_mass_focus": {
      "point_of_interest": {
        "x": 0.70703125,
        "y": 0.24367088607594936,
        "strength": 1.0
      },
      "visual_mass_concentration": 0.19983373714398733,
      "mean_visual_weight": 0.1309395730495453,
      "face_count": 1,
      "has_directional_cues": 1
    },
    "framing_breathing": {
      "frame_in_frame_count": 0,
      "breathing_space": {
        "top": 0.26424050632911394,
        "bottom": 0.08860759493670886,
        "left": 0.314453125,
        "right": 0.099609375,
        "min_margin": 0.08860759493670886,
        "mean_margin": 0.1917276503164557
      },
      "corner_anchors": {
        "top_left": 0.5830890536308289,
        "top_right": 0.6924792528152466,
        "bottom_left": 0.09983083605766296,
        "bottom_right": 0.2809242010116577,
        "max_corner_weight": 0.6924792528152466,
        "has_corner_subject": 1
      }
    }
  }
}