{
  "meta": {
    "_dataset": "tvm board - Nov 22nd 2025 (5060 images)",
    "_label": "",
    "_relpath": "1202. London night.jpg",
    "_filename": "1202. London night.jpg",
    "_width": 1134,
    "_height": 2016
  },
  "features": {
    "geometric_structural": {
      "leading_lines": {
        "diagonal": 18,
        "vertical": 0,
        "horizontal": 5,
        "curved": 259
      },
      "leading_lines_strength": 0.3098901098901099,
      "symmetry_vertical": 0.665258929332048,
      "symmetry_horizontal": 0.4656865503201584,
      "symmetry_radial": 0.33497550507923096,
      "rule_of_thirds": {
        "alignment_score": 1,
        "num_salient_objects": 25
      },
      "golden_ratio": {
        "golden_alignment_score": 3
      },
      "balance": {
        "static_balance": 0.7715901136398315,
        "dynamic_balance": 1.0,
        "dominant_quadrant": 2
      },
      "layering": {
        "foreground_ratio": 0.2877918956043956,
        "midground_ratio": 0.3682091346153846,
        "background_ratio": 0.34399896978021977,
        "depth_complexity": 0.4501942429606181
      }
    },
    "spatial_layout": {
      "negative_space_ratio": 0.8740599244505495,
      "subject_isolation": 0.1,
      "depth_of_field": {
        "blur_gradient_strength": 420.0950839994534,
        "sharpness_variance": 920910.3173726633,
        "min_sharpness": 5.245001922337561,
        "max_sharpness": 5661.6325451749335
      },
      "perspective": {
        "has_vanishing_point": 1,
        "perspective_strength": 0.991234756097561
      }
    },
    "contrast_color": {
      "high_contrast_ratio": 0.324660885989011,
      "low_contrast_ratio": 0.675339114010989,
      "mean_contrast": 16.73972511291504,
      "highlight_ratio": 0.04660886153578758,
      "shadow_ratio": 0.7922776341438293,
      "midtone_ratio": 0.16111350059509277,
      "warm_color_ratio": 0.38310439560439563,
      "cool_color_ratio": 0.18458104395604397,
      "complementary_color_score": 2.111111111111111
    },
    "motion_dynamics": {
      "s_curve_count": 233,
      "motion_blur_score": 6.930641771764933,
      "dominant_direction_deg": 4.999999999999995,
      "direction_strength": 0.06134744162074745
    },
    "pattern_rhythm": {
      "repetition_score": 1.0,
      "rhythm_score": 1.0,
      "pattern_breaks": 11
    },
    "visual_mass_focus": {
      "point_of_interest": {
        "x": 0.44140625,
        "y": 0.6043956043956044,
        "strength": 1.0
      },
      "visual_mass_concentration": 0.1999012706043956,
      "mean_visual_weight": 0.07141973823308945,
      "face_count": 0,
      "has_directional_cues": 0
    },
    "framing_breathing": {
      "frame_in_frame_count": 0,
      "breathing_space": {
        "top": 0.5560439560439561,
        "bottom": 0.2703296703296703,
        "left": 0.046875,
        "right": 0.6328125,
        "min_margin": 0.046875,
        "mean_margin": 0.3765152815934066
      },
      "corner_anchors": {
        "top_left": 0.15772698819637299,
        "top_right": 0.16545788943767548,
        "bottom_left": 0.15847674012184143,
        "bottom_right": 0.1672905534505844,
        "max_corner_weight": 0.1672905534505844,
        "has_corner_subject": 0
      }
    }
  }
}