{
  "meta": {
    "_dataset": "tvm board - Nov 22nd 2025 (5060 images)",
    "_label": "",
    "_relpath": "1213. xmas in.jpg",
    "_filename": "1213. xmas in.jpg",
    "_width": 900,
    "_height": 1200
  },
  "features": {
    "geometric_structural": {
      "leading_lines": {
        "diagonal": 6,
        "vertical": 2,
        "horizontal": 7,
        "curved": 286
      },
      "leading_lines_strength": 0.4407027818448023,
      "symmetry_vertical": 0.23229751881968375,
      "symmetry_horizontal": 0.265475987316528,
      "symmetry_radial": 0.1730691555769717,
      "rule_of_thirds": {
        "alignment_score": 0,
        "num_salient_objects": 37
      },
      "golden_ratio": {
        "golden_alignment_score": 2
      },
      "balance": {
        "static_balance": 0.9695289134979248,
        "dynamic_balance": 1.0,
        "dominant_quadrant": 2
      },
      "layering": {
        "foreground_ratio": 0.32594596449487556,
        "midground_ratio": 0.28744967057101023,
        "background_ratio": 0.3866043649341142,
        "depth_complexity": 0.37588008356830643
      }
    },
    "spatial_layout": {
      "negative_space_ratio": 0.5283017249267935,
      "subject_isolation": 0.10000114385065886,
      "depth_of_field": {
        "blur_gradient_strength": 237.85062108401988,
        "sharpness_variance": 228442.31147688875,
        "min_sharpness": 48.399106841023645,
        "max_sharpness": 4107.417136608358
      },
      "perspective": {
        "has_vanishing_point": 1,
        "perspective_strength": 0.9894412670479542
      }
    },
    "contrast_color": {
      "high_contrast_ratio": 0.44000217331625185,
      "low_contrast_ratio": 0.5599978266837482,
      "mean_contrast": 28.53336524963379,
      "highlight_ratio": 0.10373295843601227,
      "shadow_ratio": 0.0710073858499527,
      "midtone_ratio": 0.8252596855163574,
      "warm_color_ratio": 0.9054064101390923,
      "cool_color_ratio": 0.0,
      "complementary_color_score": 0.0
    },
    "motion_dynamics": {
      "s_curve_count": 363,
      "motion_blur_score": 11.11615795114083,
      "dominant_direction_deg": 95.0,
      "direction_strength": 0.05290881222532454
    },
    "pattern_rhythm": {
      "repetition_score": 1.0,
      "rhythm_score": 1.0,
      "pattern_breaks": 14
    },
    "visual_mass_focus": {
      "point_of_interest": {
        "x": 0.384765625,
        "y": 0.5988286969253295,
        "strength": 1.0
      },
      "visual_mass_concentration": 0.19999942807467058,
      "mean_visual_weight": 0.21413905918598175,
      "face_count": 0,
      "has_directional_cues": 0
    },
    "framing_breathing": {
      "frame_in_frame_count": 0,
      "breathing_space": {
        "top": 0.3235724743777452,
        "bottom": 0.493411420204978,
        "left": 0.88671875,
        "right": 0.0,
        "min_margin": 0.0,
        "mean_margin": 0.4259256611456808
      },
      "corner_anchors": {
        "top_left": 0.23230378329753876,
        "top_right": 0.43749457597732544,
        "bottom_left": 0.43804967403411865,
        "bottom_right": 0.19775350391864777,
        "max_corner_weight": 0.43804967403411865,
        "has_corner_subject": 1
      }
    }
  }
}