{
  "meta": {
    "_dataset": "tvm board - Nov 22nd 2025 (5060 images)",
    "_label": "",
    "_relpath": "1219. gabrielle da-3.jpg",
    "_filename": "1219. gabrielle da-3.jpg",
    "_width": 900,
    "_height": 1200
  },
  "features": {
    "geometric_structural": {
      "leading_lines": {
        "diagonal": 2,
        "vertical": 2,
        "horizontal": 6,
        "curved": 44
      },
      "leading_lines_strength": 0.07906295754026355,
      "symmetry_vertical": 0.4436715697454269,
      "symmetry_horizontal": 0.30335069338389764,
      "symmetry_radial": 0.2576168631089906,
      "rule_of_thirds": {
        "alignment_score": 1,
        "num_salient_objects": 8
      },
      "golden_ratio": {
        "golden_alignment_score": 4
      },
      "balance": {
        "static_balance": 0.9592141509056091,
        "dynamic_balance": 1.0,
        "dominant_quadrant": 3
      },
      "layering": {
        "foreground_ratio": 0.2572863286969253,
        "midground_ratio": 0.17599000274524157,
        "background_ratio": 0.5667236685578331,
        "depth_complexity": 0.12570116615214044
      }
    },
    "spatial_layout": {
      "negative_space_ratio": 0.83587744784041,
      "subject_isolation": 0.10000114385065886,
      "depth_of_field": {
        "blur_gradient_strength": 137.46422161568134,
        "sharpness_variance": 136705.38574868138,
        "min_sharpness": 3.52476031384729,
        "max_sharpness": 3524.387780052655
      },
      "perspective": {
        "has_vanishing_point": 1,
        "perspective_strength": 0.9971014492753624
      }
    },
    "contrast_color": {
      "high_contrast_ratio": 0.3570186676427526,
      "low_contrast_ratio": 0.6429813323572474,
      "mean_contrast": 19.585477828979492,
      "highlight_ratio": 0.012041888199746609,
      "shadow_ratio": 0.6046509146690369,
      "midtone_ratio": 0.38330721855163574,
      "warm_color_ratio": 0.8414394216691069,
      "cool_color_ratio": 0.09003248535871157,
      "complementary_color_score": 1.4444444444444444
    },
    "motion_dynamics": {
      "s_curve_count": 137,
      "motion_blur_score": 8.117139190816062,
      "dominant_direction_deg": 95.0,
      "direction_strength": 0.05251990300131394
    },
    "pattern_rhythm": {
      "repetition_score": 1.0,
      "rhythm_score": 1.0,
      "pattern_breaks": 5
    },
    "visual_mass_focus": {
      "point_of_interest": {
        "x": 0.505859375,
        "y": 0.445095168374817,
        "strength": 1.0
      },
      "visual_mass_concentration": 0.1998364293557833,
      "mean_visual_weight": 0.11830336600542068,
      "face_count": 0,
      "has_directional_cues": 0
    },
    "framing_breathing": {
      "frame_in_frame_count": 0,
      "breathing_space": {
        "top": 0.1800878477306003,
        "bottom": 0.7584187408491947,
        "left": 0.259765625,
        "right": 0.349609375,
        "min_margin": 0.1800878477306003,
        "mean_margin": 0.38697039714494874
      },
      "corner_anchors": {
        "top_left": 0.08537623286247253,
        "top_right": 0.10585033893585205,
        "bottom_left": 0.1385067254304886,
        "bottom_right": 0.22466854751110077,
        "max_corner_weight": 0.22466854751110077,
        "has_corner_subject": 0
      }
    }
  }
}