{
  "meta": {
    "_dataset": "tvm board - Nov 22nd 2025 (5060 images)",
    "_label": "",
    "_relpath": "1239. .jpg",
    "_filename": "1239. .jpg",
    "_width": 1224,
    "_height": 1632
  },
  "features": {
    "geometric_structural": {
      "leading_lines": {
        "diagonal": 0,
        "vertical": 0,
        "horizontal": 0,
        "curved": 78
      },
      "leading_lines_strength": 0.11420204978038068,
      "symmetry_vertical": 0.5150982791274994,
      "symmetry_horizontal": 0.5606138918150035,
      "symmetry_radial": 0.400324489988225,
      "rule_of_thirds": {
        "alignment_score": 0,
        "num_salient_objects": 13
      },
      "golden_ratio": {
        "golden_alignment_score": 0
      },
      "balance": {
        "static_balance": 0.9326381683349609,
        "dynamic_balance": 1.0,
        "dominant_quadrant": 2
      },
      "layering": {
        "foreground_ratio": 0.32547698572474376,
        "midground_ratio": 0.3023311676427526,
        "background_ratio": 0.37219184663250365,
        "depth_complexity": 0.03035611483669012
      }
    },
    "spatial_layout": {
      "negative_space_ratio": 0.6255547675695461,
      "subject_isolation": 0.10000114385065886,
      "depth_of_field": {
        "blur_gradient_strength": 22.63638943693887,
        "sharpness_variance": 1266.2464992199814,
        "min_sharpness": 0.0392156862745098,
        "max_sharpness": 237.3222519183096
      },
      "perspective": {
        "has_vanishing_point": 0,
        "perspective_strength": 0.0
      }
    },
    "contrast_color": {
      "high_contrast_ratio": 0.4131674368594436,
      "low_contrast_ratio": 0.5868325631405564,
      "mean_contrast": 8.69733715057373,
      "highlight_ratio": 0.0,
      "shadow_ratio": 0.8523975014686584,
      "midtone_ratio": 0.14760249853134155,
      "warm_color_ratio": 0.9164245516105417,
      "cool_color_ratio": 0.0,
      "complementary_color_score": 0.0
    },
    "motion_dynamics": {
      "s_curve_count": 71,
      "motion_blur_score": 7.580753001383796,
      "dominant_direction_deg": 4.999999999999995,
      "direction_strength": 0.17540377928207526
    },
    "pattern_rhythm": {
      "repetition_score": 1.0,
      "rhythm_score": 1.0,
      "pattern_breaks": 1
    },
    "visual_mass_focus": {
      "point_of_interest": {
        "x": 0.205078125,
        "y": 0.5578330893118595,
        "strength": 1.0
      },
      "visual_mass_concentration": 0.19975635980966325,
      "mean_visual_weight": 0.053181570023298264,
      "face_count": 0,
      "has_directional_cues": 0
    },
    "framing_breathing": {
      "frame_in_frame_count": 0,
      "breathing_space": {
        "top": 0.3557833089311859,
        "bottom": 0.5007320644216691,
        "left": 0.1640625,
        "right": 0.7890625,
        "min_margin": 0.1640625,
        "mean_margin": 0.45241009333821375
      },
      "corner_anchors": {
        "top_left": 0.1839337795972824,
        "top_right": 0.26468417048454285,
        "bottom_left": 0.3753267228603363,
        "bottom_right": 0.16795560717582703,
        "max_corner_weight": 0.3753267228603363,
        "has_corner_subject": 1
      }
    }
  }
}