{
  "meta": {
    "_dataset": "tvm board - Nov 22nd 2025 (5060 images)",
    "_label": "",
    "_relpath": "1250. .jpg",
    "_filename": "1250. .jpg",
    "_width": 750,
    "_height": 562
  },
  "features": {
    "geometric_structural": {
      "leading_lines": {
        "diagonal": 0,
        "vertical": 0,
        "horizontal": 0,
        "curved": 86
      },
      "leading_lines_strength": 0.1259150805270864,
      "symmetry_vertical": 0.34106870479273205,
      "symmetry_horizontal": 0.3536074012790865,
      "symmetry_radial": 0.30896735834679173,
      "rule_of_thirds": {
        "alignment_score": 0,
        "num_salient_objects": 1
      },
      "golden_ratio": {
        "golden_alignment_score": 0
      },
      "balance": {
        "static_balance": 0.8874751329421997,
        "dynamic_balance": 1.0,
        "dominant_quadrant": 0
      },
      "layering": {
        "foreground_ratio": 0.32527109260614934,
        "midground_ratio": 0.1667791453147877,
        "background_ratio": 0.507949762079063,
        "depth_complexity": 0.041708924063745614
      }
    },
    "spatial_layout": {
      "negative_space_ratio": 0.6111222318814056,
      "subject_isolation": 0.10000114385065886,
      "depth_of_field": {
        "blur_gradient_strength": 23.97888730342019,
        "sharpness_variance": 1296.1191065221835,
        "min_sharpness": 0.04152249134948097,
        "max_sharpness": 200.06881968473667
      },
      "perspective": {
        "has_vanishing_point": 0,
        "perspective_strength": 0.0
      }
    },
    "contrast_color": {
      "high_contrast_ratio": 0.49119234992679356,
      "low_contrast_ratio": 0.5088076500732064,
      "mean_contrast": 8.205405235290527,
      "highlight_ratio": 0.0,
      "shadow_ratio": 0.9646978974342346,
      "midtone_ratio": 0.03530210256576538,
      "warm_color_ratio": 0.46273334553440704,
      "cool_color_ratio": 0.01512742496339678,
      "complementary_color_score": 2.5555555555555554
    },
    "motion_dynamics": {
      "s_curve_count": 79,
      "motion_blur_score": 5.330846543889443,
      "dominant_direction_deg": 4.999999999999995,
      "direction_strength": 0.13538044472874902
    },
    "pattern_rhythm": {
      "repetition_score": 1.0,
      "rhythm_score": 1.0,
      "pattern_breaks": 0
    },
    "visual_mass_focus": {
      "point_of_interest": {
        "x": 0.14641288433382138,
        "y": 0.818359375,
        "strength": 1.0
      },
      "visual_mass_concentration": 0.19974492130307467,
      "mean_visual_weight": 0.025150399655103683,
      "face_count": 1,
      "has_directional_cues": 1
    },
    "framing_breathing": {
      "frame_in_frame_count": 0,
      "breathing_space": {
        "top": 0.80859375,
        "bottom": 0.166015625,
        "left": 0.13469985358711567,
        "right": 0.83601756954612,
        "min_margin": 0.13469985358711567,
        "mean_margin": 0.4863316995333089
      },
      "corner_anchors": {
        "top_left": 0.2003820389509201,
        "top_right": 0.0971713662147522,
        "bottom_left": 0.1158154308795929,
        "bottom_right": 0.07793155312538147,
        "max_corner_weight": 0.2003820389509201,
        "has_corner_subject": 0
      }
    }
  }
}