{
  "meta": {
    "_dataset": "tvm board - Nov 22nd 2025 (5060 images)",
    "_label": "",
    "_relpath": "1277. .jpg",
    "_filename": "1277. .jpg",
    "_width": 736,
    "_height": 981
  },
  "features": {
    "geometric_structural": {
      "leading_lines": {
        "diagonal": 46,
        "vertical": 7,
        "horizontal": 3,
        "curved": 331
      },
      "leading_lines_strength": 0.5674486803519062,
      "symmetry_vertical": 0.25308457912198873,
      "symmetry_horizontal": 0.21920067720948047,
      "symmetry_radial": 0.17941709173190537,
      "rule_of_thirds": {
        "alignment_score": 1,
        "num_salient_objects": 13
      },
      "golden_ratio": {
        "golden_alignment_score": 0
      },
      "balance": {
        "static_balance": 0.8480678796768188,
        "dynamic_balance": 1.0,
        "dominant_quadrant": 3
      },
      "layering": {
        "foreground_ratio": 0.3333543346774194,
        "midground_ratio": 0.18618264296187684,
        "background_ratio": 0.4804630223607038,
        "depth_complexity": 0.5281696860712604
      }
    },
    "spatial_layout": {
      "negative_space_ratio": 0.7200788123167156,
      "subject_isolation": 0.10000171829178886,
      "depth_of_field": {
        "blur_gradient_strength": 429.50784601978705,
        "sharpness_variance": 1000744.5205912135,
        "min_sharpness": 11.135565669076202,
        "max_sharpness": 6756.435815284721
      },
      "perspective": {
        "has_vanishing_point": 1,
        "perspective_strength": 0.9970426700464723
      }
    },
    "contrast_color": {
      "high_contrast_ratio": 0.41640224065249265,
      "low_contrast_ratio": 0.5835977593475073,
      "mean_contrast": 22.67884063720703,
      "highlight_ratio": 0.035471271723508835,
      "shadow_ratio": 0.3683072626590729,
      "midtone_ratio": 0.5962214469909668,
      "warm_color_ratio": 0.02894462518328446,
      "cool_color_ratio": 0.02649319556451613,
      "complementary_color_score": 2.1666666666666665
    },
    "motion_dynamics": {
      "s_curve_count": 314,
      "motion_blur_score": 8.026888498483634,
      "dominant_direction_deg": 95.0,
      "direction_strength": 0.03882193914944894
    },
    "pattern_rhythm": {
      "repetition_score": 1.0,
      "rhythm_score": 1.0,
      "pattern_breaks": 5
    },
    "visual_mass_focus": {
      "point_of_interest": {
        "x": 0.6015625,
        "y": 0.7126099706744868,
        "strength": 1.0
      },
      "visual_mass_concentration": 0.19717971041055718,
      "mean_visual_weight": 0.032956719398498535,
      "face_count": 0,
      "has_directional_cues": 0
    },
    "framing_breathing": {
      "frame_in_frame_count": 0,
      "breathing_space": {
        "top": 0.7961876832844574,
        "bottom": 0.0,
        "left": 0.478515625,
        "right": 0.123046875,
        "min_margin": 0.0,
        "mean_margin": 0.34943754582111436
      },
      "corner_anchors": {
        "top_left": 0.2726345658302307,
        "top_right": 0.10278192907571793,
        "bottom_left": 0.3798222243785858,
        "bottom_right": 0.2515123188495636,
        "max_corner_weight": 0.3798222243785858,
        "has_corner_subject": 1
      }
    }
  }
}