{
  "meta": {
    "_dataset": "tvm board - Nov 22nd 2025 (5060 images)",
    "_label": "",
    "_relpath": "1286. abandoned spooky.jpg",
    "_filename": "1286. abandoned spooky.jpg",
    "_width": 2448,
    "_height": 3264
  },
  "features": {
    "geometric_structural": {
      "leading_lines": {
        "diagonal": 0,
        "vertical": 0,
        "horizontal": 0,
        "curved": 20
      },
      "leading_lines_strength": 0.029282576866764276,
      "symmetry_vertical": 0.5906004864634375,
      "symmetry_horizontal": 0.3968200172901002,
      "symmetry_radial": 0.4149835393138324,
      "rule_of_thirds": {
        "alignment_score": 0,
        "num_salient_objects": 2
      },
      "golden_ratio": {
        "golden_alignment_score": 2
      },
      "balance": {
        "static_balance": 0.8566253185272217,
        "dynamic_balance": 1.0,
        "dominant_quadrant": 3
      },
      "layering": {
        "foreground_ratio": 0.32018095717423134,
        "midground_ratio": 0.0,
        "background_ratio": 0.6798190428257687,
        "depth_complexity": 0.0391412827046757
      }
    },
    "spatial_layout": {
      "negative_space_ratio": 0.9345431460468521,
      "subject_isolation": 0.10000114385065886,
      "depth_of_field": {
        "blur_gradient_strength": 21.607809598643154,
        "sharpness_variance": 2563.9160825210893,
        "min_sharpness": 3.666182276032892,
        "max_sharpness": 331.88272218371634
      },
      "perspective": {
        "has_vanishing_point": 1,
        "perspective_strength": 0.8333333333333334
      }
    },
    "contrast_color": {
      "high_contrast_ratio": 0.3058284910322108,
      "low_contrast_ratio": 0.6941715089677891,
      "mean_contrast": 6.482962131500244,
      "highlight_ratio": 7.435028965119272e-05,
      "shadow_ratio": 0.930225133895874,
      "midtone_ratio": 0.06970053911209106,
      "warm_color_ratio": 0.14419953330893118,
      "cool_color_ratio": 0.12405346357979502,
      "complementary_color_score": 2.111111111111111
    },
    "motion_dynamics": {
      "s_curve_count": 25,
      "motion_blur_score": 9.080284273289497,
      "dominant_direction_deg": 4.999999999999995,
      "direction_strength": 0.06895131771576182
    },
    "pattern_rhythm": {
      "repetition_score": 1.0,
      "rhythm_score": 1.0,
      "pattern_breaks": 2
    },
    "visual_mass_focus": {
      "point_of_interest": {
        "x": 0.572265625,
        "y": 0.6222547584187409,
        "strength": 1.0
      },
      "visual_mass_concentration": 0.19943894125183015,
      "mean_visual_weight": 0.014969163574278355,
      "face_count": 0,
      "has_directional_cues": 0
    },
    "framing_breathing": {
      "frame_in_frame_count": 0,
      "breathing_space": {
        "top": 0.554904831625183,
        "bottom": 0.2884333821376281,
        "left": 0.484375,
        "right": 0.365234375,
        "min_margin": 0.2884333821376281,
        "mean_margin": 0.4232368971907028
      },
      "corner_anchors": {
        "top_left": 0.10867448896169662,
        "top_right": 0.10433609783649445,
        "bottom_left": 0.0560208223760128,
        "bottom_right": 0.08203907310962677,
        "max_corner_weight": 0.10867448896169662,
        "has_corner_subject": 0
      }
    }
  }
}