{
  "meta": {
    "_dataset": "tvm board - Nov 22nd 2025 (5060 images)",
    "_label": "",
    "_relpath": "1281. \ud83d\udc41.jpg",
    "_filename": "1281. \ud83d\udc41.jpg",
    "_width": 735,
    "_height": 549
  },
  "features": {
    "geometric_structural": {
      "leading_lines": {
        "diagonal": 67,
        "vertical": 1,
        "horizontal": 6,
        "curved": 890
      },
      "leading_lines_strength": 1.4072992700729927,
      "symmetry_vertical": 0.2017338483096096,
      "symmetry_horizontal": 0.23688047909594076,
      "symmetry_radial": 0.17369173039175223,
      "rule_of_thirds": {
        "alignment_score": 0,
        "num_salient_objects": 1
      },
      "golden_ratio": {
        "golden_alignment_score": 0
      },
      "balance": {
        "static_balance": 0.882013201713562,
        "dynamic_balance": 1.0,
        "dominant_quadrant": 1
      },
      "layering": {
        "foreground_ratio": 0.3085167655109489,
        "midground_ratio": 0.2795050182481752,
        "background_ratio": 0.41197821624087594,
        "depth_complexity": 0.8915983908265196
      }
    },
    "spatial_layout": {
      "negative_space_ratio": 0.38492529653284674,
      "subject_isolation": 0.1,
      "depth_of_field": {
        "blur_gradient_strength": 103.55284581699455,
        "sharpness_variance": 14503.961829458762,
        "min_sharpness": 532.7727797001153,
        "max_sharpness": 1492.1706923415875
      },
      "perspective": {
        "has_vanishing_point": 1,
        "perspective_strength": 0.9996255382887099
      }
    },
    "contrast_color": {
      "high_contrast_ratio": 0.38389598540145986,
      "low_contrast_ratio": 0.6161040145985401,
      "mean_contrast": 14.873759269714355,
      "highlight_ratio": 0.01406820211559534,
      "shadow_ratio": 0.1376710832118988,
      "midtone_ratio": 0.848260760307312,
      "warm_color_ratio": 0.0008183166058394161,
      "cool_color_ratio": 0.8697593521897811,
      "complementary_color_score": 2.388888888888889
    },
    "motion_dynamics": {
      "s_curve_count": 709,
      "motion_blur_score": 11.51990482411564,
      "dominant_direction_deg": 4.999999999999995,
      "direction_strength": 0.03154653284662538
    },
    "pattern_rhythm": {
      "repetition_score": 1.0,
      "rhythm_score": 1.0,
      "pattern_breaks": 1
    },
    "visual_mass_focus": {
      "point_of_interest": {
        "x": 0.7562043795620438,
        "y": 0.125,
        "strength": 1.0
      },
      "visual_mass_concentration": 0.19889940693430658,
      "mean_visual_weight": 0.13000687956809998,
      "face_count": 0,
      "has_directional_cues": 0
    },
    "framing_breathing": {
      "frame_in_frame_count": 0,
      "breathing_space": {
        "top": 0.0,
        "bottom": 0.513671875,
        "left": 0.6759124087591241,
        "right": 0.19124087591240876,
        "min_margin": 0.0,
        "mean_margin": 0.3452062899178832
      },
      "corner_anchors": {
        "top_left": 0.14155066013336182,
        "top_right": 0.42606979608535767,
        "bottom_left": 0.28929078578948975,
        "bottom_right": 0.0933724120259285,
        "max_corner_weight": 0.42606979608535767,
        "has_corner_subject": 1
      }
    }
  }
}