{
  "meta": {
    "_dataset": "tvm board - Nov 22nd 2025 (5060 images)",
    "_label": "",
    "_relpath": "1318. Mysterious street.jpg",
    "_filename": "1318. Mysterious street.jpg",
    "_width": 1200,
    "_height": 2133
  },
  "features": {
    "geometric_structural": {
      "leading_lines": {
        "diagonal": 21,
        "vertical": 14,
        "horizontal": 0,
        "curved": 200
      },
      "leading_lines_strength": 0.25824175824175827,
      "symmetry_vertical": 0.6035521177385786,
      "symmetry_horizontal": 0.6046833645263865,
      "symmetry_radial": 0.3893128810875326,
      "rule_of_thirds": {
        "alignment_score": 0,
        "num_salient_objects": 1
      },
      "golden_ratio": {
        "golden_alignment_score": 0
      },
      "balance": {
        "static_balance": 0.8590908646583557,
        "dynamic_balance": 1.0,
        "dominant_quadrant": 0
      },
      "layering": {
        "foreground_ratio": 0.3289041037087912,
        "midground_ratio": 0.0,
        "background_ratio": 0.6710958962912088,
        "depth_complexity": 0.2282502422074105
      }
    },
    "spatial_layout": {
      "negative_space_ratio": 0.8347312843406594,
      "subject_isolation": 0.1,
      "depth_of_field": {
        "blur_gradient_strength": 191.95882796774637,
        "sharpness_variance": 333138.3812415375,
        "min_sharpness": 2.9900999615532484,
        "max_sharpness": 3898.8714759546688
      },
      "perspective": {
        "has_vanishing_point": 1,
        "perspective_strength": 0.990906659534635
      }
    },
    "contrast_color": {
      "high_contrast_ratio": 0.35377747252747255,
      "low_contrast_ratio": 0.6462225274725275,
      "mean_contrast": 7.6885223388671875,
      "highlight_ratio": 0.004172390326857567,
      "shadow_ratio": 0.8410456776618958,
      "midtone_ratio": 0.15478193759918213,
      "warm_color_ratio": 0.9069990556318681,
      "cool_color_ratio": 0.018737122252747252,
      "complementary_color_score": 2.5
    },
    "motion_dynamics": {
      "s_curve_count": 131,
      "motion_blur_score": 9.223006174102068,
      "dominant_direction_deg": 4.999999999999995,
      "direction_strength": 0.07541208791192605
    },
    "pattern_rhythm": {
      "repetition_score": 1.0,
      "rhythm_score": 1.0,
      "pattern_breaks": 1
    },
    "visual_mass_focus": {
      "point_of_interest": {
        "x": 0.357421875,
        "y": 0.26593406593406593,
        "strength": 1.0
      },
      "visual_mass_concentration": 0.19984975961538462,
      "mean_visual_weight": 0.0642613023519516,
      "face_count": 0,
      "has_directional_cues": 0
    },
    "framing_breathing": {
      "frame_in_frame_count": 0,
      "breathing_space": {
        "top": 0.23296703296703297,
        "bottom": 0.6857142857142857,
        "left": 0.298828125,
        "right": 0.5703125,
        "min_margin": 0.23296703296703297,
        "mean_margin": 0.4469554859203297
      },
      "corner_anchors": {
        "top_left": 0.05835797265172005,
        "top_right": 0.09837895631790161,
        "bottom_left": 0.07491941750049591,
        "bottom_right": 0.10886549949645996,
        "max_corner_weight": 0.10886549949645996,
        "has_corner_subject": 0
      }
    }
  }
}