{
  "meta": {
    "_dataset": "tvm board - Nov 22nd 2025 (5060 images)",
    "_label": "",
    "_relpath": "1322. Mysterious Dark.jpg",
    "_filename": "1322. Mysterious Dark.jpg",
    "_width": 800,
    "_height": 1200
  },
  "features": {
    "geometric_structural": {
      "leading_lines": {
        "diagonal": 59,
        "vertical": 43,
        "horizontal": 0,
        "curved": 308
      },
      "leading_lines_strength": 0.5338541666666666,
      "symmetry_vertical": 0.3361736981311975,
      "symmetry_horizontal": 0.35214448107266283,
      "symmetry_radial": 0.17163789030698226,
      "rule_of_thirds": {
        "alignment_score": 3,
        "num_salient_objects": 35
      },
      "golden_ratio": {
        "golden_alignment_score": 3
      },
      "balance": {
        "static_balance": 0.9816818237304688,
        "dynamic_balance": 1.0,
        "dominant_quadrant": 0
      },
      "layering": {
        "foreground_ratio": 0.33236948649088544,
        "midground_ratio": 0.26413218180338544,
        "background_ratio": 0.4034983317057292,
        "depth_complexity": 1.1117553035557892
      }
    },
    "spatial_layout": {
      "negative_space_ratio": 0.6566848754882812,
      "subject_isolation": 0.10000101725260417,
      "depth_of_field": {
        "blur_gradient_strength": 820.045504558935,
        "sharpness_variance": 1519403.8546132357,
        "min_sharpness": 0.0,
        "max_sharpness": 6474.797001153403
      },
      "perspective": {
        "has_vanishing_point": 1,
        "perspective_strength": 0.9998069994853319
      }
    },
    "contrast_color": {
      "high_contrast_ratio": 0.45693206787109375,
      "low_contrast_ratio": 0.5430679321289062,
      "mean_contrast": 29.641380310058594,
      "highlight_ratio": 0.22561900317668915,
      "shadow_ratio": 0.5231730341911316,
      "midtone_ratio": 0.25120794773101807,
      "warm_color_ratio": 0.0192718505859375,
      "cool_color_ratio": 0.01447296142578125,
      "complementary_color_score": 1.6666666666666667
    },
    "motion_dynamics": {
      "s_curve_count": 355,
      "motion_blur_score": 7.215724095414782,
      "dominant_direction_deg": 4.999999999999995,
      "direction_strength": 0.3541463216136827
    },
    "pattern_rhythm": {
      "repetition_score": 1.0,
      "rhythm_score": 1.0,
      "pattern_breaks": 13
    },
    "visual_mass_focus": {
      "point_of_interest": {
        "x": 0.435546875,
        "y": 0.5546875,
        "strength": 1.0
      },
      "visual_mass_concentration": 0.19976298014322916,
      "mean_visual_weight": 0.010476439259946346,
      "face_count": 0,
      "has_directional_cues": 0
    },
    "framing_breathing": {
      "frame_in_frame_count": 0,
      "breathing_space": {
        "top": 0.0,
        "bottom": 0.5794270833333334,
        "left": 0.0,
        "right": 0.412109375,
        "min_margin": 0.0,
        "mean_margin": 0.24788411458333334
      },
      "corner_anchors": {
        "top_left": 0.5115842223167419,
        "top_right": 0.5163341760635376,
        "bottom_left": 0.6161413192749023,
        "bottom_right": 0.5337240695953369,
        "max_corner_weight": 0.6161413192749023,
        "has_corner_subject": 1
      }
    }
  }
}