{
  "meta": {
    "_dataset": "tvm board - Nov 22nd 2025 (5060 images)",
    "_label": "",
    "_relpath": "1348. Paranormal.jpg",
    "_filename": "1348. Paranormal.jpg",
    "_width": 1224,
    "_height": 1632
  },
  "features": {
    "geometric_structural": {
      "leading_lines": {
        "diagonal": 0,
        "vertical": 2,
        "horizontal": 5,
        "curved": 44
      },
      "leading_lines_strength": 0.0746705710102489,
      "symmetry_vertical": 0.6346027833944524,
      "symmetry_horizontal": 0.5197417800126801,
      "symmetry_radial": 0.39076014479936844,
      "rule_of_thirds": {
        "alignment_score": 0,
        "num_salient_objects": 6
      },
      "golden_ratio": {
        "golden_alignment_score": 1
      },
      "balance": {
        "static_balance": 0.9081616401672363,
        "dynamic_balance": 1.0,
        "dominant_quadrant": 1
      },
      "layering": {
        "foreground_ratio": 0.3208958638360176,
        "midground_ratio": 0.25716050512445093,
        "background_ratio": 0.4219436310395315,
        "depth_complexity": 0.1518151070544347
      }
    },
    "spatial_layout": {
      "negative_space_ratio": 0.43733700128111275,
      "subject_isolation": 0.10000114385065886,
      "depth_of_field": {
        "blur_gradient_strength": 203.81726595511344,
        "sharpness_variance": 93067.70040331254,
        "min_sharpness": 0.2587464880939975,
        "max_sharpness": 1670.6304309361983
      },
      "perspective": {
        "has_vanishing_point": 1,
        "perspective_strength": 0.8765182186234818
      }
    },
    "contrast_color": {
      "high_contrast_ratio": 0.3794467194363104,
      "low_contrast_ratio": 0.6205532805636895,
      "mean_contrast": 24.183032989501953,
      "highlight_ratio": 0.3560292422771454,
      "shadow_ratio": 0.07453330606222153,
      "midtone_ratio": 0.5694374442100525,
      "warm_color_ratio": 0.00037747071742313325,
      "cool_color_ratio": 0.033037266654465595,
      "complementary_color_score": 3.8333333333333335
    },
    "motion_dynamics": {
      "s_curve_count": 60,
      "motion_blur_score": 14.867028860435317,
      "dominant_direction_deg": 4.999999999999995,
      "direction_strength": 0.21349114659528992
    },
    "pattern_rhythm": {
      "repetition_score": 1.0,
      "rhythm_score": 1.0,
      "pattern_breaks": 3
    },
    "visual_mass_focus": {
      "point_of_interest": {
        "x": 0.509765625,
        "y": 0.4084919472913616,
        "strength": 1.0
      },
      "visual_mass_concentration": 0.19639343887262078,
      "mean_visual_weight": 0.04546775668859482,
      "face_count": 0,
      "has_directional_cues": 0
    },
    "framing_breathing": {
      "frame_in_frame_count": 0,
      "breathing_space": {
        "top": 0.2518301610541728,
        "bottom": 0.5856515373352855,
        "left": 0.388671875,
        "right": 0.345703125,
        "min_margin": 0.2518301610541728,
        "mean_margin": 0.39296417459736455
      },
      "corner_anchors": {
        "top_left": 0.14596429467201233,
        "top_right": 0.26893430948257446,
        "bottom_left": 0.24907994270324707,
        "bottom_right": 0.3023107945919037,
        "max_corner_weight": 0.3023107945919037,
        "has_corner_subject": 1
      }
    }
  }
}