{
  "meta": {
    "_dataset": "tvm board - Nov 22nd 2025 (5060 images)",
    "_label": "",
    "_relpath": "1350. Dismal Shadowy.jpg",
    "_filename": "1350. Dismal Shadowy.jpg",
    "_width": 896,
    "_height": 1344
  },
  "features": {
    "geometric_structural": {
      "leading_lines": {
        "diagonal": 8,
        "vertical": 56,
        "horizontal": 0,
        "curved": 501
      },
      "leading_lines_strength": 0.7356770833333334,
      "symmetry_vertical": 0.21561285438600797,
      "symmetry_horizontal": 0.21353370232422608,
      "symmetry_radial": 0.15679694554368787,
      "rule_of_thirds": {
        "alignment_score": 0,
        "num_salient_objects": 18
      },
      "golden_ratio": {
        "golden_alignment_score": 1
      },
      "balance": {
        "static_balance": 0.8922035694122314,
        "dynamic_balance": 1.0,
        "dominant_quadrant": 3
      },
      "layering": {
        "foreground_ratio": 0.3078053792317708,
        "midground_ratio": 0.2894795735677083,
        "background_ratio": 0.4027150472005208,
        "depth_complexity": 1.0243484338056041
      }
    },
    "spatial_layout": {
      "negative_space_ratio": 0.821197509765625,
      "subject_isolation": 0.10000101725260417,
      "depth_of_field": {
        "blur_gradient_strength": 653.2825631414762,
        "sharpness_variance": 851688.1132650169,
        "min_sharpness": 8.7940215301807,
        "max_sharpness": 7179.880815071127
      },
      "perspective": {
        "has_vanishing_point": 1,
        "perspective_strength": 0.9970962812022415
      }
    },
    "contrast_color": {
      "high_contrast_ratio": 0.4645843505859375,
      "low_contrast_ratio": 0.5354156494140625,
      "mean_contrast": 23.212987899780273,
      "highlight_ratio": 0.0014521280536428094,
      "shadow_ratio": 0.7994003295898438,
      "midtone_ratio": 0.1991475224494934,
      "warm_color_ratio": 0.1482696533203125,
      "cool_color_ratio": 0.3172963460286458,
      "complementary_color_score": 2.2222222222222223
    },
    "motion_dynamics": {
      "s_curve_count": 488,
      "motion_blur_score": 3.2212950443946844,
      "dominant_direction_deg": 4.999999999999995,
      "direction_strength": 0.059509277343598656
    },
    "pattern_rhythm": {
      "repetition_score": 1.0,
      "rhythm_score": 1.0,
      "pattern_breaks": 3
    },
    "visual_mass_focus": {
      "point_of_interest": {
        "x": 0.416015625,
        "y": 0.7825520833333334,
        "strength": 1.0
      },
      "visual_mass_concentration": 0.1984430948893229,
      "mean_visual_weight": 0.03416077420115471,
      "face_count": 0,
      "has_directional_cues": 0
    },
    "framing_breathing": {
      "frame_in_frame_count": 0,
      "breathing_space": {
        "top": 0.9388020833333334,
        "bottom": 0.016927083333333332,
        "left": 0.216796875,
        "right": 0.630859375,
        "min_margin": 0.016927083333333332,
        "mean_margin": 0.4508463541666667
      },
      "corner_anchors": {
        "top_left": 0.12458141148090363,
        "top_right": 0.08154770731925964,
        "bottom_left": 0.12454644590616226,
        "bottom_right": 0.08644987642765045,
        "max_corner_weight": 0.12458141148090363,
        "has_corner_subject": 0
      }
    }
  }
}