{
  "meta": {
    "_dataset": "tvm board - Nov 22nd 2025 (5060 images)",
    "_label": "",
    "_relpath": "1349. the window.jpg",
    "_filename": "1349. the window.jpg",
    "_width": 3072,
    "_height": 4096
  },
  "features": {
    "geometric_structural": {
      "leading_lines": {
        "diagonal": 2,
        "vertical": 0,
        "horizontal": 0,
        "curved": 14
      },
      "leading_lines_strength": 0.02342606149341142,
      "symmetry_vertical": 0.5305712384785142,
      "symmetry_horizontal": 0.39155986765208584,
      "symmetry_radial": 0.36360109419614456,
      "rule_of_thirds": {
        "alignment_score": 0,
        "num_salient_objects": 2
      },
      "golden_ratio": {
        "golden_alignment_score": 0
      },
      "balance": {
        "static_balance": 0.9333341717720032,
        "dynamic_balance": 1.0,
        "dominant_quadrant": 0
      },
      "layering": {
        "foreground_ratio": 0.24832997803806736,
        "midground_ratio": 0.3686516288433382,
        "background_ratio": 0.3830183931185944,
        "depth_complexity": 0.40760685984033834
      }
    },
    "spatial_layout": {
      "negative_space_ratio": 0.6652606835651538,
      "subject_isolation": 0.10000114385065886,
      "depth_of_field": {
        "blur_gradient_strength": 160.2105639909879,
        "sharpness_variance": 106493.0828664507,
        "min_sharpness": 3.5509188773548637,
        "max_sharpness": 2863.2932124263566
      },
      "perspective": {
        "has_vanishing_point": 1,
        "perspective_strength": 0.8666666666666667
      }
    },
    "contrast_color": {
      "high_contrast_ratio": 0.31268301610541727,
      "low_contrast_ratio": 0.6873169838945827,
      "mean_contrast": 6.630521297454834,
      "highlight_ratio": 0.000526171294040978,
      "shadow_ratio": 0.9794278740882874,
      "midtone_ratio": 0.020045936107635498,
      "warm_color_ratio": 0.01094379117862372,
      "cool_color_ratio": 0.11060749908491947,
      "complementary_color_score": 2.5
    },
    "motion_dynamics": {
      "s_curve_count": 17,
      "motion_blur_score": 6.269927161741415,
      "dominant_direction_deg": 4.999999999999995,
      "direction_strength": 0.045865551793426676
    },
    "pattern_rhythm": {
      "repetition_score": 1.0,
      "rhythm_score": 1.0,
      "pattern_breaks": 0
    },
    "visual_mass_focus": {
      "point_of_interest": {
        "x": 0.51171875,
        "y": 0.37481698389458273,
        "strength": 1.0
      },
      "visual_mass_concentration": 0.1951466416544656,
      "mean_visual_weight": 0.007683609612286091,
      "face_count": 0,
      "has_directional_cues": 0
    },
    "framing_breathing": {
      "frame_in_frame_count": 0,
      "breathing_space": {
        "top": 0.4216691068814056,
        "bottom": 0.5461200585651538,
        "left": 0.517578125,
        "right": 0.462890625,
        "min_margin": 0.4216691068814056,
        "mean_margin": 0.48706447886163984
      },
      "corner_anchors": {
        "top_left": 0.015107805840671062,
        "top_right": 0.019756358116865158,
        "bottom_left": 0.029346991330385208,
        "bottom_right": 0.05451475456357002,
        "max_corner_weight": 0.05451475456357002,
        "has_corner_subject": 0
      }
    }
  }
}