{
  "meta": {
    "_dataset": "tvm board - Nov 22nd 2025 (5060 images)",
    "_label": "",
    "_relpath": "1381. \u6d1e\u7a9f.jpg",
    "_filename": "1381. \u6d1e\u7a9f.jpg",
    "_width": 1920,
    "_height": 1920
  },
  "features": {
    "geometric_structural": {
      "leading_lines": {
        "diagonal": 15,
        "vertical": 1,
        "horizontal": 3,
        "curved": 319
      },
      "leading_lines_strength": 0.66015625,
      "symmetry_vertical": 0.4978818624336768,
      "symmetry_horizontal": 0.3369999869942344,
      "symmetry_radial": 0.36318471888018045,
      "rule_of_thirds": {
        "alignment_score": 0,
        "num_salient_objects": 7
      },
      "golden_ratio": {
        "golden_alignment_score": 0
      },
      "balance": {
        "static_balance": 0.9107521772384644,
        "dynamic_balance": 1.0,
        "dominant_quadrant": 1
      },
      "layering": {
        "foreground_ratio": 0.2749671936035156,
        "midground_ratio": 0.3120307922363281,
        "background_ratio": 0.41300201416015625,
        "depth_complexity": 0.37027604035542755
      }
    },
    "spatial_layout": {
      "negative_space_ratio": 0.5254287719726562,
      "subject_isolation": 0.09999847412109375,
      "depth_of_field": {
        "blur_gradient_strength": 308.1053033319822,
        "sharpness_variance": 255277.6452133765,
        "min_sharpness": 0.0,
        "max_sharpness": 3760.2251776406943
      },
      "perspective": {
        "has_vanishing_point": 1,
        "perspective_strength": 0.9930004666355576
      }
    },
    "contrast_color": {
      "high_contrast_ratio": 0.4663352966308594,
      "low_contrast_ratio": 0.5336647033691406,
      "mean_contrast": 10.922762870788574,
      "highlight_ratio": 4.9591064453125e-05,
      "shadow_ratio": 0.6778297424316406,
      "midtone_ratio": 0.32212066650390625,
      "warm_color_ratio": 0.6244659423828125,
      "cool_color_ratio": 3.814697265625e-05,
      "complementary_color_score": 1.6666666666666667
    },
    "motion_dynamics": {
      "s_curve_count": 236,
      "motion_blur_score": 6.769678752464223,
      "dominant_direction_deg": 4.999999999999995,
      "direction_strength": 0.042816162109211665
    },
    "pattern_rhythm": {
      "repetition_score": 1.0,
      "rhythm_score": 1.0,
      "pattern_breaks": 0
    },
    "visual_mass_focus": {
      "point_of_interest": {
        "x": 0.392578125,
        "y": 0.703125,
        "strength": 1.0
      },
      "visual_mass_concentration": 0.19562530517578125,
      "mean_visual_weight": 0.03827788680791855,
      "face_count": 0,
      "has_directional_cues": 0
    },
    "framing_breathing": {
      "frame_in_frame_count": 0,
      "breathing_space": {
        "top": 0.67578125,
        "bottom": 0.294921875,
        "left": 0.349609375,
        "right": 0.423828125,
        "min_margin": 0.294921875,
        "mean_margin": 0.43603515625
      },
      "corner_anchors": {
        "top_left": 0.3836188316345215,
        "top_right": 0.39224109053611755,
        "bottom_left": 0.19772523641586304,
        "bottom_right": 0.20843571424484253,
        "max_corner_weight": 0.39224109053611755,
        "has_corner_subject": 1
      }
    }
  }
}