{
  "meta": {
    "_dataset": "tvm board - Nov 22nd 2025 (5060 images)",
    "_label": "",
    "_relpath": "1382. .jpg",
    "_filename": "1382. .jpg",
    "_width": 640,
    "_height": 480
  },
  "features": {
    "geometric_structural": {
      "leading_lines": {
        "diagonal": 2,
        "vertical": 0,
        "horizontal": 13,
        "curved": 99
      },
      "leading_lines_strength": 0.16691068814055637,
      "symmetry_vertical": 0.7250307792163634,
      "symmetry_horizontal": 0.5810986941685392,
      "symmetry_radial": 0.5852463876028821,
      "rule_of_thirds": {
        "alignment_score": 0,
        "num_salient_objects": 2
      },
      "golden_ratio": {
        "golden_alignment_score": 0
      },
      "balance": {
        "static_balance": 0.9537340402603149,
        "dynamic_balance": 1.0,
        "dominant_quadrant": 3
      },
      "layering": {
        "foreground_ratio": 0.17874096357979502,
        "midground_ratio": 0.17237543466325037,
        "background_ratio": 0.6488836017569546,
        "depth_complexity": 0.09316248681528906
      }
    },
    "spatial_layout": {
      "negative_space_ratio": 0.8947743182650073,
      "subject_isolation": 0.10000114385065886,
      "depth_of_field": {
        "blur_gradient_strength": 93.29802883327264,
        "sharpness_variance": 68824.44951705357,
        "min_sharpness": 0.0,
        "max_sharpness": 1693.3218803107254
      },
      "perspective": {
        "has_vanishing_point": 1,
        "perspective_strength": 0.9480752014324082
      }
    },
    "contrast_color": {
      "high_contrast_ratio": 0.2677640007320644,
      "low_contrast_ratio": 0.7322359992679356,
      "mean_contrast": 7.625621795654297,
      "highlight_ratio": 0.007904008030891418,
      "shadow_ratio": 0.8793180584907532,
      "midtone_ratio": 0.1127779483795166,
      "warm_color_ratio": 0.009016402818448023,
      "cool_color_ratio": 0.00803841050512445,
      "complementary_color_score": 2.1666666666666665
    },
    "motion_dynamics": {
      "s_curve_count": 81,
      "motion_blur_score": 7.0529162420852565,
      "dominant_direction_deg": 4.999999999999995,
      "direction_strength": 0.5236004987173899
    },
    "pattern_rhythm": {
      "repetition_score": 1.0,
      "rhythm_score": 1.0,
      "pattern_breaks": 2
    },
    "visual_mass_focus": {
      "point_of_interest": {
        "x": 0.5036603221083455,
        "y": 0.55859375,
        "strength": 1.0
      },
      "visual_mass_concentration": 0.1989756817349927,
      "mean_visual_weight": 0.003728351090103388,
      "face_count": 0,
      "has_directional_cues": 0
    },
    "framing_breathing": {
      "frame_in_frame_count": 0,
      "breathing_space": {
        "top": 0.419921875,
        "bottom": 0.32421875,
        "left": 0.4011713030746706,
        "right": 0.4084919472913616,
        "min_margin": 0.32421875,
        "mean_margin": 0.3884509688415081
      },
      "corner_anchors": {
        "top_left": 0.08642125874757767,
        "top_right": 0.08800239861011505,
        "bottom_left": 0.08221486210823059,
        "bottom_right": 0.07995172590017319,
        "max_corner_weight": 0.08800239861011505,
        "has_corner_subject": 0
      }
    }
  }
}