{
  "meta": {
    "_dataset": "tvm board - Nov 22nd 2025 (5060 images)",
    "_label": "",
    "_relpath": "1391. .jpg",
    "_filename": "1391. .jpg",
    "_width": 736,
    "_height": 552
  },
  "features": {
    "geometric_structural": {
      "leading_lines": {
        "diagonal": 1,
        "vertical": 0,
        "horizontal": 0,
        "curved": 31
      },
      "leading_lines_strength": 0.04685212298682284,
      "symmetry_vertical": 0.688098044846226,
      "symmetry_horizontal": 0.6913806587183892,
      "symmetry_radial": 0.5733253479338386,
      "rule_of_thirds": {
        "alignment_score": 1,
        "num_salient_objects": 31
      },
      "golden_ratio": {
        "golden_alignment_score": 1
      },
      "balance": {
        "static_balance": 0.9050284624099731,
        "dynamic_balance": 1.0,
        "dominant_quadrant": 1
      },
      "layering": {
        "foreground_ratio": 0.2839780838213763,
        "midground_ratio": 0.20799494418008785,
        "background_ratio": 0.5080269719985359,
        "depth_complexity": 0.04432819629060451
      }
    },
    "spatial_layout": {
      "negative_space_ratio": 0.476325150988287,
      "subject_isolation": 0.10000114385065886,
      "depth_of_field": {
        "blur_gradient_strength": 20.271464744752542,
        "sharpness_variance": 776.98318226015,
        "min_sharpness": 20.028999423298735,
        "max_sharpness": 157.72804562643447
      },
      "perspective": {
        "has_vanishing_point": 1,
        "perspective_strength": 0.6666666666666666
      }
    },
    "contrast_color": {
      "high_contrast_ratio": 0.2735976390922401,
      "low_contrast_ratio": 0.7264023609077599,
      "mean_contrast": 6.4692277908325195,
      "highlight_ratio": 0.0,
      "shadow_ratio": 0.6146767735481262,
      "midtone_ratio": 0.3853232264518738,
      "warm_color_ratio": 0.007426450402635432,
      "cool_color_ratio": 0.0005490483162518302,
      "complementary_color_score": 1.5
    },
    "motion_dynamics": {
      "s_curve_count": 33,
      "motion_blur_score": 13.032452438413843,
      "dominant_direction_deg": -85.0,
      "direction_strength": 0.0656055545386118
    },
    "pattern_rhythm": {
      "repetition_score": 1.0,
      "rhythm_score": 1.0,
      "pattern_breaks": 7
    },
    "visual_mass_focus": {
      "point_of_interest": {
        "x": 0.7232796486090776,
        "y": 0.3515625,
        "strength": 1.0
      },
      "visual_mass_concentration": 0.19784040995607613,
      "mean_visual_weight": 0.040199052542448044,
      "face_count": 0,
      "has_directional_cues": 0
    },
    "framing_breathing": {
      "frame_in_frame_count": 0,
      "breathing_space": {
        "top": 0.0,
        "bottom": 0.603515625,
        "left": 0.0,
        "right": 0.8330893118594437,
        "min_margin": 0.0,
        "mean_margin": 0.35915123421486095
      },
      "corner_anchors": {
        "top_left": 0.6005261540412903,
        "top_right": 0.3813743591308594,
        "bottom_left": 0.2770175337791443,
        "bottom_right": 0.2619871199131012,
        "max_corner_weight": 0.6005261540412903,
        "has_corner_subject": 1
      }
    }
  }
}