{
  "meta": {
    "_dataset": "tvm board - Nov 22nd 2025 (5060 images)",
    "_label": "",
    "_relpath": "1393. .jpg",
    "_filename": "1393. .jpg",
    "_width": 1456,
    "_height": 1424
  },
  "features": {
    "geometric_structural": {
      "leading_lines": {
        "diagonal": 0,
        "vertical": 4,
        "horizontal": 0,
        "curved": 34
      },
      "leading_lines_strength": 0.07251908396946564,
      "symmetry_vertical": 0.5892810956967077,
      "symmetry_horizontal": 0.5421755498072569,
      "symmetry_radial": 0.5306460747112776,
      "rule_of_thirds": {
        "alignment_score": 1,
        "num_salient_objects": 8
      },
      "golden_ratio": {
        "golden_alignment_score": 0
      },
      "balance": {
        "static_balance": 0.6820343136787415,
        "dynamic_balance": 1.0,
        "dominant_quadrant": 2
      },
      "layering": {
        "foreground_ratio": 0.28728828721374045,
        "midground_ratio": 0.3554762046755725,
        "background_ratio": 0.35723550811068705,
        "depth_complexity": 0.09867095519382008
      }
    },
    "spatial_layout": {
      "negative_space_ratio": 0.1286304270038168,
      "subject_isolation": 0.10000074546755726,
      "depth_of_field": {
        "blur_gradient_strength": 19.93538077456701,
        "sharpness_variance": 611.2141350062859,
        "min_sharpness": 39.23375624759708,
        "max_sharpness": 181.93127643214152
      },
      "perspective": {
        "has_vanishing_point": 1,
        "perspective_strength": 0.8888888888888888
      }
    },
    "contrast_color": {
      "high_contrast_ratio": 0.27677719465648853,
      "low_contrast_ratio": 0.7232228053435115,
      "mean_contrast": 8.807256698608398,
      "highlight_ratio": 0.0,
      "shadow_ratio": 0.11693777143955231,
      "midtone_ratio": 0.8830622434616089,
      "warm_color_ratio": 0.0,
      "cool_color_ratio": 0.8538734494274809,
      "complementary_color_score": 0.0
    },
    "motion_dynamics": {
      "s_curve_count": 42,
      "motion_blur_score": 17.668587872985004,
      "dominant_direction_deg": 4.999999999999995,
      "direction_strength": 0.03476860687009941
    },
    "pattern_rhythm": {
      "repetition_score": 1.0,
      "rhythm_score": 1.0,
      "pattern_breaks": 3
    },
    "visual_mass_focus": {
      "point_of_interest": {
        "x": 0.5,
        "y": 0.6875,
        "strength": 1.0
      },
      "visual_mass_concentration": 0.18505486641221375,
      "mean_visual_weight": 0.08881910890340805,
      "face_count": 0,
      "has_directional_cues": 0
    },
    "framing_breathing": {
      "frame_in_frame_count": 0,
      "breathing_space": {
        "top": 0.615234375,
        "bottom": 0.193359375,
        "left": 0.6965648854961832,
        "right": 0.0,
        "min_margin": 0.0,
        "mean_margin": 0.3762896588740458
      },
      "corner_anchors": {
        "top_left": 0.11264745891094208,
        "top_right": 0.08882132172584534,
        "bottom_left": 0.2585580050945282,
        "bottom_right": 0.3278202712535858,
        "max_corner_weight": 0.3278202712535858,
        "has_corner_subject": 1
      }
    }
  }
}