{
  "meta": {
    "_dataset": "tvm board - Nov 22nd 2025 (5060 images)",
    "_label": "",
    "_relpath": "1398. .jpg",
    "_filename": "1398. .jpg",
    "_width": 736,
    "_height": 736
  },
  "features": {
    "geometric_structural": {
      "leading_lines": {
        "diagonal": 10,
        "vertical": 1,
        "horizontal": 0,
        "curved": 119
      },
      "leading_lines_strength": 0.25390625,
      "symmetry_vertical": 0.6715292261998707,
      "symmetry_horizontal": 0.6523278403400442,
      "symmetry_radial": 0.6472429646836151,
      "rule_of_thirds": {
        "alignment_score": 0,
        "num_salient_objects": 12
      },
      "golden_ratio": {
        "golden_alignment_score": 0
      },
      "balance": {
        "static_balance": 0.6613250970840454,
        "dynamic_balance": 1.0,
        "dominant_quadrant": 2
      },
      "layering": {
        "foreground_ratio": 0.2674446105957031,
        "midground_ratio": 0.21965789794921875,
        "background_ratio": 0.5128974914550781,
        "depth_complexity": 0.11363604575931095
      }
    },
    "spatial_layout": {
      "negative_space_ratio": 0.8765754699707031,
      "subject_isolation": 0.10000228881835938,
      "depth_of_field": {
        "blur_gradient_strength": 110.63171839439042,
        "sharpness_variance": 65308.74600953307,
        "min_sharpness": 0.0,
        "max_sharpness": 1507.1733720845841
      },
      "perspective": {
        "has_vanishing_point": 1,
        "perspective_strength": 0.9802224969097652
      }
    },
    "contrast_color": {
      "high_contrast_ratio": 0.3103065490722656,
      "low_contrast_ratio": 0.6896934509277344,
      "mean_contrast": 6.307003974914551,
      "highlight_ratio": 0.0,
      "shadow_ratio": 0.7522468566894531,
      "midtone_ratio": 0.24775314331054688,
      "warm_color_ratio": 0.0226593017578125,
      "cool_color_ratio": 0.0,
      "complementary_color_score": 0.0
    },
    "motion_dynamics": {
      "s_curve_count": 105,
      "motion_blur_score": 9.911728026683717,
      "dominant_direction_deg": 4.999999999999995,
      "direction_strength": 0.35937881469589467
    },
    "pattern_rhythm": {
      "repetition_score": 1.0,
      "rhythm_score": 1.0,
      "pattern_breaks": 3
    },
    "visual_mass_focus": {
      "point_of_interest": {
        "x": 0.119140625,
        "y": 0.80078125,
        "strength": 1.0
      },
      "visual_mass_concentration": 0.19997787475585938,
      "mean_visual_weight": 0.013358830474317074,
      "face_count": 0,
      "has_directional_cues": 0
    },
    "framing_breathing": {
      "frame_in_frame_count": 0,
      "breathing_space": {
        "top": 0.7421875,
        "bottom": 0.017578125,
        "left": 0.015625,
        "right": 0.822265625,
        "min_margin": 0.015625,
        "mean_margin": 0.3994140625
      },
      "corner_anchors": {
        "top_left": 0.08991346508264542,
        "top_right": 0.08849065005779266,
        "bottom_left": 0.5217337608337402,
        "bottom_right": 0.07244076579809189,
        "max_corner_weight": 0.5217337608337402,
        "has_corner_subject": 1
      }
    }
  }
}