{
  "meta": {
    "_dataset": "tvm board - Nov 22nd 2025 (5060 images)",
    "_label": "",
    "_relpath": "1411. .jpg",
    "_filename": "1411. .jpg",
    "_width": 784,
    "_height": 1200
  },
  "features": {
    "geometric_structural": {
      "leading_lines": {
        "diagonal": 0,
        "vertical": 2,
        "horizontal": 6,
        "curved": 144
      },
      "leading_lines_strength": 0.19387755102040816,
      "symmetry_vertical": 0.6435882693274896,
      "symmetry_horizontal": 0.5790259056007062,
      "symmetry_radial": 0.3662706024149842,
      "rule_of_thirds": {
        "alignment_score": 0,
        "num_salient_objects": 89
      },
      "golden_ratio": {
        "golden_alignment_score": 5
      },
      "balance": {
        "static_balance": 0.8702995777130127,
        "dynamic_balance": 1.0,
        "dominant_quadrant": 1
      },
      "layering": {
        "foreground_ratio": 0.32150829081632654,
        "midground_ratio": 0.19968959263392858,
        "background_ratio": 0.4788021165497449,
        "depth_complexity": 0.1361870335775371
      }
    },
    "spatial_layout": {
      "negative_space_ratio": 0.2458770129145408,
      "subject_isolation": 0.10000049824617346,
      "depth_of_field": {
        "blur_gradient_strength": 104.63914116629998,
        "sharpness_variance": 48084.65257429336,
        "min_sharpness": 0.0,
        "max_sharpness": 1521.298868134147
      },
      "perspective": {
        "has_vanishing_point": 1,
        "perspective_strength": 0.9970414201183432
      }
    },
    "contrast_color": {
      "high_contrast_ratio": 0.4157166772959184,
      "low_contrast_ratio": 0.5842833227040816,
      "mean_contrast": 8.80643367767334,
      "highlight_ratio": 0.0,
      "shadow_ratio": 0.7790178656578064,
      "midtone_ratio": 0.2209821343421936,
      "warm_color_ratio": 0.0023442482461734694,
      "cool_color_ratio": 0.9934380978954082,
      "complementary_color_score": 2.1666666666666665
    },
    "motion_dynamics": {
      "s_curve_count": 137,
      "motion_blur_score": 7.327317342797447,
      "dominant_direction_deg": 4.999999999999995,
      "direction_strength": 0.29992426658088545
    },
    "pattern_rhythm": {
      "repetition_score": 1.0,
      "rhythm_score": 1.0,
      "pattern_breaks": 21
    },
    "visual_mass_focus": {
      "point_of_interest": {
        "x": 0.544921875,
        "y": 0.4604591836734694,
        "strength": 1.0
      },
      "visual_mass_concentration": 0.18148865991709184,
      "mean_visual_weight": 0.13942627608776093,
      "face_count": 0,
      "has_directional_cues": 0
    },
    "framing_breathing": {
      "frame_in_frame_count": 0,
      "breathing_space": {
        "top": 0.30994897959183676,
        "bottom": 0.32908163265306123,
        "left": 0.0,
        "right": 0.0,
        "min_margin": 0.0,
        "mean_margin": 0.1597576530612245
      },
      "corner_anchors": {
        "top_left": 0.2500070035457611,
        "top_right": 0.2645443379878998,
        "bottom_left": 0.26540955901145935,
        "bottom_right": 0.13882362842559814,
        "max_corner_weight": 0.26540955901145935,
        "has_corner_subject": 0
      }
    }
  }
}