{
  "meta": {
    "_dataset": "tvm board - Nov 22nd 2025 (5060 images)",
    "_label": "",
    "_relpath": "1417. .jpg",
    "_filename": "1417. .jpg",
    "_width": 4288,
    "_height": 3216
  },
  "features": {
    "geometric_structural": {
      "leading_lines": {
        "diagonal": 0,
        "vertical": 0,
        "horizontal": 0,
        "curved": 74
      },
      "leading_lines_strength": 0.10834553440702782,
      "symmetry_vertical": 0.5199128353992906,
      "symmetry_horizontal": 0.24728828298090605,
      "symmetry_radial": 0.26322324626340404,
      "rule_of_thirds": {
        "alignment_score": 0,
        "num_salient_objects": 3
      },
      "golden_ratio": {
        "golden_alignment_score": 0
      },
      "balance": {
        "static_balance": 0.9287737011909485,
        "dynamic_balance": 1.0,
        "dominant_quadrant": 2
      },
      "layering": {
        "foreground_ratio": 0.30700665721083453,
        "midground_ratio": 0.1790126281112738,
        "background_ratio": 0.5139807146778916,
        "depth_complexity": 0.14031631953799753
      }
    },
    "spatial_layout": {
      "negative_space_ratio": 0.7395652223645681,
      "subject_isolation": 0.10000114385065886,
      "depth_of_field": {
        "blur_gradient_strength": 95.31857075592353,
        "sharpness_variance": 13195.660439680023,
        "min_sharpness": 16.60714589263497,
        "max_sharpness": 592.4741508788875
      },
      "perspective": {
        "has_vanishing_point": 1,
        "perspective_strength": 0.6666666666666666
      }
    },
    "contrast_color": {
      "high_contrast_ratio": 0.4262616672767203,
      "low_contrast_ratio": 0.5737383327232797,
      "mean_contrast": 12.643058776855469,
      "highlight_ratio": 0.0010380444582551718,
      "shadow_ratio": 0.710580050945282,
      "midtone_ratio": 0.2883819341659546,
      "warm_color_ratio": 0.0010180270863836018,
      "cool_color_ratio": 8.292917276720352e-05,
      "complementary_color_score": 1.3333333333333333
    },
    "motion_dynamics": {
      "s_curve_count": 97,
      "motion_blur_score": 6.888583289868711,
      "dominant_direction_deg": 95.0,
      "direction_strength": 0.05988058199104399
    },
    "pattern_rhythm": {
      "repetition_score": 1.0,
      "rhythm_score": 1.0,
      "pattern_breaks": 0
    },
    "visual_mass_focus": {
      "point_of_interest": {
        "x": 0.6676427525622255,
        "y": 0.275390625,
        "strength": 1.0
      },
      "visual_mass_concentration": 0.15393942166910687,
      "mean_visual_weight": 0.0019126955885440111,
      "face_count": 0,
      "has_directional_cues": 0
    },
    "framing_breathing": {
      "frame_in_frame_count": 0,
      "breathing_space": {
        "top": 0.876953125,
        "bottom": 0.095703125,
        "left": 0.020497803806734993,
        "right": 0.9267935578330894,
        "min_margin": 0.020497803806734993,
        "mean_margin": 0.47998690290995605
      },
      "corner_anchors": {
        "top_left": 0.16314813494682312,
        "top_right": 0.15375462174415588,
        "bottom_left": 0.30918827652931213,
        "bottom_right": 0.2682655155658722,
        "max_corner_weight": 0.30918827652931213,
        "has_corner_subject": 1
      }
    }
  }
}