{
  "meta": {
    "_dataset": "tvm board - Nov 22nd 2025 (5060 images)",
    "_label": "",
    "_relpath": "1456. .jpg",
    "_filename": "1456. .jpg",
    "_width": 2250,
    "_height": 4000
  },
  "features": {
    "geometric_structural": {
      "leading_lines": {
        "diagonal": 0,
        "vertical": 0,
        "horizontal": 0,
        "curved": 15
      },
      "leading_lines_strength": 0.016483516483516484,
      "symmetry_vertical": 0.7430398155816594,
      "symmetry_horizontal": 0.6461307551703129,
      "symmetry_radial": 0.4646198827018541,
      "rule_of_thirds": {
        "alignment_score": 0,
        "num_salient_objects": 8
      },
      "golden_ratio": {
        "golden_alignment_score": 2
      },
      "balance": {
        "static_balance": 0.8456913232803345,
        "dynamic_balance": 1.0,
        "dominant_quadrant": 0
      },
      "layering": {
        "foreground_ratio": 0.2752918956043956,
        "midground_ratio": 0.0,
        "background_ratio": 0.7247081043956044,
        "depth_complexity": 0.035562708098664124
      }
    },
    "spatial_layout": {
      "negative_space_ratio": 0.8037216689560439,
      "subject_isolation": 0.1,
      "depth_of_field": {
        "blur_gradient_strength": 11.774151839629626,
        "sharpness_variance": 627.3984687815778,
        "min_sharpness": 9.090087454402964,
        "max_sharpness": 124.17992547449809
      },
      "perspective": {
        "has_vanishing_point": 1,
        "perspective_strength": 0.6666666666666666
      }
    },
    "contrast_color": {
      "high_contrast_ratio": 0.39635774381868133,
      "low_contrast_ratio": 0.6036422561813186,
      "mean_contrast": 6.424302577972412,
      "highlight_ratio": 0.0,
      "shadow_ratio": 0.961207926273346,
      "midtone_ratio": 0.03879207372665405,
      "warm_color_ratio": 0.13279962225274725,
      "cool_color_ratio": 0.6758971497252747,
      "complementary_color_score": 2.611111111111111
    },
    "motion_dynamics": {
      "s_curve_count": 35,
      "motion_blur_score": 6.731432140838497,
      "dominant_direction_deg": 4.999999999999995,
      "direction_strength": 0.0478515624998973
    },
    "pattern_rhythm": {
      "repetition_score": 1.0,
      "rhythm_score": 1.0,
      "pattern_breaks": 3
    },
    "visual_mass_focus": {
      "point_of_interest": {
        "x": 0.3046875,
        "y": 0.3901098901098901,
        "strength": 1.0
      },
      "visual_mass_concentration": 0.15456945398351649,
      "mean_visual_weight": 0.02394757978618145,
      "face_count": 0,
      "has_directional_cues": 0
    },
    "framing_breathing": {
      "frame_in_frame_count": 0,
      "breathing_space": {
        "top": 0.3747252747252747,
        "bottom": 0.5472527472527473,
        "left": 0.408203125,
        "right": 0.45703125,
        "min_margin": 0.3747252747252747,
        "mean_margin": 0.4468030992445055
      },
      "corner_anchors": {
        "top_left": 0.13095195591449738,
        "top_right": 0.13334515690803528,
        "bottom_left": 0.11431467533111572,
        "bottom_right": 0.12844164669513702,
        "max_corner_weight": 0.13334515690803528,
        "has_corner_subject": 0
      }
    }
  }
}