{
  "meta": {
    "_dataset": "tvm board - Nov 22nd 2025 (5060 images)",
    "_label": "",
    "_relpath": "1459. .jpg",
    "_filename": "1459. .jpg",
    "_width": 1224,
    "_height": 1632
  },
  "features": {
    "geometric_structural": {
      "leading_lines": {
        "diagonal": 0,
        "vertical": 7,
        "horizontal": 0,
        "curved": 116
      },
      "leading_lines_strength": 0.1800878477306003,
      "symmetry_vertical": 0.47950199933830495,
      "symmetry_horizontal": 0.3697126995013466,
      "symmetry_radial": 0.298529817852198,
      "rule_of_thirds": {
        "alignment_score": 0,
        "num_salient_objects": 27
      },
      "golden_ratio": {
        "golden_alignment_score": 3
      },
      "balance": {
        "static_balance": 0.9234435558319092,
        "dynamic_balance": 1.0,
        "dominant_quadrant": 2
      },
      "layering": {
        "foreground_ratio": 0.2902978587115666,
        "midground_ratio": 0.12153985175695461,
        "background_ratio": 0.5881622895314788,
        "depth_complexity": 0.05466359335166196
      }
    },
    "spatial_layout": {
      "negative_space_ratio": 0.6553091828330894,
      "subject_isolation": 0.10000114385065886,
      "depth_of_field": {
        "blur_gradient_strength": 38.582673390223015,
        "sharpness_variance": 4529.428233040174,
        "min_sharpness": 0.529027297193387,
        "max_sharpness": 484.63796005469754
      },
      "perspective": {
        "has_vanishing_point": 1,
        "perspective_strength": 0.6571428571428571
      }
    },
    "contrast_color": {
      "high_contrast_ratio": 0.45502379209370425,
      "low_contrast_ratio": 0.5449762079062958,
      "mean_contrast": 14.177498817443848,
      "highlight_ratio": 0.0,
      "shadow_ratio": 0.7317755818367004,
      "midtone_ratio": 0.26822441816329956,
      "warm_color_ratio": 0.8098376875915081,
      "cool_color_ratio": 0.09129358071010249,
      "complementary_color_score": 2.3333333333333335
    },
    "motion_dynamics": {
      "s_curve_count": 135,
      "motion_blur_score": 7.2506703584911145,
      "dominant_direction_deg": 4.999999999999995,
      "direction_strength": 0.14401651720310207
    },
    "pattern_rhythm": {
      "repetition_score": 1.0,
      "rhythm_score": 1.0,
      "pattern_breaks": 3
    },
    "visual_mass_focus": {
      "point_of_interest": {
        "x": 0.533203125,
        "y": 0.5666178623718887,
        "strength": 1.0
      },
      "visual_mass_concentration": 0.19869543832357248,
      "mean_visual_weight": 0.055748745799064636,
      "face_count": 0,
      "has_directional_cues": 0
    },
    "framing_breathing": {
      "frame_in_frame_count": 0,
      "breathing_space": {
        "top": 0.39092240117130306,
        "bottom": 0.40702781844802344,
        "left": 0.5859375,
        "right": 0.271484375,
        "min_margin": 0.271484375,
        "mean_margin": 0.4138430236548316
      },
      "corner_anchors": {
        "top_left": 0.223408043384552,
        "top_right": 0.2528008222579956,
        "bottom_left": 0.2727274000644684,
        "bottom_right": 0.21045731008052826,
        "max_corner_weight": 0.2727274000644684,
        "has_corner_subject": 0
      }
    }
  }
}