{
  "meta": {
    "_dataset": "tvm board - Nov 22nd 2025 (5060 images)",
    "_label": "",
    "_relpath": "1467. .jpg",
    "_filename": "1467. .jpg",
    "_width": 736,
    "_height": 1308
  },
  "features": {
    "geometric_structural": {
      "leading_lines": {
        "diagonal": 2,
        "vertical": 1,
        "horizontal": 1,
        "curved": 41
      },
      "leading_lines_strength": 0.04945054945054945,
      "symmetry_vertical": 0.6394048623913429,
      "symmetry_horizontal": 0.6603640666069666,
      "symmetry_radial": 0.44283535468092966,
      "rule_of_thirds": {
        "alignment_score": 0,
        "num_salient_objects": 7
      },
      "golden_ratio": {
        "golden_alignment_score": 0
      },
      "balance": {
        "static_balance": 0.8016675710678101,
        "dynamic_balance": 1.0,
        "dominant_quadrant": 1
      },
      "layering": {
        "foreground_ratio": 0.2714650583791209,
        "midground_ratio": 0.27101433722527474,
        "background_ratio": 0.4575206043956044,
        "depth_complexity": 0.05681606453261127
      }
    },
    "spatial_layout": {
      "negative_space_ratio": 0.7881116929945055,
      "subject_isolation": 0.1,
      "depth_of_field": {
        "blur_gradient_strength": 81.01870802886836,
        "sharpness_variance": 46112.01245932966,
        "min_sharpness": 0.2629757785467128,
        "max_sharpness": 2263.921568627451
      },
      "perspective": {
        "has_vanishing_point": 1,
        "perspective_strength": 0.6428571428571429
      }
    },
    "contrast_color": {
      "high_contrast_ratio": 0.3115255837912088,
      "low_contrast_ratio": 0.6884744162087912,
      "mean_contrast": 7.5257887840271,
      "highlight_ratio": 0.0,
      "shadow_ratio": 0.9274167418479919,
      "midtone_ratio": 0.07258325815200806,
      "warm_color_ratio": 0.3930460164835165,
      "cool_color_ratio": 0.015047647664835165,
      "complementary_color_score": 2.2777777777777777
    },
    "motion_dynamics": {
      "s_curve_count": 54,
      "motion_blur_score": 7.270343996205211,
      "dominant_direction_deg": 4.999999999999995,
      "direction_strength": 0.4052669986255038
    },
    "pattern_rhythm": {
      "repetition_score": 1.0,
      "rhythm_score": 1.0,
      "pattern_breaks": 1
    },
    "visual_mass_focus": {
      "point_of_interest": {
        "x": 0.880859375,
        "y": 0.18021978021978022,
        "strength": 1.0
      },
      "visual_mass_concentration": 0.1995900583791209,
      "mean_visual_weight": 0.07060025632381439,
      "face_count": 0,
      "has_directional_cues": 0
    },
    "framing_breathing": {
      "frame_in_frame_count": 0,
      "breathing_space": {
        "top": 0.367032967032967,
        "bottom": 0.5098901098901099,
        "left": 0.76953125,
        "right": 0.19140625,
        "min_margin": 0.19140625,
        "mean_margin": 0.45946514423076923
      },
      "corner_anchors": {
        "top_left": 0.15723642706871033,
        "top_right": 0.11003758758306503,
        "bottom_left": 0.06779138743877411,
        "bottom_right": 0.12047610431909561,
        "max_corner_weight": 0.15723642706871033,
        "has_corner_subject": 0
      }
    }
  }
}