{
  "meta": {
    "_dataset": "tvm board - Nov 22nd 2025 (5060 images)",
    "_label": "",
    "_relpath": "1477. .png",
    "_filename": "1477. .png",
    "_width": 393,
    "_height": 532
  },
  "features": {
    "geometric_structural": {
      "leading_lines": {
        "diagonal": 9,
        "vertical": 2,
        "horizontal": 0,
        "curved": 13
      },
      "leading_lines_strength": 0.03463203463203463,
      "symmetry_vertical": 0.46389618480917255,
      "symmetry_horizontal": 0.5563866619224843,
      "symmetry_radial": 0.4237652763600121,
      "rule_of_thirds": {
        "alignment_score": 1,
        "num_salient_objects": 2
      },
      "golden_ratio": {
        "golden_alignment_score": 1
      },
      "balance": {
        "static_balance": 0.6935108304023743,
        "dynamic_balance": 1.0,
        "dominant_quadrant": 1
      },
      "layering": {
        "foreground_ratio": 0.14745952831890333,
        "midground_ratio": 0.2390788465007215,
        "background_ratio": 0.6134616251803752,
        "depth_complexity": 0.0331163770987353
      }
    },
    "spatial_layout": {
      "negative_space_ratio": 0.8298216540404041,
      "subject_isolation": 0.10000112734487734,
      "depth_of_field": {
        "blur_gradient_strength": 61.90645536052339,
        "sharpness_variance": 14254.718194410361,
        "min_sharpness": 0.0,
        "max_sharpness": 1029.606305267205
      },
      "perspective": {
        "has_vanishing_point": 1,
        "perspective_strength": 0.9665071770334929
      }
    },
    "contrast_color": {
      "high_contrast_ratio": 0.27295556006493504,
      "low_contrast_ratio": 0.727044439935065,
      "mean_contrast": 11.111547470092773,
      "highlight_ratio": 0.09916407614946365,
      "shadow_ratio": 0.8041210174560547,
      "midtone_ratio": 0.09671491384506226,
      "warm_color_ratio": 0.001792478354978355,
      "cool_color_ratio": 0.785390174062049,
      "complementary_color_score": 3.7777777777777777
    },
    "motion_dynamics": {
      "s_curve_count": 24,
      "motion_blur_score": 10.749890163744285,
      "dominant_direction_deg": 4.999999999999995,
      "direction_strength": 0.3636279085487587
    },
    "pattern_rhythm": {
      "repetition_score": 1.0,
      "rhythm_score": 1.0,
      "pattern_breaks": 2
    },
    "visual_mass_focus": {
      "point_of_interest": {
        "x": 0.798828125,
        "y": 0.35209235209235207,
        "strength": 1.0
      },
      "visual_mass_concentration": 0.1998979752886003,
      "mean_visual_weight": 0.06526899337768555,
      "face_count": 0,
      "has_directional_cues": 0
    },
    "framing_breathing": {
      "frame_in_frame_count": 0,
      "breathing_space": {
        "top": 0.09956709956709957,
        "bottom": 0.47763347763347763,
        "left": 0.345703125,
        "right": 0.0,
        "min_margin": 0.0,
        "mean_margin": 0.2307259255501443
      },
      "corner_anchors": {
        "top_left": 0.20231744647026062,
        "top_right": 0.3469441533088684,
        "bottom_left": 0.20362883806228638,
        "bottom_right": 0.16921979188919067,
        "max_corner_weight": 0.3469441533088684,
        "has_corner_subject": 1
      }
    }
  }
}