{
  "meta": {
    "_dataset": "tvm board - Nov 22nd 2025 (5060 images)",
    "_label": "",
    "_relpath": "1484. .jpg",
    "_filename": "1484. .jpg",
    "_width": 745,
    "_height": 830
  },
  "features": {
    "geometric_structural": {
      "leading_lines": {
        "diagonal": 1,
        "vertical": 1,
        "horizontal": 12,
        "curved": 209
      },
      "leading_lines_strength": 0.3912280701754386,
      "symmetry_vertical": 0.28921704874416804,
      "symmetry_horizontal": 0.2607993542086519,
      "symmetry_radial": 0.2345993361663952,
      "rule_of_thirds": {
        "alignment_score": 0,
        "num_salient_objects": 5
      },
      "golden_ratio": {
        "golden_alignment_score": 0
      },
      "balance": {
        "static_balance": 0.9286100268363953,
        "dynamic_balance": 1.0,
        "dominant_quadrant": 0
      },
      "layering": {
        "foreground_ratio": 0.33793174342105264,
        "midground_ratio": 0.2647786458333333,
        "background_ratio": 0.39728961074561403,
        "depth_complexity": 0.48098982711795507
      }
    },
    "spatial_layout": {
      "negative_space_ratio": 0.5397169682017544,
      "subject_isolation": 0.1,
      "depth_of_field": {
        "blur_gradient_strength": 284.17083880280643,
        "sharpness_variance": 328772.3204852687,
        "min_sharpness": 4.312947094993925,
        "max_sharpness": 2948.014705882353
      },
      "perspective": {
        "has_vanishing_point": 1,
        "perspective_strength": 0.9951719975859988
      }
    },
    "contrast_color": {
      "high_contrast_ratio": 0.5272306743421052,
      "low_contrast_ratio": 0.47276932565789476,
      "mean_contrast": 24.143238067626953,
      "highlight_ratio": 7.881030614953488e-05,
      "shadow_ratio": 0.5559107661247253,
      "midtone_ratio": 0.4440104365348816,
      "warm_color_ratio": 0.04803659539473684,
      "cool_color_ratio": 0.8462479440789473,
      "complementary_color_score": 2.2222222222222223
    },
    "motion_dynamics": {
      "s_curve_count": 234,
      "motion_blur_score": 4.102906514056645,
      "dominant_direction_deg": 4.999999999999995,
      "direction_strength": 0.13042763157850046
    },
    "pattern_rhythm": {
      "repetition_score": 1.0,
      "rhythm_score": 1.0,
      "pattern_breaks": 0
    },
    "visual_mass_focus": {
      "point_of_interest": {
        "x": 0.2265625,
        "y": 0.5578947368421052,
        "strength": 1.0
      },
      "visual_mass_concentration": 0.19957853618421054,
      "mean_visual_weight": 0.09533298760652542,
      "face_count": 2,
      "has_directional_cues": 1
    },
    "framing_breathing": {
      "frame_in_frame_count": 0,
      "breathing_space": {
        "top": 0.5456140350877193,
        "bottom": 0.41228070175438597,
        "left": 0.185546875,
        "right": 0.798828125,
        "min_margin": 0.185546875,
        "mean_margin": 0.48556743421052634
      },
      "corner_anchors": {
        "top_left": 0.2749945819377899,
        "top_right": 0.2588919699192047,
        "bottom_left": 0.28374046087265015,
        "bottom_right": 0.14805929362773895,
        "max_corner_weight": 0.28374046087265015,
        "has_corner_subject": 0
      }
    }
  }
}