{
  "meta": {
    "_dataset": "tvm board - Nov 22nd 2025 (5060 images)",
    "_label": "",
    "_relpath": "1485. .jpg",
    "_filename": "1485. .jpg",
    "_width": 246,
    "_height": 400
  },
  "features": {
    "geometric_structural": {
      "leading_lines": {
        "diagonal": 0,
        "vertical": 0,
        "horizontal": 0,
        "curved": 13
      },
      "leading_lines_strength": 0.015606242496998799,
      "symmetry_vertical": 0.8540800518752305,
      "symmetry_horizontal": 0.6593193137391031,
      "symmetry_radial": 0.5013565024431627,
      "rule_of_thirds": {
        "alignment_score": 0,
        "num_salient_objects": 1
      },
      "golden_ratio": {
        "golden_alignment_score": 0
      },
      "balance": {
        "static_balance": 0.878648042678833,
        "dynamic_balance": 1.0,
        "dominant_quadrant": 1
      },
      "layering": {
        "foreground_ratio": 0.3344251763205282,
        "midground_ratio": 0.0,
        "background_ratio": 0.6655748236794717,
        "depth_complexity": 0.013705399347238896
      }
    },
    "spatial_layout": {
      "negative_space_ratio": 0.8559658238295318,
      "subject_isolation": 0.10000093787515006,
      "depth_of_field": {
        "blur_gradient_strength": 14.808750628411707,
        "sharpness_variance": 1612.3833868605332,
        "min_sharpness": 0.0,
        "max_sharpness": 453.4432194993172
      },
      "perspective": {
        "has_vanishing_point": 0,
        "perspective_strength": 0.0
      }
    },
    "contrast_color": {
      "high_contrast_ratio": 0.2575733418367347,
      "low_contrast_ratio": 0.7424266581632653,
      "mean_contrast": 5.768065452575684,
      "highlight_ratio": 7.503000961150974e-05,
      "shadow_ratio": 0.8967516422271729,
      "midtone_ratio": 0.10317331552505493,
      "warm_color_ratio": 0.0,
      "cool_color_ratio": 0.0,
      "complementary_color_score": 0.0
    },
    "motion_dynamics": {
      "s_curve_count": 25,
      "motion_blur_score": 8.514075868633725,
      "dominant_direction_deg": 4.999999999999995,
      "direction_strength": 0.411903042466021
    },
    "pattern_rhythm": {
      "repetition_score": 1.0,
      "rhythm_score": 1.0,
      "pattern_breaks": 0
    },
    "visual_mass_focus": {
      "point_of_interest": {
        "x": 0.37890625,
        "y": 0.5054021608643458,
        "strength": 1.0
      },
      "visual_mass_concentration": 0.0,
      "mean_visual_weight": 0.0,
      "face_count": 0,
      "has_directional_cues": 0
    },
    "framing_breathing": {
      "frame_in_frame_count": 0,
      "breathing_space": {
        "top": 0.5006002400960384,
        "bottom": 0.48739495798319327,
        "left": 0.373046875,
        "right": 0.611328125,
        "min_margin": 0.373046875,
        "mean_margin": 0.4930925495198079
      },
      "corner_anchors": {
        "top_left": 0.06425891816616058,
        "top_right": 0.06507975608110428,
        "bottom_left": 0.06951345503330231,
        "bottom_right": 0.06945818662643433,
        "max_corner_weight": 0.06951345503330231,
        "has_corner_subject": 0
      }
    }
  }
}