{
  "meta": {
    "_dataset": "tvm board - Nov 22nd 2025 (5060 images)",
    "_label": "",
    "_relpath": "1486. chillingham castle.jpg",
    "_filename": "1486. chillingham castle.jpg",
    "_width": 3000,
    "_height": 4000
  },
  "features": {
    "geometric_structural": {
      "leading_lines": {
        "diagonal": 0,
        "vertical": 0,
        "horizontal": 0,
        "curved": 140
      },
      "leading_lines_strength": 0.20497803806734993,
      "symmetry_vertical": 0.421729329251592,
      "symmetry_horizontal": 0.2721088881823698,
      "symmetry_radial": 0.2948129306455069,
      "rule_of_thirds": {
        "alignment_score": 0,
        "num_salient_objects": 7
      },
      "golden_ratio": {
        "golden_alignment_score": 0
      },
      "balance": {
        "static_balance": 0.9299019575119019,
        "dynamic_balance": 1.0,
        "dominant_quadrant": 2
      },
      "layering": {
        "foreground_ratio": 0.2804292871522694,
        "midground_ratio": 0.31511083912884336,
        "background_ratio": 0.40445987371888725,
        "depth_complexity": 0.14001162617033963
      }
    },
    "spatial_layout": {
      "negative_space_ratio": 0.6834850841874085,
      "subject_isolation": 0.10000114385065886,
      "depth_of_field": {
        "blur_gradient_strength": 127.99310508660925,
        "sharpness_variance": 75544.73151418068,
        "min_sharpness": 0.09880800289599675,
        "max_sharpness": 2011.0673217248086
      },
      "perspective": {
        "has_vanishing_point": 1,
        "perspective_strength": 0.9809523809523809
      }
    },
    "contrast_color": {
      "high_contrast_ratio": 0.42454303166178625,
      "low_contrast_ratio": 0.5754569683382138,
      "mean_contrast": 9.878083229064941,
      "highlight_ratio": 0.0016557237831875682,
      "shadow_ratio": 0.9757017493247986,
      "midtone_ratio": 0.022642552852630615,
      "warm_color_ratio": 0.6654923133235725,
      "cool_color_ratio": 0.044238424231332354,
      "complementary_color_score": 2.7777777777777777
    },
    "motion_dynamics": {
      "s_curve_count": 152,
      "motion_blur_score": 3.6732070592694326,
      "dominant_direction_deg": 4.999999999999995,
      "direction_strength": 0.267415126280348
    },
    "pattern_rhythm": {
      "repetition_score": 1.0,
      "rhythm_score": 1.0,
      "pattern_breaks": 0
    },
    "visual_mass_focus": {
      "point_of_interest": {
        "x": 0.150390625,
        "y": 0.6691068814055637,
        "strength": 1.0
      },
      "visual_mass_concentration": 0.19958192258418742,
      "mean_visual_weight": 0.026755837723612785,
      "face_count": 0,
      "has_directional_cues": 0
    },
    "framing_breathing": {
      "frame_in_frame_count": 0,
      "breathing_space": {
        "top": 0.6676427525622255,
        "bottom": 0.29282576866764276,
        "left": 0.28125,
        "right": 0.6953125,
        "min_margin": 0.28125,
        "mean_margin": 0.48425775530746706
      },
      "corner_anchors": {
        "top_left": 0.05292819067835808,
        "top_right": 0.0643441379070282,
        "bottom_left": 0.0408940352499485,
        "bottom_right": 0.049526397138834,
        "max_corner_weight": 0.0643441379070282,
        "has_corner_subject": 0
      }
    }
  }
}