{
  "meta": {
    "_dataset": "tvm board - Nov 22nd 2025 (5060 images)",
    "_label": "",
    "_relpath": "1505. .jpg",
    "_filename": "1505. .jpg",
    "_width": 800,
    "_height": 1000
  },
  "features": {
    "geometric_structural": {
      "leading_lines": {
        "diagonal": 0,
        "vertical": 12,
        "horizontal": 0,
        "curved": 193
      },
      "leading_lines_strength": 0.3203125,
      "symmetry_vertical": 0.5214586700240013,
      "symmetry_horizontal": 0.5206689003554398,
      "symmetry_radial": 0.4264848202891664,
      "rule_of_thirds": {
        "alignment_score": 0,
        "num_salient_objects": 8
      },
      "golden_ratio": {
        "golden_alignment_score": 0
      },
      "balance": {
        "static_balance": 0.9081496000289917,
        "dynamic_balance": 1.0,
        "dominant_quadrant": 3
      },
      "layering": {
        "foreground_ratio": 0.259112548828125,
        "midground_ratio": 0.2507354736328125,
        "background_ratio": 0.4901519775390625,
        "depth_complexity": 0.234770162946647
      }
    },
    "spatial_layout": {
      "negative_space_ratio": 0.91827392578125,
      "subject_isolation": 0.1,
      "depth_of_field": {
        "blur_gradient_strength": 157.72780749771204,
        "sharpness_variance": 58322.18524819591,
        "min_sharpness": 2.2113884769594114,
        "max_sharpness": 1431.650906159329
      },
      "perspective": {
        "has_vanishing_point": 1,
        "perspective_strength": 0.9896907216494846
      }
    },
    "contrast_color": {
      "high_contrast_ratio": 0.396881103515625,
      "low_contrast_ratio": 0.603118896484375,
      "mean_contrast": 11.757471084594727,
      "highlight_ratio": 9.15527380129788e-06,
      "shadow_ratio": 0.9455841183662415,
      "midtone_ratio": 0.054406702518463135,
      "warm_color_ratio": 0.2948150634765625,
      "cool_color_ratio": 0.000506591796875,
      "complementary_color_score": 2.0555555555555554
    },
    "motion_dynamics": {
      "s_curve_count": 196,
      "motion_blur_score": 4.788099547084025,
      "dominant_direction_deg": 4.999999999999995,
      "direction_strength": 0.08357238769505745
    },
    "pattern_rhythm": {
      "repetition_score": 1.0,
      "rhythm_score": 1.0,
      "pattern_breaks": 0
    },
    "visual_mass_focus": {
      "point_of_interest": {
        "x": 0.658203125,
        "y": 0.1140625,
        "strength": 1.0
      },
      "visual_mass_concentration": 0.1972991943359375,
      "mean_visual_weight": 0.024600312113761902,
      "face_count": 0,
      "has_directional_cues": 0
    },
    "framing_breathing": {
      "frame_in_frame_count": 0,
      "breathing_space": {
        "top": 0.0,
        "bottom": 0.8890625,
        "left": 0.64453125,
        "right": 0.341796875,
        "min_margin": 0.0,
        "mean_margin": 0.46884765625
      },
      "corner_anchors": {
        "top_left": 0.060150131583213806,
        "top_right": 0.08594147861003876,
        "bottom_left": 0.06826063990592957,
        "bottom_right": 0.07272271066904068,
        "max_corner_weight": 0.08594147861003876,
        "has_corner_subject": 0
      }
    }
  }
}