{
  "meta": {
    "_dataset": "tvm board - Nov 22nd 2025 (5060 images)",
    "_label": "",
    "_relpath": "1507. \ud83e\udd97.jpg",
    "_filename": "1507. \ud83e\udd97.jpg",
    "_width": 1080,
    "_height": 1019
  },
  "features": {
    "geometric_structural": {
      "leading_lines": {
        "diagonal": 5,
        "vertical": 4,
        "horizontal": 5,
        "curved": 209
      },
      "leading_lines_strength": 0.4106813996316759,
      "symmetry_vertical": 0.43475699363832937,
      "symmetry_horizontal": 0.3934306020368583,
      "symmetry_radial": 0.37210469739951296,
      "rule_of_thirds": {
        "alignment_score": 0,
        "num_salient_objects": 15
      },
      "golden_ratio": {
        "golden_alignment_score": 1
      },
      "balance": {
        "static_balance": 0.9100444316864014,
        "dynamic_balance": 1.0,
        "dominant_quadrant": 3
      },
      "layering": {
        "foreground_ratio": 0.3391927083333333,
        "midground_ratio": 0.24442478130755063,
        "background_ratio": 0.416382510359116,
        "depth_complexity": 0.685351595013777
      }
    },
    "spatial_layout": {
      "negative_space_ratio": 0.8841829247237569,
      "subject_isolation": 0.10000143876611418,
      "depth_of_field": {
        "blur_gradient_strength": 821.7731042071608,
        "sharpness_variance": 1506662.5842328968,
        "min_sharpness": 0.0,
        "max_sharpness": 7254.771626297578
      },
      "perspective": {
        "has_vanishing_point": 1,
        "perspective_strength": 0.9887147335423198
      }
    },
    "contrast_color": {
      "high_contrast_ratio": 0.39073290745856354,
      "low_contrast_ratio": 0.6092670925414365,
      "mean_contrast": 22.252370834350586,
      "highlight_ratio": 0.010179270058870316,
      "shadow_ratio": 0.803371012210846,
      "midtone_ratio": 0.18644970655441284,
      "warm_color_ratio": 0.010643272329650092,
      "cool_color_ratio": 0.0461304385359116,
      "complementary_color_score": 2.388888888888889
    },
    "motion_dynamics": {
      "s_curve_count": 192,
      "motion_blur_score": 3.3213686717992985,
      "dominant_direction_deg": 4.999999999999995,
      "direction_strength": 0.2909940435072406
    },
    "pattern_rhythm": {
      "repetition_score": 1.0,
      "rhythm_score": 1.0,
      "pattern_breaks": 2
    },
    "visual_mass_focus": {
      "point_of_interest": {
        "x": 0.5230202578268877,
        "y": 0.705078125,
        "strength": 1.0
      },
      "visual_mass_concentration": 0.1999705052946593,
      "mean_visual_weight": 0.03051566332578659,
      "face_count": 0,
      "has_directional_cues": 0
    },
    "framing_breathing": {
      "frame_in_frame_count": 0,
      "breathing_space": {
        "top": 0.328125,
        "bottom": 0.181640625,
        "left": 0.4677716390423573,
        "right": 0.36279926335174956,
        "min_margin": 0.181640625,
        "mean_margin": 0.3350841318485267
      },
      "corner_anchors": {
        "top_left": 0.11850275099277496,
        "top_right": 0.1332467496395111,
        "bottom_left": 0.07170660048723221,
        "bottom_right": 0.08343060314655304,
        "max_corner_weight": 0.1332467496395111,
        "has_corner_subject": 0
      }
    }
  }
}