{
  "meta": {
    "_dataset": "tvm board - Nov 22nd 2025 (5060 images)",
    "_label": "",
    "_relpath": "1504. .jpg",
    "_filename": "1504. .jpg",
    "_width": 828,
    "_height": 1039
  },
  "features": {
    "geometric_structural": {
      "leading_lines": {
        "diagonal": 0,
        "vertical": 49,
        "horizontal": 0,
        "curved": 481
      },
      "leading_lines_strength": 0.8255451713395638,
      "symmetry_vertical": 0.22164102634922475,
      "symmetry_horizontal": 0.22085836223641445,
      "symmetry_radial": 0.1705584836967661,
      "rule_of_thirds": {
        "alignment_score": 0,
        "num_salient_objects": 7
      },
      "golden_ratio": {
        "golden_alignment_score": 0
      },
      "balance": {
        "static_balance": 0.9125257730484009,
        "dynamic_balance": 1.0,
        "dominant_quadrant": 0
      },
      "layering": {
        "foreground_ratio": 0.3279272536993769,
        "midground_ratio": 0.31894957165109034,
        "background_ratio": 0.3531231746495327,
        "depth_complexity": 1.4575754946584754
      }
    },
    "spatial_layout": {
      "negative_space_ratio": 0.8935911945093458,
      "subject_isolation": 0.1000018253504673,
      "depth_of_field": {
        "blur_gradient_strength": 905.2731676444907,
        "sharpness_variance": 1477810.8492921065,
        "min_sharpness": 1.4606881968473662,
        "max_sharpness": 5882.740112349951
      },
      "perspective": {
        "has_vanishing_point": 1,
        "perspective_strength": 0.9933499584372403
      }
    },
    "contrast_color": {
      "high_contrast_ratio": 0.3272214515186916,
      "low_contrast_ratio": 0.6727785484813085,
      "mean_contrast": 18.156936645507812,
      "highlight_ratio": 2.4338005459867418e-05,
      "shadow_ratio": 0.8868100047111511,
      "midtone_ratio": 0.11316567659378052,
      "warm_color_ratio": 0.6510994694314641,
      "cool_color_ratio": 0.007027599299065421,
      "complementary_color_score": 2.111111111111111
    },
    "motion_dynamics": {
      "s_curve_count": 355,
      "motion_blur_score": 3.889691396270374,
      "dominant_direction_deg": 4.999999999999995,
      "direction_strength": 0.04706057729736462
    },
    "pattern_rhythm": {
      "repetition_score": 1.0,
      "rhythm_score": 1.0,
      "pattern_breaks": 2
    },
    "visual_mass_focus": {
      "point_of_interest": {
        "x": 0.642578125,
        "y": 0.3411214953271028,
        "strength": 1.0
      },
      "visual_mass_concentration": 0.1948622468847352,
      "mean_visual_weight": 0.02955489605665207,
      "face_count": 0,
      "has_directional_cues": 0
    },
    "framing_breathing": {
      "frame_in_frame_count": 0,
      "breathing_space": {
        "top": 0.17757009345794392,
        "bottom": 0.7274143302180686,
        "left": 0.228515625,
        "right": 0.693359375,
        "min_margin": 0.17757009345794392,
        "mean_margin": 0.4567148559190031
      },
      "corner_anchors": {
        "top_left": 0.13595931231975555,
        "top_right": 0.06819559633731842,
        "bottom_left": 0.09099514037370682,
        "bottom_right": 0.14348989725112915,
        "max_corner_weight": 0.14348989725112915,
        "has_corner_subject": 0
      }
    }
  }
}