{
  "meta": {
    "_dataset": "tvm board - Nov 22nd 2025 (5060 images)",
    "_label": "",
    "_relpath": "1523. .jpg",
    "_filename": "1523. .jpg",
    "_width": 500,
    "_height": 684
  },
  "features": {
    "geometric_structural": {
      "leading_lines": {
        "diagonal": 0,
        "vertical": 0,
        "horizontal": 0,
        "curved": 97
      },
      "leading_lines_strength": 0.13857142857142857,
      "symmetry_vertical": 0.3599731413026697,
      "symmetry_horizontal": 0.31447666263619495,
      "symmetry_radial": 0.29401791580097825,
      "rule_of_thirds": {
        "alignment_score": 0,
        "num_salient_objects": 10
      },
      "golden_ratio": {
        "golden_alignment_score": 0
      },
      "balance": {
        "static_balance": 0.9133732914924622,
        "dynamic_balance": 1.0,
        "dominant_quadrant": 0
      },
      "layering": {
        "foreground_ratio": 0.3127566964285714,
        "midground_ratio": 0.19793526785714285,
        "background_ratio": 0.4893080357142857,
        "depth_complexity": 0.0270884436088017
      }
    },
    "spatial_layout": {
      "negative_space_ratio": 0.5596735491071428,
      "subject_isolation": 0.1,
      "depth_of_field": {
        "blur_gradient_strength": 15.03978372375592,
        "sharpness_variance": 550.8302609251582,
        "min_sharpness": 2.9061991946121752,
        "max_sharpness": 228.62101114955783
      },
      "perspective": {
        "has_vanishing_point": 0,
        "perspective_strength": 0.0
      }
    },
    "contrast_color": {
      "high_contrast_ratio": 0.4212053571428571,
      "low_contrast_ratio": 0.5787946428571429,
      "mean_contrast": 16.637338638305664,
      "highlight_ratio": 0.0,
      "shadow_ratio": 0.6552259922027588,
      "midtone_ratio": 0.3447740077972412,
      "warm_color_ratio": 0.0,
      "cool_color_ratio": 0.00032366071428571426,
      "complementary_color_score": 0.0
    },
    "motion_dynamics": {
      "s_curve_count": 108,
      "motion_blur_score": 7.576098812647087,
      "dominant_direction_deg": 4.999999999999995,
      "direction_strength": 0.07532924107121838
    },
    "pattern_rhythm": {
      "repetition_score": 1.0,
      "rhythm_score": 1.0,
      "pattern_breaks": 0
    },
    "visual_mass_focus": {
      "point_of_interest": {
        "x": 0.482421875,
        "y": 0.25142857142857145,
        "strength": 1.0
      },
      "visual_mass_concentration": 0.0032979910714285715,
      "mean_visual_weight": 2.7167905500391498e-05,
      "face_count": 0,
      "has_directional_cues": 0
    },
    "framing_breathing": {
      "frame_in_frame_count": 0,
      "breathing_space": {
        "top": 0.24428571428571427,
        "bottom": 0.6871428571428572,
        "left": 0.34765625,
        "right": 0.607421875,
        "min_margin": 0.24428571428571427,
        "mean_margin": 0.4716266741071429
      },
      "corner_anchors": {
        "top_left": 0.22067826986312866,
        "top_right": 0.12603633105754852,
        "bottom_left": 0.22502195835113525,
        "bottom_right": 0.295708030462265,
        "max_corner_weight": 0.295708030462265,
        "has_corner_subject": 0
      }
    }
  }
}