{
  "meta": {
    "_dataset": "tvm board - Nov 22nd 2025 (5060 images)",
    "_label": "",
    "_relpath": "1522. .jpg",
    "_filename": "1522. .jpg",
    "_width": 1080,
    "_height": 1920
  },
  "features": {
    "geometric_structural": {
      "leading_lines": {
        "diagonal": 59,
        "vertical": 12,
        "horizontal": 0,
        "curved": 371
      },
      "leading_lines_strength": 0.4857142857142857,
      "symmetry_vertical": 0.4413280814035748,
      "symmetry_horizontal": 0.2561936952257444,
      "symmetry_radial": 0.2235567972990564,
      "rule_of_thirds": {
        "alignment_score": 0,
        "num_salient_objects": 22
      },
      "golden_ratio": {
        "golden_alignment_score": 0
      },
      "balance": {
        "static_balance": 0.8571947813034058,
        "dynamic_balance": 1.0,
        "dominant_quadrant": 0
      },
      "layering": {
        "foreground_ratio": 0.295548592032967,
        "midground_ratio": 0.23896162431318682,
        "background_ratio": 0.46548978365384613,
        "depth_complexity": 0.18821370562526346
      }
    },
    "spatial_layout": {
      "negative_space_ratio": 0.8598192822802198,
      "subject_isolation": 0.1,
      "depth_of_field": {
        "blur_gradient_strength": 114.78662869642119,
        "sharpness_variance": 85335.170497323,
        "min_sharpness": 2.539119569396386,
        "max_sharpness": 1779.404692927823
      },
      "perspective": {
        "has_vanishing_point": 1,
        "perspective_strength": 0.9990651584556418
      }
    },
    "contrast_color": {
      "high_contrast_ratio": 0.3651614010989011,
      "low_contrast_ratio": 0.634838598901099,
      "mean_contrast": 10.809203147888184,
      "highlight_ratio": 0.0011547047179192305,
      "shadow_ratio": 0.8296488523483276,
      "midtone_ratio": 0.16919642686843872,
      "warm_color_ratio": 0.11358173076923077,
      "cool_color_ratio": 0.2533031421703297,
      "complementary_color_score": 2.388888888888889
    },
    "motion_dynamics": {
      "s_curve_count": 317,
      "motion_blur_score": 5.426600941464707,
      "dominant_direction_deg": 4.999999999999995,
      "direction_strength": 0.06209649725261397
    },
    "pattern_rhythm": {
      "repetition_score": 1.0,
      "rhythm_score": 1.0,
      "pattern_breaks": 1
    },
    "visual_mass_focus": {
      "point_of_interest": {
        "x": 0.423828125,
        "y": 0.48131868131868133,
        "strength": 1.0
      },
      "visual_mass_concentration": 0.19840959821428572,
      "mean_visual_weight": 0.02559901401400566,
      "face_count": 0,
      "has_directional_cues": 0
    },
    "framing_breathing": {
      "frame_in_frame_count": 0,
      "breathing_space": {
        "top": 0.41208791208791207,
        "bottom": 0.4197802197802198,
        "left": 0.30078125,
        "right": 0.40234375,
        "min_margin": 0.30078125,
        "mean_margin": 0.38374828296703295
      },
      "corner_anchors": {
        "top_left": 0.15337960422039032,
        "top_right": 0.1673881858587265,
        "bottom_left": 0.06526549160480499,
        "bottom_right": 0.07633200287818909,
        "max_corner_weight": 0.1673881858587265,
        "has_corner_subject": 0
      }
    }
  }
}