{
  "meta": {
    "_dataset": "tvm board - Nov 22nd 2025 (5060 images)",
    "_label": "",
    "_relpath": "1529. spooky forest.jpg",
    "_filename": "1529. spooky forest.jpg",
    "_width": 916,
    "_height": 1200
  },
  "features": {
    "geometric_structural": {
      "leading_lines": {
        "diagonal": 2,
        "vertical": 27,
        "horizontal": 0,
        "curved": 173
      },
      "leading_lines_strength": 0.30104321907600595,
      "symmetry_vertical": 0.40935396627700465,
      "symmetry_horizontal": 0.3391165121109314,
      "symmetry_radial": 0.2693482746104075,
      "rule_of_thirds": {
        "alignment_score": 1,
        "num_salient_objects": 21
      },
      "golden_ratio": {
        "golden_alignment_score": 1
      },
      "balance": {
        "static_balance": 0.9719060659408569,
        "dynamic_balance": 1.0,
        "dominant_quadrant": 3
      },
      "layering": {
        "foreground_ratio": 0.2936877095752608,
        "midground_ratio": 0.20964802999254845,
        "background_ratio": 0.49666426043219075,
        "depth_complexity": 0.37086059970745544
      }
    },
    "spatial_layout": {
      "negative_space_ratio": 0.6493602133010432,
      "subject_isolation": 0.10000232861400894,
      "depth_of_field": {
        "blur_gradient_strength": 315.97950946455535,
        "sharpness_variance": 467639.0834615076,
        "min_sharpness": 3.2768152786591265,
        "max_sharpness": 4046.54719338716
      },
      "perspective": {
        "has_vanishing_point": 1,
        "perspective_strength": 0.9943502824858758
      }
    },
    "contrast_color": {
      "high_contrast_ratio": 0.39932819485842025,
      "low_contrast_ratio": 0.6006718051415798,
      "mean_contrast": 12.50985336303711,
      "highlight_ratio": 0.0,
      "shadow_ratio": 0.6017633676528931,
      "midtone_ratio": 0.39823663234710693,
      "warm_color_ratio": 0.003670477831594635,
      "cool_color_ratio": 0.48476504284649774,
      "complementary_color_score": 3.611111111111111
    },
    "motion_dynamics": {
      "s_curve_count": 184,
      "motion_blur_score": 5.643021613563437,
      "dominant_direction_deg": 4.999999999999995,
      "direction_strength": 0.06052358885973441
    },
    "pattern_rhythm": {
      "repetition_score": 1.0,
      "rhythm_score": 1.0,
      "pattern_breaks": 3
    },
    "visual_mass_focus": {
      "point_of_interest": {
        "x": 0.662109375,
        "y": 0.8658718330849479,
        "strength": 1.0
      },
      "visual_mass_concentration": 0.19518151546199702,
      "mean_visual_weight": 0.03749733790755272,
      "face_count": 0,
      "has_directional_cues": 0
    },
    "framing_breathing": {
      "frame_in_frame_count": 0,
      "breathing_space": {
        "top": 0.8852459016393442,
        "bottom": 0.0,
        "left": 0.537109375,
        "right": 0.099609375,
        "min_margin": 0.0,
        "mean_margin": 0.3804911629098361
      },
      "corner_anchors": {
        "top_left": 0.35813024640083313,
        "top_right": 0.13289116322994232,
        "bottom_left": 0.30349868535995483,
        "bottom_right": 0.3998318612575531,
        "max_corner_weight": 0.3998318612575531,
        "has_corner_subject": 1
      }
    }
  }
}