{
  "meta": {
    "_dataset": "tvm board - Nov 22nd 2025 (5060 images)",
    "_label": "",
    "_relpath": "1528. \u271f.jpg",
    "_filename": "1528. \u271f.jpg",
    "_width": 736,
    "_height": 981
  },
  "features": {
    "geometric_structural": {
      "leading_lines": {
        "diagonal": 4,
        "vertical": 0,
        "horizontal": 17,
        "curved": 174
      },
      "leading_lines_strength": 0.2859237536656892,
      "symmetry_vertical": 0.5485133422198702,
      "symmetry_horizontal": 0.5083494330323377,
      "symmetry_radial": 0.43500618975571603,
      "rule_of_thirds": {
        "alignment_score": 0,
        "num_salient_objects": 10
      },
      "golden_ratio": {
        "golden_alignment_score": 0
      },
      "balance": {
        "static_balance": 0.9359868764877319,
        "dynamic_balance": 1.0,
        "dominant_quadrant": 1
      },
      "layering": {
        "foreground_ratio": 0.2792166880498534,
        "midground_ratio": 0.2553954362170088,
        "background_ratio": 0.46538787573313783,
        "depth_complexity": 0.11467618190708195
      }
    },
    "spatial_layout": {
      "negative_space_ratio": 0.6663478280791789,
      "subject_isolation": 0.10000171829178886,
      "depth_of_field": {
        "blur_gradient_strength": 60.88191974415617,
        "sharpness_variance": 18959.452790739884,
        "min_sharpness": 1.2156862745098038,
        "max_sharpness": 540.1780257526716
      },
      "perspective": {
        "has_vanishing_point": 1,
        "perspective_strength": 0.9940239043824701
      }
    },
    "contrast_color": {
      "high_contrast_ratio": 0.3587105938416422,
      "low_contrast_ratio": 0.6412894061583578,
      "mean_contrast": 8.384230613708496,
      "highlight_ratio": 0.0,
      "shadow_ratio": 0.954596996307373,
      "midtone_ratio": 0.04540300369262695,
      "warm_color_ratio": 0.2873699825879765,
      "cool_color_ratio": 0.05865675403225806,
      "complementary_color_score": 2.5
    },
    "motion_dynamics": {
      "s_curve_count": 161,
      "motion_blur_score": 4.770344814946858,
      "dominant_direction_deg": 4.999999999999995,
      "direction_strength": 0.08379249908333775
    },
    "pattern_rhythm": {
      "repetition_score": 1.0,
      "rhythm_score": 1.0,
      "pattern_breaks": 0
    },
    "visual_mass_focus": {
      "point_of_interest": {
        "x": 0.482421875,
        "y": 0.13343108504398826,
        "strength": 1.0
      },
      "visual_mass_concentration": 0.19662412939882698,
      "mean_visual_weight": 0.020450761541724205,
      "face_count": 0,
      "has_directional_cues": 0
    },
    "framing_breathing": {
      "frame_in_frame_count": 0,
      "breathing_space": {
        "top": 0.1217008797653959,
        "bottom": 0.8137829912023461,
        "left": 0.525390625,
        "right": 0.431640625,
        "min_margin": 0.1217008797653959,
        "mean_margin": 0.4731287802419355
      },
      "corner_anchors": {
        "top_left": 0.16885267198085785,
        "top_right": 0.12777283787727356,
        "bottom_left": 0.10552532225847244,
        "bottom_right": 0.11387093365192413,
        "max_corner_weight": 0.16885267198085785,
        "has_corner_subject": 0
      }
    }
  }
}