{
  "meta": {
    "_dataset": "tvm board - Nov 22nd 2025 (5060 images)",
    "_label": "",
    "_relpath": "1534. Hiking alone.jpg",
    "_filename": "1534. Hiking alone.jpg",
    "_width": 405,
    "_height": 720
  },
  "features": {
    "geometric_structural": {
      "leading_lines": {
        "diagonal": 0,
        "vertical": 4,
        "horizontal": 0,
        "curved": 90
      },
      "leading_lines_strength": 0.10329670329670329,
      "symmetry_vertical": 0.4942529284121483,
      "symmetry_horizontal": 0.24694563236508874,
      "symmetry_radial": 0.3134396900101352,
      "rule_of_thirds": {
        "alignment_score": 0,
        "num_salient_objects": 5
      },
      "golden_ratio": {
        "golden_alignment_score": 0
      },
      "balance": {
        "static_balance": 0.8357982039451599,
        "dynamic_balance": 1.0,
        "dominant_quadrant": 3
      },
      "layering": {
        "foreground_ratio": 0.2168247767857143,
        "midground_ratio": 0.19505279876373627,
        "background_ratio": 0.5881224244505494,
        "depth_complexity": 0.03650925478108478
      }
    },
    "spatial_layout": {
      "negative_space_ratio": 0.7343556833791208,
      "subject_isolation": 0.1,
      "depth_of_field": {
        "blur_gradient_strength": 33.06033246335287,
        "sharpness_variance": 9388.508919493486,
        "min_sharpness": 0.0,
        "max_sharpness": 628.0545095408104
      },
      "perspective": {
        "has_vanishing_point": 1,
        "perspective_strength": 0.9272727272727272
      }
    },
    "contrast_color": {
      "high_contrast_ratio": 0.3554945054945055,
      "low_contrast_ratio": 0.6445054945054944,
      "mean_contrast": 10.549142837524414,
      "highlight_ratio": 0.0,
      "shadow_ratio": 0.8081730604171753,
      "midtone_ratio": 0.1918269395828247,
      "warm_color_ratio": 0.2251244848901099,
      "cool_color_ratio": 0.05098944024725275,
      "complementary_color_score": 2.6666666666666665
    },
    "motion_dynamics": {
      "s_curve_count": 96,
      "motion_blur_score": 8.377451562821172,
      "dominant_direction_deg": 4.999999999999995,
      "direction_strength": 0.42566749656502045
    },
    "pattern_rhythm": {
      "repetition_score": 1.0,
      "rhythm_score": 1.0,
      "pattern_breaks": 1
    },
    "visual_mass_focus": {
      "point_of_interest": {
        "x": 0.85546875,
        "y": 0.7835164835164835,
        "strength": 1.0
      },
      "visual_mass_concentration": 0.1988968063186813,
      "mean_visual_weight": 0.016469057649374008,
      "face_count": 0,
      "has_directional_cues": 0
    },
    "framing_breathing": {
      "frame_in_frame_count": 0,
      "breathing_space": {
        "top": 0.521978021978022,
        "bottom": 0.0,
        "left": 0.80078125,
        "right": 0.060546875,
        "min_margin": 0.0,
        "mean_margin": 0.3458265367445055
      },
      "corner_anchors": {
        "top_left": 0.18144384026527405,
        "top_right": 0.1721743643283844,
        "bottom_left": 0.13899469375610352,
        "bottom_right": 0.5357704758644104,
        "max_corner_weight": 0.5357704758644104,
        "has_corner_subject": 1
      }
    }
  }
}