{
  "meta": {
    "_dataset": "tvm board - Nov 22nd 2025 (5060 images)",
    "_label": "",
    "_relpath": "1567. .jpg",
    "_filename": "1567. .jpg",
    "_width": 540,
    "_height": 720
  },
  "features": {
    "geometric_structural": {
      "leading_lines": {
        "diagonal": 2,
        "vertical": 0,
        "horizontal": 5,
        "curved": 113
      },
      "leading_lines_strength": 0.17569546120058566,
      "symmetry_vertical": 0.5995850399931557,
      "symmetry_horizontal": 0.2981325782648236,
      "symmetry_radial": 0.31701012619571706,
      "rule_of_thirds": {
        "alignment_score": 1,
        "num_salient_objects": 29
      },
      "golden_ratio": {
        "golden_alignment_score": 0
      },
      "balance": {
        "static_balance": 0.9643383026123047,
        "dynamic_balance": 1.0,
        "dominant_quadrant": 2
      },
      "layering": {
        "foreground_ratio": 0.3234809663250366,
        "midground_ratio": 0.24019148060029283,
        "background_ratio": 0.4363275530746706,
        "depth_complexity": 0.1861493634228965
      }
    },
    "spatial_layout": {
      "negative_space_ratio": 0.4505055819912152,
      "subject_isolation": 0.10000114385065886,
      "depth_of_field": {
        "blur_gradient_strength": 132.7743091162589,
        "sharpness_variance": 91209.11245638969,
        "min_sharpness": 0.0,
        "max_sharpness": 1291.680157618377
      },
      "perspective": {
        "has_vanishing_point": 1,
        "perspective_strength": 0.967032967032967
      }
    },
    "contrast_color": {
      "high_contrast_ratio": 0.42425134974377743,
      "low_contrast_ratio": 0.5757486502562226,
      "mean_contrast": 13.205801963806152,
      "highlight_ratio": 4.289440039428882e-05,
      "shadow_ratio": 0.37361881136894226,
      "midtone_ratio": 0.6263382434844971,
      "warm_color_ratio": 0.9430734123352855,
      "cool_color_ratio": 0.00019731423865300147,
      "complementary_color_score": 2.0
    },
    "motion_dynamics": {
      "s_curve_count": 99,
      "motion_blur_score": 11.250942334062872,
      "dominant_direction_deg": 4.999999999999995,
      "direction_strength": 0.27376063781034454
    },
    "pattern_rhythm": {
      "repetition_score": 1.0,
      "rhythm_score": 1.0,
      "pattern_breaks": 9
    },
    "visual_mass_focus": {
      "point_of_interest": {
        "x": 0.525390625,
        "y": 0.8462664714494875,
        "strength": 1.0
      },
      "visual_mass_concentration": 0.010543443448023425,
      "mean_visual_weight": 0.31412410736083984,
      "face_count": 0,
      "has_directional_cues": 0
    },
    "framing_breathing": {
      "frame_in_frame_count": 0,
      "breathing_space": {
        "top": 0.47584187408491946,
        "bottom": 0.0,
        "left": 0.0,
        "right": 0.0,
        "min_margin": 0.0,
        "mean_margin": 0.11896046852122986
      },
      "corner_anchors": {
        "top_left": 0.5722087025642395,
        "top_right": 0.6276189088821411,
        "bottom_left": 0.8012381792068481,
        "bottom_right": 0.8228962421417236,
        "max_corner_weight": 0.8228962421417236,
        "has_corner_subject": 1
      }
    }
  }
}