{
  "meta": {
    "_dataset": "tvm board - Nov 22nd 2025 (5060 images)",
    "_label": "",
    "_relpath": "1565. .jpg",
    "_filename": "1565. .jpg",
    "_width": 720,
    "_height": 960
  },
  "features": {
    "geometric_structural": {
      "leading_lines": {
        "diagonal": 0,
        "vertical": 0,
        "horizontal": 0,
        "curved": 81
      },
      "leading_lines_strength": 0.11859443631039532,
      "symmetry_vertical": 0.6238297278610683,
      "symmetry_horizontal": 0.24223461220037606,
      "symmetry_radial": 0.3077983845800301,
      "rule_of_thirds": {
        "alignment_score": 0,
        "num_salient_objects": 1
      },
      "golden_ratio": {
        "golden_alignment_score": 2
      },
      "balance": {
        "static_balance": 0.9744651317596436,
        "dynamic_balance": 1.0,
        "dominant_quadrant": 3
      },
      "layering": {
        "foreground_ratio": 0.2628654602855051,
        "midground_ratio": 0.30666350201317716,
        "background_ratio": 0.4304710377013177,
        "depth_complexity": 0.07674583053036887
      }
    },
    "spatial_layout": {
      "negative_space_ratio": 0.43556975201317716,
      "subject_isolation": 0.10000114385065886,
      "depth_of_field": {
        "blur_gradient_strength": 133.9051832737674,
        "sharpness_variance": 83123.07020202918,
        "min_sharpness": 0.0,
        "max_sharpness": 1941.813629373318
      },
      "perspective": {
        "has_vanishing_point": 0,
        "perspective_strength": 0.0
      }
    },
    "contrast_color": {
      "high_contrast_ratio": 0.3730611731332357,
      "low_contrast_ratio": 0.6269388268667643,
      "mean_contrast": 10.659640312194824,
      "highlight_ratio": 0.02415240742266178,
      "shadow_ratio": 0.37351298332214355,
      "midtone_ratio": 0.6023346185684204,
      "warm_color_ratio": 0.9414405655197657,
      "cool_color_ratio": 0.0004203651171303075,
      "complementary_color_score": 2.7777777777777777
    },
    "motion_dynamics": {
      "s_curve_count": 74,
      "motion_blur_score": 15.441170389942881,
      "dominant_direction_deg": 4.999999999999995,
      "direction_strength": 0.22829543374751698
    },
    "pattern_rhythm": {
      "repetition_score": 1.0,
      "rhythm_score": 1.0,
      "pattern_breaks": 1
    },
    "visual_mass_focus": {
      "point_of_interest": {
        "x": 0.490234375,
        "y": 0.3601756954612006,
        "strength": 1.0
      },
      "visual_mass_concentration": 0.199967972181552,
      "mean_visual_weight": 0.21794550120830536,
      "face_count": 0,
      "has_directional_cues": 0
    },
    "framing_breathing": {
      "frame_in_frame_count": 0,
      "breathing_space": {
        "top": 0.5973645680819912,
        "bottom": 0.0,
        "left": 0.0,
        "right": 0.0,
        "min_margin": 0.0,
        "mean_margin": 0.1493411420204978
      },
      "corner_anchors": {
        "top_left": 0.4374394714832306,
        "top_right": 0.451272189617157,
        "bottom_left": 0.5830893516540527,
        "bottom_right": 0.6585159301757812,
        "max_corner_weight": 0.6585159301757812,
        "has_corner_subject": 1
      }
    }
  }
}