{
  "meta": {
    "_dataset": "tvm board - Nov 22nd 2025 (5060 images)",
    "_label": "",
    "_relpath": "1566. .jpg",
    "_filename": "1566. .jpg",
    "_width": 640,
    "_height": 438
  },
  "features": {
    "geometric_structural": {
      "leading_lines": {
        "diagonal": 61,
        "vertical": 0,
        "horizontal": 74,
        "curved": 624
      },
      "leading_lines_strength": 1.0147058823529411,
      "symmetry_vertical": 0.30975358216536,
      "symmetry_horizontal": 0.1933240256226674,
      "symmetry_radial": 0.15520713596465768,
      "rule_of_thirds": {
        "alignment_score": 0,
        "num_salient_objects": 3
      },
      "golden_ratio": {
        "golden_alignment_score": 0
      },
      "balance": {
        "static_balance": 0.9207137823104858,
        "dynamic_balance": 1.0,
        "dominant_quadrant": 3
      },
      "layering": {
        "foreground_ratio": 0.29672094334893045,
        "midground_ratio": 0.280779996657754,
        "background_ratio": 0.4224990599933155,
        "depth_complexity": 0.7151379276964893
      }
    },
    "spatial_layout": {
      "negative_space_ratio": 0.5892614680815508,
      "subject_isolation": 0.10000104445187166,
      "depth_of_field": {
        "blur_gradient_strength": 459.4712085261597,
        "sharpness_variance": 629758.4429795977,
        "min_sharpness": 3.9523165682734334,
        "max_sharpness": 3993.526511629145
      },
      "perspective": {
        "has_vanishing_point": 1,
        "perspective_strength": 0.9988018601628658
      }
    },
    "contrast_color": {
      "high_contrast_ratio": 0.4595614346590909,
      "low_contrast_ratio": 0.5404385653409092,
      "mean_contrast": 15.206280708312988,
      "highlight_ratio": 0.0,
      "shadow_ratio": 0.4846126139163971,
      "midtone_ratio": 0.5153874158859253,
      "warm_color_ratio": 0.6792618858622995,
      "cool_color_ratio": 0.01823351854946524,
      "complementary_color_score": 2.1666666666666665
    },
    "motion_dynamics": {
      "s_curve_count": 473,
      "motion_blur_score": 7.298692118434824,
      "dominant_direction_deg": 4.999999999999995,
      "direction_strength": 0.04670527657073366
    },
    "pattern_rhythm": {
      "repetition_score": 1.0,
      "rhythm_score": 1.0,
      "pattern_breaks": 1
    },
    "visual_mass_focus": {
      "point_of_interest": {
        "x": 0.5013368983957219,
        "y": 0.078125,
        "strength": 1.0
      },
      "visual_mass_concentration": 0.19996814421791445,
      "mean_visual_weight": 0.25294867157936096,
      "face_count": 0,
      "has_directional_cues": 0
    },
    "framing_breathing": {
      "frame_in_frame_count": 0,
      "breathing_space": {
        "top": 0.0,
        "bottom": 0.71875,
        "left": 0.03877005347593583,
        "right": 0.014705882352941176,
        "min_margin": 0.0,
        "mean_margin": 0.19305648395721925
      },
      "corner_anchors": {
        "top_left": 0.536108672618866,
        "top_right": 0.5976465344429016,
        "bottom_left": 0.4243564009666443,
        "bottom_right": 0.6045351028442383,
        "max_corner_weight": 0.6045351028442383,
        "has_corner_subject": 1
      }
    }
  }
}