{
  "meta": {
    "_dataset": "tvm board - Nov 22nd 2025 (5060 images)",
    "_label": "",
    "_relpath": "1583. .jpg",
    "_filename": "1583. .jpg",
    "_width": 750,
    "_height": 750
  },
  "features": {
    "geometric_structural": {
      "leading_lines": {
        "diagonal": 0,
        "vertical": 0,
        "horizontal": 0,
        "curved": 5
      },
      "leading_lines_strength": 0.009765625,
      "symmetry_vertical": 0.8953538995465399,
      "symmetry_horizontal": 0.8484948730644178,
      "symmetry_radial": 0.8367843304241434,
      "rule_of_thirds": {
        "alignment_score": 0,
        "num_salient_objects": 1
      },
      "golden_ratio": {
        "golden_alignment_score": 2
      },
      "balance": {
        "static_balance": 0.6537642478942871,
        "dynamic_balance": 1.0,
        "dominant_quadrant": 2
      },
      "layering": {
        "foreground_ratio": 0.2656059265136719,
        "midground_ratio": 0.0,
        "background_ratio": 0.7343940734863281,
        "depth_complexity": 0.004237426757579669
      }
    },
    "spatial_layout": {
      "negative_space_ratio": 0.8818702697753906,
      "subject_isolation": 0.0963592529296875,
      "depth_of_field": {
        "blur_gradient_strength": 4.142080662573218,
        "sharpness_variance": 82.31310774258891,
        "min_sharpness": 0.0,
        "max_sharpness": 85.76743957792237
      },
      "perspective": {
        "has_vanishing_point": 0,
        "perspective_strength": 0.0
      }
    },
    "contrast_color": {
      "high_contrast_ratio": 0.2591400146484375,
      "low_contrast_ratio": 0.7408599853515625,
      "mean_contrast": 3.3440144062042236,
      "highlight_ratio": 0.0,
      "shadow_ratio": 0.9504432678222656,
      "midtone_ratio": 0.049556732177734375,
      "warm_color_ratio": 0.0,
      "cool_color_ratio": 0.9960861206054688,
      "complementary_color_score": 0.0
    },
    "motion_dynamics": {
      "s_curve_count": 5,
      "motion_blur_score": 12.978124871494746,
      "dominant_direction_deg": 4.999999999999995,
      "direction_strength": 0.5351638793924898
    },
    "pattern_rhythm": {
      "repetition_score": 1.0,
      "rhythm_score": 1.0,
      "pattern_breaks": 1
    },
    "visual_mass_focus": {
      "point_of_interest": {
        "x": 0.36328125,
        "y": 0.515625,
        "strength": 1.0
      },
      "visual_mass_concentration": 0.19509506225585938,
      "mean_visual_weight": 0.07932444661855698,
      "face_count": 1,
      "has_directional_cues": 1
    },
    "framing_breathing": {
      "frame_in_frame_count": 0,
      "breathing_space": {
        "top": 0.5,
        "bottom": 0.4609375,
        "left": 0.34375,
        "right": 0.61328125,
        "min_margin": 0.34375,
        "mean_margin": 0.4794921875
      },
      "corner_anchors": {
        "top_left": 0.02213604375720024,
        "top_right": 0.06362366676330566,
        "bottom_left": 0.11750844120979309,
        "bottom_right": 0.09719368815422058,
        "max_corner_weight": 0.11750844120979309,
        "has_corner_subject": 0
      }
    }
  }
}