{
  "meta": {
    "_dataset": "tvm board - Nov 22nd 2025 (5060 images)",
    "_label": "",
    "_relpath": "1591. sea.jpg",
    "_filename": "1591. sea.jpg",
    "_width": 3072,
    "_height": 4080
  },
  "features": {
    "geometric_structural": {
      "leading_lines": {
        "diagonal": 0,
        "vertical": 0,
        "horizontal": 0,
        "curved": 0
      },
      "leading_lines_strength": 0.0,
      "symmetry_vertical": 0.8774819631758699,
      "symmetry_horizontal": 0.8243124276265387,
      "symmetry_radial": 0.6826889484042461,
      "rule_of_thirds": {
        "alignment_score": 0,
        "num_salient_objects": 2
      },
      "golden_ratio": {
        "golden_alignment_score": 1
      },
      "balance": {
        "static_balance": 0.8914763927459717,
        "dynamic_balance": 1.0,
        "dominant_quadrant": 1
      },
      "layering": {
        "foreground_ratio": 0.12837488511029413,
        "midground_ratio": 0.39779986213235297,
        "background_ratio": 0.47382525275735293,
        "depth_complexity": 0.01058495206231477
      }
    },
    "spatial_layout": {
      "negative_space_ratio": 0.6335161994485294,
      "subject_isolation": 0.1,
      "depth_of_field": {
        "blur_gradient_strength": 3.5757331395663217,
        "sharpness_variance": 44.839884718379736,
        "min_sharpness": 2.186178392925798,
        "max_sharpness": 40.78336770777395
      },
      "perspective": {
        "has_vanishing_point": 0,
        "perspective_strength": 0.0
      }
    },
    "contrast_color": {
      "high_contrast_ratio": 0.352001953125,
      "low_contrast_ratio": 0.647998046875,
      "mean_contrast": 3.4704654216766357,
      "highlight_ratio": 0.0,
      "shadow_ratio": 0.999867856502533,
      "midtone_ratio": 0.00013214349746704102,
      "warm_color_ratio": 0.001077090992647059,
      "cool_color_ratio": 0.9775361902573529,
      "complementary_color_score": 2.2222222222222223
    },
    "motion_dynamics": {
      "s_curve_count": 0,
      "motion_blur_score": 12.4189624582976,
      "dominant_direction_deg": 4.999999999999995,
      "direction_strength": 0.08198242187476452
    },
    "pattern_rhythm": {
      "repetition_score": 1.0,
      "rhythm_score": 1.0,
      "pattern_breaks": 1
    },
    "visual_mass_focus": {
      "point_of_interest": {
        "x": 0.578125,
        "y": 0.41323529411764703,
        "strength": 1.0
      },
      "visual_mass_concentration": 0.18709788602941177,
      "mean_visual_weight": 0.04767225310206413,
      "face_count": 0,
      "has_directional_cues": 0
    },
    "framing_breathing": {
      "frame_in_frame_count": 0,
      "breathing_space": {
        "top": 0.4,
        "bottom": 0.5044117647058823,
        "left": 0.5078125,
        "right": 0.39453125,
        "min_margin": 0.39453125,
        "mean_margin": 0.45168887867647056
      },
      "corner_anchors": {
        "top_left": 0.16867466270923615,
        "top_right": 0.2813470661640167,
        "bottom_left": 0.15295115113258362,
        "bottom_right": 0.17467498779296875,
        "max_corner_weight": 0.2813470661640167,
        "has_corner_subject": 0
      }
    }
  }
}