{
  "meta": {
    "_dataset": "tvm board - Nov 22nd 2025 (5060 images)",
    "_label": "",
    "_relpath": "1597. .jpg",
    "_filename": "1597. .jpg",
    "_width": 1080,
    "_height": 1080
  },
  "features": {
    "geometric_structural": {
      "leading_lines": {
        "diagonal": 0,
        "vertical": 0,
        "horizontal": 0,
        "curved": 84
      },
      "leading_lines_strength": 0.1640625,
      "symmetry_vertical": 0.5409632993645703,
      "symmetry_horizontal": 0.491521454567389,
      "symmetry_radial": 0.49447872857423053,
      "rule_of_thirds": {
        "alignment_score": 0,
        "num_salient_objects": 3
      },
      "golden_ratio": {
        "golden_alignment_score": 0
      },
      "balance": {
        "static_balance": 0.8839569091796875,
        "dynamic_balance": 1.0,
        "dominant_quadrant": 3
      },
      "layering": {
        "foreground_ratio": 0.21529006958007812,
        "midground_ratio": 0.3336219787597656,
        "background_ratio": 0.45108795166015625,
        "depth_complexity": 0.08761674907332054
      }
    },
    "spatial_layout": {
      "negative_space_ratio": 0.7444114685058594,
      "subject_isolation": 0.10000228881835938,
      "depth_of_field": {
        "blur_gradient_strength": 47.33760544576089,
        "sharpness_variance": 7811.962072656154,
        "min_sharpness": 19.348342495662727,
        "max_sharpness": 755.236063052672
      },
      "perspective": {
        "has_vanishing_point": 0,
        "perspective_strength": 0.0
      }
    },
    "contrast_color": {
      "high_contrast_ratio": 0.4297599792480469,
      "low_contrast_ratio": 0.5702400207519531,
      "mean_contrast": 8.73948860168457,
      "highlight_ratio": 3.814697265625e-06,
      "shadow_ratio": 0.9111595153808594,
      "midtone_ratio": 0.088836669921875,
      "warm_color_ratio": 0.00042724609375,
      "cool_color_ratio": 0.9971351623535156,
      "complementary_color_score": 2.5
    },
    "motion_dynamics": {
      "s_curve_count": 85,
      "motion_blur_score": 6.0683693132238234,
      "dominant_direction_deg": 95.0,
      "direction_strength": 0.03383636474596467
    },
    "pattern_rhythm": {
      "repetition_score": 1.0,
      "rhythm_score": 1.0,
      "pattern_breaks": 0
    },
    "visual_mass_focus": {
      "point_of_interest": {
        "x": 0.859375,
        "y": 0.857421875,
        "strength": 1.0
      },
      "visual_mass_concentration": 0.198944091796875,
      "mean_visual_weight": 0.0921863541007042,
      "face_count": 0,
      "has_directional_cues": 0
    },
    "framing_breathing": {
      "frame_in_frame_count": 0,
      "breathing_space": {
        "top": 0.123046875,
        "bottom": 0.83203125,
        "left": 0.64453125,
        "right": 0.328125,
        "min_margin": 0.123046875,
        "mean_margin": 0.48193359375
      },
      "corner_anchors": {
        "top_left": 0.13682758808135986,
        "top_right": 0.08498711884021759,
        "bottom_left": 0.03093685954809189,
        "bottom_right": 0.11551248282194138,
        "max_corner_weight": 0.13682758808135986,
        "has_corner_subject": 0
      }
    }
  }
}