{
  "meta": {
    "_dataset": "tvm board - Nov 22nd 2025 (5060 images)",
    "_label": "",
    "_relpath": "1603. .jpg",
    "_filename": "1603. .jpg",
    "_width": 750,
    "_height": 1000
  },
  "features": {
    "geometric_structural": {
      "leading_lines": {
        "diagonal": 18,
        "vertical": 0,
        "horizontal": 35,
        "curved": 199
      },
      "leading_lines_strength": 0.3689604685212299,
      "symmetry_vertical": 0.6054807997356095,
      "symmetry_horizontal": 0.41987788434567597,
      "symmetry_radial": 0.4129770407761291,
      "rule_of_thirds": {
        "alignment_score": 0,
        "num_salient_objects": 68
      },
      "golden_ratio": {
        "golden_alignment_score": 0
      },
      "balance": {
        "static_balance": 0.935315728187561,
        "dynamic_balance": 1.0,
        "dominant_quadrant": 1
      },
      "layering": {
        "foreground_ratio": 0.31380970900439237,
        "midground_ratio": 0.23438643850658858,
        "background_ratio": 0.45180385248901905,
        "depth_complexity": 0.4485438740269164
      }
    },
    "spatial_layout": {
      "negative_space_ratio": 0.6705509928623719,
      "subject_isolation": 0.10000114385065886,
      "depth_of_field": {
        "blur_gradient_strength": 438.1825846527388,
        "sharpness_variance": 1240127.2902990633,
        "min_sharpness": 0.5098039215686274,
        "max_sharpness": 6423.522971933872
      },
      "perspective": {
        "has_vanishing_point": 1,
        "perspective_strength": 0.9953399450352491
      }
    },
    "contrast_color": {
      "high_contrast_ratio": 0.36967537518301613,
      "low_contrast_ratio": 0.6303246248169838,
      "mean_contrast": 11.810524940490723,
      "highlight_ratio": 0.1240534633398056,
      "shadow_ratio": 0.19265590608119965,
      "midtone_ratio": 0.6832906007766724,
      "warm_color_ratio": 0.09179973462664714,
      "cool_color_ratio": 0.22965089677891654,
      "complementary_color_score": 2.1666666666666665
    },
    "motion_dynamics": {
      "s_curve_count": 154,
      "motion_blur_score": 13.534276137000296,
      "dominant_direction_deg": -85.0,
      "direction_strength": 0.12890910962627852
    },
    "pattern_rhythm": {
      "repetition_score": 1.0,
      "rhythm_score": 1.0,
      "pattern_breaks": 8
    },
    "visual_mass_focus": {
      "point_of_interest": {
        "x": 0.57421875,
        "y": 0.35871156661786235,
        "strength": 1.0
      },
      "visual_mass_concentration": 0.19980783308931185,
      "mean_visual_weight": 0.07712743431329727,
      "face_count": 0,
      "has_directional_cues": 0
    },
    "framing_breathing": {
      "frame_in_frame_count": 0,
      "breathing_space": {
        "top": 0.0,
        "bottom": 0.6822840409956076,
        "left": 0.0546875,
        "right": 0.0,
        "min_margin": 0.0,
        "mean_margin": 0.1842428852489019
      },
      "corner_anchors": {
        "top_left": 0.2581593990325928,
        "top_right": 0.8848763108253479,
        "bottom_left": 0.8002803921699524,
        "bottom_right": 0.49681225419044495,
        "max_corner_weight": 0.8848763108253479,
        "has_corner_subject": 1
      }
    }
  }
}