{
  "meta": {
    "_dataset": "tvm board - Nov 22nd 2025 (5060 images)",
    "_label": "",
    "_relpath": "1606. .jpg",
    "_filename": "1606. .jpg",
    "_width": 850,
    "_height": 1275
  },
  "features": {
    "geometric_structural": {
      "leading_lines": {
        "diagonal": 0,
        "vertical": 0,
        "horizontal": 4,
        "curved": 31
      },
      "leading_lines_strength": 0.045572916666666664,
      "symmetry_vertical": 0.7017629525705277,
      "symmetry_horizontal": 0.47828370329125647,
      "symmetry_radial": 0.32705447079748967,
      "rule_of_thirds": {
        "alignment_score": 0,
        "num_salient_objects": 8
      },
      "golden_ratio": {
        "golden_alignment_score": 1
      },
      "balance": {
        "static_balance": 0.9522495269775391,
        "dynamic_balance": 1.0,
        "dominant_quadrant": 0
      },
      "layering": {
        "foreground_ratio": 0.27675120035807294,
        "midground_ratio": 0.2219085693359375,
        "background_ratio": 0.5013402303059896,
        "depth_complexity": 0.06934622758967778
      }
    },
    "spatial_layout": {
      "negative_space_ratio": 0.6911671956380209,
      "subject_isolation": 0.10000101725260417,
      "depth_of_field": {
        "blur_gradient_strength": 57.59909523710309,
        "sharpness_variance": 22341.475360193188,
        "min_sharpness": 0.0,
        "max_sharpness": 757.7362555820589
      },
      "perspective": {
        "has_vanishing_point": 1,
        "perspective_strength": 0.7884615384615384
      }
    },
    "contrast_color": {
      "high_contrast_ratio": 0.36510467529296875,
      "low_contrast_ratio": 0.6348953247070312,
      "mean_contrast": 10.985766410827637,
      "highlight_ratio": 0.013966877944767475,
      "shadow_ratio": 0.43788400292396545,
      "midtone_ratio": 0.5481491088867188,
      "warm_color_ratio": 0.0,
      "cool_color_ratio": 0.26858266194661456,
      "complementary_color_score": 0.0
    },
    "motion_dynamics": {
      "s_curve_count": 106,
      "motion_blur_score": 17.14725932138185,
      "dominant_direction_deg": 4.999999999999995,
      "direction_strength": 0.3055953979484416
    },
    "pattern_rhythm": {
      "repetition_score": 1.0,
      "rhythm_score": 1.0,
      "pattern_breaks": 2
    },
    "visual_mass_focus": {
      "point_of_interest": {
        "x": 0.43359375,
        "y": 0.3697916666666667,
        "strength": 1.0
      },
      "visual_mass_concentration": 0.19920857747395834,
      "mean_visual_weight": 0.045714255422353745,
      "face_count": 0,
      "has_directional_cues": 0
    },
    "framing_breathing": {
      "frame_in_frame_count": 0,
      "breathing_space": {
        "top": 0.2565104166666667,
        "bottom": 0.5221354166666666,
        "left": 0.0,
        "right": 0.0,
        "min_margin": 0.0,
        "mean_margin": 0.19466145833333331
      },
      "corner_anchors": {
        "top_left": 0.16534177958965302,
        "top_right": 0.2789349853992462,
        "bottom_left": 0.3881017863750458,
        "bottom_right": 0.3882226347923279,
        "max_corner_weight": 0.3882226347923279,
        "has_corner_subject": 1
      }
    }
  }
}