{
  "meta": {
    "_dataset": "tvm board - Nov 22nd 2025 (5060 images)",
    "_label": "",
    "_relpath": "1620. .jpg",
    "_filename": "1620. .jpg",
    "_width": 576,
    "_height": 768
  },
  "features": {
    "geometric_structural": {
      "leading_lines": {
        "diagonal": 15,
        "vertical": 10,
        "horizontal": 0,
        "curved": 246
      },
      "leading_lines_strength": 0.3967789165446559,
      "symmetry_vertical": 0.32010376548356395,
      "symmetry_horizontal": 0.25349698605250653,
      "symmetry_radial": 0.2147831303208996,
      "rule_of_thirds": {
        "alignment_score": 0,
        "num_salient_objects": 15
      },
      "golden_ratio": {
        "golden_alignment_score": 2
      },
      "balance": {
        "static_balance": 0.8755903840065002,
        "dynamic_balance": 1.0,
        "dominant_quadrant": 2
      },
      "layering": {
        "foreground_ratio": 0.28438987005856514,
        "midground_ratio": 0.30354364934114203,
        "background_ratio": 0.41206648060029283,
        "depth_complexity": 0.38321234127836173
      }
    },
    "spatial_layout": {
      "negative_space_ratio": 0.758069866398243,
      "subject_isolation": 0.10000114385065886,
      "depth_of_field": {
        "blur_gradient_strength": 387.10262799932764,
        "sharpness_variance": 340737.8791060742,
        "min_sharpness": 7.816209747500481,
        "max_sharpness": 3324.5575740099953
      },
      "perspective": {
        "has_vanishing_point": 1,
        "perspective_strength": 0.9986838641747828
      }
    },
    "contrast_color": {
      "high_contrast_ratio": 0.38574933656661786,
      "low_contrast_ratio": 0.6142506634333822,
      "mean_contrast": 22.726245880126953,
      "highlight_ratio": 0.020329086109995842,
      "shadow_ratio": 0.6220545768737793,
      "midtone_ratio": 0.3576163649559021,
      "warm_color_ratio": 0.000557627196193265,
      "cool_color_ratio": 0.28250823572474376,
      "complementary_color_score": 2.5555555555555554
    },
    "motion_dynamics": {
      "s_curve_count": 233,
      "motion_blur_score": 5.098176962721077,
      "dominant_direction_deg": 4.999999999999995,
      "direction_strength": 0.0565062225474226
    },
    "pattern_rhythm": {
      "repetition_score": 1.0,
      "rhythm_score": 1.0,
      "pattern_breaks": 5
    },
    "visual_mass_focus": {
      "point_of_interest": {
        "x": 0.23828125,
        "y": 0.541727672035139,
        "strength": 1.0
      },
      "visual_mass_concentration": 0.19795193539531478,
      "mean_visual_weight": 0.027375593781471252,
      "face_count": 0,
      "has_directional_cues": 0
    },
    "framing_breathing": {
      "frame_in_frame_count": 0,
      "breathing_space": {
        "top": 0.4143484626647145,
        "bottom": 0.4333821376281113,
        "left": 0.224609375,
        "right": 0.681640625,
        "min_margin": 0.224609375,
        "mean_margin": 0.43849515007320644
      },
      "corner_anchors": {
        "top_left": 0.18616937100887299,
        "top_right": 0.17219586670398712,
        "bottom_left": 0.048901427537202835,
        "bottom_right": 0.16575674712657928,
        "max_corner_weight": 0.18616937100887299,
        "has_corner_subject": 0
      }
    }
  }
}