{
  "meta": {
    "_dataset": "tvm board - Nov 22nd 2025 (5060 images)",
    "_label": "",
    "_relpath": "1656. .jpg",
    "_filename": "1656. .jpg",
    "_width": 469,
    "_height": 640
  },
  "features": {
    "geometric_structural": {
      "leading_lines": {
        "diagonal": 11,
        "vertical": 5,
        "horizontal": 24,
        "curved": 225
      },
      "leading_lines_strength": 0.3791130185979971,
      "symmetry_vertical": 0.3045753208878987,
      "symmetry_horizontal": 0.1823142246199512,
      "symmetry_radial": 0.16870017725629305,
      "rule_of_thirds": {
        "alignment_score": 1,
        "num_salient_objects": 24
      },
      "golden_ratio": {
        "golden_alignment_score": 2
      },
      "balance": {
        "static_balance": 0.8950185775756836,
        "dynamic_balance": 1.0,
        "dominant_quadrant": 2
      },
      "layering": {
        "foreground_ratio": 0.32621378755364805,
        "midground_ratio": 0.22593381169527896,
        "background_ratio": 0.44785240075107297,
        "depth_complexity": 1.0872774420776106
      }
    },
    "spatial_layout": {
      "negative_space_ratio": 0.7294377011802575,
      "subject_isolation": 0.10000055883404864,
      "depth_of_field": {
        "blur_gradient_strength": 942.5454691472753,
        "sharpness_variance": 3212921.4921209686,
        "min_sharpness": 0.0,
        "max_sharpness": 9827.296007021816
      },
      "perspective": {
        "has_vanishing_point": 1,
        "perspective_strength": 0.9982281471481607
      }
    },
    "contrast_color": {
      "high_contrast_ratio": 0.4802340396995708,
      "low_contrast_ratio": 0.5197659603004292,
      "mean_contrast": 28.90239906311035,
      "highlight_ratio": 0.03655892238020897,
      "shadow_ratio": 0.6255196928977966,
      "midtone_ratio": 0.3379213809967041,
      "warm_color_ratio": 0.5598539207796852,
      "cool_color_ratio": 0.12748122317596566,
      "complementary_color_score": 2.5
    },
    "motion_dynamics": {
      "s_curve_count": 222,
      "motion_blur_score": 4.336958125792113,
      "dominant_direction_deg": 4.999999999999995,
      "direction_strength": 0.13908261802536245
    },
    "pattern_rhythm": {
      "repetition_score": 1.0,
      "rhythm_score": 1.0,
      "pattern_breaks": 2
    },
    "visual_mass_focus": {
      "point_of_interest": {
        "x": 0.431640625,
        "y": 0.6781115879828327,
        "strength": 1.0
      },
      "visual_mass_concentration": 0.19992567507153075,
      "mean_visual_weight": 0.0870785117149353,
      "face_count": 0,
      "has_directional_cues": 0
    },
    "framing_breathing": {
      "frame_in_frame_count": 0,
      "breathing_space": {
        "top": 0.6623748211731044,
        "bottom": 0.16022889842632332,
        "left": 0.3359375,
        "right": 0.412109375,
        "min_margin": 0.16022889842632332,
        "mean_margin": 0.39266264864985695
      },
      "corner_anchors": {
        "top_left": 0.23907242715358734,
        "top_right": 0.23317664861679077,
        "bottom_left": 0.23551830649375916,
        "bottom_right": 0.22987030446529388,
        "max_corner_weight": 0.23907242715358734,
        "has_corner_subject": 0
      }
    }
  }
}