{
  "meta": {
    "_dataset": "tvm board - Nov 22nd 2025 (5060 images)",
    "_label": "",
    "_relpath": "1669. Aesthetic photo.jpg",
    "_filename": "1669. Aesthetic photo.jpg",
    "_width": 1124,
    "_height": 1697
  },
  "features": {
    "geometric_structural": {
      "leading_lines": {
        "diagonal": 14,
        "vertical": 21,
        "horizontal": 0,
        "curved": 583
      },
      "leading_lines_strength": 0.7994825355756792,
      "symmetry_vertical": 0.23682473844778235,
      "symmetry_horizontal": 0.23020955077142394,
      "symmetry_radial": 0.14809905452826644,
      "rule_of_thirds": {
        "alignment_score": 0,
        "num_salient_objects": 23
      },
      "golden_ratio": {
        "golden_alignment_score": 2
      },
      "balance": {
        "static_balance": 0.9170153737068176,
        "dynamic_balance": 1.0,
        "dominant_quadrant": 2
      },
      "layering": {
        "foreground_ratio": 0.3266974248059508,
        "midground_ratio": 0.34160737386804657,
        "background_ratio": 0.3316952013260026,
        "depth_complexity": 0.32909935339785124
      }
    },
    "spatial_layout": {
      "negative_space_ratio": 0.6266499231888745,
      "subject_isolation": 0.028541397153945665,
      "depth_of_field": {
        "blur_gradient_strength": 7261.967931419878,
        "sharpness_variance": 229186907.54072446,
        "min_sharpness": 39.246522904493155,
        "max_sharpness": 52900.0
      },
      "perspective": {
        "has_vanishing_point": 1,
        "perspective_strength": 0.9980512666766602
      }
    },
    "contrast_color": {
      "high_contrast_ratio": 0.3968027369016818,
      "low_contrast_ratio": 0.6031972630983182,
      "mean_contrast": 35.116939544677734,
      "highlight_ratio": 0.326404333114624,
      "shadow_ratio": 0.00026277490542270243,
      "midtone_ratio": 0.6733328700065613,
      "warm_color_ratio": 0.02858940410737387,
      "cool_color_ratio": 0.0,
      "complementary_color_score": 0.0
    },
    "motion_dynamics": {
      "s_curve_count": 514,
      "motion_blur_score": 10.839267482152001,
      "dominant_direction_deg": 4.999999999999995,
      "direction_strength": 0.13114741672023783
    },
    "pattern_rhythm": {
      "repetition_score": 1.0,
      "rhythm_score": 1.0,
      "pattern_breaks": 6
    },
    "visual_mass_focus": {
      "point_of_interest": {
        "x": 0.626953125,
        "y": 0.6442432082794308,
        "strength": 1.0
      },
      "visual_mass_concentration": 0.19913284282018112,
      "mean_visual_weight": 0.04680325463414192,
      "face_count": 0,
      "has_directional_cues": 0
    },
    "framing_breathing": {
      "frame_in_frame_count": 0,
      "breathing_space": {
        "top": 0.0,
        "bottom": 0.0,
        "left": 0.0,
        "right": 0.9375,
        "min_margin": 0.0,
        "mean_margin": 0.234375
      },
      "corner_anchors": {
        "top_left": 0.3105720281600952,
        "top_right": 0.3237619996070862,
        "bottom_left": 0.4313136339187622,
        "bottom_right": 0.37379565834999084,
        "max_corner_weight": 0.4313136339187622,
        "has_corner_subject": 1
      }
    }
  }
}