{
  "meta": {
    "_dataset": "tvm board - Nov 22nd 2025 (5060 images)",
    "_label": "",
    "_relpath": "1678. .jpg",
    "_filename": "1678. .jpg",
    "_width": 736,
    "_height": 1308
  },
  "features": {
    "geometric_structural": {
      "leading_lines": {
        "diagonal": 0,
        "vertical": 0,
        "horizontal": 0,
        "curved": 16
      },
      "leading_lines_strength": 0.017582417582417582,
      "symmetry_vertical": 0.7722762136688981,
      "symmetry_horizontal": 0.7445837205307497,
      "symmetry_radial": 0.5299788092263508,
      "rule_of_thirds": {
        "alignment_score": 0,
        "num_salient_objects": 17
      },
      "golden_ratio": {
        "golden_alignment_score": 0
      },
      "balance": {
        "static_balance": 0.9056600332260132,
        "dynamic_balance": 1.0,
        "dominant_quadrant": 2
      },
      "layering": {
        "foreground_ratio": 0.31185396634615387,
        "midground_ratio": 0.0,
        "background_ratio": 0.6881460336538462,
        "depth_complexity": 0.02298485237804275
      }
    },
    "spatial_layout": {
      "negative_space_ratio": 0.47515667925824173,
      "subject_isolation": 0.1,
      "depth_of_field": {
        "blur_gradient_strength": 12.022903551520553,
        "sharpness_variance": 484.6469007353265,
        "min_sharpness": 3.822354723828605,
        "max_sharpness": 127.90705497885429
      },
      "perspective": {
        "has_vanishing_point": 0,
        "perspective_strength": 0.0
      }
    },
    "contrast_color": {
      "high_contrast_ratio": 0.3872724931318681,
      "low_contrast_ratio": 0.6127275068681319,
      "mean_contrast": 8.164778709411621,
      "highlight_ratio": 0.4549579322338104,
      "shadow_ratio": 0.0,
      "midtone_ratio": 0.5450420379638672,
      "warm_color_ratio": 0.5673763736263736,
      "cool_color_ratio": 0.0,
      "complementary_color_score": 0.0
    },
    "motion_dynamics": {
      "s_curve_count": 21,
      "motion_blur_score": 43.07471608981764,
      "dominant_direction_deg": 4.999999999999995,
      "direction_strength": 0.05374313186801652
    },
    "pattern_rhythm": {
      "repetition_score": 1.0,
      "rhythm_score": 1.0,
      "pattern_breaks": 4
    },
    "visual_mass_focus": {
      "point_of_interest": {
        "x": 0.259765625,
        "y": 0.13516483516483516,
        "strength": 1.0
      },
      "visual_mass_concentration": 0.19992058722527473,
      "mean_visual_weight": 0.18332622945308685,
      "face_count": 0,
      "has_directional_cues": 0
    },
    "framing_breathing": {
      "frame_in_frame_count": 0,
      "breathing_space": {
        "top": 0.0,
        "bottom": 0.7681318681318682,
        "left": 0.0,
        "right": 0.564453125,
        "min_margin": 0.0,
        "mean_margin": 0.333146248282967
      },
      "corner_anchors": {
        "top_left": 0.6123078465461731,
        "top_right": 0.3380155563354492,
        "bottom_left": 0.39466503262519836,
        "bottom_right": 0.4091663062572479,
        "max_corner_weight": 0.6123078465461731,
        "has_corner_subject": 1
      }
    }
  }
}