{
  "meta": {
    "_dataset": "tvm board - Nov 22nd 2025 (5060 images)",
    "_label": "",
    "_relpath": "1699. .jpg",
    "_filename": "1699. .jpg",
    "_width": 1347,
    "_height": 1038
  },
  "features": {
    "geometric_structural": {
      "leading_lines": {
        "diagonal": 36,
        "vertical": 21,
        "horizontal": 10,
        "curved": 273
      },
      "leading_lines_strength": 0.5120481927710844,
      "symmetry_vertical": 0.21314468153741828,
      "symmetry_horizontal": 0.22256050763129748,
      "symmetry_radial": 0.17569291125800715,
      "rule_of_thirds": {
        "alignment_score": 3,
        "num_salient_objects": 44
      },
      "golden_ratio": {
        "golden_alignment_score": 2
      },
      "balance": {
        "static_balance": 0.9768785834312439,
        "dynamic_balance": 1.0,
        "dominant_quadrant": 2
      },
      "layering": {
        "foreground_ratio": 0.33748470444277107,
        "midground_ratio": 0.23230127541415663,
        "background_ratio": 0.4302140201430723,
        "depth_complexity": 0.5368477336611712
      }
    },
    "spatial_layout": {
      "negative_space_ratio": 0.5817606362951807,
      "subject_isolation": 0.10000058829066265,
      "depth_of_field": {
        "blur_gradient_strength": 356.81127448634845,
        "sharpness_variance": 230277.47811941986,
        "min_sharpness": 1.5686274509803921,
        "max_sharpness": 3903.173010380623
      },
      "perspective": {
        "has_vanishing_point": 1,
        "perspective_strength": 0.9998628163797243
      }
    },
    "contrast_color": {
      "high_contrast_ratio": 0.4518425263554217,
      "low_contrast_ratio": 0.5481574736445782,
      "mean_contrast": 25.701953887939453,
      "highlight_ratio": 0.2311599850654602,
      "shadow_ratio": 0.0005794662865810096,
      "midtone_ratio": 0.7682605385780334,
      "warm_color_ratio": 0.12419698324548192,
      "cool_color_ratio": 0.00445336031626506,
      "complementary_color_score": 1.5555555555555556
    },
    "motion_dynamics": {
      "s_curve_count": 318,
      "motion_blur_score": 12.504916993739462,
      "dominant_direction_deg": 4.999999999999995,
      "direction_strength": 0.0955178134409841
    },
    "pattern_rhythm": {
      "repetition_score": 1.0,
      "rhythm_score": 1.0,
      "pattern_breaks": 15
    },
    "visual_mass_focus": {
      "point_of_interest": {
        "x": 0.7454819277108434,
        "y": 0.43359375,
        "strength": 1.0
      },
      "visual_mass_concentration": 0.1998452795557229,
      "mean_visual_weight": 0.06599709391593933,
      "face_count": 0,
      "has_directional_cues": 0
    },
    "framing_breathing": {
      "frame_in_frame_count": 0,
      "breathing_space": {
        "top": 0.451171875,
        "bottom": 0.2890625,
        "left": 0.766566265060241,
        "right": 0.10843373493975904,
        "min_margin": 0.10843373493975904,
        "mean_margin": 0.40380859375
      },
      "corner_anchors": {
        "top_left": 0.36870598793029785,
        "top_right": 0.45232659578323364,
        "bottom_left": 0.3892226219177246,
        "bottom_right": 0.27837294340133667,
        "max_corner_weight": 0.45232659578323364,
        "has_corner_subject": 1
      }
    }
  }
}