{
  "meta": {
    "_dataset": "tvm board - Nov 22nd 2025 (5060 images)",
    "_label": "",
    "_relpath": "1708. .jpg",
    "_filename": "1708. .jpg",
    "_width": 736,
    "_height": 1308
  },
  "features": {
    "geometric_structural": {
      "leading_lines": {
        "diagonal": 70,
        "vertical": 61,
        "horizontal": 0,
        "curved": 1053
      },
      "leading_lines_strength": 1.3010989010989011,
      "symmetry_vertical": 0.15314786347216297,
      "symmetry_horizontal": 0.14218772098610946,
      "symmetry_radial": 0.11138383462008429,
      "rule_of_thirds": {
        "alignment_score": 2,
        "num_salient_objects": 77
      },
      "golden_ratio": {
        "golden_alignment_score": 3
      },
      "balance": {
        "static_balance": 0.8732047080993652,
        "dynamic_balance": 1.0,
        "dominant_quadrant": 1
      },
      "layering": {
        "foreground_ratio": 0.334621823489011,
        "midground_ratio": 0.27865084134615387,
        "background_ratio": 0.38672733516483515,
        "depth_complexity": 0.9560028701557612
      }
    },
    "spatial_layout": {
      "negative_space_ratio": 0.5866007039835165,
      "subject_isolation": 0.1,
      "depth_of_field": {
        "blur_gradient_strength": 530.0972240690719,
        "sharpness_variance": 434920.15509646153,
        "min_sharpness": 14.874761888079897,
        "max_sharpness": 5083.510747426425
      },
      "perspective": {
        "has_vanishing_point": 1,
        "perspective_strength": 0.9995786171619866
      }
    },
    "contrast_color": {
      "high_contrast_ratio": 0.475935782967033,
      "low_contrast_ratio": 0.524064217032967,
      "mean_contrast": 27.279037475585938,
      "highlight_ratio": 0.06723042577505112,
      "shadow_ratio": 0.16018414497375488,
      "midtone_ratio": 0.7725854516029358,
      "warm_color_ratio": 0.00019316620879120878,
      "cool_color_ratio": 0.7580872252747253,
      "complementary_color_score": 2.5
    },
    "motion_dynamics": {
      "s_curve_count": 807,
      "motion_blur_score": 7.553924768715271,
      "dominant_direction_deg": -85.0,
      "direction_strength": 0.03971497252738729
    },
    "pattern_rhythm": {
      "repetition_score": 1.0,
      "rhythm_score": 1.0,
      "pattern_breaks": 18
    },
    "visual_mass_focus": {
      "point_of_interest": {
        "x": 0.720703125,
        "y": 0.5582417582417583,
        "strength": 1.0
      },
      "visual_mass_concentration": 0.19999141483516483,
      "mean_visual_weight": 0.1432444006204605,
      "face_count": 0,
      "has_directional_cues": 0
    },
    "framing_breathing": {
      "frame_in_frame_count": 0,
      "breathing_space": {
        "top": 0.05384615384615385,
        "bottom": 0.5582417582417583,
        "left": 0.544921875,
        "right": 0.080078125,
        "min_margin": 0.05384615384615385,
        "mean_margin": 0.30927197802197803
      },
      "corner_anchors": {
        "top_left": 0.314436674118042,
        "top_right": 0.4234413504600525,
        "bottom_left": 0.3004061281681061,
        "bottom_right": 0.5560874342918396,
        "max_corner_weight": 0.5560874342918396,
        "has_corner_subject": 1
      }
    }
  }
}