{
  "meta": {
    "_dataset": "tvm board - Nov 22nd 2025 (5060 images)",
    "_label": "",
    "_relpath": "1725. How to.png",
    "_filename": "1725. How to.png",
    "_width": 1000,
    "_height": 1500
  },
  "features": {
    "geometric_structural": {
      "leading_lines": {
        "diagonal": 0,
        "vertical": 0,
        "horizontal": 0,
        "curved": 0
      },
      "leading_lines_strength": 0.0,
      "symmetry_vertical": 0.9262497851053426,
      "symmetry_horizontal": 0.9043083588688174,
      "symmetry_radial": 0.6918188594297954,
      "rule_of_thirds": {
        "alignment_score": 0,
        "num_salient_objects": 2
      },
      "golden_ratio": {
        "golden_alignment_score": 0
      },
      "balance": {
        "static_balance": 0.9148070812225342,
        "dynamic_balance": 1.0,
        "dominant_quadrant": 3
      },
      "layering": {
        "foreground_ratio": 0.0675201416015625,
        "midground_ratio": 0.3180491129557292,
        "background_ratio": 0.6144307454427084,
        "depth_complexity": 0.006564976766679638
      }
    },
    "spatial_layout": {
      "negative_space_ratio": 0.4199371337890625,
      "subject_isolation": 0.10000101725260417,
      "depth_of_field": {
        "blur_gradient_strength": 5.8035350002202675,
        "sharpness_variance": 580.9205635088774,
        "min_sharpness": 0.27450980392156865,
        "max_sharpness": 317.20101560914446
      },
      "perspective": {
        "has_vanishing_point": 0,
        "perspective_strength": 0.0
      }
    },
    "contrast_color": {
      "high_contrast_ratio": 0.272369384765625,
      "low_contrast_ratio": 0.727630615234375,
      "mean_contrast": 4.489563941955566,
      "highlight_ratio": 0.6817703247070312,
      "shadow_ratio": 0.00011698404705384746,
      "midtone_ratio": 0.31811270117759705,
      "warm_color_ratio": 0.0009562174479166666,
      "cool_color_ratio": 0.005015055338541667,
      "complementary_color_score": 1.0555555555555556
    },
    "motion_dynamics": {
      "s_curve_count": 7,
      "motion_blur_score": 61.69111212334074,
      "dominant_direction_deg": 4.999999999999995,
      "direction_strength": 0.22168223063094664
    },
    "pattern_rhythm": {
      "repetition_score": 1.0,
      "rhythm_score": 1.0,
      "pattern_breaks": 0
    },
    "visual_mass_focus": {
      "point_of_interest": {
        "x": 0.22265625,
        "y": 0.5533854166666666,
        "strength": 1.0
      },
      "visual_mass_concentration": 0.1981074015299479,
      "mean_visual_weight": 0.056942492723464966,
      "face_count": 0,
      "has_directional_cues": 0
    },
    "framing_breathing": {
      "frame_in_frame_count": 0,
      "breathing_space": {
        "top": 0.5455729166666666,
        "bottom": 0.4166666666666667,
        "left": 0.21484375,
        "right": 0.759765625,
        "min_margin": 0.21484375,
        "mean_margin": 0.4842122395833333
      },
      "corner_anchors": {
        "top_left": 0.12225054949522018,
        "top_right": 0.1535777896642685,
        "bottom_left": 0.09585511684417725,
        "bottom_right": 0.19210052490234375,
        "max_corner_weight": 0.19210052490234375,
        "has_corner_subject": 0
      }
    }
  }
}