{
  "meta": {
    "_dataset": "tvm board - Nov 22nd 2025 (5060 images)",
    "_label": "",
    "_relpath": "1726. x.jpg",
    "_filename": "1726. x.jpg",
    "_width": 736,
    "_height": 1103
  },
  "features": {
    "geometric_structural": {
      "leading_lines": {
        "diagonal": 0,
        "vertical": 0,
        "horizontal": 0,
        "curved": 32
      },
      "leading_lines_strength": 0.041720990873533245,
      "symmetry_vertical": 0.8015780115786967,
      "symmetry_horizontal": 0.7299956521014835,
      "symmetry_radial": 0.586949055029205,
      "rule_of_thirds": {
        "alignment_score": 1,
        "num_salient_objects": 3
      },
      "golden_ratio": {
        "golden_alignment_score": 0
      },
      "balance": {
        "static_balance": 0.9886715412139893,
        "dynamic_balance": 1.0,
        "dominant_quadrant": 3
      },
      "layering": {
        "foreground_ratio": 0.2557269597457627,
        "midground_ratio": 0.15355840531290743,
        "background_ratio": 0.5907146349413298,
        "depth_complexity": 0.029894304616037363
      }
    },
    "spatial_layout": {
      "negative_space_ratio": 0.49501405638852675,
      "subject_isolation": 0.10000152786831812,
      "depth_of_field": {
        "blur_gradient_strength": 24.925185743435193,
        "sharpness_variance": 4067.633340117129,
        "min_sharpness": 0.0,
        "max_sharpness": 440.41378316032285
      },
      "perspective": {
        "has_vanishing_point": 1,
        "perspective_strength": 1.0
      }
    },
    "contrast_color": {
      "high_contrast_ratio": 0.39441156698174706,
      "low_contrast_ratio": 0.6055884330182529,
      "mean_contrast": 5.225096702575684,
      "highlight_ratio": 0.5865206122398376,
      "shadow_ratio": 0.0,
      "midtone_ratio": 0.41347938776016235,
      "warm_color_ratio": 0.02217446219035202,
      "cool_color_ratio": 0.0,
      "complementary_color_score": 0.0
    },
    "motion_dynamics": {
      "s_curve_count": 29,
      "motion_blur_score": 53.60875308738317,
      "dominant_direction_deg": 4.999999999999995,
      "direction_strength": 0.4760379318762324
    },
    "pattern_rhythm": {
      "repetition_score": 1.0,
      "rhythm_score": 1.0,
      "pattern_breaks": 1
    },
    "visual_mass_focus": {
      "point_of_interest": {
        "x": 0.7265625,
        "y": 0.711864406779661,
        "strength": 1.0
      },
      "visual_mass_concentration": 0.19807794165580184,
      "mean_visual_weight": 0.04601733013987541,
      "face_count": 0,
      "has_directional_cues": 0
    },
    "framing_breathing": {
      "frame_in_frame_count": 0,
      "breathing_space": {
        "top": 0.6910039113428944,
        "bottom": 0.2711864406779661,
        "left": 0.6875,
        "right": 0.236328125,
        "min_margin": 0.236328125,
        "mean_margin": 0.47150461925521514
      },
      "corner_anchors": {
        "top_left": 0.24181076884269714,
        "top_right": 0.23190365731716156,
        "bottom_left": 0.23427820205688477,
        "bottom_right": 0.2338360846042633,
        "max_corner_weight": 0.24181076884269714,
        "has_corner_subject": 0
      }
    }
  }
}