{
  "meta": {
    "_dataset": "tvm board - Nov 22nd 2025 (5060 images)",
    "_label": "",
    "_relpath": "1755. .jpg",
    "_filename": "1755. .jpg",
    "_width": 640,
    "_height": 640
  },
  "features": {
    "geometric_structural": {
      "leading_lines": {
        "diagonal": 12,
        "vertical": 26,
        "horizontal": 0,
        "curved": 285
      },
      "leading_lines_strength": 0.630859375,
      "symmetry_vertical": 0.5345581544692761,
      "symmetry_horizontal": 0.5422658540758017,
      "symmetry_radial": 0.4875591464854398,
      "rule_of_thirds": {
        "alignment_score": 0,
        "num_salient_objects": 11
      },
      "golden_ratio": {
        "golden_alignment_score": 0
      },
      "balance": {
        "static_balance": 0.9696686267852783,
        "dynamic_balance": 1.0,
        "dominant_quadrant": 0
      },
      "layering": {
        "foreground_ratio": 0.2950630187988281,
        "midground_ratio": 0.10456466674804688,
        "background_ratio": 0.600372314453125,
        "depth_complexity": 0.8600744586096698
      }
    },
    "spatial_layout": {
      "negative_space_ratio": 0.5772361755371094,
      "subject_isolation": 0.10000228881835938,
      "depth_of_field": {
        "blur_gradient_strength": 655.7558621168381,
        "sharpness_variance": 2788885.8554400103,
        "min_sharpness": 2.0713950701538657,
        "max_sharpness": 7164.125432525952
      },
      "perspective": {
        "has_vanishing_point": 1,
        "perspective_strength": 0.997716894977169
      }
    },
    "contrast_color": {
      "high_contrast_ratio": 0.359527587890625,
      "low_contrast_ratio": 0.640472412109375,
      "mean_contrast": 10.230436325073242,
      "highlight_ratio": 0.11624908447265625,
      "shadow_ratio": 0.000400543212890625,
      "midtone_ratio": 0.8833503723144531,
      "warm_color_ratio": 0.27887725830078125,
      "cool_color_ratio": 0.006744384765625,
      "complementary_color_score": 0.0
    },
    "motion_dynamics": {
      "s_curve_count": 198,
      "motion_blur_score": 18.800873363103396,
      "dominant_direction_deg": 4.999999999999995,
      "direction_strength": 0.09723663330041032
    },
    "pattern_rhythm": {
      "repetition_score": 1.0,
      "rhythm_score": 1.0,
      "pattern_breaks": 3
    },
    "visual_mass_focus": {
      "point_of_interest": {
        "x": 0.720703125,
        "y": 0.07421875,
        "strength": 1.0
      },
      "visual_mass_concentration": 0.19996261596679688,
      "mean_visual_weight": 0.12409912049770355,
      "face_count": 0,
      "has_directional_cues": 0
    },
    "framing_breathing": {
      "frame_in_frame_count": 0,
      "breathing_space": {
        "top": 0.0,
        "bottom": 0.49609375,
        "left": 0.0,
        "right": 0.02734375,
        "min_margin": 0.0,
        "mean_margin": 0.130859375
      },
      "corner_anchors": {
        "top_left": 0.6091670393943787,
        "top_right": 0.4501311779022217,
        "bottom_left": 0.5389814376831055,
        "bottom_right": 0.5748085379600525,
        "max_corner_weight": 0.6091670393943787,
        "has_corner_subject": 1
      }
    }
  }
}