{
  "meta": {
    "_dataset": "tvm board - Nov 22nd 2025 (5060 images)",
    "_label": "",
    "_relpath": "1752. .jpg",
    "_filename": "1752. .jpg",
    "_width": 735,
    "_height": 1102
  },
  "features": {
    "geometric_structural": {
      "leading_lines": {
        "diagonal": 37,
        "vertical": 5,
        "horizontal": 11,
        "curved": 244
      },
      "leading_lines_strength": 0.38671875,
      "symmetry_vertical": 0.5428035531077586,
      "symmetry_horizontal": 0.5283051480043648,
      "symmetry_radial": 0.3299133350968482,
      "rule_of_thirds": {
        "alignment_score": 0,
        "num_salient_objects": 10
      },
      "golden_ratio": {
        "golden_alignment_score": 0
      },
      "balance": {
        "static_balance": 0.9254173040390015,
        "dynamic_balance": 1.0,
        "dominant_quadrant": 3
      },
      "layering": {
        "foreground_ratio": 0.297088623046875,
        "midground_ratio": 0.2008183797200521,
        "background_ratio": 0.5020929972330729,
        "depth_complexity": 0.12015662107345026
      }
    },
    "spatial_layout": {
      "negative_space_ratio": 0.18732452392578125,
      "subject_isolation": 0.10000101725260417,
      "depth_of_field": {
        "blur_gradient_strength": 87.89037382000726,
        "sharpness_variance": 22106.413788554615,
        "min_sharpness": 0.0,
        "max_sharpness": 615.4662884369585
      },
      "perspective": {
        "has_vanishing_point": 1,
        "perspective_strength": 0.9997353447135107
      }
    },
    "contrast_color": {
      "high_contrast_ratio": 0.4503173828125,
      "low_contrast_ratio": 0.5496826171875,
      "mean_contrast": 10.625977516174316,
      "highlight_ratio": 0.9208348393440247,
      "shadow_ratio": 0.0,
      "midtone_ratio": 0.07916516065597534,
      "warm_color_ratio": 2.5431315104166665e-06,
      "cool_color_ratio": 0.0,
      "complementary_color_score": 0.0
    },
    "motion_dynamics": {
      "s_curve_count": 238,
      "motion_blur_score": 27.316960525468648,
      "dominant_direction_deg": 4.999999999999995,
      "direction_strength": 0.24413299560484789
    },
    "pattern_rhythm": {
      "repetition_score": 1.0,
      "rhythm_score": 1.0,
      "pattern_breaks": 1
    },
    "visual_mass_focus": {
      "point_of_interest": {
        "x": 0.451171875,
        "y": 0.80078125,
        "strength": 1.0
      },
      "visual_mass_concentration": 0.19976806640625,
      "mean_visual_weight": 0.03957070782780647,
      "face_count": 0,
      "has_directional_cues": 0
    },
    "framing_breathing": {
      "frame_in_frame_count": 0,
      "breathing_space": {
        "top": 0.7604166666666666,
        "bottom": 0.15494791666666666,
        "left": 0.25390625,
        "right": 0.390625,
        "min_margin": 0.15494791666666666,
        "mean_margin": 0.3899739583333333
      },
      "corner_anchors": {
        "top_left": 0.16177517175674438,
        "top_right": 0.16444265842437744,
        "bottom_left": 0.08771516382694244,
        "bottom_right": 0.12488150596618652,
        "max_corner_weight": 0.16444265842437744,
        "has_corner_subject": 0
      }
    }
  }
}