{
  "meta": {
    "_dataset": "tvm board - Nov 22nd 2025 (5060 images)",
    "_label": "",
    "_relpath": "1765. \u2661.jpg",
    "_filename": "1765. \u2661.jpg",
    "_width": 1080,
    "_height": 1080
  },
  "features": {
    "geometric_structural": {
      "leading_lines": {
        "diagonal": 11,
        "vertical": 3,
        "horizontal": 4,
        "curved": 326
      },
      "leading_lines_strength": 0.671875,
      "symmetry_vertical": 0.2747481335418464,
      "symmetry_horizontal": 0.3308858383711857,
      "symmetry_radial": 0.28028496688976395,
      "rule_of_thirds": {
        "alignment_score": 0,
        "num_salient_objects": 5
      },
      "golden_ratio": {
        "golden_alignment_score": 0
      },
      "balance": {
        "static_balance": 0.9493588209152222,
        "dynamic_balance": 1.0,
        "dominant_quadrant": 3
      },
      "layering": {
        "foreground_ratio": 0.33295440673828125,
        "midground_ratio": 0.33367919921875,
        "background_ratio": 0.33336639404296875,
        "depth_complexity": 0.2441754360413179
      }
    },
    "spatial_layout": {
      "negative_space_ratio": 0.44785308837890625,
      "subject_isolation": 0.0738525390625,
      "depth_of_field": {
        "blur_gradient_strength": 162.1337352026362,
        "sharpness_variance": 63773.57839609812,
        "min_sharpness": 0.00461361014994233,
        "max_sharpness": 1817.6016251401843
      },
      "perspective": {
        "has_vanishing_point": 1,
        "perspective_strength": 0.9951807228915662
      }
    },
    "contrast_color": {
      "high_contrast_ratio": 0.3507728576660156,
      "low_contrast_ratio": 0.6492271423339844,
      "mean_contrast": 22.577978134155273,
      "highlight_ratio": 0.3881568908691406,
      "shadow_ratio": 0.00335693359375,
      "midtone_ratio": 0.6084861755371094,
      "warm_color_ratio": 0.0,
      "cool_color_ratio": 0.042186737060546875,
      "complementary_color_score": 0.0
    },
    "motion_dynamics": {
      "s_curve_count": 265,
      "motion_blur_score": 15.183706220254548,
      "dominant_direction_deg": 4.999999999999995,
      "direction_strength": 0.0891227722164569
    },
    "pattern_rhythm": {
      "repetition_score": 1.0,
      "rhythm_score": 1.0,
      "pattern_breaks": 4
    },
    "visual_mass_focus": {
      "point_of_interest": {
        "x": 0.8359375,
        "y": 0.978515625,
        "strength": 1.0
      },
      "visual_mass_concentration": 0.19958877563476562,
      "mean_visual_weight": 0.07322165369987488,
      "face_count": 1,
      "has_directional_cues": 1
    },
    "framing_breathing": {
      "frame_in_frame_count": 0,
      "breathing_space": {
        "top": 0.826171875,
        "bottom": 0.0,
        "left": 0.32421875,
        "right": 0.0,
        "min_margin": 0.0,
        "mean_margin": 0.28759765625
      },
      "corner_anchors": {
        "top_left": 0.5071783661842346,
        "top_right": 0.42011162638664246,
        "bottom_left": 0.36517512798309326,
        "bottom_right": 0.3702363967895508,
        "max_corner_weight": 0.5071783661842346,
        "has_corner_subject": 1
      }
    }
  }
}