{
  "meta": {
    "_dataset": "tvm board - Nov 22nd 2025 (5060 images)",
    "_label": "",
    "_relpath": "1762. \u2727\u00b7\u02da.jpg",
    "_filename": "1762. \u2727\u00b7\u02da.jpg",
    "_width": 640,
    "_height": 599
  },
  "features": {
    "geometric_structural": {
      "leading_lines": {
        "diagonal": 8,
        "vertical": 0,
        "horizontal": 63,
        "curved": 303
      },
      "leading_lines_strength": 0.6837294332723949,
      "symmetry_vertical": 0.3660989739819066,
      "symmetry_horizontal": 0.21627486863726184,
      "symmetry_radial": 0.24273735942528463,
      "rule_of_thirds": {
        "alignment_score": 0,
        "num_salient_objects": 2
      },
      "golden_ratio": {
        "golden_alignment_score": 0
      },
      "balance": {
        "static_balance": 0.9423304796218872,
        "dynamic_balance": 1.0,
        "dominant_quadrant": 1
      },
      "layering": {
        "foreground_ratio": 0.3088258398080439,
        "midground_ratio": 0.28614530964351004,
        "background_ratio": 0.40502885054844606,
        "depth_complexity": 0.587882079776579
      }
    },
    "spatial_layout": {
      "negative_space_ratio": 0.33777993601462525,
      "subject_isolation": 0.10000214236745887,
      "depth_of_field": {
        "blur_gradient_strength": 295.55536163455236,
        "sharpness_variance": 575232.3385355982,
        "min_sharpness": 1.8854192210992695,
        "max_sharpness": 3353.2655050456
      },
      "perspective": {
        "has_vanishing_point": 1,
        "perspective_strength": 0.9998806207719857
      }
    },
    "contrast_color": {
      "high_contrast_ratio": 0.49039862317184646,
      "low_contrast_ratio": 0.5096013768281535,
      "mean_contrast": 24.498180389404297,
      "highlight_ratio": 0.49536535143852234,
      "shadow_ratio": 0.02198426052927971,
      "midtone_ratio": 0.48265036940574646,
      "warm_color_ratio": 3.5706124314442414e-05,
      "cool_color_ratio": 0.722270623857404,
      "complementary_color_score": 1.9444444444444444
    },
    "motion_dynamics": {
      "s_curve_count": 243,
      "motion_blur_score": 12.733763184497825,
      "dominant_direction_deg": 4.999999999999995,
      "direction_strength": 0.08269538391195336
    },
    "pattern_rhythm": {
      "repetition_score": 1.0,
      "rhythm_score": 1.0,
      "pattern_breaks": 1
    },
    "visual_mass_focus": {
      "point_of_interest": {
        "x": 0.9817184643510055,
        "y": 0.30859375,
        "strength": 1.0
      },
      "visual_mass_concentration": 0.19976862431444242,
      "mean_visual_weight": 0.1730005294084549,
      "face_count": 0,
      "has_directional_cues": 0
    },
    "framing_breathing": {
      "frame_in_frame_count": 0,
      "breathing_space": {
        "top": 0.0,
        "bottom": 0.26171875,
        "left": 0.9213893967093236,
        "right": 0.0,
        "min_margin": 0.0,
        "mean_margin": 0.2957770366773309
      },
      "corner_anchors": {
        "top_left": 0.13711567223072052,
        "top_right": 0.35290706157684326,
        "bottom_left": 0.16944651305675507,
        "bottom_right": 0.1335529088973999,
        "max_corner_weight": 0.35290706157684326,
        "has_corner_subject": 1
      }
    }
  }
}