{
  "meta": {
    "_dataset": "tvm board - Nov 22nd 2025 (5060 images)",
    "_label": "",
    "_relpath": "1773. .jpg",
    "_filename": "1773. .jpg",
    "_width": 732,
    "_height": 420
  },
  "features": {
    "geometric_structural": {
      "leading_lines": {
        "diagonal": 1,
        "vertical": 0,
        "horizontal": 34,
        "curved": 355
      },
      "leading_lines_strength": 0.437219730941704,
      "symmetry_vertical": 0.5850788532891078,
      "symmetry_horizontal": 0.5501096562933157,
      "symmetry_radial": 0.36923323893296706,
      "rule_of_thirds": {
        "alignment_score": 0,
        "num_salient_objects": 17
      },
      "golden_ratio": {
        "golden_alignment_score": 0
      },
      "balance": {
        "static_balance": 0.8560335636138916,
        "dynamic_balance": 1.0,
        "dominant_quadrant": 3
      },
      "layering": {
        "foreground_ratio": 0.3268156179932735,
        "midground_ratio": 0.30403280899663676,
        "background_ratio": 0.36915157301008966,
        "depth_complexity": 0.1663100188442299
      }
    },
    "spatial_layout": {
      "negative_space_ratio": 0.35805904918721976,
      "subject_isolation": 0.10000131376121076,
      "depth_of_field": {
        "blur_gradient_strength": 148.0910350617448,
        "sharpness_variance": 69414.69336865847,
        "min_sharpness": 0.0,
        "max_sharpness": 1509.2802768166093
      },
      "perspective": {
        "has_vanishing_point": 1,
        "perspective_strength": 0.9844587352625938
      }
    },
    "contrast_color": {
      "high_contrast_ratio": 0.4301495060257848,
      "low_contrast_ratio": 0.5698504939742153,
      "mean_contrast": 8.792211532592773,
      "highlight_ratio": 0.1941760927438736,
      "shadow_ratio": 0.0002846482675522566,
      "midtone_ratio": 0.8055392503738403,
      "warm_color_ratio": 0.08359900504484305,
      "cool_color_ratio": 2.4085622197309415e-05,
      "complementary_color_score": 0.0
    },
    "motion_dynamics": {
      "s_curve_count": 278,
      "motion_blur_score": 25.915380342064157,
      "dominant_direction_deg": 4.999999999999995,
      "direction_strength": 0.22554214545914741
    },
    "pattern_rhythm": {
      "repetition_score": 1.0,
      "rhythm_score": 1.0,
      "pattern_breaks": 3
    },
    "visual_mass_focus": {
      "point_of_interest": {
        "x": 0.8139013452914798,
        "y": 0.880859375,
        "strength": 1.0
      },
      "visual_mass_concentration": 0.19930852368273544,
      "mean_visual_weight": 0.09759111702442169,
      "face_count": 0,
      "has_directional_cues": 0
    },
    "framing_breathing": {
      "frame_in_frame_count": 0,
      "breathing_space": {
        "top": 0.8046875,
        "bottom": 0.06640625,
        "left": 0.7836322869955157,
        "right": 0.0,
        "min_margin": 0.0,
        "mean_margin": 0.4136815092488789
      },
      "corner_anchors": {
        "top_left": 0.15921249985694885,
        "top_right": 0.32135912775993347,
        "bottom_left": 0.0980774462223053,
        "bottom_right": 0.47161754965782166,
        "max_corner_weight": 0.47161754965782166,
        "has_corner_subject": 1
      }
    }
  }
}