{
  "meta": {
    "_dataset": "tvm board - Nov 22nd 2025 (5060 images)",
    "_label": "",
    "_relpath": "1790. .jpg",
    "_filename": "1790. .jpg",
    "_width": 564,
    "_height": 752
  },
  "features": {
    "geometric_structural": {
      "leading_lines": {
        "diagonal": 235,
        "vertical": 61,
        "horizontal": 3,
        "curved": 1040
      },
      "leading_lines_strength": 1.9604685212298683,
      "symmetry_vertical": 0.12640123388486094,
      "symmetry_horizontal": 0.12662822037102878,
      "symmetry_radial": 0.10802473192126662,
      "rule_of_thirds": {
        "alignment_score": 0,
        "num_salient_objects": 38
      },
      "golden_ratio": {
        "golden_alignment_score": 1
      },
      "balance": {
        "static_balance": 0.9381608963012695,
        "dynamic_balance": 1.0,
        "dominant_quadrant": 1
      },
      "layering": {
        "foreground_ratio": 0.313446536420205,
        "midground_ratio": 0.31709542002196195,
        "background_ratio": 0.36945804355783307,
        "depth_complexity": 1.7426990612026325
      }
    },
    "spatial_layout": {
      "negative_space_ratio": 0.5490969299048316,
      "subject_isolation": 0.10000114385065886,
      "depth_of_field": {
        "blur_gradient_strength": 941.3882890315826,
        "sharpness_variance": 2354390.714873466,
        "min_sharpness": 89.03114186851212,
        "max_sharpness": 9440.94319492503
      },
      "perspective": {
        "has_vanishing_point": 1,
        "perspective_strength": 0.9998158900074302
      }
    },
    "contrast_color": {
      "high_contrast_ratio": 0.47617073114934116,
      "low_contrast_ratio": 0.5238292688506588,
      "mean_contrast": 27.158788681030273,
      "highlight_ratio": 0.0485764779150486,
      "shadow_ratio": 0.05809617415070534,
      "midtone_ratio": 0.8933273553848267,
      "warm_color_ratio": 0.3609763909224012,
      "cool_color_ratio": 0.0018244418008784772,
      "complementary_color_score": 1.3888888888888888
    },
    "motion_dynamics": {
      "s_curve_count": 698,
      "motion_blur_score": 7.02774813944243,
      "dominant_direction_deg": 95.0,
      "direction_strength": 0.033703559663153984
    },
    "pattern_rhythm": {
      "repetition_score": 1.0,
      "rhythm_score": 1.0,
      "pattern_breaks": 9
    },
    "visual_mass_focus": {
      "point_of_interest": {
        "x": 0.46875,
        "y": 0.2225475841874085,
        "strength": 1.0
      },
      "visual_mass_concentration": 0.19996511255490484,
      "mean_visual_weight": 0.13188867270946503,
      "face_count": 0,
      "has_directional_cues": 0
    },
    "framing_breathing": {
      "frame_in_frame_count": 0,
      "breathing_space": {
        "top": 0.13177159590043924,
        "bottom": 0.6544655929721815,
        "left": 0.46875,
        "right": 0.328125,
        "min_margin": 0.13177159590043924,
        "mean_margin": 0.3957780472181552
      },
      "corner_anchors": {
        "top_left": 0.3011167645454407,
        "top_right": 0.41376036405563354,
        "bottom_left": 0.27164754271507263,
        "bottom_right": 0.42458149790763855,
        "max_corner_weight": 0.42458149790763855,
        "has_corner_subject": 1
      }
    }
  }
}