{
  "meta": {
    "_dataset": "tvm board - Nov 22nd 2025 (5060 images)",
    "_label": "",
    "_relpath": "1812. .jpg",
    "_filename": "1812. .jpg",
    "_width": 562,
    "_height": 998
  },
  "features": {
    "geometric_structural": {
      "leading_lines": {
        "diagonal": 0,
        "vertical": 0,
        "horizontal": 0,
        "curved": 123
      },
      "leading_lines_strength": 0.1353135313531353,
      "symmetry_vertical": 0.38341781347350035,
      "symmetry_horizontal": 0.4744961531195908,
      "symmetry_radial": 0.27096721707635,
      "rule_of_thirds": {
        "alignment_score": 0,
        "num_salient_objects": 18
      },
      "golden_ratio": {
        "golden_alignment_score": 0
      },
      "balance": {
        "static_balance": 0.9054850339889526,
        "dynamic_balance": 1.0,
        "dominant_quadrant": 1
      },
      "layering": {
        "foreground_ratio": 0.3227189906490649,
        "midground_ratio": 0.0,
        "background_ratio": 0.677281009350935,
        "depth_complexity": 0.049901230239202905
      }
    },
    "spatial_layout": {
      "negative_space_ratio": 0.6128880466171617,
      "subject_isolation": 0.10000042973047304,
      "depth_of_field": {
        "blur_gradient_strength": 41.800210487764,
        "sharpness_variance": 3763.7343383895654,
        "min_sharpness": 2.3917723952326035,
        "max_sharpness": 430.199699609812
      },
      "perspective": {
        "has_vanishing_point": 0,
        "perspective_strength": 0.0
      }
    },
    "contrast_color": {
      "high_contrast_ratio": 0.3996428939768977,
      "low_contrast_ratio": 0.6003571060231023,
      "mean_contrast": 16.1148624420166,
      "highlight_ratio": 0.03692244365811348,
      "shadow_ratio": 0.4666163921356201,
      "midtone_ratio": 0.4964611530303955,
      "warm_color_ratio": 0.30924908897139713,
      "cool_color_ratio": 0.005199738723872387,
      "complementary_color_score": 0.8333333333333334
    },
    "motion_dynamics": {
      "s_curve_count": 109,
      "motion_blur_score": 12.204965846870115,
      "dominant_direction_deg": 4.999999999999995,
      "direction_strength": 0.08187439837716182
    },
    "pattern_rhythm": {
      "repetition_score": 1.0,
      "rhythm_score": 1.0,
      "pattern_breaks": 6
    },
    "visual_mass_focus": {
      "point_of_interest": {
        "x": 0.658203125,
        "y": 0.09460946094609461,
        "strength": 1.0
      },
      "visual_mass_concentration": 0.1995904668591859,
      "mean_visual_weight": 0.07758495211601257,
      "face_count": 0,
      "has_directional_cues": 0
    },
    "framing_breathing": {
      "frame_in_frame_count": 0,
      "breathing_space": {
        "top": 0.10121012101210121,
        "bottom": 0.6754675467546755,
        "left": 0.73046875,
        "right": 0.0,
        "min_margin": 0.0,
        "mean_margin": 0.3767866044416942
      },
      "corner_anchors": {
        "top_left": 0.2714446187019348,
        "top_right": 0.5917516946792603,
        "bottom_left": 0.2241102010011673,
        "bottom_right": 0.17870628833770752,
        "max_corner_weight": 0.5917516946792603,
        "has_corner_subject": 1
      }
    }
  }
}