{
  "meta": {
    "_dataset": "tvm board - Nov 22nd 2025 (5060 images)",
    "_label": "",
    "_relpath": "1817. .jpg",
    "_filename": "1817. .jpg",
    "_width": 675,
    "_height": 681
  },
  "features": {
    "geometric_structural": {
      "leading_lines": {
        "diagonal": 11,
        "vertical": 3,
        "horizontal": 0,
        "curved": 509
      },
      "leading_lines_strength": 1.011605415860735,
      "symmetry_vertical": 0.29231211773301025,
      "symmetry_horizontal": 0.20735988206313422,
      "symmetry_radial": 0.23320335298284997,
      "rule_of_thirds": {
        "alignment_score": 0,
        "num_salient_objects": 12
      },
      "golden_ratio": {
        "golden_alignment_score": 0
      },
      "balance": {
        "static_balance": 0.9248578548431396,
        "dynamic_balance": 1.0,
        "dominant_quadrant": 2
      },
      "layering": {
        "foreground_ratio": 0.2825722316247582,
        "midground_ratio": 0.34189509792069633,
        "background_ratio": 0.37553267045454547,
        "depth_complexity": 0.5511282020241366
      }
    },
    "spatial_layout": {
      "negative_space_ratio": 0.5525945962282398,
      "subject_isolation": 0.10000226668278529,
      "depth_of_field": {
        "blur_gradient_strength": 445.23029512215516,
        "sharpness_variance": 485198.5111919994,
        "min_sharpness": 5.276528258362169,
        "max_sharpness": 3610.50938560436
      },
      "perspective": {
        "has_vanishing_point": 1,
        "perspective_strength": 0.9668483197093551
      }
    },
    "contrast_color": {
      "high_contrast_ratio": 0.5026709078820116,
      "low_contrast_ratio": 0.49732909211798837,
      "mean_contrast": 21.752290725708008,
      "highlight_ratio": 0.12423310428857803,
      "shadow_ratio": 0.2396601438522339,
      "midtone_ratio": 0.6361067295074463,
      "warm_color_ratio": 0.05968553554158607,
      "cool_color_ratio": 0.0870141743230174,
      "complementary_color_score": 2.2777777777777777
    },
    "motion_dynamics": {
      "s_curve_count": 317,
      "motion_blur_score": 9.575524303596657,
      "dominant_direction_deg": 95.0,
      "direction_strength": 0.03638781431320876
    },
    "pattern_rhythm": {
      "repetition_score": 1.0,
      "rhythm_score": 1.0,
      "pattern_breaks": 1
    },
    "visual_mass_focus": {
      "point_of_interest": {
        "x": 0.2109375,
        "y": 0.8007736943907157,
        "strength": 1.0
      },
      "visual_mass_concentration": 0.19986097678916828,
      "mean_visual_weight": 0.05933814123272896,
      "face_count": 0,
      "has_directional_cues": 0
    },
    "framing_breathing": {
      "frame_in_frame_count": 0,
      "breathing_space": {
        "top": 0.6247582205029013,
        "bottom": 0.0,
        "left": 0.0,
        "right": 0.541015625,
        "min_margin": 0.0,
        "mean_margin": 0.2914434613757253
      },
      "corner_anchors": {
        "top_left": 0.5007473826408386,
        "top_right": 0.6204298734664917,
        "bottom_left": 0.6903285980224609,
        "bottom_right": 0.2563759684562683,
        "max_corner_weight": 0.6903285980224609,
        "has_corner_subject": 1
      }
    }
  }
}