{
  "meta": {
    "_dataset": "tvm board - Nov 22nd 2025 (5060 images)",
    "_label": "",
    "_relpath": "1831. .jpg",
    "_filename": "1831. .jpg",
    "_width": 639,
    "_height": 1136
  },
  "features": {
    "geometric_structural": {
      "leading_lines": {
        "diagonal": 104,
        "vertical": 89,
        "horizontal": 2,
        "curved": 941
      },
      "leading_lines_strength": 1.2483516483516484,
      "symmetry_vertical": 0.15092277014648117,
      "symmetry_horizontal": 0.14112641894086966,
      "symmetry_radial": 0.08846439780440178,
      "rule_of_thirds": {
        "alignment_score": 0,
        "num_salient_objects": 42
      },
      "golden_ratio": {
        "golden_alignment_score": 0
      },
      "balance": {
        "static_balance": 0.9799683690071106,
        "dynamic_balance": 1.0,
        "dominant_quadrant": 3
      },
      "layering": {
        "foreground_ratio": 0.3026592548076923,
        "midground_ratio": 0.30193380837912087,
        "background_ratio": 0.39540693681318684,
        "depth_complexity": 0.9235801358723168
      }
    },
    "spatial_layout": {
      "negative_space_ratio": 0.6628841861263737,
      "subject_isolation": 0.1,
      "depth_of_field": {
        "blur_gradient_strength": 631.1446441880106,
        "sharpness_variance": 586348.0516419006,
        "min_sharpness": 60.08656535112556,
        "max_sharpness": 4973.018069973086
      },
      "perspective": {
        "has_vanishing_point": 1,
        "perspective_strength": 0.9997738068310337
      }
    },
    "contrast_color": {
      "high_contrast_ratio": 0.4910413804945055,
      "low_contrast_ratio": 0.5089586195054945,
      "mean_contrast": 28.37254524230957,
      "highlight_ratio": 0.06045887619256973,
      "shadow_ratio": 0.04343878850340843,
      "midtone_ratio": 0.8961023092269897,
      "warm_color_ratio": 0.3852270776098901,
      "cool_color_ratio": 0.11004893543956044,
      "complementary_color_score": 2.5
    },
    "motion_dynamics": {
      "s_curve_count": 748,
      "motion_blur_score": 7.588701173601108,
      "dominant_direction_deg": -135.0,
      "direction_strength": 0.03287044986256681
    },
    "pattern_rhythm": {
      "repetition_score": 1.0,
      "rhythm_score": 1.0,
      "pattern_breaks": 8
    },
    "visual_mass_focus": {
      "point_of_interest": {
        "x": 0.626953125,
        "y": 0.7043956043956044,
        "strength": 1.0
      },
      "visual_mass_concentration": 0.19990985576923076,
      "mean_visual_weight": 0.1045999526977539,
      "face_count": 0,
      "has_directional_cues": 0
    },
    "framing_breathing": {
      "frame_in_frame_count": 0,
      "breathing_space": {
        "top": 0.7835164835164835,
        "bottom": 0.025274725274725275,
        "left": 0.5234375,
        "right": 0.0,
        "min_margin": 0.0,
        "mean_margin": 0.3330571771978022
      },
      "corner_anchors": {
        "top_left": 0.4410863518714905,
        "top_right": 0.3201799690723419,
        "bottom_left": 0.34808528423309326,
        "bottom_right": 0.3033517599105835,
        "max_corner_weight": 0.4410863518714905,
        "has_corner_subject": 1
      }
    }
  }
}