{
  "meta": {
    "_dataset": "tvm board - Nov 22nd 2025 (5060 images)",
    "_label": "",
    "_relpath": "1838. Tulle in.jpg",
    "_filename": "1838. Tulle in.jpg",
    "_width": 1024,
    "_height": 1024
  },
  "features": {
    "geometric_structural": {
      "leading_lines": {
        "diagonal": 2,
        "vertical": 0,
        "horizontal": 1,
        "curved": 266
      },
      "leading_lines_strength": 0.525390625,
      "symmetry_vertical": 0.34658263253121707,
      "symmetry_horizontal": 0.34765683778113726,
      "symmetry_radial": 0.3290187070754239,
      "rule_of_thirds": {
        "alignment_score": 1,
        "num_salient_objects": 17
      },
      "golden_ratio": {
        "golden_alignment_score": 2
      },
      "balance": {
        "static_balance": 0.9675750732421875,
        "dynamic_balance": 1.0,
        "dominant_quadrant": 2
      },
      "layering": {
        "foreground_ratio": 0.300262451171875,
        "midground_ratio": 0.3247718811035156,
        "background_ratio": 0.3749656677246094,
        "depth_complexity": 0.46712544999452077
      }
    },
    "spatial_layout": {
      "negative_space_ratio": 0.4851875305175781,
      "subject_isolation": 0.10000228881835938,
      "depth_of_field": {
        "blur_gradient_strength": 396.2835611903393,
        "sharpness_variance": 226725.10144471267,
        "min_sharpness": 6.470203619966354,
        "max_sharpness": 2388.1496552726226
      },
      "perspective": {
        "has_vanishing_point": 1,
        "perspective_strength": 0.99
      }
    },
    "contrast_color": {
      "high_contrast_ratio": 0.4282035827636719,
      "low_contrast_ratio": 0.5717964172363281,
      "mean_contrast": 22.414091110229492,
      "highlight_ratio": 0.12161636352539062,
      "shadow_ratio": 0.12060165405273438,
      "midtone_ratio": 0.757781982421875,
      "warm_color_ratio": 0.07035064697265625,
      "cool_color_ratio": 0.002719879150390625,
      "complementary_color_score": 0.0
    },
    "motion_dynamics": {
      "s_curve_count": 224,
      "motion_blur_score": 11.603879770246548,
      "dominant_direction_deg": 4.999999999999995,
      "direction_strength": 0.043296813964678584
    },
    "pattern_rhythm": {
      "repetition_score": 1.0,
      "rhythm_score": 1.0,
      "pattern_breaks": 6
    },
    "visual_mass_focus": {
      "point_of_interest": {
        "x": 0.544921875,
        "y": 0.537109375,
        "strength": 1.0
      },
      "visual_mass_concentration": 0.19994735717773438,
      "mean_visual_weight": 0.09666784107685089,
      "face_count": 0,
      "has_directional_cues": 0
    },
    "framing_breathing": {
      "frame_in_frame_count": 0,
      "breathing_space": {
        "top": 0.185546875,
        "bottom": 0.3984375,
        "left": 0.509765625,
        "right": 0.19140625,
        "min_margin": 0.185546875,
        "mean_margin": 0.3212890625
      },
      "corner_anchors": {
        "top_left": 0.6204243898391724,
        "top_right": 0.20849920809268951,
        "bottom_left": 0.5049415826797485,
        "bottom_right": 0.6148579716682434,
        "max_corner_weight": 0.6204243898391724,
        "has_corner_subject": 1
      }
    }
  }
}