{
  "meta": {
    "_dataset": "tvm board - Nov 22nd 2025 (5060 images)",
    "_label": "",
    "_relpath": "1858. .jpg",
    "_filename": "1858. .jpg",
    "_width": 599,
    "_height": 606
  },
  "features": {
    "geometric_structural": {
      "leading_lines": {
        "diagonal": 0,
        "vertical": 0,
        "horizontal": 5,
        "curved": 159
      },
      "leading_lines_strength": 0.3166023166023166,
      "symmetry_vertical": 0.41967236142126,
      "symmetry_horizontal": 0.29867201692102807,
      "symmetry_radial": 0.3067705617427689,
      "rule_of_thirds": {
        "alignment_score": 2,
        "num_salient_objects": 65
      },
      "golden_ratio": {
        "golden_alignment_score": 4
      },
      "balance": {
        "static_balance": 0.9699589014053345,
        "dynamic_balance": 1.0,
        "dominant_quadrant": 2
      },
      "layering": {
        "foreground_ratio": 0.30802440275096526,
        "midground_ratio": 0.2505354126447876,
        "background_ratio": 0.4414401846042471,
        "depth_complexity": 0.13413151920416294
      }
    },
    "spatial_layout": {
      "negative_space_ratio": 0.4706767314189189,
      "subject_isolation": 0.1000015082046332,
      "depth_of_field": {
        "blur_gradient_strength": 102.4372329705551,
        "sharpness_variance": 31293.231559118816,
        "min_sharpness": 4.272051636011997,
        "max_sharpness": 881.7158785082659
      },
      "perspective": {
        "has_vanishing_point": 1,
        "perspective_strength": 0.9649122807017544
      }
    },
    "contrast_color": {
      "high_contrast_ratio": 0.4926625844594595,
      "low_contrast_ratio": 0.5073374155405406,
      "mean_contrast": 17.591623306274414,
      "highlight_ratio": 0.2756960391998291,
      "shadow_ratio": 0.015048111788928509,
      "midtone_ratio": 0.7092558741569519,
      "warm_color_ratio": 0.8466796875,
      "cool_color_ratio": 0.0,
      "complementary_color_score": 0.0
    },
    "motion_dynamics": {
      "s_curve_count": 245,
      "motion_blur_score": 16.79286994238026,
      "dominant_direction_deg": 95.0,
      "direction_strength": 0.06608575651519484
    },
    "pattern_rhythm": {
      "repetition_score": 1.0,
      "rhythm_score": 1.0,
      "pattern_breaks": 16
    },
    "visual_mass_focus": {
      "point_of_interest": {
        "x": 0.4453125,
        "y": 0.4826254826254826,
        "strength": 1.0
      },
      "visual_mass_concentration": 0.19982203185328185,
      "mean_visual_weight": 0.17573055624961853,
      "face_count": 0,
      "has_directional_cues": 0
    },
    "framing_breathing": {
      "frame_in_frame_count": 0,
      "breathing_space": {
        "top": 0.0,
        "bottom": 0.6583011583011583,
        "left": 0.0,
        "right": 0.0,
        "min_margin": 0.0,
        "mean_margin": 0.16457528957528958
      },
      "corner_anchors": {
        "top_left": 0.5301892161369324,
        "top_right": 0.6627204418182373,
        "bottom_left": 0.674966037273407,
        "bottom_right": 0.4635767936706543,
        "max_corner_weight": 0.674966037273407,
        "has_corner_subject": 1
      }
    }
  }
}