{
  "meta": {
    "_dataset": "tvm board - Nov 22nd 2025 (5060 images)",
    "_label": "",
    "_relpath": "1853. .jpg",
    "_filename": "1853. .jpg",
    "_width": 2048,
    "_height": 1536
  },
  "features": {
    "geometric_structural": {
      "leading_lines": {
        "diagonal": 0,
        "vertical": 0,
        "horizontal": 0,
        "curved": 14
      },
      "leading_lines_strength": 0.020497803806734993,
      "symmetry_vertical": 0.7628767761645383,
      "symmetry_horizontal": 0.7375963678705305,
      "symmetry_radial": 0.6108324668817448,
      "rule_of_thirds": {
        "alignment_score": 1,
        "num_salient_objects": 3
      },
      "golden_ratio": {
        "golden_alignment_score": 2
      },
      "balance": {
        "static_balance": 0.9885389804840088,
        "dynamic_balance": 1.0,
        "dominant_quadrant": 3
      },
      "layering": {
        "foreground_ratio": 0.2801862188872621,
        "midground_ratio": 0.0,
        "background_ratio": 0.719813781112738,
        "depth_complexity": 0.016391159605531842
      }
    },
    "spatial_layout": {
      "negative_space_ratio": 0.5235547446925329,
      "subject_isolation": 0.10000114385065886,
      "depth_of_field": {
        "blur_gradient_strength": 9.887447726284512,
        "sharpness_variance": 370.40487195902733,
        "min_sharpness": 4.102640852799495,
        "max_sharpness": 139.15202815112218
      },
      "perspective": {
        "has_vanishing_point": 0,
        "perspective_strength": 0.0
      }
    },
    "contrast_color": {
      "high_contrast_ratio": 0.39099961109077597,
      "low_contrast_ratio": 0.609000388909224,
      "mean_contrast": 6.760578632354736,
      "highlight_ratio": 0.07529111206531525,
      "shadow_ratio": 0.0,
      "midtone_ratio": 0.924708902835846,
      "warm_color_ratio": 0.0005233116764275256,
      "cool_color_ratio": 0.28608848828696926,
      "complementary_color_score": 1.7222222222222223
    },
    "motion_dynamics": {
      "s_curve_count": 16,
      "motion_blur_score": 40.27351552285878,
      "dominant_direction_deg": -85.0,
      "direction_strength": 0.06735564604665951
    },
    "pattern_rhythm": {
      "repetition_score": 1.0,
      "rhythm_score": 1.0,
      "pattern_breaks": 2
    },
    "visual_mass_focus": {
      "point_of_interest": {
        "x": 0.5226939970717424,
        "y": 0.5703125,
        "strength": 1.0
      },
      "visual_mass_concentration": 0.19989648151537334,
      "mean_visual_weight": 0.11242502927780151,
      "face_count": 0,
      "has_directional_cues": 0
    },
    "framing_breathing": {
      "frame_in_frame_count": 0,
      "breathing_space": {
        "top": 0.40625,
        "bottom": 0.482421875,
        "left": 0.6749633967789166,
        "right": 0.29282576866764276,
        "min_margin": 0.29282576866764276,
        "mean_margin": 0.46411526011163984
      },
      "corner_anchors": {
        "top_left": 0.33840930461883545,
        "top_right": 0.29379335045814514,
        "bottom_left": 0.1994503289461136,
        "bottom_right": 0.25079575181007385,
        "max_corner_weight": 0.33840930461883545,
        "has_corner_subject": 1
      }
    }
  }
}