{
  "meta": {
    "_dataset": "tvm board - Nov 22nd 2025 (5060 images)",
    "_label": "",
    "_relpath": "1868. .jpg",
    "_filename": "1868. .jpg",
    "_width": 500,
    "_height": 750
  },
  "features": {
    "geometric_structural": {
      "leading_lines": {
        "diagonal": 0,
        "vertical": 0,
        "horizontal": 0,
        "curved": 153
      },
      "leading_lines_strength": 0.19921875,
      "symmetry_vertical": 0.6761821751890762,
      "symmetry_horizontal": 0.6683435670782771,
      "symmetry_radial": 0.4591384616710139,
      "rule_of_thirds": {
        "alignment_score": 0,
        "num_salient_objects": 4
      },
      "golden_ratio": {
        "golden_alignment_score": 0
      },
      "balance": {
        "static_balance": 0.9238268136978149,
        "dynamic_balance": 1.0,
        "dominant_quadrant": 1
      },
      "layering": {
        "foreground_ratio": 0.29480743408203125,
        "midground_ratio": 0.24797566731770834,
        "background_ratio": 0.45721689860026044,
        "depth_complexity": 0.05964839336694505
      }
    },
    "spatial_layout": {
      "negative_space_ratio": 0.40232594807942706,
      "subject_isolation": 0.10000101725260417,
      "depth_of_field": {
        "blur_gradient_strength": 54.40946689959313,
        "sharpness_variance": 7697.2474232167115,
        "min_sharpness": 0.0,
        "max_sharpness": 431.6494147032734
      },
      "perspective": {
        "has_vanishing_point": 1,
        "perspective_strength": 0.8666666666666667
      }
    },
    "contrast_color": {
      "high_contrast_ratio": 0.5041427612304688,
      "low_contrast_ratio": 0.49585723876953125,
      "mean_contrast": 10.250937461853027,
      "highlight_ratio": 0.0018183389911428094,
      "shadow_ratio": 0.0046259560622274876,
      "midtone_ratio": 0.9935556650161743,
      "warm_color_ratio": 0.8060150146484375,
      "cool_color_ratio": 0.0,
      "complementary_color_score": 0.0
    },
    "motion_dynamics": {
      "s_curve_count": 114,
      "motion_blur_score": 19.191988918125766,
      "dominant_direction_deg": 4.999999999999995,
      "direction_strength": 0.19717152913361313
    },
    "pattern_rhythm": {
      "repetition_score": 1.0,
      "rhythm_score": 1.0,
      "pattern_breaks": 0
    },
    "visual_mass_focus": {
      "point_of_interest": {
        "x": 0.380859375,
        "y": 0.5377604166666666,
        "strength": 1.0
      },
      "visual_mass_concentration": 0.19661712646484375,
      "mean_visual_weight": 0.15513555705547333,
      "face_count": 0,
      "has_directional_cues": 0
    },
    "framing_breathing": {
      "frame_in_frame_count": 0,
      "breathing_space": {
        "top": 0.14713541666666666,
        "bottom": 0.8411458333333334,
        "left": 0.03125,
        "right": 0.939453125,
        "min_margin": 0.03125,
        "mean_margin": 0.48974609375
      },
      "corner_anchors": {
        "top_left": 0.1688561737537384,
        "top_right": 0.13520053029060364,
        "bottom_left": 0.19805292785167694,
        "bottom_right": 0.0987887755036354,
        "max_corner_weight": 0.19805292785167694,
        "has_corner_subject": 0
      }
    }
  }
}