{
  "meta": {
    "_dataset": "tvm board - Nov 22nd 2025 (5060 images)",
    "_label": "",
    "_relpath": "1876. .jpg",
    "_filename": "1876. .jpg",
    "_width": 1080,
    "_height": 2400
  },
  "features": {
    "geometric_structural": {
      "leading_lines": {
        "diagonal": 7,
        "vertical": 2,
        "horizontal": 3,
        "curved": 438
      },
      "leading_lines_strength": 0.3954305799648506,
      "symmetry_vertical": 0.5820514755220111,
      "symmetry_horizontal": 0.4400134144549279,
      "symmetry_radial": 0.30904043084795263,
      "rule_of_thirds": {
        "alignment_score": 0,
        "num_salient_objects": 15
      },
      "golden_ratio": {
        "golden_alignment_score": 1
      },
      "balance": {
        "static_balance": 0.7827033996582031,
        "dynamic_balance": 1.0,
        "dominant_quadrant": 2
      },
      "layering": {
        "foreground_ratio": 0.2576134116871705,
        "midground_ratio": 0.2819965811731107,
        "background_ratio": 0.4603900071397188,
        "depth_complexity": 0.6047202558244132
      }
    },
    "spatial_layout": {
      "negative_space_ratio": 0.5376191097319859,
      "subject_isolation": 0.10000068651142355,
      "depth_of_field": {
        "blur_gradient_strength": 377.30786286262247,
        "sharpness_variance": 669757.7979161685,
        "min_sharpness": 28.092011456865805,
        "max_sharpness": 5769.0712092663625
      },
      "perspective": {
        "has_vanishing_point": 1,
        "perspective_strength": 0.9920391916717698
      }
    },
    "contrast_color": {
      "high_contrast_ratio": 0.39301062719683655,
      "low_contrast_ratio": 0.6069893728031635,
      "mean_contrast": 12.540701866149902,
      "highlight_ratio": 0.006494398228824139,
      "shadow_ratio": 0.11201807111501694,
      "midtone_ratio": 0.8814875483512878,
      "warm_color_ratio": 0.8092630986379613,
      "cool_color_ratio": 0.0026842596660808437,
      "complementary_color_score": 2.5555555555555554
    },
    "motion_dynamics": {
      "s_curve_count": 298,
      "motion_blur_score": 9.824581163529112,
      "dominant_direction_deg": 95.0,
      "direction_strength": 0.039613425417330955
    },
    "pattern_rhythm": {
      "repetition_score": 1.0,
      "rhythm_score": 1.0,
      "pattern_breaks": 1
    },
    "visual_mass_focus": {
      "point_of_interest": {
        "x": 0.4921875,
        "y": 0.7021089630931459,
        "strength": 1.0
      },
      "visual_mass_concentration": 0.1993714987917399,
      "mean_visual_weight": 0.13024163246154785,
      "face_count": 0,
      "has_directional_cues": 0
    },
    "framing_breathing": {
      "frame_in_frame_count": 0,
      "breathing_space": {
        "top": 0.6458699472759226,
        "bottom": 0.3189806678383128,
        "left": 0.48828125,
        "right": 0.404296875,
        "min_margin": 0.3189806678383128,
        "mean_margin": 0.4643571850285588
      },
      "corner_anchors": {
        "top_left": 0.10144343227148056,
        "top_right": 0.15993736684322357,
        "bottom_left": 0.24532072246074677,
        "bottom_right": 0.30661484599113464,
        "max_corner_weight": 0.30661484599113464,
        "has_corner_subject": 1
      }
    }
  }
}