{
  "meta": {
    "_dataset": "tvm board - Nov 22nd 2025 (5060 images)",
    "_label": "",
    "_relpath": "1905. \ud80c\udff2\u08ea \u05b4\u05b6\u05b8.jpg",
    "_filename": "1905. \ud80c\udff2\u08ea \u05b4\u05b6\u05b8.jpg",
    "_width": 735,
    "_height": 909
  },
  "features": {
    "geometric_structural": {
      "leading_lines": {
        "diagonal": 44,
        "vertical": 94,
        "horizontal": 2,
        "curved": 986
      },
      "leading_lines_strength": 1.778830963665087,
      "symmetry_vertical": 0.12669120129801076,
      "symmetry_horizontal": 0.10803517237784051,
      "symmetry_radial": 0.08456636588988835,
      "rule_of_thirds": {
        "alignment_score": 0,
        "num_salient_objects": 25
      },
      "golden_ratio": {
        "golden_alignment_score": 0
      },
      "balance": {
        "static_balance": 0.9472220540046692,
        "dynamic_balance": 1.0,
        "dominant_quadrant": 3
      },
      "layering": {
        "foreground_ratio": 0.32776091034755134,
        "midground_ratio": 0.32126900671406006,
        "background_ratio": 0.3509700829383886,
        "depth_complexity": 5.998959493632605
      }
    },
    "spatial_layout": {
      "negative_space_ratio": 0.4440474427330174,
      "subject_isolation": 0.10000123420221169,
      "depth_of_field": {
        "blur_gradient_strength": 3237.758040063846,
        "sharpness_variance": 22910727.24701125,
        "min_sharpness": 118.70699569754098,
        "max_sharpness": 21765.769425328235
      },
      "perspective": {
        "has_vanishing_point": 1,
        "perspective_strength": 0.9995637833812108
      }
    },
    "contrast_color": {
      "high_contrast_ratio": 0.483541913507109,
      "low_contrast_ratio": 0.5164580864928909,
      "mean_contrast": 33.24338912963867,
      "highlight_ratio": 0.0433235839009285,
      "shadow_ratio": 0.10341997444629669,
      "midtone_ratio": 0.8532564640045166,
      "warm_color_ratio": 0.9371143118088467,
      "cool_color_ratio": 0.020364336492890996,
      "complementary_color_score": 1.0
    },
    "motion_dynamics": {
      "s_curve_count": 640,
      "motion_blur_score": 5.009731264134229,
      "dominant_direction_deg": 4.999999999999995,
      "direction_strength": 0.061302823854471195
    },
    "pattern_rhythm": {
      "repetition_score": 1.0,
      "rhythm_score": 1.0,
      "pattern_breaks": 3
    },
    "visual_mass_focus": {
      "point_of_interest": {
        "x": 0.513671875,
        "y": 0.8704581358609794,
        "strength": 1.0
      },
      "visual_mass_concentration": 0.19979573953396523,
      "mean_visual_weight": 0.24197378754615784,
      "face_count": 0,
      "has_directional_cues": 0
    },
    "framing_breathing": {
      "frame_in_frame_count": 0,
      "breathing_space": {
        "top": 0.9399684044233807,
        "bottom": 0.0,
        "left": 0.4140625,
        "right": 0.466796875,
        "min_margin": 0.0,
        "mean_margin": 0.4552069448558452
      },
      "corner_anchors": {
        "top_left": 0.26256176829338074,
        "top_right": 0.1787748634815216,
        "bottom_left": 0.1528172791004181,
        "bottom_right": 0.23723655939102173,
        "max_corner_weight": 0.26256176829338074,
        "has_corner_subject": 0
      }
    }
  }
}