{
  "meta": {
    "_dataset": "tvm board - Nov 22nd 2025 (5060 images)",
    "_label": "",
    "_relpath": "1917. .jpg",
    "_filename": "1917. .jpg",
    "_width": 1280,
    "_height": 1280
  },
  "features": {
    "geometric_structural": {
      "leading_lines": {
        "diagonal": 18,
        "vertical": 0,
        "horizontal": 9,
        "curved": 638
      },
      "leading_lines_strength": 1.298828125,
      "symmetry_vertical": 0.24598929210119638,
      "symmetry_horizontal": 0.24920041972890405,
      "symmetry_radial": 0.23716444239223589,
      "rule_of_thirds": {
        "alignment_score": 1,
        "num_salient_objects": 16
      },
      "golden_ratio": {
        "golden_alignment_score": 4
      },
      "balance": {
        "static_balance": 0.9480507969856262,
        "dynamic_balance": 1.0,
        "dominant_quadrant": 2
      },
      "layering": {
        "foreground_ratio": 0.3253974914550781,
        "midground_ratio": 0.28508758544921875,
        "background_ratio": 0.3895149230957031,
        "depth_complexity": 1.6058494307250804
      }
    },
    "spatial_layout": {
      "negative_space_ratio": 0.7109298706054688,
      "subject_isolation": 0.10000228881835938,
      "depth_of_field": {
        "blur_gradient_strength": 1039.9134945100648,
        "sharpness_variance": 1642507.3783748774,
        "min_sharpness": 15.921184159938486,
        "max_sharpness": 4577.991177202273
      },
      "perspective": {
        "has_vanishing_point": 1,
        "perspective_strength": 0.9974959308876925
      }
    },
    "contrast_color": {
      "high_contrast_ratio": 0.4274253845214844,
      "low_contrast_ratio": 0.5725746154785156,
      "mean_contrast": 24.389326095581055,
      "highlight_ratio": 0.034275054931640625,
      "shadow_ratio": 0.4725074768066406,
      "midtone_ratio": 0.49321746826171875,
      "warm_color_ratio": 0.8177261352539062,
      "cool_color_ratio": 0.00920867919921875,
      "complementary_color_score": 2.1666666666666665
    },
    "motion_dynamics": {
      "s_curve_count": 423,
      "motion_blur_score": 6.597632445218534,
      "dominant_direction_deg": -85.0,
      "direction_strength": 0.03713989257798332
    },
    "pattern_rhythm": {
      "repetition_score": 1.0,
      "rhythm_score": 1.0,
      "pattern_breaks": 5
    },
    "visual_mass_focus": {
      "point_of_interest": {
        "x": 0.3203125,
        "y": 0.443359375,
        "strength": 1.0
      },
      "visual_mass_concentration": 0.20000076293945312,
      "mean_visual_weight": 0.17005303502082825,
      "face_count": 0,
      "has_directional_cues": 0
    },
    "framing_breathing": {
      "frame_in_frame_count": 0,
      "breathing_space": {
        "top": 0.248046875,
        "bottom": 0.291015625,
        "left": 0.220703125,
        "right": 0.35546875,
        "min_margin": 0.220703125,
        "mean_margin": 0.27880859375
      },
      "corner_anchors": {
        "top_left": 0.15805388987064362,
        "top_right": 0.32109060883522034,
        "bottom_left": 0.37744078040122986,
        "bottom_right": 0.3207559287548065,
        "max_corner_weight": 0.37744078040122986,
        "has_corner_subject": 1
      }
    }
  }
}