{
  "meta": {
    "_dataset": "tvm board - Nov 22nd 2025 (5060 images)",
    "_label": "",
    "_relpath": "1944. .jpg",
    "_filename": "1944. .jpg",
    "_width": 640,
    "_height": 956
  },
  "features": {
    "geometric_structural": {
      "leading_lines": {
        "diagonal": 1,
        "vertical": 17,
        "horizontal": 0,
        "curved": 387
      },
      "leading_lines_strength": 0.5294117647058824,
      "symmetry_vertical": 0.537302276692144,
      "symmetry_horizontal": 0.5084284633845618,
      "symmetry_radial": 0.35782796959557023,
      "rule_of_thirds": {
        "alignment_score": 0,
        "num_salient_objects": 5
      },
      "golden_ratio": {
        "golden_alignment_score": 0
      },
      "balance": {
        "static_balance": 0.8505791425704956,
        "dynamic_balance": 1.0,
        "dominant_quadrant": 1
      },
      "layering": {
        "foreground_ratio": 0.31673815359477125,
        "midground_ratio": 0.1396190767973856,
        "background_ratio": 0.5436427696078432,
        "depth_complexity": 0.1910564108028214
      }
    },
    "spatial_layout": {
      "negative_space_ratio": 0.8009523080065359,
      "subject_isolation": 0.1,
      "depth_of_field": {
        "blur_gradient_strength": 156.29263690370982,
        "sharpness_variance": 101309.76124585571,
        "min_sharpness": 1.502775749013222,
        "max_sharpness": 1787.7519863785274
      },
      "perspective": {
        "has_vanishing_point": 1,
        "perspective_strength": 0.917864476386037
      }
    },
    "contrast_color": {
      "high_contrast_ratio": 0.3453125,
      "low_contrast_ratio": 0.6546875,
      "mean_contrast": 10.456820487976074,
      "highlight_ratio": 0.001062091556377709,
      "shadow_ratio": 0.58735191822052,
      "midtone_ratio": 0.4115859866142273,
      "warm_color_ratio": 0.05481515522875817,
      "cool_color_ratio": 0.0005310457516339869,
      "complementary_color_score": 1.8888888888888888
    },
    "motion_dynamics": {
      "s_curve_count": 271,
      "motion_blur_score": 8.298308350831162,
      "dominant_direction_deg": 4.999999999999995,
      "direction_strength": 0.07103247549001472
    },
    "pattern_rhythm": {
      "repetition_score": 1.0,
      "rhythm_score": 1.0,
      "pattern_breaks": 0
    },
    "visual_mass_focus": {
      "point_of_interest": {
        "x": 0.7265625,
        "y": 0.026143790849673203,
        "strength": 1.0
      },
      "visual_mass_concentration": 0.19826899509803922,
      "mean_visual_weight": 0.031025195494294167,
      "face_count": 0,
      "has_directional_cues": 0
    },
    "framing_breathing": {
      "frame_in_frame_count": 0,
      "breathing_space": {
        "top": 0.00392156862745098,
        "bottom": 0.9686274509803922,
        "left": 0.66796875,
        "right": 0.298828125,
        "min_margin": 0.00392156862745098,
        "mean_margin": 0.4848364736519608
      },
      "corner_anchors": {
        "top_left": 0.07410986721515656,
        "top_right": 0.12675562500953674,
        "bottom_left": 0.10788792371749878,
        "bottom_right": 0.11518201977014542,
        "max_corner_weight": 0.12675562500953674,
        "has_corner_subject": 0
      }
    }
  }
}