{
  "meta": {
    "_dataset": "tvm board - Nov 22nd 2025 (5060 images)",
    "_label": "",
    "_relpath": "1941. ; \u06f6.png",
    "_filename": "1941. ; \u06f6.png",
    "_width": 600,
    "_height": 600
  },
  "features": {
    "geometric_structural": {
      "leading_lines": {
        "diagonal": 0,
        "vertical": 0,
        "horizontal": 0,
        "curved": 77
      },
      "leading_lines_strength": 0.150390625,
      "symmetry_vertical": 0.5522148876958325,
      "symmetry_horizontal": 0.5732322292629405,
      "symmetry_radial": 0.5075530050726432,
      "rule_of_thirds": {
        "alignment_score": 1,
        "num_salient_objects": 24
      },
      "golden_ratio": {
        "golden_alignment_score": 1
      },
      "balance": {
        "static_balance": 0.8639975190162659,
        "dynamic_balance": 1.0,
        "dominant_quadrant": 3
      },
      "layering": {
        "foreground_ratio": 0.19464492797851562,
        "midground_ratio": 0.1576995849609375,
        "background_ratio": 0.6476554870605469,
        "depth_complexity": 0.01834520889444684
      }
    },
    "spatial_layout": {
      "negative_space_ratio": 0.6593170166015625,
      "subject_isolation": 0.10000228881835938,
      "depth_of_field": {
        "blur_gradient_strength": 12.726470555716196,
        "sharpness_variance": 353.8661298248199,
        "min_sharpness": 2.9510212630785104,
        "max_sharpness": 94.30411380238367
      },
      "perspective": {
        "has_vanishing_point": 0,
        "perspective_strength": 0.0
      }
    },
    "contrast_color": {
      "high_contrast_ratio": 0.477813720703125,
      "low_contrast_ratio": 0.522186279296875,
      "mean_contrast": 14.065997123718262,
      "highlight_ratio": 0.051029205322265625,
      "shadow_ratio": 0.07506561279296875,
      "midtone_ratio": 0.8739051818847656,
      "warm_color_ratio": 0.00016021728515625,
      "cool_color_ratio": 0.00209808349609375,
      "complementary_color_score": 0.0
    },
    "motion_dynamics": {
      "s_curve_count": 52,
      "motion_blur_score": 18.33780809949288,
      "dominant_direction_deg": 4.999999999999995,
      "direction_strength": 0.053920745849403685
    },
    "pattern_rhythm": {
      "repetition_score": 1.0,
      "rhythm_score": 1.0,
      "pattern_breaks": 4
    },
    "visual_mass_focus": {
      "point_of_interest": {
        "x": 0.53515625,
        "y": 0.765625,
        "strength": 1.0
      },
      "visual_mass_concentration": 0.1999359130859375,
      "mean_visual_weight": 0.15459825098514557,
      "face_count": 0,
      "has_directional_cues": 0
    },
    "framing_breathing": {
      "frame_in_frame_count": 0,
      "breathing_space": {
        "top": 0.779296875,
        "bottom": 0.0,
        "left": 0.529296875,
        "right": 0.107421875,
        "min_margin": 0.0,
        "mean_margin": 0.35400390625
      },
      "corner_anchors": {
        "top_left": 0.16013763844966888,
        "top_right": 0.28270140290260315,
        "bottom_left": 0.36306142807006836,
        "bottom_right": 0.30654269456863403,
        "max_corner_weight": 0.36306142807006836,
        "has_corner_subject": 1
      }
    }
  }
}