{
  "meta": {
    "_dataset": "tvm board - Nov 22nd 2025 (5060 images)",
    "_label": "",
    "_relpath": "1956. .jpg",
    "_filename": "1956. .jpg",
    "_width": 750,
    "_height": 562
  },
  "features": {
    "geometric_structural": {
      "leading_lines": {
        "diagonal": 0,
        "vertical": 0,
        "horizontal": 0,
        "curved": 56
      },
      "leading_lines_strength": 0.08199121522693997,
      "symmetry_vertical": 0.6288814164346057,
      "symmetry_horizontal": 0.6197842400743964,
      "symmetry_radial": 0.5031612801820442,
      "rule_of_thirds": {
        "alignment_score": 0,
        "num_salient_objects": 19
      },
      "golden_ratio": {
        "golden_alignment_score": 2
      },
      "balance": {
        "static_balance": 0.9781996011734009,
        "dynamic_balance": 1.0,
        "dominant_quadrant": 0
      },
      "layering": {
        "foreground_ratio": 0.19495790629575402,
        "midground_ratio": 0.1758384425329429,
        "background_ratio": 0.6292036511713031,
        "depth_complexity": 0.020730107892717703
      }
    },
    "spatial_layout": {
      "negative_space_ratio": 0.7191560669838946,
      "subject_isolation": 0.10000114385065886,
      "depth_of_field": {
        "blur_gradient_strength": 9.878448749214002,
        "sharpness_variance": 212.74964831561383,
        "min_sharpness": 1.588235294117647,
        "max_sharpness": 87.82554786620531
      },
      "perspective": {
        "has_vanishing_point": 0,
        "perspective_strength": 0.0
      }
    },
    "contrast_color": {
      "high_contrast_ratio": 0.4254180774158126,
      "low_contrast_ratio": 0.5745819225841874,
      "mean_contrast": 11.099608421325684,
      "highlight_ratio": 0.00026880489895120263,
      "shadow_ratio": 0.0,
      "midtone_ratio": 0.999731183052063,
      "warm_color_ratio": 0.008175672584187409,
      "cool_color_ratio": 0.0,
      "complementary_color_score": 0.0
    },
    "motion_dynamics": {
      "s_curve_count": 55,
      "motion_blur_score": 23.255076320980738,
      "dominant_direction_deg": 4.999999999999995,
      "direction_strength": 0.05460457082707665
    },
    "pattern_rhythm": {
      "repetition_score": 1.0,
      "rhythm_score": 1.0,
      "pattern_breaks": 6
    },
    "visual_mass_focus": {
      "point_of_interest": {
        "x": 0.33821376281112736,
        "y": 0.40234375,
        "strength": 1.0
      },
      "visual_mass_concentration": 0.19997941068814057,
      "mean_visual_weight": 0.07633858919143677,
      "face_count": 0,
      "has_directional_cues": 0
    },
    "framing_breathing": {
      "frame_in_frame_count": 0,
      "breathing_space": {
        "top": 0.0,
        "bottom": 0.693359375,
        "left": 0.0,
        "right": 0.7276720351390923,
        "min_margin": 0.0,
        "mean_margin": 0.35525785253477304
      },
      "corner_anchors": {
        "top_left": 0.6609129309654236,
        "top_right": 0.12056746333837509,
        "bottom_left": 0.16163726150989532,
        "bottom_right": 0.3803148567676544,
        "max_corner_weight": 0.6609129309654236,
        "has_corner_subject": 1
      }
    }
  }
}