{
  "meta": {
    "_dataset": "tvm board - Nov 22nd 2025 (5060 images)",
    "_label": "",
    "_relpath": "1959. .jpg",
    "_filename": "1959. .jpg",
    "_width": 640,
    "_height": 799
  },
  "features": {
    "geometric_structural": {
      "leading_lines": {
        "diagonal": 74,
        "vertical": 11,
        "horizontal": 0,
        "curved": 894
      },
      "leading_lines_strength": 1.5320813771517996,
      "symmetry_vertical": 0.1543466273858502,
      "symmetry_horizontal": 0.14829166728067156,
      "symmetry_radial": 0.12188175942013202,
      "rule_of_thirds": {
        "alignment_score": 0,
        "num_salient_objects": 3
      },
      "golden_ratio": {
        "golden_alignment_score": 0
      },
      "balance": {
        "static_balance": 0.9544683694839478,
        "dynamic_balance": 1.0,
        "dominant_quadrant": 1
      },
      "layering": {
        "foreground_ratio": 0.2977430555555556,
        "midground_ratio": 0.3666250978090767,
        "background_ratio": 0.33563184663536777,
        "depth_complexity": 0.385303737860413
      }
    },
    "spatial_layout": {
      "negative_space_ratio": 0.5874474276212832,
      "subject_isolation": 0.10000061130672927,
      "depth_of_field": {
        "blur_gradient_strength": 220.72194969991895,
        "sharpness_variance": 86248.67367063423,
        "min_sharpness": 0.8231449442522106,
        "max_sharpness": 1313.9890486624124
      },
      "perspective": {
        "has_vanishing_point": 1,
        "perspective_strength": 0.9988686502998076
      }
    },
    "contrast_color": {
      "high_contrast_ratio": 0.442240683685446,
      "low_contrast_ratio": 0.557759316314554,
      "mean_contrast": 26.09136962890625,
      "highlight_ratio": 0.010459458455443382,
      "shadow_ratio": 0.3637305498123169,
      "midtone_ratio": 0.6258099675178528,
      "warm_color_ratio": 0.5226091793818466,
      "cool_color_ratio": 0.008793647300469484,
      "complementary_color_score": 2.888888888888889
    },
    "motion_dynamics": {
      "s_curve_count": 643,
      "motion_blur_score": 5.831754047408982,
      "dominant_direction_deg": 4.999999999999995,
      "direction_strength": 0.03853371967906845
    },
    "pattern_rhythm": {
      "repetition_score": 1.0,
      "rhythm_score": 1.0,
      "pattern_breaks": 1
    },
    "visual_mass_focus": {
      "point_of_interest": {
        "x": 0.962890625,
        "y": 0.04225352112676056,
        "strength": 1.0
      },
      "visual_mass_concentration": 0.1994479900234742,
      "mean_visual_weight": 0.1324024647474289,
      "face_count": 0,
      "has_directional_cues": 0
    },
    "framing_breathing": {
      "frame_in_frame_count": 0,
      "breathing_space": {
        "top": 0.0,
        "bottom": 0.8544600938967136,
        "left": 0.9296875,
        "right": 0.0,
        "min_margin": 0.0,
        "mean_margin": 0.4460368984741784
      },
      "corner_anchors": {
        "top_left": 0.09604879468679428,
        "top_right": 0.344234824180603,
        "bottom_left": 0.1607729196548462,
        "bottom_right": 0.28838422894477844,
        "max_corner_weight": 0.344234824180603,
        "has_corner_subject": 1
      }
    }
  }
}