{
  "meta": {
    "_dataset": "tvm board - Nov 22nd 2025 (5060 images)",
    "_label": "",
    "_relpath": "1986. .jpg",
    "_filename": "1986. .jpg",
    "_width": 827,
    "_height": 799
  },
  "features": {
    "geometric_structural": {
      "leading_lines": {
        "diagonal": 13,
        "vertical": 1,
        "horizontal": 2,
        "curved": 228
      },
      "leading_lines_strength": 0.46037735849056605,
      "symmetry_vertical": 0.47945340699588046,
      "symmetry_horizontal": 0.4027764434611379,
      "symmetry_radial": 0.39510162809436417,
      "rule_of_thirds": {
        "alignment_score": 0,
        "num_salient_objects": 28
      },
      "golden_ratio": {
        "golden_alignment_score": 2
      },
      "balance": {
        "static_balance": 0.8853570222854614,
        "dynamic_balance": 1.0,
        "dominant_quadrant": 3
      },
      "layering": {
        "foreground_ratio": 0.3379016804245283,
        "midground_ratio": 0.2914688974056604,
        "background_ratio": 0.3706294221698113,
        "depth_complexity": 0.2925327877160654
      }
    },
    "spatial_layout": {
      "negative_space_ratio": 0.43254716981132074,
      "subject_isolation": 0.1,
      "depth_of_field": {
        "blur_gradient_strength": 194.04199743168346,
        "sharpness_variance": 87504.20869672828,
        "min_sharpness": 22.060956362937333,
        "max_sharpness": 1188.287017636283
      },
      "perspective": {
        "has_vanishing_point": 1,
        "perspective_strength": 0.9966569160050146
      }
    },
    "contrast_color": {
      "high_contrast_ratio": 0.4696676002358491,
      "low_contrast_ratio": 0.5303323997641509,
      "mean_contrast": 13.579720497131348,
      "highlight_ratio": 0.0,
      "shadow_ratio": 0.10610628128051758,
      "midtone_ratio": 0.8938937187194824,
      "warm_color_ratio": 0.9237028301886793,
      "cool_color_ratio": 0.03716465212264151,
      "complementary_color_score": 1.2777777777777777
    },
    "motion_dynamics": {
      "s_curve_count": 204,
      "motion_blur_score": 12.397376218710406,
      "dominant_direction_deg": 175.0,
      "direction_strength": 0.03537735849043567
    },
    "pattern_rhythm": {
      "repetition_score": 1.0,
      "rhythm_score": 1.0,
      "pattern_breaks": 7
    },
    "visual_mass_focus": {
      "point_of_interest": {
        "x": 0.6358490566037736,
        "y": 0.875,
        "strength": 1.0
      },
      "visual_mass_concentration": 0.19997420400943397,
      "mean_visual_weight": 0.22880375385284424,
      "face_count": 0,
      "has_directional_cues": 0
    },
    "framing_breathing": {
      "frame_in_frame_count": 0,
      "breathing_space": {
        "top": 0.740234375,
        "bottom": 0.0,
        "left": 0.49433962264150944,
        "right": 0.045283018867924525,
        "min_margin": 0.0,
        "mean_margin": 0.3199642541273585
      },
      "corner_anchors": {
        "top_left": 0.2759074568748474,
        "top_right": 0.26910483837127686,
        "bottom_left": 0.5235928297042847,
        "bottom_right": 0.5453545451164246,
        "max_corner_weight": 0.5453545451164246,
        "has_corner_subject": 1
      }
    }
  }
}