{
  "meta": {
    "_dataset": "tvm board - Nov 22nd 2025 (5060 images)",
    "_label": "",
    "_relpath": "1983. .jpg",
    "_filename": "1983. .jpg",
    "_width": 1080,
    "_height": 1350
  },
  "features": {
    "geometric_structural": {
      "leading_lines": {
        "diagonal": 2,
        "vertical": 0,
        "horizontal": 0,
        "curved": 20
      },
      "leading_lines_strength": 0.034375,
      "symmetry_vertical": 0.632607669706401,
      "symmetry_horizontal": 0.5862493056404792,
      "symmetry_radial": 0.5494707091463211,
      "rule_of_thirds": {
        "alignment_score": 0,
        "num_salient_objects": 5
      },
      "golden_ratio": {
        "golden_alignment_score": 0
      },
      "balance": {
        "static_balance": 0.9232170581817627,
        "dynamic_balance": 1.0,
        "dominant_quadrant": 0
      },
      "layering": {
        "foreground_ratio": 0.2394073486328125,
        "midground_ratio": 0.2243316650390625,
        "background_ratio": 0.536260986328125,
        "depth_complexity": 0.12595527686119076
      }
    },
    "spatial_layout": {
      "negative_space_ratio": 0.5879302978515625,
      "subject_isolation": 0.1,
      "depth_of_field": {
        "blur_gradient_strength": 336.9719610235108,
        "sharpness_variance": 768444.4082788002,
        "min_sharpness": 0.0784313725490196,
        "max_sharpness": 9998.35294117647
      },
      "perspective": {
        "has_vanishing_point": 1,
        "perspective_strength": 0.9120879120879121
      }
    },
    "contrast_color": {
      "high_contrast_ratio": 0.379449462890625,
      "low_contrast_ratio": 0.620550537109375,
      "mean_contrast": 11.910202980041504,
      "highlight_ratio": 0.01581420935690403,
      "shadow_ratio": 0.27816468477249146,
      "midtone_ratio": 0.7060211300849915,
      "warm_color_ratio": 0.2690643310546875,
      "cool_color_ratio": 0.57115478515625,
      "complementary_color_score": 1.3333333333333333
    },
    "motion_dynamics": {
      "s_curve_count": 63,
      "motion_blur_score": 11.924828653806374,
      "dominant_direction_deg": 4.999999999999995,
      "direction_strength": 0.35266113281142375
    },
    "pattern_rhythm": {
      "repetition_score": 1.0,
      "rhythm_score": 1.0,
      "pattern_breaks": 3
    },
    "visual_mass_focus": {
      "point_of_interest": {
        "x": 0.810546875,
        "y": 0.0484375,
        "strength": 1.0
      },
      "visual_mass_concentration": 0.199786376953125,
      "mean_visual_weight": 0.12098093330860138,
      "face_count": 0,
      "has_directional_cues": 0
    },
    "framing_breathing": {
      "frame_in_frame_count": 0,
      "breathing_space": {
        "top": 0.0,
        "bottom": 0.840625,
        "left": 0.873046875,
        "right": 0.0,
        "min_margin": 0.0,
        "mean_margin": 0.42841796875
      },
      "corner_anchors": {
        "top_left": 0.2690092623233795,
        "top_right": 0.4048119783401489,
        "bottom_left": 0.30451828241348267,
        "bottom_right": 0.1741003692150116,
        "max_corner_weight": 0.4048119783401489,
        "has_corner_subject": 1
      }
    }
  }
}