{
  "meta": {
    "_dataset": "tvm board - Nov 22nd 2025 (5060 images)",
    "_label": "",
    "_relpath": "1989. .jpg",
    "_filename": "1989. .jpg",
    "_width": 474,
    "_height": 814
  },
  "features": {
    "geometric_structural": {
      "leading_lines": {
        "diagonal": 21,
        "vertical": 5,
        "horizontal": 32,
        "curved": 415
      },
      "leading_lines_strength": 0.5381114903299203,
      "symmetry_vertical": 0.4355984947555665,
      "symmetry_horizontal": 0.2821860524658269,
      "symmetry_radial": 0.23629719683347158,
      "rule_of_thirds": {
        "alignment_score": 0,
        "num_salient_objects": 57
      },
      "golden_ratio": {
        "golden_alignment_score": 0
      },
      "balance": {
        "static_balance": 0.9818682670593262,
        "dynamic_balance": 1.0,
        "dominant_quadrant": 2
      },
      "layering": {
        "foreground_ratio": 0.3112601322525597,
        "midground_ratio": 0.224047212741752,
        "background_ratio": 0.4646926550056883,
        "depth_complexity": 0.2415581235251002
      }
    },
    "spatial_layout": {
      "negative_space_ratio": 0.4704764825085324,
      "subject_isolation": 0.10000044439704209,
      "depth_of_field": {
        "blur_gradient_strength": 156.44374101555883,
        "sharpness_variance": 122960.84024944078,
        "min_sharpness": 17.52595155709343,
        "max_sharpness": 1831.7597078046902
      },
      "perspective": {
        "has_vanishing_point": 1,
        "perspective_strength": 0.9977313671848935
      }
    },
    "contrast_color": {
      "high_contrast_ratio": 0.4550981228668942,
      "low_contrast_ratio": 0.5449018771331058,
      "mean_contrast": 15.394407272338867,
      "highlight_ratio": 0.11046154797077179,
      "shadow_ratio": 0.020717790350317955,
      "midtone_ratio": 0.8688206672668457,
      "warm_color_ratio": 0.562933287116041,
      "cool_color_ratio": 0.0,
      "complementary_color_score": 0.16666666666666666
    },
    "motion_dynamics": {
      "s_curve_count": 362,
      "motion_blur_score": 15.057317427793311,
      "dominant_direction_deg": -85.0,
      "direction_strength": 0.04405974473824112
    },
    "pattern_rhythm": {
      "repetition_score": 1.0,
      "rhythm_score": 1.0,
      "pattern_breaks": 5
    },
    "visual_mass_focus": {
      "point_of_interest": {
        "x": 0.396484375,
        "y": 0.8395904436860068,
        "strength": 1.0
      },
      "visual_mass_concentration": 0.19999422283845278,
      "mean_visual_weight": 0.19568216800689697,
      "face_count": 0,
      "has_directional_cues": 0
    },
    "framing_breathing": {
      "frame_in_frame_count": 0,
      "breathing_space": {
        "top": 0.18657565415244595,
        "bottom": 0.6120591581342435,
        "left": 0.0,
        "right": 0.123046875,
        "min_margin": 0.0,
        "mean_margin": 0.23042042182167236
      },
      "corner_anchors": {
        "top_left": 0.45835405588150024,
        "top_right": 0.4709682762622833,
        "bottom_left": 0.5135705471038818,
        "bottom_right": 0.4955841898918152,
        "max_corner_weight": 0.5135705471038818,
        "has_corner_subject": 1
      }
    }
  }
}