{
  "meta": {
    "_dataset": "tvm board - Nov 22nd 2025 (5060 images)",
    "_label": "",
    "_relpath": "2002. .jpg",
    "_filename": "2002. .jpg",
    "_width": 500,
    "_height": 750
  },
  "features": {
    "geometric_structural": {
      "leading_lines": {
        "diagonal": 0,
        "vertical": 0,
        "horizontal": 0,
        "curved": 6
      },
      "leading_lines_strength": 0.0078125,
      "symmetry_vertical": 0.9505130608035143,
      "symmetry_horizontal": 0.7661551445613007,
      "symmetry_radial": 0.6420865131675821,
      "rule_of_thirds": {
        "alignment_score": 0,
        "num_salient_objects": 5
      },
      "golden_ratio": {
        "golden_alignment_score": 0
      },
      "balance": {
        "static_balance": 0.9941715598106384,
        "dynamic_balance": 1.0,
        "dominant_quadrant": 0
      },
      "layering": {
        "foreground_ratio": 0.22029876708984375,
        "midground_ratio": 0.0,
        "background_ratio": 0.7797012329101562,
        "depth_complexity": 0.014090110635223228
      }
    },
    "spatial_layout": {
      "negative_space_ratio": 0.5313008626302084,
      "subject_isolation": 0.10000101725260417,
      "depth_of_field": {
        "blur_gradient_strength": 15.81098601540072,
        "sharpness_variance": 2286.3435174115666,
        "min_sharpness": 0.2595154231189879,
        "max_sharpness": 322.26788147166656
      },
      "perspective": {
        "has_vanishing_point": 0,
        "perspective_strength": 0.0
      }
    },
    "contrast_color": {
      "high_contrast_ratio": 0.3053131103515625,
      "low_contrast_ratio": 0.6946868896484375,
      "mean_contrast": 5.741644382476807,
      "highlight_ratio": 0.27176666259765625,
      "shadow_ratio": 0.0031636555213481188,
      "midtone_ratio": 0.7250697016716003,
      "warm_color_ratio": 0.59454345703125,
      "cool_color_ratio": 0.0,
      "complementary_color_score": 0.0
    },
    "motion_dynamics": {
      "s_curve_count": 9,
      "motion_blur_score": 37.819951689087056,
      "dominant_direction_deg": 4.999999999999995,
      "direction_strength": 0.3359985351553955
    },
    "pattern_rhythm": {
      "repetition_score": 1.0,
      "rhythm_score": 1.0,
      "pattern_breaks": 2
    },
    "visual_mass_focus": {
      "point_of_interest": {
        "x": 0.509765625,
        "y": 0.7721354166666666,
        "strength": 1.0
      },
      "visual_mass_concentration": 0.1977996826171875,
      "mean_visual_weight": 0.21258693933486938,
      "face_count": 0,
      "has_directional_cues": 0
    },
    "framing_breathing": {
      "frame_in_frame_count": 0,
      "breathing_space": {
        "top": 0.9114583333333334,
        "bottom": 0.0,
        "left": 0.0,
        "right": 0.0,
        "min_margin": 0.0,
        "mean_margin": 0.22786458333333334
      },
      "corner_anchors": {
        "top_left": 0.4559572637081146,
        "top_right": 0.45616263151168823,
        "bottom_left": 0.5740975141525269,
        "bottom_right": 0.55950927734375,
        "max_corner_weight": 0.5740975141525269,
        "has_corner_subject": 1
      }
    }
  }
}