{
  "meta": {
    "_dataset": "tvm board - Nov 22nd 2025 (5060 images)",
    "_label": "",
    "_relpath": "2019. .jpg",
    "_filename": "2019. .jpg",
    "_width": 736,
    "_height": 920
  },
  "features": {
    "geometric_structural": {
      "leading_lines": {
        "diagonal": 2,
        "vertical": 2,
        "horizontal": 0,
        "curved": 279
      },
      "leading_lines_strength": 0.4421875,
      "symmetry_vertical": 0.4741211161510648,
      "symmetry_horizontal": 0.37639966503844824,
      "symmetry_radial": 0.3474658135726525,
      "rule_of_thirds": {
        "alignment_score": 0,
        "num_salient_objects": 5
      },
      "golden_ratio": {
        "golden_alignment_score": 1
      },
      "balance": {
        "static_balance": 0.9062654972076416,
        "dynamic_balance": 1.0,
        "dominant_quadrant": 0
      },
      "layering": {
        "foreground_ratio": 0.330535888671875,
        "midground_ratio": 0.11881103515625,
        "background_ratio": 0.550653076171875,
        "depth_complexity": 0.5620306057780982
      }
    },
    "spatial_layout": {
      "negative_space_ratio": 0.7430908203125,
      "subject_isolation": 0.1,
      "depth_of_field": {
        "blur_gradient_strength": 578.5789170001395,
        "sharpness_variance": 1615412.8974666868,
        "min_sharpness": 0.41521545331764714,
        "max_sharpness": 6138.7054978854285
      },
      "perspective": {
        "has_vanishing_point": 1,
        "perspective_strength": 0.9481481481481482
      }
    },
    "contrast_color": {
      "high_contrast_ratio": 0.2949371337890625,
      "low_contrast_ratio": 0.7050628662109375,
      "mean_contrast": 15.71716594696045,
      "highlight_ratio": 0.21228942275047302,
      "shadow_ratio": 0.21631164848804474,
      "midtone_ratio": 0.571398913860321,
      "warm_color_ratio": 0.73427734375,
      "cool_color_ratio": 0.000262451171875,
      "complementary_color_score": 0.0
    },
    "motion_dynamics": {
      "s_curve_count": 192,
      "motion_blur_score": 10.153024973195215,
      "dominant_direction_deg": 4.999999999999995,
      "direction_strength": 0.13219299316365907
    },
    "pattern_rhythm": {
      "repetition_score": 1.0,
      "rhythm_score": 1.0,
      "pattern_breaks": 3
    },
    "visual_mass_focus": {
      "point_of_interest": {
        "x": 0.513671875,
        "y": 0.2671875,
        "strength": 1.0
      },
      "visual_mass_concentration": 0.19990234375,
      "mean_visual_weight": 0.23811884224414825,
      "face_count": 0,
      "has_directional_cues": 0
    },
    "framing_breathing": {
      "frame_in_frame_count": 0,
      "breathing_space": {
        "top": 0.0,
        "bottom": 0.6140625,
        "left": 0.0,
        "right": 0.056640625,
        "min_margin": 0.0,
        "mean_margin": 0.16767578125
      },
      "corner_anchors": {
        "top_left": 0.7382258772850037,
        "top_right": 0.3859921097755432,
        "bottom_left": 0.4335089921951294,
        "bottom_right": 0.5182713270187378,
        "max_corner_weight": 0.7382258772850037,
        "has_corner_subject": 1
      }
    }
  }
}