{
  "meta": {
    "_dataset": "tvm board - Nov 22nd 2025 (5060 images)",
    "_label": "",
    "_relpath": "2013. .jpg",
    "_filename": "2013. .jpg",
    "_width": 1001,
    "_height": 1200
  },
  "features": {
    "geometric_structural": {
      "leading_lines": {
        "diagonal": 2,
        "vertical": 0,
        "horizontal": 14,
        "curved": 236
      },
      "leading_lines_strength": 0.41042345276872966,
      "symmetry_vertical": 0.47763540356044515,
      "symmetry_horizontal": 0.38176799425491126,
      "symmetry_radial": 0.357288222533636,
      "rule_of_thirds": {
        "alignment_score": 0,
        "num_salient_objects": 10
      },
      "golden_ratio": {
        "golden_alignment_score": 0
      },
      "balance": {
        "static_balance": 0.8409270644187927,
        "dynamic_balance": 1.0,
        "dominant_quadrant": 3
      },
      "layering": {
        "foreground_ratio": 0.29528450732899025,
        "midground_ratio": 0.24452552422638438,
        "background_ratio": 0.4601899684446254,
        "depth_complexity": 0.2367847285519559
      }
    },
    "spatial_layout": {
      "negative_space_ratio": 0.25311736563517917,
      "subject_isolation": 0.10000063619706841,
      "depth_of_field": {
        "blur_gradient_strength": 119.28007114523575,
        "sharpness_variance": 44041.59294247858,
        "min_sharpness": 90.9701911295762,
        "max_sharpness": 1225.4648212226066
      },
      "perspective": {
        "has_vanishing_point": 1,
        "perspective_strength": 0.9916349809885932
      }
    },
    "contrast_color": {
      "high_contrast_ratio": 0.3586910881514658,
      "low_contrast_ratio": 0.6413089118485342,
      "mean_contrast": 14.410609245300293,
      "highlight_ratio": 0.6509314179420471,
      "shadow_ratio": 0.0,
      "midtone_ratio": 0.3490685820579529,
      "warm_color_ratio": 0.9644429458469055,
      "cool_color_ratio": 0.0,
      "complementary_color_score": 0.0
    },
    "motion_dynamics": {
      "s_curve_count": 191,
      "motion_blur_score": 21.498960478245323,
      "dominant_direction_deg": -85.0,
      "direction_strength": 0.038474017711604
    },
    "pattern_rhythm": {
      "repetition_score": 1.0,
      "rhythm_score": 1.0,
      "pattern_breaks": 4
    },
    "visual_mass_focus": {
      "point_of_interest": {
        "x": 0.611328125,
        "y": 0.7980456026058632,
        "strength": 1.0
      },
      "visual_mass_concentration": 0.1999662815553746,
      "mean_visual_weight": 0.32743921875953674,
      "face_count": 0,
      "has_directional_cues": 0
    },
    "framing_breathing": {
      "frame_in_frame_count": 0,
      "breathing_space": {
        "top": 0.6384364820846905,
        "bottom": 0.07654723127035831,
        "left": 0.404296875,
        "right": 0.0,
        "min_margin": 0.0,
        "mean_margin": 0.27982014708876224
      },
      "corner_anchors": {
        "top_left": 0.18104742467403412,
        "top_right": 0.12152794003486633,
        "bottom_left": 0.49005821347236633,
        "bottom_right": 0.5244213342666626,
        "max_corner_weight": 0.5244213342666626,
        "has_corner_subject": 1
      }
    }
  }
}