{
  "meta": {
    "_dataset": "tvm board - Nov 22nd 2025 (5060 images)",
    "_label": "",
    "_relpath": "2035. .jpg",
    "_filename": "2035. .jpg",
    "_width": 1600,
    "_height": 2400
  },
  "features": {
    "geometric_structural": {
      "leading_lines": {
        "diagonal": 3,
        "vertical": 9,
        "horizontal": 7,
        "curved": 518
      },
      "leading_lines_strength": 0.69921875,
      "symmetry_vertical": 0.32667928787193223,
      "symmetry_horizontal": 0.37525573903128145,
      "symmetry_radial": 0.2655261579205602,
      "rule_of_thirds": {
        "alignment_score": 0,
        "num_salient_objects": 20
      },
      "golden_ratio": {
        "golden_alignment_score": 0
      },
      "balance": {
        "static_balance": 0.9110230207443237,
        "dynamic_balance": 1.0,
        "dominant_quadrant": 0
      },
      "layering": {
        "foreground_ratio": 0.3288421630859375,
        "midground_ratio": 0.2078679402669271,
        "background_ratio": 0.46328989664713544,
        "depth_complexity": 0.5005284952851362
      }
    },
    "spatial_layout": {
      "negative_space_ratio": 0.5514602661132812,
      "subject_isolation": 0.10000101725260417,
      "depth_of_field": {
        "blur_gradient_strength": 469.01426402628454,
        "sharpness_variance": 515029.19144387357,
        "min_sharpness": 0.4240663359447857,
        "max_sharpness": 3613.970091649901
      },
      "perspective": {
        "has_vanishing_point": 1,
        "perspective_strength": 0.9971234309623431
      }
    },
    "contrast_color": {
      "high_contrast_ratio": 0.3992156982421875,
      "low_contrast_ratio": 0.6007843017578125,
      "mean_contrast": 18.7393856048584,
      "highlight_ratio": 0.11046091467142105,
      "shadow_ratio": 0.0388031005859375,
      "midtone_ratio": 0.8507359623908997,
      "warm_color_ratio": 0.88348388671875,
      "cool_color_ratio": 0.0,
      "complementary_color_score": 0.0
    },
    "motion_dynamics": {
      "s_curve_count": 348,
      "motion_blur_score": 10.966813336975015,
      "dominant_direction_deg": 4.999999999999995,
      "direction_strength": 0.08091990152974213
    },
    "pattern_rhythm": {
      "repetition_score": 1.0,
      "rhythm_score": 1.0,
      "pattern_breaks": 7
    },
    "visual_mass_focus": {
      "point_of_interest": {
        "x": 0.29296875,
        "y": 0.10677083333333333,
        "strength": 1.0
      },
      "visual_mass_concentration": 0.1999664306640625,
      "mean_visual_weight": 0.31255823373794556,
      "face_count": 0,
      "has_directional_cues": 0
    },
    "framing_breathing": {
      "frame_in_frame_count": 0,
      "breathing_space": {
        "top": 0.0,
        "bottom": 0.796875,
        "left": 0.0,
        "right": 0.41015625,
        "min_margin": 0.0,
        "mean_margin": 0.3017578125
      },
      "corner_anchors": {
        "top_left": 0.7717627286911011,
        "top_right": 0.3453895151615143,
        "bottom_left": 0.22199130058288574,
        "bottom_right": 0.2923573851585388,
        "max_corner_weight": 0.7717627286911011,
        "has_corner_subject": 1
      }
    }
  }
}