{
  "meta": {
    "_dataset": "tvm board - Nov 22nd 2025 (5060 images)",
    "_label": "",
    "_relpath": "2041. .jpg",
    "_filename": "2041. .jpg",
    "_width": 750,
    "_height": 926
  },
  "features": {
    "geometric_structural": {
      "leading_lines": {
        "diagonal": 0,
        "vertical": 0,
        "horizontal": 4,
        "curved": 40
      },
      "leading_lines_strength": 0.06962025316455696,
      "symmetry_vertical": 0.5944984950477171,
      "symmetry_horizontal": 0.5518670604686245,
      "symmetry_radial": 0.47432941753379715,
      "rule_of_thirds": {
        "alignment_score": 0,
        "num_salient_objects": 10
      },
      "golden_ratio": {
        "golden_alignment_score": 0
      },
      "balance": {
        "static_balance": 0.923579216003418,
        "dynamic_balance": 1.0,
        "dominant_quadrant": 3
      },
      "layering": {
        "foreground_ratio": 0.24741334553006328,
        "midground_ratio": 0.13112514833860758,
        "background_ratio": 0.6214615061313291,
        "depth_complexity": 0.05999971853931294
      }
    },
    "spatial_layout": {
      "negative_space_ratio": 0.5429842019382911,
      "subject_isolation": 0.10000185423259493,
      "depth_of_field": {
        "blur_gradient_strength": 45.072803907031904,
        "sharpness_variance": 6745.781789738293,
        "min_sharpness": 1.6632064590542097,
        "max_sharpness": 344.1230591670521
      },
      "perspective": {
        "has_vanishing_point": 1,
        "perspective_strength": 0.75
      }
    },
    "contrast_color": {
      "high_contrast_ratio": 0.5108132664161392,
      "low_contrast_ratio": 0.4891867335838608,
      "mean_contrast": 13.99743366241455,
      "highlight_ratio": 0.012670589610934258,
      "shadow_ratio": 4.0175040339818224e-05,
      "midtone_ratio": 0.9872892498970032,
      "warm_color_ratio": 0.9610951097705697,
      "cool_color_ratio": 0.0,
      "complementary_color_score": 0.0
    },
    "motion_dynamics": {
      "s_curve_count": 60,
      "motion_blur_score": 24.78252577230646,
      "dominant_direction_deg": 95.0,
      "direction_strength": 0.08573971518960845
    },
    "pattern_rhythm": {
      "repetition_score": 1.0,
      "rhythm_score": 1.0,
      "pattern_breaks": 4
    },
    "visual_mass_focus": {
      "point_of_interest": {
        "x": 0.48828125,
        "y": 0.43354430379746833,
        "strength": 1.0
      },
      "visual_mass_concentration": 0.19980592365506328,
      "mean_visual_weight": 0.33026546239852905,
      "face_count": 0,
      "has_directional_cues": 0
    },
    "framing_breathing": {
      "frame_in_frame_count": 0,
      "breathing_space": {
        "top": 0.5759493670886076,
        "bottom": 0.35917721518987344,
        "left": 0.43359375,
        "right": 0.0,
        "min_margin": 0.0,
        "mean_margin": 0.3421800830696202
      },
      "corner_anchors": {
        "top_left": 0.4295342266559601,
        "top_right": 0.3024459779262543,
        "bottom_left": 0.22356660664081573,
        "bottom_right": 0.47815385460853577,
        "max_corner_weight": 0.47815385460853577,
        "has_corner_subject": 1
      }
    }
  }
}