{
  "meta": {
    "_dataset": "tvm board - Nov 22nd 2025 (5060 images)",
    "_label": "",
    "_relpath": "2047. \ud835\udcf9\ud835\udcf2\ud835\udcf7\ud835\udcfd\ud835\udcee\ud835\udcfb\ud835\udcee\ud835\udcfc\ud835\udcfd \u2194.jpg",
    "_filename": "2047. \ud835\udcf9\ud835\udcf2\ud835\udcf7\ud835\udcfd\ud835\udcee\ud835\udcfb\ud835\udcee\ud835\udcfc\ud835\udcfd \u2194.jpg",
    "_width": 640,
    "_height": 642
  },
  "features": {
    "geometric_structural": {
      "leading_lines": {
        "diagonal": 0,
        "vertical": 0,
        "horizontal": 0,
        "curved": 24
      },
      "leading_lines_strength": 0.04669260700389105,
      "symmetry_vertical": 0.651253902744068,
      "symmetry_horizontal": 0.5947501579017581,
      "symmetry_radial": 0.6159987759188262,
      "rule_of_thirds": {
        "alignment_score": 0,
        "num_salient_objects": 22
      },
      "golden_ratio": {
        "golden_alignment_score": 1
      },
      "balance": {
        "static_balance": 0.7132886648178101,
        "dynamic_balance": 1.0,
        "dominant_quadrant": 1
      },
      "layering": {
        "foreground_ratio": 0.22121610530155641,
        "midground_ratio": 0.3895306420233463,
        "background_ratio": 0.38925325267509725,
        "depth_complexity": 0.023704682657172824
      }
    },
    "spatial_layout": {
      "negative_space_ratio": 0.2915058061770428,
      "subject_isolation": 0.10000075997081712,
      "depth_of_field": {
        "blur_gradient_strength": 19.495445449910793,
        "sharpness_variance": 1172.1691978372264,
        "min_sharpness": 0.0,
        "max_sharpness": 199.52215906075813
      },
      "perspective": {
        "has_vanishing_point": 0,
        "perspective_strength": 0.0
      }
    },
    "contrast_color": {
      "high_contrast_ratio": 0.34591971668287935,
      "low_contrast_ratio": 0.6540802833171206,
      "mean_contrast": 15.078742980957031,
      "highlight_ratio": 0.19054748117923737,
      "shadow_ratio": 0.0,
      "midtone_ratio": 0.8094525337219238,
      "warm_color_ratio": 0.27317151021400776,
      "cool_color_ratio": 0.2110590953307393,
      "complementary_color_score": 0.05555555555555555
    },
    "motion_dynamics": {
      "s_curve_count": 22,
      "motion_blur_score": 22.87424698427791,
      "dominant_direction_deg": 4.999999999999995,
      "direction_strength": 0.11965740515518734
    },
    "pattern_rhythm": {
      "repetition_score": 1.0,
      "rhythm_score": 1.0,
      "pattern_breaks": 6
    },
    "visual_mass_focus": {
      "point_of_interest": {
        "x": 0.7578125,
        "y": 0.2607003891050584,
        "strength": 1.0
      },
      "visual_mass_concentration": 0.19980392752918288,
      "mean_visual_weight": 0.18595054745674133,
      "face_count": 0,
      "has_directional_cues": 0
    },
    "framing_breathing": {
      "frame_in_frame_count": 0,
      "breathing_space": {
        "top": 0.0,
        "bottom": 0.4980544747081712,
        "left": 0.5390625,
        "right": 0.0,
        "min_margin": 0.0,
        "mean_margin": 0.2592792436770428
      },
      "corner_anchors": {
        "top_left": 0.41034218668937683,
        "top_right": 0.7076058983802795,
        "bottom_left": 0.1399306058883667,
        "bottom_right": 0.16889868676662445,
        "max_corner_weight": 0.7076058983802795,
        "has_corner_subject": 1
      }
    }
  }
}