{
  "meta": {
    "_dataset": "tvm board - Nov 22nd 2025 (5060 images)",
    "_label": "",
    "_relpath": "2056. .jpg",
    "_filename": "2056. .jpg",
    "_width": 1200,
    "_height": 1200
  },
  "features": {
    "geometric_structural": {
      "leading_lines": {
        "diagonal": 3,
        "vertical": 0,
        "horizontal": 2,
        "curved": 359
      },
      "leading_lines_strength": 0.7109375,
      "symmetry_vertical": 0.2674546701482069,
      "symmetry_horizontal": 0.277758017310694,
      "symmetry_radial": 0.2619487857418074,
      "rule_of_thirds": {
        "alignment_score": 0,
        "num_salient_objects": 22
      },
      "golden_ratio": {
        "golden_alignment_score": 0
      },
      "balance": {
        "static_balance": 0.8361810445785522,
        "dynamic_balance": 1.0,
        "dominant_quadrant": 0
      },
      "layering": {
        "foreground_ratio": 0.3169898986816406,
        "midground_ratio": 0.3399162292480469,
        "background_ratio": 0.3430938720703125,
        "depth_complexity": 0.16383327344512508
      }
    },
    "spatial_layout": {
      "negative_space_ratio": 0.5060997009277344,
      "subject_isolation": 0.10000228881835938,
      "depth_of_field": {
        "blur_gradient_strength": 140.96266768428737,
        "sharpness_variance": 33591.07527851384,
        "min_sharpness": 18.164263744713573,
        "max_sharpness": 1379.7550941945406
      },
      "perspective": {
        "has_vanishing_point": 1,
        "perspective_strength": 0.9104938271604939
      }
    },
    "contrast_color": {
      "high_contrast_ratio": 0.5206146240234375,
      "low_contrast_ratio": 0.4793853759765625,
      "mean_contrast": 19.613143920898438,
      "highlight_ratio": 0.06329345703125,
      "shadow_ratio": 0.08016204833984375,
      "midtone_ratio": 0.8565444946289062,
      "warm_color_ratio": 0.002666473388671875,
      "cool_color_ratio": 0.09226226806640625,
      "complementary_color_score": 2.7777777777777777
    },
    "motion_dynamics": {
      "s_curve_count": 308,
      "motion_blur_score": 11.564202736674257,
      "dominant_direction_deg": -85.0,
      "direction_strength": 0.040077209472503365
    },
    "pattern_rhythm": {
      "repetition_score": 1.0,
      "rhythm_score": 1.0,
      "pattern_breaks": 3
    },
    "visual_mass_focus": {
      "point_of_interest": {
        "x": 0.154296875,
        "y": 0.126953125,
        "strength": 1.0
      },
      "visual_mass_concentration": 0.1991119384765625,
      "mean_visual_weight": 0.0581519715487957,
      "face_count": 0,
      "has_directional_cues": 0
    },
    "framing_breathing": {
      "frame_in_frame_count": 0,
      "breathing_space": {
        "top": 0.0,
        "bottom": 0.490234375,
        "left": 0.0,
        "right": 0.689453125,
        "min_margin": 0.0,
        "mean_margin": 0.294921875
      },
      "corner_anchors": {
        "top_left": 0.8410387635231018,
        "top_right": 0.28154653310775757,
        "bottom_left": 0.1666044145822525,
        "bottom_right": 0.1717158406972885,
        "max_corner_weight": 0.8410387635231018,
        "has_corner_subject": 1
      }
    }
  }
}