{
  "meta": {
    "_dataset": "tvm board - Nov 22nd 2025 (5060 images)",
    "_label": "",
    "_relpath": "2053. .jpg",
    "_filename": "2053. .jpg",
    "_width": 1151,
    "_height": 1151
  },
  "features": {
    "geometric_structural": {
      "leading_lines": {
        "diagonal": 0,
        "vertical": 0,
        "horizontal": 0,
        "curved": 123
      },
      "leading_lines_strength": 0.240234375,
      "symmetry_vertical": 0.4304978833595051,
      "symmetry_horizontal": 0.40858832012947427,
      "symmetry_radial": 0.41771329165933047,
      "rule_of_thirds": {
        "alignment_score": 0,
        "num_salient_objects": 86
      },
      "golden_ratio": {
        "golden_alignment_score": 2
      },
      "balance": {
        "static_balance": 0.9336193799972534,
        "dynamic_balance": 1.0,
        "dominant_quadrant": 0
      },
      "layering": {
        "foreground_ratio": 0.31116485595703125,
        "midground_ratio": 0.15946197509765625,
        "background_ratio": 0.5293731689453125,
        "depth_complexity": 0.07374424326313601
      }
    },
    "spatial_layout": {
      "negative_space_ratio": 0.547943115234375,
      "subject_isolation": 0.10000228881835938,
      "depth_of_field": {
        "blur_gradient_strength": 78.81929925419136,
        "sharpness_variance": 8678.238358721508,
        "min_sharpness": 7.293733179546327,
        "max_sharpness": 556.6744521337948
      },
      "perspective": {
        "has_vanishing_point": 1,
        "perspective_strength": 0.6666666666666666
      }
    },
    "contrast_color": {
      "high_contrast_ratio": 0.4079704284667969,
      "low_contrast_ratio": 0.5920295715332031,
      "mean_contrast": 20.10538673400879,
      "highlight_ratio": 0.13901901245117188,
      "shadow_ratio": 0.0,
      "midtone_ratio": 0.8609809875488281,
      "warm_color_ratio": 0.0,
      "cool_color_ratio": 0.8642959594726562,
      "complementary_color_score": 0.0
    },
    "motion_dynamics": {
      "s_curve_count": 119,
      "motion_blur_score": 18.91576755053959,
      "dominant_direction_deg": 95.0,
      "direction_strength": 0.09046173095668616
    },
    "pattern_rhythm": {
      "repetition_score": 1.0,
      "rhythm_score": 1.0,
      "pattern_breaks": 14
    },
    "visual_mass_focus": {
      "point_of_interest": {
        "x": 0.2890625,
        "y": 0.33203125,
        "strength": 1.0
      },
      "visual_mass_concentration": 0.19955062866210938,
      "mean_visual_weight": 0.26360711455345154,
      "face_count": 0,
      "has_directional_cues": 0
    },
    "framing_breathing": {
      "frame_in_frame_count": 0,
      "breathing_space": {
        "top": 0.24609375,
        "bottom": 0.609375,
        "left": 0.037109375,
        "right": 0.751953125,
        "min_margin": 0.037109375,
        "mean_margin": 0.4111328125
      },
      "corner_anchors": {
        "top_left": 0.3817909359931946,
        "top_right": 0.22279007732868195,
        "bottom_left": 0.2398325353860855,
        "bottom_right": 0.17540787160396576,
        "max_corner_weight": 0.3817909359931946,
        "has_corner_subject": 1
      }
    }
  }
}