{
  "meta": {
    "_dataset": "tvm board - Nov 22nd 2025 (5060 images)",
    "_label": "",
    "_relpath": "2079. Sparkling Wave.jpg",
    "_filename": "2079. Sparkling Wave.jpg",
    "_width": 700,
    "_height": 1050
  },
  "features": {
    "geometric_structural": {
      "leading_lines": {
        "diagonal": 0,
        "vertical": 0,
        "horizontal": 1,
        "curved": 246
      },
      "leading_lines_strength": 0.3216145833333333,
      "symmetry_vertical": 0.4979071180427712,
      "symmetry_horizontal": 0.484035020899676,
      "symmetry_radial": 0.3626400743122782,
      "rule_of_thirds": {
        "alignment_score": 1,
        "num_salient_objects": 25
      },
      "golden_ratio": {
        "golden_alignment_score": 1
      },
      "balance": {
        "static_balance": 0.966438889503479,
        "dynamic_balance": 1.0,
        "dominant_quadrant": 1
      },
      "layering": {
        "foreground_ratio": 0.28802235921223956,
        "midground_ratio": 0.15105438232421875,
        "background_ratio": 0.5609232584635416,
        "depth_complexity": 0.05242543246348699
      }
    },
    "spatial_layout": {
      "negative_space_ratio": 0.6226323445638021,
      "subject_isolation": 0.10000101725260417,
      "depth_of_field": {
        "blur_gradient_strength": 33.82321296698813,
        "sharpness_variance": 2083.2347725714963,
        "min_sharpness": 1.9996155324875051,
        "max_sharpness": 222.47058823529412
      },
      "perspective": {
        "has_vanishing_point": 1,
        "perspective_strength": 0.9428571428571428
      }
    },
    "contrast_color": {
      "high_contrast_ratio": 0.478851318359375,
      "low_contrast_ratio": 0.521148681640625,
      "mean_contrast": 15.222220420837402,
      "highlight_ratio": 0.14950306713581085,
      "shadow_ratio": 0.0,
      "midtone_ratio": 0.8504969477653503,
      "warm_color_ratio": 0.8465449015299479,
      "cool_color_ratio": 0.0,
      "complementary_color_score": 0.0
    },
    "motion_dynamics": {
      "s_curve_count": 156,
      "motion_blur_score": 21.4377053856958,
      "dominant_direction_deg": -85.0,
      "direction_strength": 0.0714874267576307
    },
    "pattern_rhythm": {
      "repetition_score": 1.0,
      "rhythm_score": 1.0,
      "pattern_breaks": 8
    },
    "visual_mass_focus": {
      "point_of_interest": {
        "x": 0.828125,
        "y": 0.30859375,
        "strength": 1.0
      },
      "visual_mass_concentration": 0.199951171875,
      "mean_visual_weight": 0.24545620381832123,
      "face_count": 0,
      "has_directional_cues": 0
    },
    "framing_breathing": {
      "frame_in_frame_count": 0,
      "breathing_space": {
        "top": 0.0,
        "bottom": 0.9388020833333334,
        "left": 0.7265625,
        "right": 0.0,
        "min_margin": 0.0,
        "mean_margin": 0.41634114583333337
      },
      "corner_anchors": {
        "top_left": 0.31391724944114685,
        "top_right": 0.5241053700447083,
        "bottom_left": 0.3542143404483795,
        "bottom_right": 0.2795906066894531,
        "max_corner_weight": 0.5241053700447083,
        "has_corner_subject": 1
      }
    }
  }
}