{
  "meta": {
    "_dataset": "tvm board - Nov 22nd 2025 (5060 images)",
    "_label": "",
    "_relpath": "2074. .jpg",
    "_filename": "2074. .jpg",
    "_width": 736,
    "_height": 736
  },
  "features": {
    "geometric_structural": {
      "leading_lines": {
        "diagonal": 2,
        "vertical": 12,
        "horizontal": 11,
        "curved": 338
      },
      "leading_lines_strength": 0.708984375,
      "symmetry_vertical": 0.3243133934888361,
      "symmetry_horizontal": 0.29205924857354654,
      "symmetry_radial": 0.28449596199280974,
      "rule_of_thirds": {
        "alignment_score": 0,
        "num_salient_objects": 18
      },
      "golden_ratio": {
        "golden_alignment_score": 0
      },
      "balance": {
        "static_balance": 0.8454403877258301,
        "dynamic_balance": 1.0,
        "dominant_quadrant": 0
      },
      "layering": {
        "foreground_ratio": 0.3168754577636719,
        "midground_ratio": 0.3459815979003906,
        "background_ratio": 0.3371429443359375,
        "depth_complexity": 0.5225646886973991
      }
    },
    "spatial_layout": {
      "negative_space_ratio": 0.6542091369628906,
      "subject_isolation": 0.10000228881835938,
      "depth_of_field": {
        "blur_gradient_strength": 296.42637430200654,
        "sharpness_variance": 200318.31683121185,
        "min_sharpness": 0.790073495229484,
        "max_sharpness": 2025.3926365232903
      },
      "perspective": {
        "has_vanishing_point": 1,
        "perspective_strength": 0.997693859901989
      }
    },
    "contrast_color": {
      "high_contrast_ratio": 0.39804840087890625,
      "low_contrast_ratio": 0.6019515991210938,
      "mean_contrast": 15.294333457946777,
      "highlight_ratio": 0.3346061706542969,
      "shadow_ratio": 0.0,
      "midtone_ratio": 0.6653938293457031,
      "warm_color_ratio": 0.0,
      "cool_color_ratio": 0.22259902954101562,
      "complementary_color_score": 0.0
    },
    "motion_dynamics": {
      "s_curve_count": 280,
      "motion_blur_score": 16.179141341301094,
      "dominant_direction_deg": 4.999999999999995,
      "direction_strength": 0.11886978149368717
    },
    "pattern_rhythm": {
      "repetition_score": 1.0,
      "rhythm_score": 1.0,
      "pattern_breaks": 1
    },
    "visual_mass_focus": {
      "point_of_interest": {
        "x": 0.515625,
        "y": 0.359375,
        "strength": 1.0
      },
      "visual_mass_concentration": 0.199859619140625,
      "mean_visual_weight": 0.1384066939353943,
      "face_count": 0,
      "has_directional_cues": 0
    },
    "framing_breathing": {
      "frame_in_frame_count": 0,
      "breathing_space": {
        "top": 0.076171875,
        "bottom": 0.779296875,
        "left": 0.310546875,
        "right": 0.6328125,
        "min_margin": 0.076171875,
        "mean_margin": 0.44970703125
      },
      "corner_anchors": {
        "top_left": 0.33973342180252075,
        "top_right": 0.27648118138313293,
        "bottom_left": 0.13168951869010925,
        "bottom_right": 0.23473957180976868,
        "max_corner_weight": 0.33973342180252075,
        "has_corner_subject": 1
      }
    }
  }
}