{
  "meta": {
    "_dataset": "tvm board - Nov 22nd 2025 (5060 images)",
    "_label": "",
    "_relpath": "2095. .jpg",
    "_filename": "2095. .jpg",
    "_width": 736,
    "_height": 1104
  },
  "features": {
    "geometric_structural": {
      "leading_lines": {
        "diagonal": 47,
        "vertical": 11,
        "horizontal": 0,
        "curved": 824
      },
      "leading_lines_strength": 1.1484375,
      "symmetry_vertical": 0.1654260885193353,
      "symmetry_horizontal": 0.14139187587626653,
      "symmetry_radial": 0.1137158373111532,
      "rule_of_thirds": {
        "alignment_score": 1,
        "num_salient_objects": 50
      },
      "golden_ratio": {
        "golden_alignment_score": 1
      },
      "balance": {
        "static_balance": 0.8986912965774536,
        "dynamic_balance": 1.0,
        "dominant_quadrant": 1
      },
      "layering": {
        "foreground_ratio": 0.31111907958984375,
        "midground_ratio": 0.3565165201822917,
        "background_ratio": 0.33236440022786456,
        "depth_complexity": 1.090544712153341
      }
    },
    "spatial_layout": {
      "negative_space_ratio": 0.6523259480794271,
      "subject_isolation": 0.10000101725260417,
      "depth_of_field": {
        "blur_gradient_strength": 724.9042857766789,
        "sharpness_variance": 1043450.8222484131,
        "min_sharpness": 6.3199115591687525,
        "max_sharpness": 5686.780180699732
      },
      "perspective": {
        "has_vanishing_point": 1,
        "perspective_strength": 0.9983881113382608
      }
    },
    "contrast_color": {
      "high_contrast_ratio": 0.492340087890625,
      "low_contrast_ratio": 0.507659912109375,
      "mean_contrast": 29.130537033081055,
      "highlight_ratio": 0.04323577880859375,
      "shadow_ratio": 0.32953643798828125,
      "midtone_ratio": 0.627227783203125,
      "warm_color_ratio": 0.056597391764322914,
      "cool_color_ratio": 0.25383758544921875,
      "complementary_color_score": 2.6666666666666665
    },
    "motion_dynamics": {
      "s_curve_count": 632,
      "motion_blur_score": 5.712868314209432,
      "dominant_direction_deg": -85.0,
      "direction_strength": 0.04109446207671841
    },
    "pattern_rhythm": {
      "repetition_score": 1.0,
      "rhythm_score": 1.0,
      "pattern_breaks": 5
    },
    "visual_mass_focus": {
      "point_of_interest": {
        "x": 0.65234375,
        "y": 0.4388020833333333,
        "strength": 1.0
      },
      "visual_mass_concentration": 0.199859619140625,
      "mean_visual_weight": 0.10722712427377701,
      "face_count": 0,
      "has_directional_cues": 0
    },
    "framing_breathing": {
      "frame_in_frame_count": 0,
      "breathing_space": {
        "top": 0.30859375,
        "bottom": 0.5716145833333334,
        "left": 0.6171875,
        "right": 0.18359375,
        "min_margin": 0.18359375,
        "mean_margin": 0.42024739583333337
      },
      "corner_anchors": {
        "top_left": 0.17555275559425354,
        "top_right": 0.3842531144618988,
        "bottom_left": 0.24056760966777802,
        "bottom_right": 0.42798668146133423,
        "max_corner_weight": 0.42798668146133423,
        "has_corner_subject": 1
      }
    }
  }
}