{
  "meta": {
    "_dataset": "tvm board - Nov 22nd 2025 (5060 images)",
    "_label": "",
    "_relpath": "2101. .jpg",
    "_filename": "2101. .jpg",
    "_width": 736,
    "_height": 1288
  },
  "features": {
    "geometric_structural": {
      "leading_lines": {
        "diagonal": 1,
        "vertical": 3,
        "horizontal": 0,
        "curved": 153
      },
      "leading_lines_strength": 0.17522321428571427,
      "symmetry_vertical": 0.3804495225074912,
      "symmetry_horizontal": 0.39022453087157327,
      "symmetry_radial": 0.2874013124337273,
      "rule_of_thirds": {
        "alignment_score": 1,
        "num_salient_objects": 29
      },
      "golden_ratio": {
        "golden_alignment_score": 1
      },
      "balance": {
        "static_balance": 0.8175121545791626,
        "dynamic_balance": 1.0,
        "dominant_quadrant": 1
      },
      "layering": {
        "foreground_ratio": 0.29602268763950895,
        "midground_ratio": 0.16392081124441965,
        "background_ratio": 0.5400565011160714,
        "depth_complexity": 0.24878485450663657
      }
    },
    "spatial_layout": {
      "negative_space_ratio": 0.7189897809709821,
      "subject_isolation": 0.10000174386160714,
      "depth_of_field": {
        "blur_gradient_strength": 222.50948876971822,
        "sharpness_variance": 183872.00295700828,
        "min_sharpness": 9.255194635015279,
        "max_sharpness": 2683.1733097065407
      },
      "perspective": {
        "has_vanishing_point": 1,
        "perspective_strength": 0.9968354430379747
      }
    },
    "contrast_color": {
      "high_contrast_ratio": 0.38242885044642855,
      "low_contrast_ratio": 0.6175711495535714,
      "mean_contrast": 24.962556838989258,
      "highlight_ratio": 0.0588793084025383,
      "shadow_ratio": 0.4474094808101654,
      "midtone_ratio": 0.4937112033367157,
      "warm_color_ratio": 0.9901079450334821,
      "cool_color_ratio": 0.0010572160993303572,
      "complementary_color_score": 2.7222222222222223
    },
    "motion_dynamics": {
      "s_curve_count": 217,
      "motion_blur_score": 9.143349172175803,
      "dominant_direction_deg": 4.999999999999995,
      "direction_strength": 0.04872349330346522
    },
    "pattern_rhythm": {
      "repetition_score": 1.0,
      "rhythm_score": 1.0,
      "pattern_breaks": 18
    },
    "visual_mass_focus": {
      "point_of_interest": {
        "x": 0.583984375,
        "y": 0.4810267857142857,
        "strength": 1.0
      },
      "visual_mass_concentration": 0.19965035574776785,
      "mean_visual_weight": 0.21122480928897858,
      "face_count": 0,
      "has_directional_cues": 0
    },
    "framing_breathing": {
      "frame_in_frame_count": 0,
      "breathing_space": {
        "top": 0.09933035714285714,
        "bottom": 0.48214285714285715,
        "left": 0.5,
        "right": 0.103515625,
        "min_margin": 0.09933035714285714,
        "mean_margin": 0.2962472098214286
      },
      "corner_anchors": {
        "top_left": 0.329152375459671,
        "top_right": 0.34711676836013794,
        "bottom_left": 0.2904819846153259,
        "bottom_right": 0.3063393235206604,
        "max_corner_weight": 0.34711676836013794,
        "has_corner_subject": 1
      }
    }
  }
}