{
  "meta": {
    "_dataset": "tvm board - Nov 22nd 2025 (5060 images)",
    "_label": "",
    "_relpath": "2116. .jpg",
    "_filename": "2116. .jpg",
    "_width": 1440,
    "_height": 1440
  },
  "features": {
    "geometric_structural": {
      "leading_lines": {
        "diagonal": 0,
        "vertical": 6,
        "horizontal": 0,
        "curved": 59
      },
      "leading_lines_strength": 0.126953125,
      "symmetry_vertical": 0.728910819089243,
      "symmetry_horizontal": 0.49681791375618717,
      "symmetry_radial": 0.48403549977924243,
      "rule_of_thirds": {
        "alignment_score": 1,
        "num_salient_objects": 6
      },
      "golden_ratio": {
        "golden_alignment_score": 3
      },
      "balance": {
        "static_balance": 0.8526432514190674,
        "dynamic_balance": 1.0,
        "dominant_quadrant": 0
      },
      "layering": {
        "foreground_ratio": 0.1685791015625,
        "midground_ratio": 0.20835113525390625,
        "background_ratio": 0.6230697631835938,
        "depth_complexity": 0.2758575591407134
      }
    },
    "spatial_layout": {
      "negative_space_ratio": 0.8966140747070312,
      "subject_isolation": 0.10000228881835938,
      "depth_of_field": {
        "blur_gradient_strength": 299.5040518439549,
        "sharpness_variance": 551999.6442125296,
        "min_sharpness": 0.0,
        "max_sharpness": 4429.891388001627
      },
      "perspective": {
        "has_vanishing_point": 1,
        "perspective_strength": 0.9921383647798742
      }
    },
    "contrast_color": {
      "high_contrast_ratio": 0.2678947448730469,
      "low_contrast_ratio": 0.7321052551269531,
      "mean_contrast": 11.239727973937988,
      "highlight_ratio": 0.00543975830078125,
      "shadow_ratio": 0.8858261108398438,
      "midtone_ratio": 0.108734130859375,
      "warm_color_ratio": 0.8800735473632812,
      "cool_color_ratio": 0.007259368896484375,
      "complementary_color_score": 2.1666666666666665
    },
    "motion_dynamics": {
      "s_curve_count": 57,
      "motion_blur_score": 5.434596981285338,
      "dominant_direction_deg": 4.999999999999995,
      "direction_strength": 0.3718681335435033
    },
    "pattern_rhythm": {
      "repetition_score": 1.0,
      "rhythm_score": 1.0,
      "pattern_breaks": 3
    },
    "visual_mass_focus": {
      "point_of_interest": {
        "x": 0.435546875,
        "y": 0.46875,
        "strength": 1.0
      },
      "visual_mass_concentration": 0.19785308837890625,
      "mean_visual_weight": 0.1022796556353569,
      "face_count": 1,
      "has_directional_cues": 1
    },
    "framing_breathing": {
      "frame_in_frame_count": 0,
      "breathing_space": {
        "top": 0.498046875,
        "bottom": 0.447265625,
        "left": 0.39453125,
        "right": 0.451171875,
        "min_margin": 0.39453125,
        "mean_margin": 0.44775390625
      },
      "corner_anchors": {
        "top_left": 0.08993792533874512,
        "top_right": 0.08834502846002579,
        "bottom_left": 0.09955167770385742,
        "bottom_right": 0.09986918419599533,
        "max_corner_weight": 0.09986918419599533,
        "has_corner_subject": 0
      }
    }
  }
}