{
  "meta": {
    "_dataset": "tvm board - Nov 22nd 2025 (5060 images)",
    "_label": "",
    "_relpath": "2129. .jpg",
    "_filename": "2129. .jpg",
    "_width": 736,
    "_height": 981
  },
  "features": {
    "geometric_structural": {
      "leading_lines": {
        "diagonal": 1,
        "vertical": 0,
        "horizontal": 0,
        "curved": 81
      },
      "leading_lines_strength": 0.12023460410557185,
      "symmetry_vertical": 0.4864241159684807,
      "symmetry_horizontal": 0.49360172120451934,
      "symmetry_radial": 0.36719406191024717,
      "rule_of_thirds": {
        "alignment_score": 0,
        "num_salient_objects": 3
      },
      "golden_ratio": {
        "golden_alignment_score": 1
      },
      "balance": {
        "static_balance": 0.9426684975624084,
        "dynamic_balance": 1.0,
        "dominant_quadrant": 3
      },
      "layering": {
        "foreground_ratio": 0.32285557184750735,
        "midground_ratio": 0.19966264204545456,
        "background_ratio": 0.4774817861070381,
        "depth_complexity": 0.06940238956373307
      }
    },
    "spatial_layout": {
      "negative_space_ratio": 0.8057442494501467,
      "subject_isolation": 0.10000171829178886,
      "depth_of_field": {
        "blur_gradient_strength": 65.95809988905054,
        "sharpness_variance": 10738.516839099506,
        "min_sharpness": 6.773669548029688,
        "max_sharpness": 606.0873702422145
      },
      "perspective": {
        "has_vanishing_point": 1,
        "perspective_strength": 0.7121212121212122
      }
    },
    "contrast_color": {
      "high_contrast_ratio": 0.27896467192082114,
      "low_contrast_ratio": 0.7210353280791788,
      "mean_contrast": 14.690422058105469,
      "highlight_ratio": 0.043830759823322296,
      "shadow_ratio": 0.2721860110759735,
      "midtone_ratio": 0.6839832067489624,
      "warm_color_ratio": 0.2127016129032258,
      "cool_color_ratio": 0.01164429068914956,
      "complementary_color_score": 2.0
    },
    "motion_dynamics": {
      "s_curve_count": 106,
      "motion_blur_score": 13.794560818232386,
      "dominant_direction_deg": 4.999999999999995,
      "direction_strength": 0.04611895161277115
    },
    "pattern_rhythm": {
      "repetition_score": 1.0,
      "rhythm_score": 1.0,
      "pattern_breaks": 2
    },
    "visual_mass_focus": {
      "point_of_interest": {
        "x": 0.7265625,
        "y": 0.5410557184750733,
        "strength": 1.0
      },
      "visual_mass_concentration": 0.19995188782991202,
      "mean_visual_weight": 0.04074938967823982,
      "face_count": 0,
      "has_directional_cues": 0
    },
    "framing_breathing": {
      "frame_in_frame_count": 0,
      "breathing_space": {
        "top": 0.3914956011730205,
        "bottom": 0.23313782991202345,
        "left": 0.765625,
        "right": 0.048828125,
        "min_margin": 0.048828125,
        "mean_margin": 0.35977163902126097
      },
      "corner_anchors": {
        "top_left": 0.30227500200271606,
        "top_right": 0.05692412331700325,
        "bottom_left": 0.10208090394735336,
        "bottom_right": 0.16042926907539368,
        "max_corner_weight": 0.30227500200271606,
        "has_corner_subject": 1
      }
    }
  }
}