{
  "meta": {
    "_dataset": "tvm board - Nov 22nd 2025 (5060 images)",
    "_label": "",
    "_relpath": "2134. Catholic Church.png",
    "_filename": "2134. Catholic Church.png",
    "_width": 1024,
    "_height": 1024
  },
  "features": {
    "geometric_structural": {
      "leading_lines": {
        "diagonal": 1,
        "vertical": 8,
        "horizontal": 1,
        "curved": 181
      },
      "leading_lines_strength": 0.373046875,
      "symmetry_vertical": 0.3732935161379028,
      "symmetry_horizontal": 0.26227971773157777,
      "symmetry_radial": 0.23940518523684864,
      "rule_of_thirds": {
        "alignment_score": 0,
        "num_salient_objects": 22
      },
      "golden_ratio": {
        "golden_alignment_score": 1
      },
      "balance": {
        "static_balance": 0.9603185057640076,
        "dynamic_balance": 1.0,
        "dominant_quadrant": 2
      },
      "layering": {
        "foreground_ratio": 0.2916221618652344,
        "midground_ratio": 0.2698707580566406,
        "background_ratio": 0.438507080078125,
        "depth_complexity": 0.5966424625594519
      }
    },
    "spatial_layout": {
      "negative_space_ratio": 0.7216377258300781,
      "subject_isolation": 0.10000228881835938,
      "depth_of_field": {
        "blur_gradient_strength": 540.4425385552631,
        "sharpness_variance": 475222.00491349364,
        "min_sharpness": 6.347172833445747,
        "max_sharpness": 3003.366109188774
      },
      "perspective": {
        "has_vanishing_point": 1,
        "perspective_strength": 0.9713896457765667
      }
    },
    "contrast_color": {
      "high_contrast_ratio": 0.4496040344238281,
      "low_contrast_ratio": 0.5503959655761719,
      "mean_contrast": 30.92003059387207,
      "highlight_ratio": 0.02713775634765625,
      "shadow_ratio": 0.4804649353027344,
      "midtone_ratio": 0.4923973083496094,
      "warm_color_ratio": 0.8905220031738281,
      "cool_color_ratio": 0.011913299560546875,
      "complementary_color_score": 2.5
    },
    "motion_dynamics": {
      "s_curve_count": 212,
      "motion_blur_score": 5.8226459277364375,
      "dominant_direction_deg": 4.999999999999995,
      "direction_strength": 0.06463241577123782
    },
    "pattern_rhythm": {
      "repetition_score": 1.0,
      "rhythm_score": 1.0,
      "pattern_breaks": 5
    },
    "visual_mass_focus": {
      "point_of_interest": {
        "x": 0.482421875,
        "y": 0.869140625,
        "strength": 1.0
      },
      "visual_mass_concentration": 0.1998291015625,
      "mean_visual_weight": 0.1451043039560318,
      "face_count": 0,
      "has_directional_cues": 0
    },
    "framing_breathing": {
      "frame_in_frame_count": 0,
      "breathing_space": {
        "top": 0.84765625,
        "bottom": 0.0,
        "left": 0.34765625,
        "right": 0.498046875,
        "min_margin": 0.0,
        "mean_margin": 0.42333984375
      },
      "corner_anchors": {
        "top_left": 0.21284997463226318,
        "top_right": 0.18431991338729858,
        "bottom_left": 0.2744094729423523,
        "bottom_right": 0.27516859769821167,
        "max_corner_weight": 0.27516859769821167,
        "has_corner_subject": 0
      }
    }
  }
}