{
  "meta": {
    "_dataset": "tvm board - Nov 22nd 2025 (5060 images)",
    "_label": "",
    "_relpath": "2170. .jpg",
    "_filename": "2170. .jpg",
    "_width": 626,
    "_height": 470
  },
  "features": {
    "geometric_structural": {
      "leading_lines": {
        "diagonal": 0,
        "vertical": 0,
        "horizontal": 0,
        "curved": 0
      },
      "leading_lines_strength": 0.0,
      "symmetry_vertical": 0.9011355320618488,
      "symmetry_horizontal": 0.4944998985875423,
      "symmetry_radial": 0.5094243023116279,
      "rule_of_thirds": {
        "alignment_score": 0,
        "num_salient_objects": 2
      },
      "golden_ratio": {
        "golden_alignment_score": 0
      },
      "balance": {
        "static_balance": 0.9124484062194824,
        "dynamic_balance": 1.0,
        "dominant_quadrant": 2
      },
      "layering": {
        "foreground_ratio": 0.23778867302052786,
        "midground_ratio": 0.0,
        "background_ratio": 0.7622113269794721,
        "depth_complexity": 0.0037024204183519396
      }
    },
    "spatial_layout": {
      "negative_space_ratio": 0.7866740744134897,
      "subject_isolation": 0.10000171829178886,
      "depth_of_field": {
        "blur_gradient_strength": 2.9265980739139326,
        "sharpness_variance": 38.150258336832366,
        "min_sharpness": 0.12840268899623233,
        "max_sharpness": 33.10079301413218
      },
      "perspective": {
        "has_vanishing_point": 0,
        "perspective_strength": 0.0
      }
    },
    "contrast_color": {
      "high_contrast_ratio": 0.31095067357038125,
      "low_contrast_ratio": 0.6890493264296187,
      "mean_contrast": 5.540574073791504,
      "highlight_ratio": 0.0,
      "shadow_ratio": 0.815209150314331,
      "midtone_ratio": 0.18479084968566895,
      "warm_color_ratio": 0.0,
      "cool_color_ratio": 0.3042579270527859,
      "complementary_color_score": 0.0
    },
    "motion_dynamics": {
      "s_curve_count": 1,
      "motion_blur_score": 23.50296922165753,
      "dominant_direction_deg": 4.999999999999995,
      "direction_strength": 0.41820358320994605
    },
    "pattern_rhythm": {
      "repetition_score": 1.0,
      "rhythm_score": 1.0,
      "pattern_breaks": 1
    },
    "visual_mass_focus": {
      "point_of_interest": {
        "x": 0.49266862170087977,
        "y": 0.857421875,
        "strength": 1.0
      },
      "visual_mass_concentration": 0.19588240010997068,
      "mean_visual_weight": 0.0206455085426569,
      "face_count": 0,
      "has_directional_cues": 0
    },
    "framing_breathing": {
      "frame_in_frame_count": 0,
      "breathing_space": {
        "top": 0.78515625,
        "bottom": 0.068359375,
        "left": 0.3357771260997067,
        "right": 0.32697947214076245,
        "min_margin": 0.068359375,
        "mean_margin": 0.37906805581011727
      },
      "corner_anchors": {
        "top_left": 0.2834877669811249,
        "top_right": 0.24660025537014008,
        "bottom_left": 0.30228251218795776,
        "bottom_right": 0.11596404761075974,
        "max_corner_weight": 0.30228251218795776,
        "has_corner_subject": 1
      }
    }
  }
}