{
  "meta": {
    "_dataset": "tvm board - Nov 22nd 2025 (5060 images)",
    "_label": "",
    "_relpath": "2172. .jpg",
    "_filename": "2172. .jpg",
    "_width": 426,
    "_height": 640
  },
  "features": {
    "geometric_structural": {
      "leading_lines": {
        "diagonal": 20,
        "vertical": 26,
        "horizontal": 0,
        "curved": 139
      },
      "leading_lines_strength": 0.24057217165149544,
      "symmetry_vertical": 0.5888263311613467,
      "symmetry_horizontal": 0.2719780477631911,
      "symmetry_radial": 0.3818748815957287,
      "rule_of_thirds": {
        "alignment_score": 0,
        "num_salient_objects": 19
      },
      "golden_ratio": {
        "golden_alignment_score": 0
      },
      "balance": {
        "static_balance": 0.9280615448951721,
        "dynamic_balance": 1.0,
        "dominant_quadrant": 3
      },
      "layering": {
        "foreground_ratio": 0.27270603055916776,
        "midground_ratio": 0.14915373049414823,
        "background_ratio": 0.578140238946684,
        "depth_complexity": 0.3037590593189915
      }
    },
    "spatial_layout": {
      "negative_space_ratio": 0.9016783159947984,
      "subject_isolation": 0.10000050796488946,
      "depth_of_field": {
        "blur_gradient_strength": 379.64180618569554,
        "sharpness_variance": 456018.71524441993,
        "min_sharpness": 0.0,
        "max_sharpness": 3957.433602046709
      },
      "perspective": {
        "has_vanishing_point": 1,
        "perspective_strength": 0.9954927884615384
      }
    },
    "contrast_color": {
      "high_contrast_ratio": 0.29727375243823145,
      "low_contrast_ratio": 0.7027262475617686,
      "mean_contrast": 11.844541549682617,
      "highlight_ratio": 0.002880160929635167,
      "shadow_ratio": 0.8969415426254272,
      "midtone_ratio": 0.1001783013343811,
      "warm_color_ratio": 0.0,
      "cool_color_ratio": 0.0,
      "complementary_color_score": 0.0
    },
    "motion_dynamics": {
      "s_curve_count": 126,
      "motion_blur_score": 4.2351822957703895,
      "dominant_direction_deg": 4.999999999999995,
      "direction_strength": 0.4861147797451893
    },
    "pattern_rhythm": {
      "repetition_score": 1.0,
      "rhythm_score": 1.0,
      "pattern_breaks": 0
    },
    "visual_mass_focus": {
      "point_of_interest": {
        "x": 0.52734375,
        "y": 0.27308192457737324,
        "strength": 1.0
      },
      "visual_mass_concentration": 0.0,
      "mean_visual_weight": 0.0,
      "face_count": 0,
      "has_directional_cues": 0
    },
    "framing_breathing": {
      "frame_in_frame_count": 0,
      "breathing_space": {
        "top": 0.6436931079323797,
        "bottom": 0.26918075422626786,
        "left": 0.56640625,
        "right": 0.310546875,
        "min_margin": 0.26918075422626786,
        "mean_margin": 0.44745674678966185
      },
      "corner_anchors": {
        "top_left": 0.07512614130973816,
        "top_right": 0.07512728869915009,
        "bottom_left": 0.06944495439529419,
        "bottom_right": 0.02882729470729828,
        "max_corner_weight": 0.07512728869915009,
        "has_corner_subject": 0
      }
    }
  }
}