{
  "meta": {
    "_dataset": "tvm board - Nov 22nd 2025 (5060 images)",
    "_label": "",
    "_relpath": "2177. .jpg",
    "_filename": "2177. .jpg",
    "_width": 1080,
    "_height": 1920
  },
  "features": {
    "geometric_structural": {
      "leading_lines": {
        "diagonal": 0,
        "vertical": 14,
        "horizontal": 3,
        "curved": 39
      },
      "leading_lines_strength": 0.06153846153846154,
      "symmetry_vertical": 0.45549022259572813,
      "symmetry_horizontal": 0.5378737766696208,
      "symmetry_radial": 0.40607816631801463,
      "rule_of_thirds": {
        "alignment_score": 1,
        "num_salient_objects": 9
      },
      "golden_ratio": {
        "golden_alignment_score": 5
      },
      "balance": {
        "static_balance": 0.9348200559616089,
        "dynamic_balance": 1.0,
        "dominant_quadrant": 0
      },
      "layering": {
        "foreground_ratio": 0.28605125343406596,
        "midground_ratio": 0.22163676167582416,
        "background_ratio": 0.4923119848901099,
        "depth_complexity": 0.0734391650906376
      }
    },
    "spatial_layout": {
      "negative_space_ratio": 0.8059323489010989,
      "subject_isolation": 0.1,
      "depth_of_field": {
        "blur_gradient_strength": 53.331147571261084,
        "sharpness_variance": 15857.491830639723,
        "min_sharpness": 0.0,
        "max_sharpness": 601.3144117964862
      },
      "perspective": {
        "has_vanishing_point": 1,
        "perspective_strength": 0.9906542056074766
      }
    },
    "contrast_color": {
      "high_contrast_ratio": 0.33495020604395603,
      "low_contrast_ratio": 0.665049793956044,
      "mean_contrast": 15.662845611572266,
      "highlight_ratio": 0.027034683153033257,
      "shadow_ratio": 0.769260823726654,
      "midtone_ratio": 0.20370447635650635,
      "warm_color_ratio": 0.002579842032967033,
      "cool_color_ratio": 0.736019059065934,
      "complementary_color_score": 2.7222222222222223
    },
    "motion_dynamics": {
      "s_curve_count": 68,
      "motion_blur_score": 8.653043272664634,
      "dominant_direction_deg": 4.999999999999995,
      "direction_strength": 0.3425781249992647
    },
    "pattern_rhythm": {
      "repetition_score": 1.0,
      "rhythm_score": 1.0,
      "pattern_breaks": 9
    },
    "visual_mass_focus": {
      "point_of_interest": {
        "x": 0.4296875,
        "y": 0.42417582417582417,
        "strength": 1.0
      },
      "visual_mass_concentration": 0.19912860576923078,
      "mean_visual_weight": 0.06232812628149986,
      "face_count": 0,
      "has_directional_cues": 0
    },
    "framing_breathing": {
      "frame_in_frame_count": 0,
      "breathing_space": {
        "top": 0.4043956043956044,
        "bottom": 0.4703296703296703,
        "left": 0.373046875,
        "right": 0.54296875,
        "min_margin": 0.373046875,
        "mean_margin": 0.4476852249313187
      },
      "corner_anchors": {
        "top_left": 0.1348470002412796,
        "top_right": 0.18498066067695618,
        "bottom_left": 0.15381525456905365,
        "bottom_right": 0.18459965288639069,
        "max_corner_weight": 0.18498066067695618,
        "has_corner_subject": 0
      }
    }
  }
}