{
  "meta": {
    "_dataset": "tvm board - Nov 22nd 2025 (5060 images)",
    "_label": "",
    "_relpath": "2188. .jpg",
    "_filename": "2188. .jpg",
    "_width": 1174,
    "_height": 1174
  },
  "features": {
    "geometric_structural": {
      "leading_lines": {
        "diagonal": 31,
        "vertical": 3,
        "horizontal": 7,
        "curved": 165
      },
      "leading_lines_strength": 0.40234375,
      "symmetry_vertical": 0.340485801535445,
      "symmetry_horizontal": 0.23326030207598253,
      "symmetry_radial": 0.2551463477087077,
      "rule_of_thirds": {
        "alignment_score": 0,
        "num_salient_objects": 8
      },
      "golden_ratio": {
        "golden_alignment_score": 0
      },
      "balance": {
        "static_balance": 0.8778011798858643,
        "dynamic_balance": 1.0,
        "dominant_quadrant": 1
      },
      "layering": {
        "foreground_ratio": 0.3301849365234375,
        "midground_ratio": 0.18585205078125,
        "background_ratio": 0.4839630126953125,
        "depth_complexity": 0.4724697834853869
      }
    },
    "spatial_layout": {
      "negative_space_ratio": 0.79638671875,
      "subject_isolation": 0.10000228881835938,
      "depth_of_field": {
        "blur_gradient_strength": 404.11331959458295,
        "sharpness_variance": 715009.8624798195,
        "min_sharpness": 0.0,
        "max_sharpness": 4564.4263707759765
      },
      "perspective": {
        "has_vanishing_point": 1,
        "perspective_strength": 0.9964825888146325
      }
    },
    "contrast_color": {
      "high_contrast_ratio": 0.35913848876953125,
      "low_contrast_ratio": 0.6408615112304688,
      "mean_contrast": 13.43636703491211,
      "highlight_ratio": 0.0009765625,
      "shadow_ratio": 0.8448143005371094,
      "midtone_ratio": 0.15420913696289062,
      "warm_color_ratio": 0.0012664794921875,
      "cool_color_ratio": 0.9539566040039062,
      "complementary_color_score": 2.0555555555555554
    },
    "motion_dynamics": {
      "s_curve_count": 193,
      "motion_blur_score": 4.565705348498144,
      "dominant_direction_deg": 4.999999999999995,
      "direction_strength": 0.11211776733355668
    },
    "pattern_rhythm": {
      "repetition_score": 1.0,
      "rhythm_score": 1.0,
      "pattern_breaks": 2
    },
    "visual_mass_focus": {
      "point_of_interest": {
        "x": 0.779296875,
        "y": 0.1015625,
        "strength": 1.0
      },
      "visual_mass_concentration": 0.1996002197265625,
      "mean_visual_weight": 0.17911392450332642,
      "face_count": 0,
      "has_directional_cues": 0
    },
    "framing_breathing": {
      "frame_in_frame_count": 0,
      "breathing_space": {
        "top": 0.087890625,
        "bottom": 0.865234375,
        "left": 0.677734375,
        "right": 0.15234375,
        "min_margin": 0.087890625,
        "mean_margin": 0.44580078125
      },
      "corner_anchors": {
        "top_left": 0.06335759907960892,
        "top_right": 0.21535949409008026,
        "bottom_left": 0.20537182688713074,
        "bottom_right": 0.2161555141210556,
        "max_corner_weight": 0.2161555141210556,
        "has_corner_subject": 0
      }
    }
  }
}