{
  "meta": {
    "_dataset": "tvm board - Nov 22nd 2025 (5060 images)",
    "_label": "",
    "_relpath": "2202. .jpg",
    "_filename": "2202. .jpg",
    "_width": 720,
    "_height": 940
  },
  "features": {
    "geometric_structural": {
      "leading_lines": {
        "diagonal": 13,
        "vertical": 4,
        "horizontal": 0,
        "curved": 131
      },
      "leading_lines_strength": 0.2215568862275449,
      "symmetry_vertical": 0.4670469693410973,
      "symmetry_horizontal": 0.349986897669482,
      "symmetry_radial": 0.3295347242541767,
      "rule_of_thirds": {
        "alignment_score": 0,
        "num_salient_objects": 24
      },
      "golden_ratio": {
        "golden_alignment_score": 0
      },
      "balance": {
        "static_balance": 0.9414545297622681,
        "dynamic_balance": 1.0,
        "dominant_quadrant": 1
      },
      "layering": {
        "foreground_ratio": 0.26685008888473055,
        "midground_ratio": 0.24734807728293412,
        "background_ratio": 0.48580183383233533,
        "depth_complexity": 0.22312105425679032
      }
    },
    "spatial_layout": {
      "negative_space_ratio": 0.5156864006362275,
      "subject_isolation": 0.09999824569610778,
      "depth_of_field": {
        "blur_gradient_strength": 190.44065701493722,
        "sharpness_variance": 94689.22731502501,
        "min_sharpness": 3.4658503125036493,
        "max_sharpness": 1778.9235976876369
      },
      "perspective": {
        "has_vanishing_point": 1,
        "perspective_strength": 0.9970909090909091
      }
    },
    "contrast_color": {
      "high_contrast_ratio": 0.3769648203592814,
      "low_contrast_ratio": 0.6230351796407185,
      "mean_contrast": 11.770846366882324,
      "highlight_ratio": 0.09231147170066833,
      "shadow_ratio": 0.27878519892692566,
      "midtone_ratio": 0.6289032697677612,
      "warm_color_ratio": 0.15186424026946108,
      "cool_color_ratio": 0.001172459767964072,
      "complementary_color_score": 2.611111111111111
    },
    "motion_dynamics": {
      "s_curve_count": 143,
      "motion_blur_score": 14.999178911626196,
      "dominant_direction_deg": 4.999999999999995,
      "direction_strength": 0.05205312032170409
    },
    "pattern_rhythm": {
      "repetition_score": 1.0,
      "rhythm_score": 1.0,
      "pattern_breaks": 4
    },
    "visual_mass_focus": {
      "point_of_interest": {
        "x": 0.65625,
        "y": 0.23952095808383234,
        "strength": 1.0
      },
      "visual_mass_concentration": 0.1989322136976048,
      "mean_visual_weight": 0.016709541901946068,
      "face_count": 0,
      "has_directional_cues": 0
    },
    "framing_breathing": {
      "frame_in_frame_count": 0,
      "breathing_space": {
        "top": 0.0,
        "bottom": 0.5239520958083832,
        "left": 0.48828125,
        "right": 0.0,
        "min_margin": 0.0,
        "mean_margin": 0.2530583364520958
      },
      "corner_anchors": {
        "top_left": 0.2601224184036255,
        "top_right": 0.7589153051376343,
        "bottom_left": 0.7568394541740417,
        "bottom_right": 0.5374152064323425,
        "max_corner_weight": 0.7589153051376343,
        "has_corner_subject": 1
      }
    }
  }
}