{
  "meta": {
    "_dataset": "tvm board - Nov 22nd 2025 (5060 images)",
    "_label": "",
    "_relpath": "2205. .jpg",
    "_filename": "2205. .jpg",
    "_width": 500,
    "_height": 664
  },
  "features": {
    "geometric_structural": {
      "leading_lines": {
        "diagonal": 0,
        "vertical": 5,
        "horizontal": 5,
        "curved": 260
      },
      "leading_lines_strength": 0.39705882352941174,
      "symmetry_vertical": 0.36686976897073714,
      "symmetry_horizontal": 0.2844464532480434,
      "symmetry_radial": 0.24506505001788467,
      "rule_of_thirds": {
        "alignment_score": 2,
        "num_salient_objects": 9
      },
      "golden_ratio": {
        "golden_alignment_score": 3
      },
      "balance": {
        "static_balance": 0.9003147482872009,
        "dynamic_balance": 1.0,
        "dominant_quadrant": 1
      },
      "layering": {
        "foreground_ratio": 0.2946633731617647,
        "midground_ratio": 0.3429400275735294,
        "background_ratio": 0.3623965992647059,
        "depth_complexity": 0.1384073862122005
      }
    },
    "spatial_layout": {
      "negative_space_ratio": 0.6662540211397059,
      "subject_isolation": 0.1,
      "depth_of_field": {
        "blur_gradient_strength": 1083.9404352413476,
        "sharpness_variance": 4673626.359822065,
        "min_sharpness": 6.357639928214993,
        "max_sharpness": 9302.78431372549
      },
      "perspective": {
        "has_vanishing_point": 1,
        "perspective_strength": 0.9983660130718954
      }
    },
    "contrast_color": {
      "high_contrast_ratio": 0.384912109375,
      "low_contrast_ratio": 0.615087890625,
      "mean_contrast": 14.823017120361328,
      "highlight_ratio": 1.4361213288793806e-05,
      "shadow_ratio": 0.6662540435791016,
      "midtone_ratio": 0.33373159170150757,
      "warm_color_ratio": 0.00045955882352941176,
      "cool_color_ratio": 0.8678940716911765,
      "complementary_color_score": 2.7777777777777777
    },
    "motion_dynamics": {
      "s_curve_count": 283,
      "motion_blur_score": 6.604288930193935,
      "dominant_direction_deg": 4.999999999999995,
      "direction_strength": 0.04596737132339738
    },
    "pattern_rhythm": {
      "repetition_score": 1.0,
      "rhythm_score": 1.0,
      "pattern_breaks": 3
    },
    "visual_mass_focus": {
      "point_of_interest": {
        "x": 0.564453125,
        "y": 0.33676470588235297,
        "strength": 1.0
      },
      "visual_mass_concentration": 0.19998276654411765,
      "mean_visual_weight": 0.09248901158571243,
      "face_count": 0,
      "has_directional_cues": 0
    },
    "framing_breathing": {
      "frame_in_frame_count": 0,
      "breathing_space": {
        "top": 0.24411764705882352,
        "bottom": 0.6264705882352941,
        "left": 0.490234375,
        "right": 0.283203125,
        "min_margin": 0.24411764705882352,
        "mean_margin": 0.4110064338235294
      },
      "corner_anchors": {
        "top_left": 0.13999365270137787,
        "top_right": 0.0936795249581337,
        "bottom_left": 0.146264910697937,
        "bottom_right": 0.13432320952415466,
        "max_corner_weight": 0.146264910697937,
        "has_corner_subject": 0
      }
    }
  }
}