{
  "meta": {
    "_dataset": "tvm board - Nov 22nd 2025 (5060 images)",
    "_label": "",
    "_relpath": "2222. .jpg",
    "_filename": "2222. .jpg",
    "_width": 564,
    "_height": 705
  },
  "features": {
    "geometric_structural": {
      "leading_lines": {
        "diagonal": 0,
        "vertical": 7,
        "horizontal": 0,
        "curved": 24
      },
      "leading_lines_strength": 0.0484375,
      "symmetry_vertical": 0.6976333724940231,
      "symmetry_horizontal": 0.6987114311062589,
      "symmetry_radial": 0.5337148486261158,
      "rule_of_thirds": {
        "alignment_score": 4,
        "num_salient_objects": 38
      },
      "golden_ratio": {
        "golden_alignment_score": 17
      },
      "balance": {
        "static_balance": 0.94219970703125,
        "dynamic_balance": 1.0,
        "dominant_quadrant": 0
      },
      "layering": {
        "foreground_ratio": 0.2489501953125,
        "midground_ratio": 0.2615447998046875,
        "background_ratio": 0.4895050048828125,
        "depth_complexity": 0.06431204819664359
      }
    },
    "spatial_layout": {
      "negative_space_ratio": 0.8412750244140625,
      "subject_isolation": 0.1,
      "depth_of_field": {
        "blur_gradient_strength": 43.04787518449045,
        "sharpness_variance": 8352.040749523689,
        "min_sharpness": 0.0784313725490196,
        "max_sharpness": 376.18159401324516
      },
      "perspective": {
        "has_vanishing_point": 1,
        "perspective_strength": 0.564625850340136
      }
    },
    "contrast_color": {
      "high_contrast_ratio": 0.3889434814453125,
      "low_contrast_ratio": 0.6110565185546875,
      "mean_contrast": 12.142621994018555,
      "highlight_ratio": 0.0,
      "shadow_ratio": 0.8115752935409546,
      "midtone_ratio": 0.1884247064590454,
      "warm_color_ratio": 8.544921875e-05,
      "cool_color_ratio": 0.773187255859375,
      "complementary_color_score": 1.0
    },
    "motion_dynamics": {
      "s_curve_count": 59,
      "motion_blur_score": 7.659300107128731,
      "dominant_direction_deg": 4.999999999999995,
      "direction_strength": 0.275897216796033
    },
    "pattern_rhythm": {
      "repetition_score": 1.0,
      "rhythm_score": 1.0,
      "pattern_breaks": 23
    },
    "visual_mass_focus": {
      "point_of_interest": {
        "x": 0.4140625,
        "y": 0.378125,
        "strength": 1.0
      },
      "visual_mass_concentration": 0.199969482421875,
      "mean_visual_weight": 0.07979638874530792,
      "face_count": 0,
      "has_directional_cues": 0
    },
    "framing_breathing": {
      "frame_in_frame_count": 0,
      "breathing_space": {
        "top": 0.33125,
        "bottom": 0.43125,
        "left": 0.4140625,
        "right": 0.486328125,
        "min_margin": 0.33125,
        "mean_margin": 0.41572265625
      },
      "corner_anchors": {
        "top_left": 0.13262078166007996,
        "top_right": 0.18788176774978638,
        "bottom_left": 0.20530171692371368,
        "bottom_right": 0.19960632920265198,
        "max_corner_weight": 0.20530171692371368,
        "has_corner_subject": 0
      }
    }
  }
}