{
  "meta": {
    "_dataset": "tvm board - Nov 22nd 2025 (5060 images)",
    "_label": "",
    "_relpath": "2218. \uff4d\uff4f\uff4f\uff44\uff59 \uff47\uff52\uff45\uff45\uff4e.jpg",
    "_filename": "2218. \uff4d\uff4f\uff4f\uff44\uff59 \uff47\uff52\uff45\uff45\uff4e.jpg",
    "_width": 736,
    "_height": 1110
  },
  "features": {
    "geometric_structural": {
      "leading_lines": {
        "diagonal": 0,
        "vertical": 0,
        "horizontal": 0,
        "curved": 14
      },
      "leading_lines_strength": 0.018134715025906734,
      "symmetry_vertical": 0.7902576988145631,
      "symmetry_horizontal": 0.7833990439343733,
      "symmetry_radial": 0.5584193334657185,
      "rule_of_thirds": {
        "alignment_score": 0,
        "num_salient_objects": 5
      },
      "golden_ratio": {
        "golden_alignment_score": 0
      },
      "balance": {
        "static_balance": 0.9247589111328125,
        "dynamic_balance": 1.0,
        "dominant_quadrant": 0
      },
      "layering": {
        "foreground_ratio": 0.2853004574158031,
        "midground_ratio": 0.0,
        "background_ratio": 0.7146995425841969,
        "depth_complexity": 0.05348879722055099
      }
    },
    "spatial_layout": {
      "negative_space_ratio": 0.8035591402202072,
      "subject_isolation": 0.10000151797279792,
      "depth_of_field": {
        "blur_gradient_strength": 32.91421902516715,
        "sharpness_variance": 5915.360083886922,
        "min_sharpness": 0.8731649522554119,
        "max_sharpness": 370.76543475944027
      },
      "perspective": {
        "has_vanishing_point": 1,
        "perspective_strength": 0.8095238095238095
      }
    },
    "contrast_color": {
      "high_contrast_ratio": 0.3421814281088083,
      "low_contrast_ratio": 0.6578185718911918,
      "mean_contrast": 5.577424049377441,
      "highlight_ratio": 0.0,
      "shadow_ratio": 0.8942732214927673,
      "midtone_ratio": 0.10572677850723267,
      "warm_color_ratio": 0.0,
      "cool_color_ratio": 0.14549263277202074,
      "complementary_color_score": 0.0
    },
    "motion_dynamics": {
      "s_curve_count": 25,
      "motion_blur_score": 8.911441017619874,
      "dominant_direction_deg": 4.999999999999995,
      "direction_strength": 0.08598809909304671
    },
    "pattern_rhythm": {
      "repetition_score": 1.0,
      "rhythm_score": 1.0,
      "pattern_breaks": 4
    },
    "visual_mass_focus": {
      "point_of_interest": {
        "x": 0.484375,
        "y": 0.23834196891191708,
        "strength": 1.0
      },
      "visual_mass_concentration": 0.19688866175518135,
      "mean_visual_weight": 0.07059694826602936,
      "face_count": 0,
      "has_directional_cues": 0
    },
    "framing_breathing": {
      "frame_in_frame_count": 0,
      "breathing_space": {
        "top": 0.2189119170984456,
        "bottom": 0.6787564766839378,
        "left": 0.330078125,
        "right": 0.615234375,
        "min_margin": 0.2189119170984456,
        "mean_margin": 0.4607452234455959
      },
      "corner_anchors": {
        "top_left": 0.08918879181146622,
        "top_right": 0.08969629555940628,
        "bottom_left": 0.09982099384069443,
        "bottom_right": 0.08709173649549484,
        "max_corner_weight": 0.09982099384069443,
        "has_corner_subject": 0
      }
    }
  }
}