{
  "meta": {
    "_dataset": "tvm board - Nov 22nd 2025 (5060 images)",
    "_label": "",
    "_relpath": "2226. .jpg",
    "_filename": "2226. .jpg",
    "_width": 1224,
    "_height": 1632
  },
  "features": {
    "geometric_structural": {
      "leading_lines": {
        "diagonal": 0,
        "vertical": 5,
        "horizontal": 3,
        "curved": 91
      },
      "leading_lines_strength": 0.14494875549048317,
      "symmetry_vertical": 0.527305205826275,
      "symmetry_horizontal": 0.5078926934237342,
      "symmetry_radial": 0.3625330014448462,
      "rule_of_thirds": {
        "alignment_score": 1,
        "num_salient_objects": 3
      },
      "golden_ratio": {
        "golden_alignment_score": 2
      },
      "balance": {
        "static_balance": 0.9174816608428955,
        "dynamic_balance": 1.0,
        "dominant_quadrant": 1
      },
      "layering": {
        "foreground_ratio": 0.2260220305636896,
        "midground_ratio": 0.13585228312591507,
        "background_ratio": 0.6381256863103953,
        "depth_complexity": 0.04736476825425373
      }
    },
    "spatial_layout": {
      "negative_space_ratio": 0.7758109901171303,
      "subject_isolation": 0.10000114385065886,
      "depth_of_field": {
        "blur_gradient_strength": 35.635594296669936,
        "sharpness_variance": 4407.6349341829045,
        "min_sharpness": 0.2,
        "max_sharpness": 357.1492971162276
      },
      "perspective": {
        "has_vanishing_point": 1,
        "perspective_strength": 0.5578947368421052
      }
    },
    "contrast_color": {
      "high_contrast_ratio": 0.41681346083455345,
      "low_contrast_ratio": 0.5831865391654465,
      "mean_contrast": 13.811511993408203,
      "highlight_ratio": 0.0016299871494993567,
      "shadow_ratio": 0.7343606948852539,
      "midtone_ratio": 0.2640092968940735,
      "warm_color_ratio": 0.35953799871888725,
      "cool_color_ratio": 0.1763989293557833,
      "complementary_color_score": 2.3333333333333335
    },
    "motion_dynamics": {
      "s_curve_count": 92,
      "motion_blur_score": 8.433471524147054,
      "dominant_direction_deg": 4.999999999999995,
      "direction_strength": 0.11903481881371523
    },
    "pattern_rhythm": {
      "repetition_score": 1.0,
      "rhythm_score": 1.0,
      "pattern_breaks": 2
    },
    "visual_mass_focus": {
      "point_of_interest": {
        "x": 0.5703125,
        "y": 0.3938506588579795,
        "strength": 1.0
      },
      "visual_mass_concentration": 0.19735141379941434,
      "mean_visual_weight": 0.0341152660548687,
      "face_count": 0,
      "has_directional_cues": 0
    },
    "framing_breathing": {
      "frame_in_frame_count": 0,
      "breathing_space": {
        "top": 0.3103953147877013,
        "bottom": 0.5226939970717424,
        "left": 0.458984375,
        "right": 0.294921875,
        "min_margin": 0.294921875,
        "mean_margin": 0.39674889046486095
      },
      "corner_anchors": {
        "top_left": 0.18438369035720825,
        "top_right": 0.1633925437927246,
        "bottom_left": 0.20330116152763367,
        "bottom_right": 0.18835167586803436,
        "max_corner_weight": 0.20330116152763367,
        "has_corner_subject": 0
      }
    }
  }
}