{
  "meta": {
    "_dataset": "tvm board - Nov 22nd 2025 (5060 images)",
    "_label": "",
    "_relpath": "2239. .jpg",
    "_filename": "2239. .jpg",
    "_width": 1456,
    "_height": 2292
  },
  "features": {
    "geometric_structural": {
      "leading_lines": {
        "diagonal": 17,
        "vertical": 3,
        "horizontal": 18,
        "curved": 35
      },
      "leading_lines_strength": 0.09057071960297766,
      "symmetry_vertical": 0.4927459065627961,
      "symmetry_horizontal": 0.4341893010203358,
      "symmetry_radial": 0.2991372661864999,
      "rule_of_thirds": {
        "alignment_score": 0,
        "num_salient_objects": 2
      },
      "golden_ratio": {
        "golden_alignment_score": 0
      },
      "balance": {
        "static_balance": 0.9062119722366333,
        "dynamic_balance": 1.0,
        "dominant_quadrant": 0
      },
      "layering": {
        "foreground_ratio": 0.30619959677419356,
        "midground_ratio": 0.35520704094292804,
        "background_ratio": 0.3385933622828784,
        "depth_complexity": 0.13341776226426372
      }
    },
    "spatial_layout": {
      "negative_space_ratio": 0.7344258878722084,
      "subject_isolation": 0.10000193858560794,
      "depth_of_field": {
        "blur_gradient_strength": 125.40408414583548,
        "sharpness_variance": 79909.8028499229,
        "min_sharpness": 4.597412254610351,
        "max_sharpness": 2000.360595937948
      },
      "perspective": {
        "has_vanishing_point": 1,
        "perspective_strength": 0.9951632406287787
      }
    },
    "contrast_color": {
      "high_contrast_ratio": 0.4803742439516129,
      "low_contrast_ratio": 0.5196257560483871,
      "mean_contrast": 11.52902889251709,
      "highlight_ratio": 0.0,
      "shadow_ratio": 0.7509765625,
      "midtone_ratio": 0.2490234375,
      "warm_color_ratio": 0.41060697115384615,
      "cool_color_ratio": 0.020973073045905708,
      "complementary_color_score": 2.388888888888889
    },
    "motion_dynamics": {
      "s_curve_count": 74,
      "motion_blur_score": 7.72683347644479,
      "dominant_direction_deg": 4.999999999999995,
      "direction_strength": 0.07405397022314561
    },
    "pattern_rhythm": {
      "repetition_score": 1.0,
      "rhythm_score": 1.0,
      "pattern_breaks": 2
    },
    "visual_mass_focus": {
      "point_of_interest": {
        "x": 0.4140625,
        "y": 0.21588089330024815,
        "strength": 1.0
      },
      "visual_mass_concentration": 0.19736255428039703,
      "mean_visual_weight": 0.029250623658299446,
      "face_count": 0,
      "has_directional_cues": 0
    },
    "framing_breathing": {
      "frame_in_frame_count": 0,
      "breathing_space": {
        "top": 0.17866004962779156,
        "bottom": 0.7357320099255583,
        "left": 0.6015625,
        "right": 0.283203125,
        "min_margin": 0.17866004962779156,
        "mean_margin": 0.4497894211383375
      },
      "corner_anchors": {
        "top_left": 0.1909720003604889,
        "top_right": 0.15077555179595947,
        "bottom_left": 0.15779626369476318,
        "bottom_right": 0.21664752066135406,
        "max_corner_weight": 0.21664752066135406,
        "has_corner_subject": 0
      }
    }
  }
}