{
  "meta": {
    "_dataset": "tvm board - Nov 22nd 2025 (5060 images)",
    "_label": "",
    "_relpath": "2252. .jpg",
    "_filename": "2252. .jpg",
    "_width": 1268,
    "_height": 1636
  },
  "features": {
    "geometric_structural": {
      "leading_lines": {
        "diagonal": 2,
        "vertical": 18,
        "horizontal": 9,
        "curved": 385
      },
      "leading_lines_strength": 0.6263237518910741,
      "symmetry_vertical": 0.24213665361271067,
      "symmetry_horizontal": 0.23328464886337114,
      "symmetry_radial": 0.1678125692198147,
      "rule_of_thirds": {
        "alignment_score": 1,
        "num_salient_objects": 11
      },
      "golden_ratio": {
        "golden_alignment_score": 1
      },
      "balance": {
        "static_balance": 0.8991287350654602,
        "dynamic_balance": 1.0,
        "dominant_quadrant": 2
      },
      "layering": {
        "foreground_ratio": 0.3255543211043873,
        "midground_ratio": 0.24691814012859303,
        "background_ratio": 0.42752753876701965,
        "depth_complexity": 0.3226200679094544
      }
    },
    "spatial_layout": {
      "negative_space_ratio": 0.5635873676248109,
      "subject_isolation": 0.10000236384266263,
      "depth_of_field": {
        "blur_gradient_strength": 125.16791607540418,
        "sharpness_variance": 22428.46285062828,
        "min_sharpness": 63.715316958062296,
        "max_sharpness": 954.1639241760887
      },
      "perspective": {
        "has_vanishing_point": 1,
        "perspective_strength": 0.9591156874621442
      }
    },
    "contrast_color": {
      "high_contrast_ratio": 0.4525369941376702,
      "low_contrast_ratio": 0.5474630058623298,
      "mean_contrast": 30.056968688964844,
      "highlight_ratio": 0.0886588767170906,
      "shadow_ratio": 0.11242140084505081,
      "midtone_ratio": 0.7989197373390198,
      "warm_color_ratio": 0.10651475037821483,
      "cool_color_ratio": 0.09840972484871408,
      "complementary_color_score": 2.388888888888889
    },
    "motion_dynamics": {
      "s_curve_count": 360,
      "motion_blur_score": 8.985385126853178,
      "dominant_direction_deg": -85.0,
      "direction_strength": 0.03488736289702248
    },
    "pattern_rhythm": {
      "repetition_score": 1.0,
      "rhythm_score": 1.0,
      "pattern_breaks": 6
    },
    "visual_mass_focus": {
      "point_of_interest": {
        "x": 0.490234375,
        "y": 0.5869894099848714,
        "strength": 1.0
      },
      "visual_mass_concentration": 0.19992790279878972,
      "mean_visual_weight": 0.10893318802118301,
      "face_count": 0,
      "has_directional_cues": 0
    },
    "framing_breathing": {
      "frame_in_frame_count": 0,
      "breathing_space": {
        "top": 0.556732223903177,
        "bottom": 0.2405446293494705,
        "left": 0.46484375,
        "right": 0.298828125,
        "min_margin": 0.2405446293494705,
        "mean_margin": 0.3902371820631619
      },
      "corner_anchors": {
        "top_left": 0.4294701814651489,
        "top_right": 0.16767925024032593,
        "bottom_left": 0.46981126070022583,
        "bottom_right": 0.2510772943496704,
        "max_corner_weight": 0.46981126070022583,
        "has_corner_subject": 1
      }
    }
  }
}