{
  "meta": {
    "_dataset": "tvm board - Nov 22nd 2025 (5060 images)",
    "_label": "",
    "_relpath": "2257. boyf.jpg",
    "_filename": "2257. boyf.jpg",
    "_width": 1200,
    "_height": 1800
  },
  "features": {
    "geometric_structural": {
      "leading_lines": {
        "diagonal": 0,
        "vertical": 10,
        "horizontal": 2,
        "curved": 60
      },
      "leading_lines_strength": 0.09375,
      "symmetry_vertical": 0.34016083751707754,
      "symmetry_horizontal": 0.33098869140857806,
      "symmetry_radial": 0.266543053018752,
      "rule_of_thirds": {
        "alignment_score": 0,
        "num_salient_objects": 5
      },
      "golden_ratio": {
        "golden_alignment_score": 0
      },
      "balance": {
        "static_balance": 0.992042064666748,
        "dynamic_balance": 1.0,
        "dominant_quadrant": 3
      },
      "layering": {
        "foreground_ratio": 0.25608062744140625,
        "midground_ratio": 0.1827418009440104,
        "background_ratio": 0.5611775716145834,
        "depth_complexity": 0.0350019474948187
      }
    },
    "spatial_layout": {
      "negative_space_ratio": 0.4739837646484375,
      "subject_isolation": 0.10000101725260417,
      "depth_of_field": {
        "blur_gradient_strength": 36.29295984462769,
        "sharpness_variance": 3660.9632368566745,
        "min_sharpness": 5.459417392033142,
        "max_sharpness": 474.48673587081896
      },
      "perspective": {
        "has_vanishing_point": 1,
        "perspective_strength": 0.946969696969697
      }
    },
    "contrast_color": {
      "high_contrast_ratio": 0.511016845703125,
      "low_contrast_ratio": 0.488983154296875,
      "mean_contrast": 23.44919776916504,
      "highlight_ratio": 0.00046284994459711015,
      "shadow_ratio": 0.46356964111328125,
      "midtone_ratio": 0.5359675288200378,
      "warm_color_ratio": 0.9884897867838541,
      "cool_color_ratio": 0.004519144694010417,
      "complementary_color_score": 2.4444444444444446
    },
    "motion_dynamics": {
      "s_curve_count": 115,
      "motion_blur_score": 9.25313627623602,
      "dominant_direction_deg": 4.999999999999995,
      "direction_strength": 0.08523050943988741
    },
    "pattern_rhythm": {
      "repetition_score": 1.0,
      "rhythm_score": 1.0,
      "pattern_breaks": 1
    },
    "visual_mass_focus": {
      "point_of_interest": {
        "x": 0.51953125,
        "y": 0.5338541666666666,
        "strength": 1.0
      },
      "visual_mass_concentration": 0.1999994913736979,
      "mean_visual_weight": 0.28521281480789185,
      "face_count": 0,
      "has_directional_cues": 0
    },
    "framing_breathing": {
      "frame_in_frame_count": 0,
      "breathing_space": {
        "top": 0.7265625,
        "bottom": 0.16145833333333334,
        "left": 0.4453125,
        "right": 0.48828125,
        "min_margin": 0.16145833333333334,
        "mean_margin": 0.45540364583333337
      },
      "corner_anchors": {
        "top_left": 0.23114879429340363,
        "top_right": 0.10084226727485657,
        "bottom_left": 0.17424610257148743,
        "bottom_right": 0.2167660892009735,
        "max_corner_weight": 0.23114879429340363,
        "has_corner_subject": 0
      }
    }
  }
}