{
  "meta": {
    "_dataset": "tvm board - Nov 22nd 2025 (5060 images)",
    "_label": "",
    "_relpath": "2253. .jpg",
    "_filename": "2253. .jpg",
    "_width": 714,
    "_height": 714
  },
  "features": {
    "geometric_structural": {
      "leading_lines": {
        "diagonal": 0,
        "vertical": 0,
        "horizontal": 0,
        "curved": 70
      },
      "leading_lines_strength": 0.13671875,
      "symmetry_vertical": 0.5131117184599431,
      "symmetry_horizontal": 0.42881805055789396,
      "symmetry_radial": 0.427256186811022,
      "rule_of_thirds": {
        "alignment_score": 0,
        "num_salient_objects": 17
      },
      "golden_ratio": {
        "golden_alignment_score": 0
      },
      "balance": {
        "static_balance": 0.8289613723754883,
        "dynamic_balance": 1.0,
        "dominant_quadrant": 2
      },
      "layering": {
        "foreground_ratio": 0.27645111083984375,
        "midground_ratio": 0.20394134521484375,
        "background_ratio": 0.5196075439453125,
        "depth_complexity": 0.03902317984378897
      }
    },
    "spatial_layout": {
      "negative_space_ratio": 0.7913017272949219,
      "subject_isolation": 0.10000228881835938,
      "depth_of_field": {
        "blur_gradient_strength": 37.24536271702859,
        "sharpness_variance": 5029.216738925855,
        "min_sharpness": 5.331795463283352,
        "max_sharpness": 767.0685313341024
      },
      "perspective": {
        "has_vanishing_point": 1,
        "perspective_strength": 0.3333333333333333
      }
    },
    "contrast_color": {
      "high_contrast_ratio": 0.41828155517578125,
      "low_contrast_ratio": 0.5817184448242188,
      "mean_contrast": 18.791553497314453,
      "highlight_ratio": 0.06948471069335938,
      "shadow_ratio": 0.3751945495605469,
      "midtone_ratio": 0.5553207397460938,
      "warm_color_ratio": 0.23050689697265625,
      "cool_color_ratio": 0.3787498474121094,
      "complementary_color_score": 2.2777777777777777
    },
    "motion_dynamics": {
      "s_curve_count": 91,
      "motion_blur_score": 11.44542656666518,
      "dominant_direction_deg": 4.999999999999995,
      "direction_strength": 0.040561676025235895
    },
    "pattern_rhythm": {
      "repetition_score": 1.0,
      "rhythm_score": 1.0,
      "pattern_breaks": 6
    },
    "visual_mass_focus": {
      "point_of_interest": {
        "x": 0.572265625,
        "y": 0.806640625,
        "strength": 1.0
      },
      "visual_mass_concentration": 0.199981689453125,
      "mean_visual_weight": 0.10091834515333176,
      "face_count": 0,
      "has_directional_cues": 0
    },
    "framing_breathing": {
      "frame_in_frame_count": 0,
      "breathing_space": {
        "top": 0.591796875,
        "bottom": 0.0,
        "left": 0.0,
        "right": 0.8359375,
        "min_margin": 0.0,
        "mean_margin": 0.35693359375
      },
      "corner_anchors": {
        "top_left": 0.13368859887123108,
        "top_right": 0.30388540029525757,
        "bottom_left": 0.5225745439529419,
        "bottom_right": 0.5501604676246643,
        "max_corner_weight": 0.5501604676246643,
        "has_corner_subject": 1
      }
    }
  }
}