{
  "meta": {
    "_dataset": "tvm board - Nov 22nd 2025 (5060 images)",
    "_label": "",
    "_relpath": "2270. Lina and.jpg",
    "_filename": "2270. Lina and.jpg",
    "_width": 735,
    "_height": 895
  },
  "features": {
    "geometric_structural": {
      "leading_lines": {
        "diagonal": 0,
        "vertical": 0,
        "horizontal": 2,
        "curved": 46
      },
      "leading_lines_strength": 0.07704654895666131,
      "symmetry_vertical": 0.570482051613975,
      "symmetry_horizontal": 0.2524385369308872,
      "symmetry_radial": 0.2772746092912015,
      "rule_of_thirds": {
        "alignment_score": 0,
        "num_salient_objects": 4
      },
      "golden_ratio": {
        "golden_alignment_score": 0
      },
      "balance": {
        "static_balance": 0.9362355470657349,
        "dynamic_balance": 1.0,
        "dominant_quadrant": 0
      },
      "layering": {
        "foreground_ratio": 0.30778177668539325,
        "midground_ratio": 0.20583366773675763,
        "background_ratio": 0.4863845555778491,
        "depth_complexity": 0.07693580197439892
      }
    },
    "spatial_layout": {
      "negative_space_ratio": 0.47968812700642055,
      "subject_isolation": 0.10000125401284109,
      "depth_of_field": {
        "blur_gradient_strength": 188.56006668206803,
        "sharpness_variance": 138352.07261969894,
        "min_sharpness": 6.489811610918878,
        "max_sharpness": 2178.0884275278745
      },
      "perspective": {
        "has_vanishing_point": 1,
        "perspective_strength": 0.5555555555555556
      }
    },
    "contrast_color": {
      "high_contrast_ratio": 0.35542799458266455,
      "low_contrast_ratio": 0.6445720054173354,
      "mean_contrast": 14.459451675415039,
      "highlight_ratio": 0.0006144663202576339,
      "shadow_ratio": 0.39276623725891113,
      "midtone_ratio": 0.6066192984580994,
      "warm_color_ratio": 0.6625231992375602,
      "cool_color_ratio": 0.11850107845104334,
      "complementary_color_score": 2.5
    },
    "motion_dynamics": {
      "s_curve_count": 82,
      "motion_blur_score": 13.134766701728903,
      "dominant_direction_deg": -85.0,
      "direction_strength": 0.05005705758411273
    },
    "pattern_rhythm": {
      "repetition_score": 1.0,
      "rhythm_score": 1.0,
      "pattern_breaks": 0
    },
    "visual_mass_focus": {
      "point_of_interest": {
        "x": 0.490234375,
        "y": 0.9213483146067416,
        "strength": 1.0
      },
      "visual_mass_concentration": 0.1999836978330658,
      "mean_visual_weight": 0.16571800410747528,
      "face_count": 0,
      "has_directional_cues": 0
    },
    "framing_breathing": {
      "frame_in_frame_count": 0,
      "breathing_space": {
        "top": 0.0,
        "bottom": 0.7078651685393258,
        "left": 0.0,
        "right": 0.4765625,
        "min_margin": 0.0,
        "mean_margin": 0.29610691713483145
      },
      "corner_anchors": {
        "top_left": 0.6726024150848389,
        "top_right": 0.4968831241130829,
        "bottom_left": 0.4323325753211975,
        "bottom_right": 0.5206008553504944,
        "max_corner_weight": 0.6726024150848389,
        "has_corner_subject": 1
      }
    }
  }
}