{
  "meta": {
    "_dataset": "tvm board - Nov 22nd 2025 (5060 images)",
    "_label": "",
    "_relpath": "2280. .jpg",
    "_filename": "2280. .jpg",
    "_width": 736,
    "_height": 920
  },
  "features": {
    "geometric_structural": {
      "leading_lines": {
        "diagonal": 0,
        "vertical": 1,
        "horizontal": 0,
        "curved": 10
      },
      "leading_lines_strength": 0.0171875,
      "symmetry_vertical": 0.7922783513038889,
      "symmetry_horizontal": 0.748716350592706,
      "symmetry_radial": 0.5980455683766408,
      "rule_of_thirds": {
        "alignment_score": 1,
        "num_salient_objects": 6
      },
      "golden_ratio": {
        "golden_alignment_score": 2
      },
      "balance": {
        "static_balance": 0.7725222110748291,
        "dynamic_balance": 1.0,
        "dominant_quadrant": 0
      },
      "layering": {
        "foreground_ratio": 0.1350799560546875,
        "midground_ratio": 0.0,
        "background_ratio": 0.8649200439453125,
        "depth_complexity": 0.007498606512509286
      }
    },
    "spatial_layout": {
      "negative_space_ratio": 0.910955810546875,
      "subject_isolation": 0.1,
      "depth_of_field": {
        "blur_gradient_strength": 7.322103663918045,
        "sharpness_variance": 259.2102350182682,
        "min_sharpness": 0.0,
        "max_sharpness": 85.17071850488995
      },
      "perspective": {
        "has_vanishing_point": 1,
        "perspective_strength": 0.6666666666666666
      }
    },
    "contrast_color": {
      "high_contrast_ratio": 0.25400390625,
      "low_contrast_ratio": 0.74599609375,
      "mean_contrast": 6.112766742706299,
      "highlight_ratio": 0.0,
      "shadow_ratio": 0.94287109375,
      "midtone_ratio": 0.05712890625,
      "warm_color_ratio": 0.1498626708984375,
      "cool_color_ratio": 0.4085968017578125,
      "complementary_color_score": 2.111111111111111
    },
    "motion_dynamics": {
      "s_curve_count": 13,
      "motion_blur_score": 5.284204003280279,
      "dominant_direction_deg": 4.999999999999995,
      "direction_strength": 0.7844329833960436
    },
    "pattern_rhythm": {
      "repetition_score": 1.0,
      "rhythm_score": 1.0,
      "pattern_breaks": 2
    },
    "visual_mass_focus": {
      "point_of_interest": {
        "x": 0.486328125,
        "y": 0.3375,
        "strength": 1.0
      },
      "visual_mass_concentration": 0.173858642578125,
      "mean_visual_weight": 0.030333932489156723,
      "face_count": 0,
      "has_directional_cues": 0
    },
    "framing_breathing": {
      "frame_in_frame_count": 0,
      "breathing_space": {
        "top": 0.2765625,
        "bottom": 0.5640625,
        "left": 0.220703125,
        "right": 0.349609375,
        "min_margin": 0.220703125,
        "mean_margin": 0.352734375
      },
      "corner_anchors": {
        "top_left": 0.08394583314657211,
        "top_right": 0.08394583314657211,
        "bottom_left": 0.0744980052113533,
        "bottom_right": 0.0744980052113533,
        "max_corner_weight": 0.08394583314657211,
        "has_corner_subject": 0
      }
    }
  }
}