{
  "meta": {
    "_dataset": "tvm board - Nov 22nd 2025 (5060 images)",
    "_label": "",
    "_relpath": "2276. .jpg",
    "_filename": "2276. .jpg",
    "_width": 480,
    "_height": 640
  },
  "features": {
    "geometric_structural": {
      "leading_lines": {
        "diagonal": 16,
        "vertical": 1,
        "horizontal": 0,
        "curved": 100
      },
      "leading_lines_strength": 0.17130307467057102,
      "symmetry_vertical": 0.4719668589885446,
      "symmetry_horizontal": 0.2341092607645626,
      "symmetry_radial": 0.26080401501164013,
      "rule_of_thirds": {
        "alignment_score": 0,
        "num_salient_objects": 18
      },
      "golden_ratio": {
        "golden_alignment_score": 0
      },
      "balance": {
        "static_balance": 0.926653265953064,
        "dynamic_balance": 1.0,
        "dominant_quadrant": 2
      },
      "layering": {
        "foreground_ratio": 0.25930808473645683,
        "midground_ratio": 0.302142432284041,
        "background_ratio": 0.4385494829795022,
        "depth_complexity": 0.6136376851656078
      }
    },
    "spatial_layout": {
      "negative_space_ratio": 0.32241432558565153,
      "subject_isolation": 0.0801038616398243,
      "depth_of_field": {
        "blur_gradient_strength": 427.2768223475503,
        "sharpness_variance": 1659858.3760148042,
        "min_sharpness": 0.0,
        "max_sharpness": 6579.000762578969
      },
      "perspective": {
        "has_vanishing_point": 1,
        "perspective_strength": 0.9973161567364466
      }
    },
    "contrast_color": {
      "high_contrast_ratio": 0.3570186676427526,
      "low_contrast_ratio": 0.6429813323572474,
      "mean_contrast": 17.344539642333984,
      "highlight_ratio": 0.02147865481674671,
      "shadow_ratio": 0.36918923258781433,
      "midtone_ratio": 0.6093320846557617,
      "warm_color_ratio": 0.42251269674231334,
      "cool_color_ratio": 0.004641174048316252,
      "complementary_color_score": 2.611111111111111
    },
    "motion_dynamics": {
      "s_curve_count": 143,
      "motion_blur_score": 4.465641380506981,
      "dominant_direction_deg": 4.999999999999995,
      "direction_strength": 0.25494143484553744
    },
    "pattern_rhythm": {
      "repetition_score": 1.0,
      "rhythm_score": 1.0,
      "pattern_breaks": 1
    },
    "visual_mass_focus": {
      "point_of_interest": {
        "x": 0.216796875,
        "y": 0.21522693997071743,
        "strength": 1.0
      },
      "visual_mass_concentration": 0.19971346540995608,
      "mean_visual_weight": 0.06256979703903198,
      "face_count": 0,
      "has_directional_cues": 0
    },
    "framing_breathing": {
      "frame_in_frame_count": 0,
      "breathing_space": {
        "top": 0.2547584187408492,
        "bottom": 0.6530014641288433,
        "left": 0.35546875,
        "right": 0.501953125,
        "min_margin": 0.2547584187408492,
        "mean_margin": 0.4412954394674231
      },
      "corner_anchors": {
        "top_left": 0.1535979062318802,
        "top_right": 0.10414072126150131,
        "bottom_left": 0.30435365438461304,
        "bottom_right": 0.3105735778808594,
        "max_corner_weight": 0.3105735778808594,
        "has_corner_subject": 1
      }
    }
  }
}