{
  "meta": {
    "_dataset": "tvm board - Nov 22nd 2025 (5060 images)",
    "_label": "",
    "_relpath": "2287. .jpg",
    "_filename": "2287. .jpg",
    "_width": 736,
    "_height": 1101
  },
  "features": {
    "geometric_structural": {
      "leading_lines": {
        "diagonal": 0,
        "vertical": 2,
        "horizontal": 0,
        "curved": 20
      },
      "leading_lines_strength": 0.028720626631853787,
      "symmetry_vertical": 0.5296208387012362,
      "symmetry_horizontal": 0.5642951482149342,
      "symmetry_radial": 0.37111610633472464,
      "rule_of_thirds": {
        "alignment_score": 1,
        "num_salient_objects": 13
      },
      "golden_ratio": {
        "golden_alignment_score": 2
      },
      "balance": {
        "static_balance": 0.9462873935699463,
        "dynamic_balance": 1.0,
        "dominant_quadrant": 1
      },
      "layering": {
        "foreground_ratio": 0.31115627039817234,
        "midground_ratio": 0.0,
        "background_ratio": 0.6888437296018277,
        "depth_complexity": 0.01885417762654121
      }
    },
    "spatial_layout": {
      "negative_space_ratio": 0.3610119533289817,
      "subject_isolation": 0.10000203981723238,
      "depth_of_field": {
        "blur_gradient_strength": 13.98280354370022,
        "sharpness_variance": 342.84297665531835,
        "min_sharpness": 3.136668075346172,
        "max_sharpness": 113.45117757772458
      },
      "perspective": {
        "has_vanishing_point": 0,
        "perspective_strength": 0.0
      }
    },
    "contrast_color": {
      "high_contrast_ratio": 0.29856804830287204,
      "low_contrast_ratio": 0.7014319516971279,
      "mean_contrast": 20.14503288269043,
      "highlight_ratio": 0.005257628858089447,
      "shadow_ratio": 0.1833515167236328,
      "midtone_ratio": 0.8113908767700195,
      "warm_color_ratio": 0.9956143929503917,
      "cool_color_ratio": 1.0199086161879896e-05,
      "complementary_color_score": 1.2777777777777777
    },
    "motion_dynamics": {
      "s_curve_count": 42,
      "motion_blur_score": 19.101309918600016,
      "dominant_direction_deg": 4.999999999999995,
      "direction_strength": 0.06739556135753051
    },
    "pattern_rhythm": {
      "repetition_score": 1.0,
      "rhythm_score": 1.0,
      "pattern_breaks": 6
    },
    "visual_mass_focus": {
      "point_of_interest": {
        "x": 0.619140625,
        "y": 0.577023498694517,
        "strength": 1.0
      },
      "visual_mass_concentration": 0.19960631527415143,
      "mean_visual_weight": 0.23213191330432892,
      "face_count": 0,
      "has_directional_cues": 0
    },
    "framing_breathing": {
      "frame_in_frame_count": 0,
      "breathing_space": {
        "top": 0.30809399477806787,
        "bottom": 0.08616187989556136,
        "left": 0.296875,
        "right": 0.12890625,
        "min_margin": 0.08616187989556136,
        "mean_margin": 0.2050092811684073
      },
      "corner_anchors": {
        "top_left": 0.4297245442867279,
        "top_right": 0.3026244342327118,
        "bottom_left": 0.2606985569000244,
        "bottom_right": 0.16900648176670074,
        "max_corner_weight": 0.4297245442867279,
        "has_corner_subject": 1
      }
    }
  }
}