{
  "meta": {
    "_dataset": "tvm board - Nov 22nd 2025 (5060 images)",
    "_label": "",
    "_relpath": "2283. .jpg",
    "_filename": "2283. .jpg",
    "_width": 1284,
    "_height": 1274
  },
  "features": {
    "geometric_structural": {
      "leading_lines": {
        "diagonal": 0,
        "vertical": 0,
        "horizontal": 0,
        "curved": 21
      },
      "leading_lines_strength": 0.040697674418604654,
      "symmetry_vertical": 0.7171659327676364,
      "symmetry_horizontal": 0.6296049394152015,
      "symmetry_radial": 0.6266822417147736,
      "rule_of_thirds": {
        "alignment_score": 0,
        "num_salient_objects": 10
      },
      "golden_ratio": {
        "golden_alignment_score": 2
      },
      "balance": {
        "static_balance": 0.7887973189353943,
        "dynamic_balance": 1.0,
        "dominant_quadrant": 3
      },
      "layering": {
        "foreground_ratio": 0.20666409278100775,
        "midground_ratio": 0.32208772407945735,
        "background_ratio": 0.47124818313953487,
        "depth_complexity": 0.009989608926588536
      }
    },
    "spatial_layout": {
      "negative_space_ratio": 0.23275496608527133,
      "subject_isolation": 0.0999992429748062,
      "depth_of_field": {
        "blur_gradient_strength": 10.209760497521469,
        "sharpness_variance": 333.76075913679125,
        "min_sharpness": 1.6346967370223,
        "max_sharpness": 85.05226437470225
      },
      "perspective": {
        "has_vanishing_point": 0,
        "perspective_strength": 0.0
      }
    },
    "contrast_color": {
      "high_contrast_ratio": 0.347667605377907,
      "low_contrast_ratio": 0.652332394622093,
      "mean_contrast": 14.138012886047363,
      "highlight_ratio": 0.05201520025730133,
      "shadow_ratio": 0.051670756191015244,
      "midtone_ratio": 0.8963140845298767,
      "warm_color_ratio": 0.29836255450581395,
      "cool_color_ratio": 0.002153736676356589,
      "complementary_color_score": 0.3333333333333333
    },
    "motion_dynamics": {
      "s_curve_count": 43,
      "motion_blur_score": 23.50579764084678,
      "dominant_direction_deg": 4.999999999999995,
      "direction_strength": 0.17208696705361218
    },
    "pattern_rhythm": {
      "repetition_score": 1.0,
      "rhythm_score": 1.0,
      "pattern_breaks": 6
    },
    "visual_mass_focus": {
      "point_of_interest": {
        "x": 0.7461240310077519,
        "y": 0.828125,
        "strength": 1.0
      },
      "visual_mass_concentration": 0.19972217175387597,
      "mean_visual_weight": 0.1305297166109085,
      "face_count": 0,
      "has_directional_cues": 0
    },
    "framing_breathing": {
      "frame_in_frame_count": 0,
      "breathing_space": {
        "top": 0.712890625,
        "bottom": 0.0,
        "left": 0.5581395348837209,
        "right": 0.0,
        "min_margin": 0.0,
        "mean_margin": 0.31775753997093026
      },
      "corner_anchors": {
        "top_left": 0.12142397463321686,
        "top_right": 0.13726015388965607,
        "bottom_left": 0.40190374851226807,
        "bottom_right": 0.609085202217102,
        "max_corner_weight": 0.609085202217102,
        "has_corner_subject": 1
      }
    }
  }
}