{
  "meta": {
    "_dataset": "tvm board - Nov 22nd 2025 (5060 images)",
    "_label": "",
    "_relpath": "2318. .jpg",
    "_filename": "2318. .jpg",
    "_width": 675,
    "_height": 1200
  },
  "features": {
    "geometric_structural": {
      "leading_lines": {
        "diagonal": 104,
        "vertical": 36,
        "horizontal": 0,
        "curved": 457
      },
      "leading_lines_strength": 0.656043956043956,
      "symmetry_vertical": 0.21561984502548423,
      "symmetry_horizontal": 0.15392328501985775,
      "symmetry_radial": 0.10578393498055104,
      "rule_of_thirds": {
        "alignment_score": 5,
        "num_salient_objects": 89
      },
      "golden_ratio": {
        "golden_alignment_score": 10
      },
      "balance": {
        "static_balance": 0.9494717121124268,
        "dynamic_balance": 1.0,
        "dominant_quadrant": 2
      },
      "layering": {
        "foreground_ratio": 0.3342226133241758,
        "midground_ratio": 0.326223385989011,
        "background_ratio": 0.3395540006868132,
        "depth_complexity": 0.690735139069863
      }
    },
    "spatial_layout": {
      "negative_space_ratio": 0.5972506009615385,
      "subject_isolation": 0.1,
      "depth_of_field": {
        "blur_gradient_strength": 364.78659546308154,
        "sharpness_variance": 426865.8560131096,
        "min_sharpness": 28.008016613253616,
        "max_sharpness": 3121.4491541714733
      },
      "perspective": {
        "has_vanishing_point": 1,
        "perspective_strength": 0.9988719179185991
      }
    },
    "contrast_color": {
      "high_contrast_ratio": 0.5417217548076924,
      "low_contrast_ratio": 0.45827824519230764,
      "mean_contrast": 30.918561935424805,
      "highlight_ratio": 0.10024682432413101,
      "shadow_ratio": 0.03364311531186104,
      "midtone_ratio": 0.8661100268363953,
      "warm_color_ratio": 0.7469222184065935,
      "cool_color_ratio": 0.019363839285714286,
      "complementary_color_score": 2.1666666666666665
    },
    "motion_dynamics": {
      "s_curve_count": 473,
      "motion_blur_score": 7.601029581902222,
      "dominant_direction_deg": -85.0,
      "direction_strength": 0.03781335851640236
    },
    "pattern_rhythm": {
      "repetition_score": 1.0,
      "rhythm_score": 1.0,
      "pattern_breaks": 24
    },
    "visual_mass_focus": {
      "point_of_interest": {
        "x": 0.34765625,
        "y": 0.5516483516483517,
        "strength": 1.0
      },
      "visual_mass_concentration": 0.19991629464285715,
      "mean_visual_weight": 0.2399737685918808,
      "face_count": 0,
      "has_directional_cues": 0
    },
    "framing_breathing": {
      "frame_in_frame_count": 0,
      "breathing_space": {
        "top": 0.6615384615384615,
        "bottom": 0.17692307692307693,
        "left": 0.17578125,
        "right": 0.6875,
        "min_margin": 0.17578125,
        "mean_margin": 0.42543569711538465
      },
      "corner_anchors": {
        "top_left": 0.40726831555366516,
        "top_right": 0.3264274001121521,
        "bottom_left": 0.37691530585289,
        "bottom_right": 0.377643346786499,
        "max_corner_weight": 0.40726831555366516,
        "has_corner_subject": 1
      }
    }
  }
}