{
  "meta": {
    "_dataset": "tvm board - Nov 22nd 2025 (5060 images)",
    "_label": "",
    "_relpath": "2322. .jpg",
    "_filename": "2322. .jpg",
    "_width": 750,
    "_height": 503
  },
  "features": {
    "geometric_structural": {
      "leading_lines": {
        "diagonal": 33,
        "vertical": 34,
        "horizontal": 19,
        "curved": 225
      },
      "leading_lines_strength": 0.4076015727391874,
      "symmetry_vertical": 0.19057572663419642,
      "symmetry_horizontal": 0.30231830597825327,
      "symmetry_radial": 0.14039449156368908,
      "rule_of_thirds": {
        "alignment_score": 0,
        "num_salient_objects": 34
      },
      "golden_ratio": {
        "golden_alignment_score": 1
      },
      "balance": {
        "static_balance": 0.9435629844665527,
        "dynamic_balance": 1.0,
        "dominant_quadrant": 0
      },
      "layering": {
        "foreground_ratio": 0.31746600589777196,
        "midground_ratio": 0.2580761590760157,
        "background_ratio": 0.4244578350262123,
        "depth_complexity": 0.8793718778943693
      }
    },
    "spatial_layout": {
      "negative_space_ratio": 0.6939430086828309,
      "subject_isolation": 0.10000102391874181,
      "depth_of_field": {
        "blur_gradient_strength": 971.6709107628662,
        "sharpness_variance": 4259302.570840896,
        "min_sharpness": 4.448979591836735,
        "max_sharpness": 17819.321510957325
      },
      "perspective": {
        "has_vanishing_point": 1,
        "perspective_strength": 0.9839174267882861
      }
    },
    "contrast_color": {
      "high_contrast_ratio": 0.42689732142857145,
      "low_contrast_ratio": 0.5731026785714286,
      "mean_contrast": 29.873720169067383,
      "highlight_ratio": 0.06117146462202072,
      "shadow_ratio": 0.27906137704849243,
      "midtone_ratio": 0.6597671508789062,
      "warm_color_ratio": 0.8853159813237221,
      "cool_color_ratio": 0.0009778423984272608,
      "complementary_color_score": 2.388888888888889
    },
    "motion_dynamics": {
      "s_curve_count": 278,
      "motion_blur_score": 5.865854263321102,
      "dominant_direction_deg": 4.999999999999995,
      "direction_strength": 0.09154857470487705
    },
    "pattern_rhythm": {
      "repetition_score": 1.0,
      "rhythm_score": 1.0,
      "pattern_breaks": 6
    },
    "visual_mass_focus": {
      "point_of_interest": {
        "x": 0.1743119266055046,
        "y": 0.423828125,
        "strength": 1.0
      },
      "visual_mass_concentration": 0.1989371723460026,
      "mean_visual_weight": 0.16571402549743652,
      "face_count": 0,
      "has_directional_cues": 0
    },
    "framing_breathing": {
      "frame_in_frame_count": 0,
      "breathing_space": {
        "top": 0.197265625,
        "bottom": 0.40234375,
        "left": 0.2398427260812582,
        "right": 0.6710353866317169,
        "min_margin": 0.197265625,
        "mean_margin": 0.3776218719282438
      },
      "corner_anchors": {
        "top_left": 0.2108837068080902,
        "top_right": 0.17561949789524078,
        "bottom_left": 0.27678996324539185,
        "bottom_right": 0.367680162191391,
        "max_corner_weight": 0.367680162191391,
        "has_corner_subject": 1
      }
    }
  }
}