{
  "meta": {
    "_dataset": "tvm board - Nov 22nd 2025 (5060 images)",
    "_label": "",
    "_relpath": "2314. .jpg",
    "_filename": "2314. .jpg",
    "_width": 1224,
    "_height": 1632
  },
  "features": {
    "geometric_structural": {
      "leading_lines": {
        "diagonal": 1,
        "vertical": 12,
        "horizontal": 3,
        "curved": 104
      },
      "leading_lines_strength": 0.17569546120058566,
      "symmetry_vertical": 0.47854821169522055,
      "symmetry_horizontal": 0.510832590203903,
      "symmetry_radial": 0.36197404625363916,
      "rule_of_thirds": {
        "alignment_score": 0,
        "num_salient_objects": 3
      },
      "golden_ratio": {
        "golden_alignment_score": 0
      },
      "balance": {
        "static_balance": 0.731928825378418,
        "dynamic_balance": 1.0,
        "dominant_quadrant": 3
      },
      "layering": {
        "foreground_ratio": 0.32857396138360173,
        "midground_ratio": 0.28968875823572476,
        "background_ratio": 0.3817372803806735,
        "depth_complexity": 0.45445148341857283
      }
    },
    "spatial_layout": {
      "negative_space_ratio": 0.5285905472181552,
      "subject_isolation": 0.10000114385065886,
      "depth_of_field": {
        "blur_gradient_strength": 499.4251601352731,
        "sharpness_variance": 813815.6706096783,
        "min_sharpness": 0.42711842560184093,
        "max_sharpness": 7414.853025061637
      },
      "perspective": {
        "has_vanishing_point": 1,
        "perspective_strength": 0.9650174912543729
      }
    },
    "contrast_color": {
      "high_contrast_ratio": 0.3371842972181552,
      "low_contrast_ratio": 0.6628157027818449,
      "mean_contrast": 16.626049041748047,
      "highlight_ratio": 0.09586326777935028,
      "shadow_ratio": 0.015762262046337128,
      "midtone_ratio": 0.8883744478225708,
      "warm_color_ratio": 0.06638909224011713,
      "cool_color_ratio": 0.002133281478770132,
      "complementary_color_score": 2.7222222222222223
    },
    "motion_dynamics": {
      "s_curve_count": 118,
      "motion_blur_score": 13.621076807635077,
      "dominant_direction_deg": 4.999999999999995,
      "direction_strength": 0.23779511346930535
    },
    "pattern_rhythm": {
      "repetition_score": 1.0,
      "rhythm_score": 1.0,
      "pattern_breaks": 3
    },
    "visual_mass_focus": {
      "point_of_interest": {
        "x": 0.802734375,
        "y": 0.9253294289897511,
        "strength": 1.0
      },
      "visual_mass_concentration": 0.1995418878111274,
      "mean_visual_weight": 0.06298989802598953,
      "face_count": 0,
      "has_directional_cues": 0
    },
    "framing_breathing": {
      "frame_in_frame_count": 0,
      "breathing_space": {
        "top": 0.8448023426061494,
        "bottom": 0.036603221083455345,
        "left": 0.67578125,
        "right": 0.07421875,
        "min_margin": 0.036603221083455345,
        "mean_margin": 0.4078513909224012
      },
      "corner_anchors": {
        "top_left": 0.12786562740802765,
        "top_right": 0.06964078545570374,
        "bottom_left": 0.2599320113658905,
        "bottom_right": 0.335918664932251,
        "max_corner_weight": 0.335918664932251,
        "has_corner_subject": 1
      }
    }
  }
}