{
  "meta": {
    "_dataset": "tvm board - Nov 22nd 2025 (5060 images)",
    "_label": "",
    "_relpath": "2333. .jpg",
    "_filename": "2333. .jpg",
    "_width": 750,
    "_height": 922
  },
  "features": {
    "geometric_structural": {
      "leading_lines": {
        "diagonal": 11,
        "vertical": 16,
        "horizontal": 4,
        "curved": 197
      },
      "leading_lines_strength": 0.3624801271860095,
      "symmetry_vertical": 0.27960764172959657,
      "symmetry_horizontal": 0.3614906371297522,
      "symmetry_radial": 0.20340640224292258,
      "rule_of_thirds": {
        "alignment_score": 2,
        "num_salient_objects": 41
      },
      "golden_ratio": {
        "golden_alignment_score": 2
      },
      "balance": {
        "static_balance": 0.7706265449523926,
        "dynamic_balance": 1.0,
        "dominant_quadrant": 2
      },
      "layering": {
        "foreground_ratio": 0.3042031001589825,
        "midground_ratio": 0.2493168720190779,
        "background_ratio": 0.4464800278219396,
        "depth_complexity": 0.5741609973499286
      }
    },
    "spatial_layout": {
      "negative_space_ratio": 0.8502490312003179,
      "subject_isolation": 0.1000006210254372,
      "depth_of_field": {
        "blur_gradient_strength": 446.9594618493873,
        "sharpness_variance": 443372.1030356194,
        "min_sharpness": 1.7054978854286815,
        "max_sharpness": 3501.049043184378
      },
      "perspective": {
        "has_vanishing_point": 1,
        "perspective_strength": 0.9993273542600897
      }
    },
    "contrast_color": {
      "high_contrast_ratio": 0.4074641047297297,
      "low_contrast_ratio": 0.5925358952702703,
      "mean_contrast": 26.519184112548828,
      "highlight_ratio": 0.061683353036642075,
      "shadow_ratio": 0.1475214809179306,
      "midtone_ratio": 0.7907951474189758,
      "warm_color_ratio": 0.8132824920508744,
      "cool_color_ratio": 0.0004440331875993641,
      "complementary_color_score": 2.7222222222222223
    },
    "motion_dynamics": {
      "s_curve_count": 233,
      "motion_blur_score": 7.260486453941396,
      "dominant_direction_deg": 4.999999999999995,
      "direction_strength": 0.10744050576278244
    },
    "pattern_rhythm": {
      "repetition_score": 1.0,
      "rhythm_score": 1.0,
      "pattern_breaks": 25
    },
    "visual_mass_focus": {
      "point_of_interest": {
        "x": 0.16015625,
        "y": 0.7821939586645469,
        "strength": 1.0
      },
      "visual_mass_concentration": 0.19931190381558028,
      "mean_visual_weight": 0.18449905514717102,
      "face_count": 0,
      "has_directional_cues": 0
    },
    "framing_breathing": {
      "frame_in_frame_count": 0,
      "breathing_space": {
        "top": 0.7265500794912559,
        "bottom": 0.11287758346581876,
        "left": 0.146484375,
        "right": 0.724609375,
        "min_margin": 0.11287758346581876,
        "mean_margin": 0.4276303532392687
      },
      "corner_anchors": {
        "top_left": 0.06352396309375763,
        "top_right": 0.0718100294470787,
        "bottom_left": 0.566440999507904,
        "bottom_right": 0.35645046830177307,
        "max_corner_weight": 0.566440999507904,
        "has_corner_subject": 1
      }
    }
  }
}