{
  "meta": {
    "_dataset": "tvm board - Nov 22nd 2025 (5060 images)",
    "_label": "",
    "_relpath": "2341. .jpg",
    "_filename": "2341. .jpg",
    "_width": 1169,
    "_height": 1450
  },
  "features": {
    "geometric_structural": {
      "leading_lines": {
        "diagonal": 0,
        "vertical": 39,
        "horizontal": 0,
        "curved": 57
      },
      "leading_lines_strength": 0.15118110236220472,
      "symmetry_vertical": 0.22871255039446817,
      "symmetry_horizontal": 0.2884360917172051,
      "symmetry_radial": 0.17988252885665182,
      "rule_of_thirds": {
        "alignment_score": 1,
        "num_salient_objects": 26
      },
      "golden_ratio": {
        "golden_alignment_score": 4
      },
      "balance": {
        "static_balance": 0.9649558067321777,
        "dynamic_balance": 1.0,
        "dominant_quadrant": 0
      },
      "layering": {
        "foreground_ratio": 0.31699680118110235,
        "midground_ratio": 0.2583507627952756,
        "background_ratio": 0.42465243602362207,
        "depth_complexity": 0.6609342260526395
      }
    },
    "spatial_layout": {
      "negative_space_ratio": 0.44825910433070865,
      "subject_isolation": 0.1,
      "depth_of_field": {
        "blur_gradient_strength": 533.4769742862878,
        "sharpness_variance": 931664.3529122322,
        "min_sharpness": 5.705576559546317,
        "max_sharpness": 8193.560586891654
      },
      "perspective": {
        "has_vanishing_point": 1,
        "perspective_strength": 0.9814293753517164
      }
    },
    "contrast_color": {
      "high_contrast_ratio": 0.3719272883858268,
      "low_contrast_ratio": 0.6280727116141732,
      "mean_contrast": 27.498191833496094,
      "highlight_ratio": 0.12117987126111984,
      "shadow_ratio": 0.07336368411779404,
      "midtone_ratio": 0.8054564595222473,
      "warm_color_ratio": 0.8888041338582677,
      "cool_color_ratio": 0.006016240157480315,
      "complementary_color_score": 1.7777777777777777
    },
    "motion_dynamics": {
      "s_curve_count": 135,
      "motion_blur_score": 13.268370476793361,
      "dominant_direction_deg": 175.0,
      "direction_strength": 0.14968626968457896
    },
    "pattern_rhythm": {
      "repetition_score": 1.0,
      "rhythm_score": 1.0,
      "pattern_breaks": 7
    },
    "visual_mass_focus": {
      "point_of_interest": {
        "x": 0.3671875,
        "y": 0.47401574803149604,
        "strength": 1.0
      },
      "visual_mass_concentration": 0.19994771161417324,
      "mean_visual_weight": 0.23927158117294312,
      "face_count": 0,
      "has_directional_cues": 0
    },
    "framing_breathing": {
      "frame_in_frame_count": 0,
      "breathing_space": {
        "top": 0.5748031496062992,
        "bottom": 0.0,
        "left": 0.4609375,
        "right": 0.0,
        "min_margin": 0.0,
        "mean_margin": 0.25893516240157477
      },
      "corner_anchors": {
        "top_left": 0.30395662784576416,
        "top_right": 0.3470287621021271,
        "bottom_left": 0.49710339307785034,
        "bottom_right": 0.5787727236747742,
        "max_corner_weight": 0.5787727236747742,
        "has_corner_subject": 1
      }
    }
  }
}