{
  "meta": {
    "_dataset": "tvm board - Nov 22nd 2025 (5060 images)",
    "_label": "",
    "_relpath": "2337. .jpg",
    "_filename": "2337. .jpg",
    "_width": 427,
    "_height": 640
  },
  "features": {
    "geometric_structural": {
      "leading_lines": {
        "diagonal": 0,
        "vertical": 13,
        "horizontal": 33,
        "curved": 197
      },
      "leading_lines_strength": 0.31681877444589307,
      "symmetry_vertical": 0.4147006532081938,
      "symmetry_horizontal": 0.3428853113183202,
      "symmetry_radial": 0.22806671899688036,
      "rule_of_thirds": {
        "alignment_score": 3,
        "num_salient_objects": 42
      },
      "golden_ratio": {
        "golden_alignment_score": 5
      },
      "balance": {
        "static_balance": 0.8341760039329529,
        "dynamic_balance": 1.0,
        "dominant_quadrant": 2
      },
      "layering": {
        "foreground_ratio": 0.29494224657757495,
        "midground_ratio": 0.22958258637548892,
        "background_ratio": 0.4754751670469361,
        "depth_complexity": 0.582934467121395
      }
    },
    "spatial_layout": {
      "negative_space_ratio": 0.3342161016949153,
      "subject_isolation": 0.10000152786831812,
      "depth_of_field": {
        "blur_gradient_strength": 574.7221672830782,
        "sharpness_variance": 597828.8694079875,
        "min_sharpness": 1.6843508419040323,
        "max_sharpness": 5445.383183736892
      },
      "perspective": {
        "has_vanishing_point": 1,
        "perspective_strength": 0.9979968840418428
      }
    },
    "contrast_color": {
      "high_contrast_ratio": 0.3515548606584094,
      "low_contrast_ratio": 0.6484451393415906,
      "mean_contrast": 20.80080223083496,
      "highlight_ratio": 0.0951530933380127,
      "shadow_ratio": 0.17144465446472168,
      "midtone_ratio": 0.7334022521972656,
      "warm_color_ratio": 0.6852794980443285,
      "cool_color_ratio": 0.0003183058996088657,
      "complementary_color_score": 2.2777777777777777
    },
    "motion_dynamics": {
      "s_curve_count": 202,
      "motion_blur_score": 10.962779109236667,
      "dominant_direction_deg": 4.999999999999995,
      "direction_strength": 0.10688712108838493
    },
    "pattern_rhythm": {
      "repetition_score": 1.0,
      "rhythm_score": 1.0,
      "pattern_breaks": 24
    },
    "visual_mass_focus": {
      "point_of_interest": {
        "x": 0.23046875,
        "y": 0.7770534550195567,
        "strength": 1.0
      },
      "visual_mass_concentration": 0.1999011978487614,
      "mean_visual_weight": 0.1429845690727234,
      "face_count": 0,
      "has_directional_cues": 0
    },
    "framing_breathing": {
      "frame_in_frame_count": 0,
      "breathing_space": {
        "top": 0.6101694915254238,
        "bottom": 0.0,
        "left": 0.0,
        "right": 0.0,
        "min_margin": 0.0,
        "mean_margin": 0.15254237288135594
      },
      "corner_anchors": {
        "top_left": 0.23536957800388336,
        "top_right": 0.12483532726764679,
        "bottom_left": 0.6240084171295166,
        "bottom_right": 0.5598575472831726,
        "max_corner_weight": 0.6240084171295166,
        "has_corner_subject": 1
      }
    }
  }
}