{
  "meta": {
    "_dataset": "tvm board - Nov 22nd 2025 (5060 images)",
    "_label": "",
    "_relpath": "2353. .jpg",
    "_filename": "2353. .jpg",
    "_width": 667,
    "_height": 1000
  },
  "features": {
    "geometric_structural": {
      "leading_lines": {
        "diagonal": 0,
        "vertical": 0,
        "horizontal": 13,
        "curved": 53
      },
      "leading_lines_strength": 0.0859375,
      "symmetry_vertical": 0.48965466348935954,
      "symmetry_horizontal": 0.48010399258118314,
      "symmetry_radial": 0.39259717513868236,
      "rule_of_thirds": {
        "alignment_score": 0,
        "num_salient_objects": 16
      },
      "golden_ratio": {
        "golden_alignment_score": 3
      },
      "balance": {
        "static_balance": 0.7433692812919617,
        "dynamic_balance": 1.0,
        "dominant_quadrant": 3
      },
      "layering": {
        "foreground_ratio": 0.24011993408203125,
        "midground_ratio": 0.2780049641927083,
        "background_ratio": 0.48187510172526044,
        "depth_complexity": 0.10559806315011035
      }
    },
    "spatial_layout": {
      "negative_space_ratio": 0.37475331624348956,
      "subject_isolation": 0.10000101725260417,
      "depth_of_field": {
        "blur_gradient_strength": 90.31803614884369,
        "sharpness_variance": 14826.75557393857,
        "min_sharpness": 8.4278350340219,
        "max_sharpness": 608.5259515570933
      },
      "perspective": {
        "has_vanishing_point": 1,
        "perspective_strength": 0.5659955257270693
      }
    },
    "contrast_color": {
      "high_contrast_ratio": 0.320098876953125,
      "low_contrast_ratio": 0.679901123046875,
      "mean_contrast": 16.431676864624023,
      "highlight_ratio": 0.00011698404705384746,
      "shadow_ratio": 0.07455698400735855,
      "midtone_ratio": 0.9253259897232056,
      "warm_color_ratio": 0.9785181681315104,
      "cool_color_ratio": 0.0,
      "complementary_color_score": 0.0
    },
    "motion_dynamics": {
      "s_curve_count": 100,
      "motion_blur_score": 12.59489398149985,
      "dominant_direction_deg": -85.0,
      "direction_strength": 0.04909006754544807
    },
    "pattern_rhythm": {
      "repetition_score": 1.0,
      "rhythm_score": 1.0,
      "pattern_breaks": 5
    },
    "visual_mass_focus": {
      "point_of_interest": {
        "x": 0.66015625,
        "y": 0.5911458333333334,
        "strength": 1.0
      },
      "visual_mass_concentration": 0.1988042195638021,
      "mean_visual_weight": 0.22676517069339752,
      "face_count": 0,
      "has_directional_cues": 0
    },
    "framing_breathing": {
      "frame_in_frame_count": 0,
      "breathing_space": {
        "top": 0.5026041666666666,
        "bottom": 0.18359375,
        "left": 0.375,
        "right": 0.029296875,
        "min_margin": 0.029296875,
        "mean_margin": 0.27262369791666663
      },
      "corner_anchors": {
        "top_left": 0.11444100737571716,
        "top_right": 0.19529402256011963,
        "bottom_left": 0.374687522649765,
        "bottom_right": 0.4584828317165375,
        "max_corner_weight": 0.4584828317165375,
        "has_corner_subject": 1
      }
    }
  }
}