{
  "meta": {
    "_dataset": "tvm board - Nov 22nd 2025 (5060 images)",
    "_label": "",
    "_relpath": "2366. .jpg",
    "_filename": "2366. .jpg",
    "_width": 721,
    "_height": 1080
  },
  "features": {
    "geometric_structural": {
      "leading_lines": {
        "diagonal": 32,
        "vertical": 8,
        "horizontal": 0,
        "curved": 275
      },
      "leading_lines_strength": 0.4106910039113429,
      "symmetry_vertical": 0.19220440368102093,
      "symmetry_horizontal": 0.1975675869610887,
      "symmetry_radial": 0.13992126870035587,
      "rule_of_thirds": {
        "alignment_score": 4,
        "num_salient_objects": 39
      },
      "golden_ratio": {
        "golden_alignment_score": 8
      },
      "balance": {
        "static_balance": 0.8446105718612671,
        "dynamic_balance": 1.0,
        "dominant_quadrant": 2
      },
      "layering": {
        "foreground_ratio": 0.29248747147979137,
        "midground_ratio": 0.28589726613428945,
        "background_ratio": 0.4216152623859192,
        "depth_complexity": 0.4353334579242701
      }
    },
    "spatial_layout": {
      "negative_space_ratio": 0.6186924502933507,
      "subject_isolation": 0.10000152786831812,
      "depth_of_field": {
        "blur_gradient_strength": 1579.7096024144462,
        "sharpness_variance": 8966185.391507922,
        "min_sharpness": 9.063817911692498,
        "max_sharpness": 18450.037389465593
      },
      "perspective": {
        "has_vanishing_point": 1,
        "perspective_strength": 0.9984620642515379
      }
    },
    "contrast_color": {
      "high_contrast_ratio": 0.4527226613428944,
      "low_contrast_ratio": 0.5472773386571056,
      "mean_contrast": 32.07267379760742,
      "highlight_ratio": 0.004244927316904068,
      "shadow_ratio": 0.2908373773097992,
      "midtone_ratio": 0.7049176692962646,
      "warm_color_ratio": 0.8774547750977836,
      "cool_color_ratio": 6.111473272490222e-05,
      "complementary_color_score": 2.6666666666666665
    },
    "motion_dynamics": {
      "s_curve_count": 322,
      "motion_blur_score": 6.942947043610549,
      "dominant_direction_deg": 4.999999999999995,
      "direction_strength": 0.04396186440666772
    },
    "pattern_rhythm": {
      "repetition_score": 1.0,
      "rhythm_score": 1.0,
      "pattern_breaks": 16
    },
    "visual_mass_focus": {
      "point_of_interest": {
        "x": 0.478515625,
        "y": 0.6857887874837028,
        "strength": 1.0
      },
      "visual_mass_concentration": 0.19997504481747067,
      "mean_visual_weight": 0.17965032160282135,
      "face_count": 0,
      "has_directional_cues": 0
    },
    "framing_breathing": {
      "frame_in_frame_count": 0,
      "breathing_space": {
        "top": 0.4954367666232073,
        "bottom": 0.13428943937418514,
        "left": 0.0,
        "right": 0.154296875,
        "min_margin": 0.0,
        "mean_margin": 0.19600577024934812
      },
      "corner_anchors": {
        "top_left": 0.26093590259552,
        "top_right": 0.2010500729084015,
        "bottom_left": 0.3530735969543457,
        "bottom_right": 0.3459641635417938,
        "max_corner_weight": 0.3530735969543457,
        "has_corner_subject": 1
      }
    }
  }
}