{
  "meta": {
    "_dataset": "tvm board - Nov 22nd 2025 (5060 images)",
    "_label": "",
    "_relpath": "2375. .jpg",
    "_filename": "2375. .jpg",
    "_width": 400,
    "_height": 400
  },
  "features": {
    "geometric_structural": {
      "leading_lines": {
        "diagonal": 14,
        "vertical": 3,
        "horizontal": 1,
        "curved": 162
      },
      "leading_lines_strength": 0.3515625,
      "symmetry_vertical": 0.2522930970955402,
      "symmetry_horizontal": 0.28976706374188366,
      "symmetry_radial": 0.2540320494149874,
      "rule_of_thirds": {
        "alignment_score": 0,
        "num_salient_objects": 8
      },
      "golden_ratio": {
        "golden_alignment_score": 3
      },
      "balance": {
        "static_balance": 0.932616114616394,
        "dynamic_balance": 1.0,
        "dominant_quadrant": 2
      },
      "layering": {
        "foreground_ratio": 0.3072319030761719,
        "midground_ratio": 0.2525482177734375,
        "background_ratio": 0.4402198791503906,
        "depth_complexity": 0.3040258760119177
      }
    },
    "spatial_layout": {
      "negative_space_ratio": 0.5014228820800781,
      "subject_isolation": 0.10000228881835938,
      "depth_of_field": {
        "blur_gradient_strength": 237.20783896334228,
        "sharpness_variance": 73503.08886825558,
        "min_sharpness": 14.0,
        "max_sharpness": 1628.2187620146099
      },
      "perspective": {
        "has_vanishing_point": 1,
        "perspective_strength": 0.9935594675826535
      }
    },
    "contrast_color": {
      "high_contrast_ratio": 0.5079689025878906,
      "low_contrast_ratio": 0.4920310974121094,
      "mean_contrast": 26.299163818359375,
      "highlight_ratio": 0.2763671875,
      "shadow_ratio": 0.031646728515625,
      "midtone_ratio": 0.691986083984375,
      "warm_color_ratio": 0.48903656005859375,
      "cool_color_ratio": 0.001201629638671875,
      "complementary_color_score": 2.0
    },
    "motion_dynamics": {
      "s_curve_count": 172,
      "motion_blur_score": 11.948820165983577,
      "dominant_direction_deg": 4.999999999999995,
      "direction_strength": 0.03977203369125453
    },
    "pattern_rhythm": {
      "repetition_score": 1.0,
      "rhythm_score": 1.0,
      "pattern_breaks": 3
    },
    "visual_mass_focus": {
      "point_of_interest": {
        "x": 0.556640625,
        "y": 0.6171875,
        "strength": 1.0
      },
      "visual_mass_concentration": 0.19968795776367188,
      "mean_visual_weight": 0.10608121007680893,
      "face_count": 0,
      "has_directional_cues": 0
    },
    "framing_breathing": {
      "frame_in_frame_count": 0,
      "breathing_space": {
        "top": 0.427734375,
        "bottom": 0.376953125,
        "left": 0.53125,
        "right": 0.32421875,
        "min_margin": 0.32421875,
        "mean_margin": 0.4150390625
      },
      "corner_anchors": {
        "top_left": 0.40888115763664246,
        "top_right": 0.2670115530490875,
        "bottom_left": 0.4284771680831909,
        "bottom_right": 0.3899344801902771,
        "max_corner_weight": 0.4284771680831909,
        "has_corner_subject": 1
      }
    }
  }
}