{
  "meta": {
    "_dataset": "tvm board - Nov 22nd 2025 (5060 images)",
    "_label": "",
    "_relpath": "2384. \ud83e\udd0d.jpg",
    "_filename": "2384. \ud83e\udd0d.jpg",
    "_width": 750,
    "_height": 963
  },
  "features": {
    "geometric_structural": {
      "leading_lines": {
        "diagonal": 109,
        "vertical": 43,
        "horizontal": 6,
        "curved": 502
      },
      "leading_lines_strength": 1.004566210045662,
      "symmetry_vertical": 0.1550616611614499,
      "symmetry_horizontal": 0.14032927107230833,
      "symmetry_radial": 0.0952088896673647,
      "rule_of_thirds": {
        "alignment_score": 1,
        "num_salient_objects": 76
      },
      "golden_ratio": {
        "golden_alignment_score": 2
      },
      "balance": {
        "static_balance": 0.8601640462875366,
        "dynamic_balance": 1.0,
        "dominant_quadrant": 3
      },
      "layering": {
        "foreground_ratio": 0.3354083428462709,
        "midground_ratio": 0.2994078196347032,
        "background_ratio": 0.3651838375190259,
        "depth_complexity": 1.492975752296183
      }
    },
    "spatial_layout": {
      "negative_space_ratio": 0.3300365058980213,
      "subject_isolation": 0.10000178367579908,
      "depth_of_field": {
        "blur_gradient_strength": 1094.0912146180092,
        "sharpness_variance": 2232101.036660748,
        "min_sharpness": 16.074540371462067,
        "max_sharpness": 7637.212788799624
      },
      "perspective": {
        "has_vanishing_point": 1,
        "perspective_strength": 0.9991815139069556
      }
    },
    "contrast_color": {
      "high_contrast_ratio": 0.475759845890411,
      "low_contrast_ratio": 0.524240154109589,
      "mean_contrast": 27.654918670654297,
      "highlight_ratio": 0.06496147066354752,
      "shadow_ratio": 0.0861545130610466,
      "midtone_ratio": 0.8488839864730835,
      "warm_color_ratio": 0.8898312642694064,
      "cool_color_ratio": 0.0,
      "complementary_color_score": 0.0
    },
    "motion_dynamics": {
      "s_curve_count": 456,
      "motion_blur_score": 8.205201066068144,
      "dominant_direction_deg": 4.999999999999995,
      "direction_strength": 0.0481681649541947
    },
    "pattern_rhythm": {
      "repetition_score": 1.0,
      "rhythm_score": 1.0,
      "pattern_breaks": 13
    },
    "visual_mass_focus": {
      "point_of_interest": {
        "x": 0.712890625,
        "y": 0.7747336377473364,
        "strength": 1.0
      },
      "visual_mass_concentration": 0.19985790049467275,
      "mean_visual_weight": 0.22614580392837524,
      "face_count": 0,
      "has_directional_cues": 0
    },
    "framing_breathing": {
      "frame_in_frame_count": 0,
      "breathing_space": {
        "top": 0.6301369863013698,
        "bottom": 0.0,
        "left": 0.4296875,
        "right": 0.0,
        "min_margin": 0.0,
        "mean_margin": 0.26495612157534243
      },
      "corner_anchors": {
        "top_left": 0.2322222739458084,
        "top_right": 0.2513967752456665,
        "bottom_left": 0.3947456181049347,
        "bottom_right": 0.8573113083839417,
        "max_corner_weight": 0.8573113083839417,
        "has_corner_subject": 1
      }
    }
  }
}