{
  "meta": {
    "_dataset": "tvm board - Nov 22nd 2025 (5060 images)",
    "_label": "",
    "_relpath": "2405. .jpg",
    "_filename": "2405. .jpg",
    "_width": 2860,
    "_height": 3523
  },
  "features": {
    "geometric_structural": {
      "leading_lines": {
        "diagonal": 0,
        "vertical": 2,
        "horizontal": 3,
        "curved": 83
      },
      "leading_lines_strength": 0.13946117274167988,
      "symmetry_vertical": 0.47624152671391945,
      "symmetry_horizontal": 0.29991283722556256,
      "symmetry_radial": 0.2880435575240247,
      "rule_of_thirds": {
        "alignment_score": 0,
        "num_salient_objects": 1
      },
      "golden_ratio": {
        "golden_alignment_score": 0
      },
      "balance": {
        "static_balance": 0.8923426270484924,
        "dynamic_balance": 1.0,
        "dominant_quadrant": 1
      },
      "layering": {
        "foreground_ratio": 0.3251504308637084,
        "midground_ratio": 0.33255435320919174,
        "background_ratio": 0.3422952159270998,
        "depth_complexity": 0.20901995325025627
      }
    },
    "spatial_layout": {
      "negative_space_ratio": 0.8195851079635499,
      "subject_isolation": 0.1000024762282092,
      "depth_of_field": {
        "blur_gradient_strength": 76.45347277533794,
        "sharpness_variance": 12383.66587780799,
        "min_sharpness": 64.79744977274143,
        "max_sharpness": 760.6113391161623
      },
      "perspective": {
        "has_vanishing_point": 1,
        "perspective_strength": 0.8611111111111112
      }
    },
    "contrast_color": {
      "high_contrast_ratio": 0.4437431903724247,
      "low_contrast_ratio": 0.5562568096275753,
      "mean_contrast": 16.447097778320312,
      "highlight_ratio": 0.01816003955900669,
      "shadow_ratio": 0.592137336730957,
      "midtone_ratio": 0.38970261812210083,
      "warm_color_ratio": 0.6310574732567353,
      "cool_color_ratio": 0.044442105784469096,
      "complementary_color_score": 0.7222222222222222
    },
    "motion_dynamics": {
      "s_curve_count": 102,
      "motion_blur_score": 8.885837901653389,
      "dominant_direction_deg": 95.0,
      "direction_strength": 0.039139882131416094
    },
    "pattern_rhythm": {
      "repetition_score": 1.0,
      "rhythm_score": 1.0,
      "pattern_breaks": 1
    },
    "visual_mass_focus": {
      "point_of_interest": {
        "x": 0.541015625,
        "y": 0.13153724247226625,
        "strength": 1.0
      },
      "visual_mass_concentration": 0.19975732963549922,
      "mean_visual_weight": 0.17761364579200745,
      "face_count": 0,
      "has_directional_cues": 0
    },
    "framing_breathing": {
      "frame_in_frame_count": 0,
      "breathing_space": {
        "top": 0.07765451664025357,
        "bottom": 0.7068145800316957,
        "left": 0.44921875,
        "right": 0.380859375,
        "min_margin": 0.07765451664025357,
        "mean_margin": 0.4036368054179873
      },
      "corner_anchors": {
        "top_left": 0.15275996923446655,
        "top_right": 0.13689950108528137,
        "bottom_left": 0.09106583148241043,
        "bottom_right": 0.08885747939348221,
        "max_corner_weight": 0.15275996923446655,
        "has_corner_subject": 0
      }
    }
  }
}