{
  "meta": {
    "_dataset": "tvm board - Nov 22nd 2025 (5060 images)",
    "_label": "",
    "_relpath": "2409. .jpg",
    "_filename": "2409. .jpg",
    "_width": 634,
    "_height": 900
  },
  "features": {
    "geometric_structural": {
      "leading_lines": {
        "diagonal": 80,
        "vertical": 15,
        "horizontal": 0,
        "curved": 517
      },
      "leading_lines_strength": 0.8418156808803301,
      "symmetry_vertical": 0.2586585691424982,
      "symmetry_horizontal": 0.1448655182823862,
      "symmetry_radial": 0.18246152100945726,
      "rule_of_thirds": {
        "alignment_score": 1,
        "num_salient_objects": 6
      },
      "golden_ratio": {
        "golden_alignment_score": 2
      },
      "balance": {
        "static_balance": 0.9350559711456299,
        "dynamic_balance": 1.0,
        "dominant_quadrant": 1
      },
      "layering": {
        "foreground_ratio": 0.3131420864855571,
        "midground_ratio": 0.25017731258596976,
        "background_ratio": 0.43668060092847316,
        "depth_complexity": 0.8750637929222588
      }
    },
    "spatial_layout": {
      "negative_space_ratio": 0.8271766463204951,
      "subject_isolation": 0.10000161193259972,
      "depth_of_field": {
        "blur_gradient_strength": 696.873974372267,
        "sharpness_variance": 1603978.2414998102,
        "min_sharpness": 0.0392156862745098,
        "max_sharpness": 6740.680813770353
      },
      "perspective": {
        "has_vanishing_point": 1,
        "perspective_strength": 0.9986619878316629
      }
    },
    "contrast_color": {
      "high_contrast_ratio": 0.40720641334250346,
      "low_contrast_ratio": 0.5927935866574965,
      "mean_contrast": 19.50664710998535,
      "highlight_ratio": 0.007739963009953499,
      "shadow_ratio": 0.8040534853935242,
      "midtone_ratio": 0.18820655345916748,
      "warm_color_ratio": 0.9108278885832187,
      "cool_color_ratio": 0.016868874656121045,
      "complementary_color_score": 2.611111111111111
    },
    "motion_dynamics": {
      "s_curve_count": 402,
      "motion_blur_score": 4.042446851540015,
      "dominant_direction_deg": 4.999999999999995,
      "direction_strength": 0.23549260660184326
    },
    "pattern_rhythm": {
      "repetition_score": 1.0,
      "rhythm_score": 1.0,
      "pattern_breaks": 2
    },
    "visual_mass_focus": {
      "point_of_interest": {
        "x": 0.580078125,
        "y": 0.37551581843191195,
        "strength": 1.0
      },
      "visual_mass_concentration": 0.19993874656121047,
      "mean_visual_weight": 0.14785116910934448,
      "face_count": 0,
      "has_directional_cues": 0
    },
    "framing_breathing": {
      "frame_in_frame_count": 0,
      "breathing_space": {
        "top": 0.30674002751031637,
        "bottom": 0.6313617606602476,
        "left": 0.576171875,
        "right": 0.341796875,
        "min_margin": 0.30674002751031637,
        "mean_margin": 0.464017634542641
      },
      "corner_anchors": {
        "top_left": 0.13353130221366882,
        "top_right": 0.13148555159568787,
        "bottom_left": 0.09111013263463974,
        "bottom_right": 0.059384968131780624,
        "max_corner_weight": 0.13353130221366882,
        "has_corner_subject": 0
      }
    }
  }
}