{
  "meta": {
    "_dataset": "tvm board - Nov 22nd 2025 (5060 images)",
    "_label": "",
    "_relpath": "2431. .jpg",
    "_filename": "2431. .jpg",
    "_width": 700,
    "_height": 1050
  },
  "features": {
    "geometric_structural": {
      "leading_lines": {
        "diagonal": 94,
        "vertical": 111,
        "horizontal": 0,
        "curved": 633
      },
      "leading_lines_strength": 1.0911458333333333,
      "symmetry_vertical": 0.14849760219516192,
      "symmetry_horizontal": 0.18131050784501843,
      "symmetry_radial": 0.12686822724129196,
      "rule_of_thirds": {
        "alignment_score": 0,
        "num_salient_objects": 4
      },
      "golden_ratio": {
        "golden_alignment_score": 1
      },
      "balance": {
        "static_balance": 0.9203367233276367,
        "dynamic_balance": 1.0,
        "dominant_quadrant": 0
      },
      "layering": {
        "foreground_ratio": 0.3370157877604167,
        "midground_ratio": 0.312103271484375,
        "background_ratio": 0.3508809407552083,
        "depth_complexity": 0.806065528321953
      }
    },
    "spatial_layout": {
      "negative_space_ratio": 0.6175537109375,
      "subject_isolation": 0.10000101725260417,
      "depth_of_field": {
        "blur_gradient_strength": 439.6148346911361,
        "sharpness_variance": 503326.49605565076,
        "min_sharpness": 2.176086120722799,
        "max_sharpness": 3720.5219838996654
      },
      "perspective": {
        "has_vanishing_point": 1,
        "perspective_strength": 0.9996167303388845
      }
    },
    "contrast_color": {
      "high_contrast_ratio": 0.41127777099609375,
      "low_contrast_ratio": 0.5887222290039062,
      "mean_contrast": 18.833084106445312,
      "highlight_ratio": 0.001312255859375,
      "shadow_ratio": 0.69720458984375,
      "midtone_ratio": 0.301483154296875,
      "warm_color_ratio": 0.8551381429036459,
      "cool_color_ratio": 0.1338017781575521,
      "complementary_color_score": 2.3333333333333335
    },
    "motion_dynamics": {
      "s_curve_count": 515,
      "motion_blur_score": 3.952612602045344,
      "dominant_direction_deg": 4.999999999999995,
      "direction_strength": 0.0477498372394619
    },
    "pattern_rhythm": {
      "repetition_score": 1.0,
      "rhythm_score": 1.0,
      "pattern_breaks": 1
    },
    "visual_mass_focus": {
      "point_of_interest": {
        "x": 0.3828125,
        "y": 0.4244791666666667,
        "strength": 1.0
      },
      "visual_mass_concentration": 0.199737548828125,
      "mean_visual_weight": 0.1750546246767044,
      "face_count": 0,
      "has_directional_cues": 0
    },
    "framing_breathing": {
      "frame_in_frame_count": 0,
      "breathing_space": {
        "top": 0.40234375,
        "bottom": 0.546875,
        "left": 0.373046875,
        "right": 0.552734375,
        "min_margin": 0.373046875,
        "mean_margin": 0.46875
      },
      "corner_anchors": {
        "top_left": 0.138987734913826,
        "top_right": 0.145292729139328,
        "bottom_left": 0.07985901832580566,
        "bottom_right": 0.12490884959697723,
        "max_corner_weight": 0.145292729139328,
        "has_corner_subject": 0
      }
    }
  }
}