{
  "meta": {
    "_dataset": "tvm board - Nov 22nd 2025 (5060 images)",
    "_label": "",
    "_relpath": "2427. .jpg",
    "_filename": "2427. .jpg",
    "_width": 1280,
    "_height": 1920
  },
  "features": {
    "geometric_structural": {
      "leading_lines": {
        "diagonal": 0,
        "vertical": 1,
        "horizontal": 0,
        "curved": 379
      },
      "leading_lines_strength": 0.4947916666666667,
      "symmetry_vertical": 0.2891467702361468,
      "symmetry_horizontal": 0.28502403890987005,
      "symmetry_radial": 0.22231002758580407,
      "rule_of_thirds": {
        "alignment_score": 3,
        "num_salient_objects": 19
      },
      "golden_ratio": {
        "golden_alignment_score": 4
      },
      "balance": {
        "static_balance": 0.9649448394775391,
        "dynamic_balance": 1.0,
        "dominant_quadrant": 3
      },
      "layering": {
        "foreground_ratio": 0.28251393636067706,
        "midground_ratio": 0.29830169677734375,
        "background_ratio": 0.4191843668619792,
        "depth_complexity": 0.8304666413614112
      }
    },
    "spatial_layout": {
      "negative_space_ratio": 0.9354451497395834,
      "subject_isolation": 0.10000101725260417,
      "depth_of_field": {
        "blur_gradient_strength": 1244.004505541253,
        "sharpness_variance": 3997153.3775114734,
        "min_sharpness": 7.1595540176855055,
        "max_sharpness": 17572.990217437735
      },
      "perspective": {
        "has_vanishing_point": 1,
        "perspective_strength": 0.9935794542536116
      }
    },
    "contrast_color": {
      "high_contrast_ratio": 0.34720611572265625,
      "low_contrast_ratio": 0.6527938842773438,
      "mean_contrast": 21.949857711791992,
      "highlight_ratio": 0.01674906350672245,
      "shadow_ratio": 0.8689956665039062,
      "midtone_ratio": 0.11425524950027466,
      "warm_color_ratio": 0.8624827067057291,
      "cool_color_ratio": 0.03287506103515625,
      "complementary_color_score": 2.0
    },
    "motion_dynamics": {
      "s_curve_count": 301,
      "motion_blur_score": 3.094262893996815,
      "dominant_direction_deg": 4.999999999999995,
      "direction_strength": 0.06313832600895401
    },
    "pattern_rhythm": {
      "repetition_score": 1.0,
      "rhythm_score": 1.0,
      "pattern_breaks": 7
    },
    "visual_mass_focus": {
      "point_of_interest": {
        "x": 0.361328125,
        "y": 0.6067708333333334,
        "strength": 1.0
      },
      "visual_mass_concentration": 0.1999028523763021,
      "mean_visual_weight": 0.11446359008550644,
      "face_count": 0,
      "has_directional_cues": 0
    },
    "framing_breathing": {
      "frame_in_frame_count": 0,
      "breathing_space": {
        "top": 0.3229166666666667,
        "bottom": 0.58984375,
        "left": 0.083984375,
        "right": 0.720703125,
        "min_margin": 0.083984375,
        "mean_margin": 0.4293619791666667
      },
      "corner_anchors": {
        "top_left": 0.12381953001022339,
        "top_right": 0.07871228456497192,
        "bottom_left": 0.09681444615125656,
        "bottom_right": 0.08784038573503494,
        "max_corner_weight": 0.12381953001022339,
        "has_corner_subject": 0
      }
    }
  }
}