{
  "meta": {
    "_dataset": "tvm board - Nov 22nd 2025 (5060 images)",
    "_label": "",
    "_relpath": "2440. Home for.jpg",
    "_filename": "2440. Home for.jpg",
    "_width": 1200,
    "_height": 1800
  },
  "features": {
    "geometric_structural": {
      "leading_lines": {
        "diagonal": 15,
        "vertical": 2,
        "horizontal": 31,
        "curved": 242
      },
      "leading_lines_strength": 0.3776041666666667,
      "symmetry_vertical": 0.4822798046137629,
      "symmetry_horizontal": 0.28564383999666376,
      "symmetry_radial": 0.2224465047301302,
      "rule_of_thirds": {
        "alignment_score": 0,
        "num_salient_objects": 4
      },
      "golden_ratio": {
        "golden_alignment_score": 0
      },
      "balance": {
        "static_balance": 0.9406771659851074,
        "dynamic_balance": 1.0,
        "dominant_quadrant": 0
      },
      "layering": {
        "foreground_ratio": 0.2670389811197917,
        "midground_ratio": 0.30480702718098956,
        "background_ratio": 0.42815399169921875,
        "depth_complexity": 0.15618969191325596
      }
    },
    "spatial_layout": {
      "negative_space_ratio": 0.6076889038085938,
      "subject_isolation": 0.10000101725260417,
      "depth_of_field": {
        "blur_gradient_strength": 190.16013512656784,
        "sharpness_variance": 382813.53820084356,
        "min_sharpness": 28.666972939902305,
        "max_sharpness": 8089.346501345637
      },
      "perspective": {
        "has_vanishing_point": 1,
        "perspective_strength": 0.9977477477477478
      }
    },
    "contrast_color": {
      "high_contrast_ratio": 0.43047332763671875,
      "low_contrast_ratio": 0.5695266723632812,
      "mean_contrast": 14.065829277038574,
      "highlight_ratio": 0.008623759262263775,
      "shadow_ratio": 0.5038299560546875,
      "midtone_ratio": 0.48754626512527466,
      "warm_color_ratio": 0.29297637939453125,
      "cool_color_ratio": 0.18706512451171875,
      "complementary_color_score": 1.7777777777777777
    },
    "motion_dynamics": {
      "s_curve_count": 215,
      "motion_blur_score": 8.97544789841143,
      "dominant_direction_deg": -85.0,
      "direction_strength": 0.035461425781159815
    },
    "pattern_rhythm": {
      "repetition_score": 1.0,
      "rhythm_score": 1.0,
      "pattern_breaks": 2
    },
    "visual_mass_focus": {
      "point_of_interest": {
        "x": 0.59765625,
        "y": 0.2109375,
        "strength": 1.0
      },
      "visual_mass_concentration": 0.19928995768229166,
      "mean_visual_weight": 0.11325327306985855,
      "face_count": 0,
      "has_directional_cues": 0
    },
    "framing_breathing": {
      "frame_in_frame_count": 0,
      "breathing_space": {
        "top": 0.14322916666666666,
        "bottom": 0.7708333333333334,
        "left": 0.521484375,
        "right": 0.373046875,
        "min_margin": 0.14322916666666666,
        "mean_margin": 0.4521484375
      },
      "corner_anchors": {
        "top_left": 0.28124067187309265,
        "top_right": 0.2837333381175995,
        "bottom_left": 0.24515400826931,
        "bottom_right": 0.18125216662883759,
        "max_corner_weight": 0.2837333381175995,
        "has_corner_subject": 0
      }
    }
  }
}