{
  "meta": {
    "_dataset": "tvm board - Nov 22nd 2025 (5060 images)",
    "_label": "",
    "_relpath": "2435. .jpg",
    "_filename": "2435. .jpg",
    "_width": 564,
    "_height": 698
  },
  "features": {
    "geometric_structural": {
      "leading_lines": {
        "diagonal": 5,
        "vertical": 4,
        "horizontal": 7,
        "curved": 153
      },
      "leading_lines_strength": 0.2665615141955836,
      "symmetry_vertical": 0.36388506085915767,
      "symmetry_horizontal": 0.3856347972340415,
      "symmetry_radial": 0.26180296393378727,
      "rule_of_thirds": {
        "alignment_score": 1,
        "num_salient_objects": 8
      },
      "golden_ratio": {
        "golden_alignment_score": 1
      },
      "balance": {
        "static_balance": 0.8653084635734558,
        "dynamic_balance": 1.0,
        "dominant_quadrant": 1
      },
      "layering": {
        "foreground_ratio": 0.31451165713722395,
        "midground_ratio": 0.2459243148659306,
        "background_ratio": 0.4395640279968454,
        "depth_complexity": 0.21397984093618233
      }
    },
    "spatial_layout": {
      "negative_space_ratio": 0.6785877119479495,
      "subject_isolation": 0.10000061612776025,
      "depth_of_field": {
        "blur_gradient_strength": 309.6002081882738,
        "sharpness_variance": 242355.4734636743,
        "min_sharpness": 2.870587758681499,
        "max_sharpness": 2829.4056132256824
      },
      "perspective": {
        "has_vanishing_point": 1,
        "perspective_strength": 0.7087020648967551
      }
    },
    "contrast_color": {
      "high_contrast_ratio": 0.4259322013012618,
      "low_contrast_ratio": 0.5740677986987381,
      "mean_contrast": 22.65058135986328,
      "highlight_ratio": 0.008117482997477055,
      "shadow_ratio": 0.5762365460395813,
      "midtone_ratio": 0.415645956993103,
      "warm_color_ratio": 0.6853959236987381,
      "cool_color_ratio": 0.19878129929022081,
      "complementary_color_score": 2.4444444444444446
    },
    "motion_dynamics": {
      "s_curve_count": 117,
      "motion_blur_score": 6.229682789868658,
      "dominant_direction_deg": 4.999999999999995,
      "direction_strength": 0.05082129830425984
    },
    "pattern_rhythm": {
      "repetition_score": 1.0,
      "rhythm_score": 1.0,
      "pattern_breaks": 2
    },
    "visual_mass_focus": {
      "point_of_interest": {
        "x": 0.29296875,
        "y": 0.24132492113564669,
        "strength": 1.0
      },
      "visual_mass_concentration": 0.1999611839511041,
      "mean_visual_weight": 0.21204344928264618,
      "face_count": 0,
      "has_directional_cues": 0
    },
    "framing_breathing": {
      "frame_in_frame_count": 0,
      "breathing_space": {
        "top": 0.21766561514195584,
        "bottom": 0.610410094637224,
        "left": 0.33984375,
        "right": 0.4609375,
        "min_margin": 0.21766561514195584,
        "mean_margin": 0.40721423994479494
      },
      "corner_anchors": {
        "top_left": 0.17996661365032196,
        "top_right": 0.39378494024276733,
        "bottom_left": 0.19160059094429016,
        "bottom_right": 0.26875296235084534,
        "max_corner_weight": 0.39378494024276733,
        "has_corner_subject": 1
      }
    }
  }
}