{
  "meta": {
    "_dataset": "tvm board - Nov 22nd 2025 (5060 images)",
    "_label": "",
    "_relpath": "2453. .jpg",
    "_filename": "2453. .jpg",
    "_width": 632,
    "_height": 1200
  },
  "features": {
    "geometric_structural": {
      "leading_lines": {
        "diagonal": 22,
        "vertical": 166,
        "horizontal": 7,
        "curved": 493
      },
      "leading_lines_strength": 0.7078189300411523,
      "symmetry_vertical": 0.2404237045995698,
      "symmetry_horizontal": 0.2504813008193786,
      "symmetry_radial": 0.15609991083186167,
      "rule_of_thirds": {
        "alignment_score": 1,
        "num_salient_objects": 29
      },
      "golden_ratio": {
        "golden_alignment_score": 2
      },
      "balance": {
        "static_balance": 0.9439741969108582,
        "dynamic_balance": 1.0,
        "dominant_quadrant": 1
      },
      "layering": {
        "foreground_ratio": 0.3369562596450617,
        "midground_ratio": 0.31268687307098764,
        "background_ratio": 0.3503568672839506,
        "depth_complexity": 0.5257882974431439
      }
    },
    "spatial_layout": {
      "negative_space_ratio": 0.7755734792952675,
      "subject_isolation": 0.10000120563271606,
      "depth_of_field": {
        "blur_gradient_strength": 2645.450529979361,
        "sharpness_variance": 82865239.86116835,
        "min_sharpness": 11.236583510231256,
        "max_sharpness": 87155.066224529
      },
      "perspective": {
        "has_vanishing_point": 1,
        "perspective_strength": 0.9971972239170226
      }
    },
    "contrast_color": {
      "high_contrast_ratio": 0.3682183159722222,
      "low_contrast_ratio": 0.6317816840277778,
      "mean_contrast": 28.2067928314209,
      "highlight_ratio": 0.13919231295585632,
      "shadow_ratio": 0.6208887696266174,
      "midtone_ratio": 0.23991888761520386,
      "warm_color_ratio": 0.13961025913065844,
      "cool_color_ratio": 0.6977579250257202,
      "complementary_color_score": 2.4444444444444446
    },
    "motion_dynamics": {
      "s_curve_count": 404,
      "motion_blur_score": 6.8589346808179705,
      "dominant_direction_deg": 95.0,
      "direction_strength": 0.047869646990644554
    },
    "pattern_rhythm": {
      "repetition_score": 1.0,
      "rhythm_score": 1.0,
      "pattern_breaks": 22
    },
    "visual_mass_focus": {
      "point_of_interest": {
        "x": 0.60546875,
        "y": 0.6213991769547325,
        "strength": 1.0
      },
      "visual_mass_concentration": 0.19998432677469136,
      "mean_visual_weight": 0.10224421322345734,
      "face_count": 0,
      "has_directional_cues": 0
    },
    "framing_breathing": {
      "frame_in_frame_count": 0,
      "breathing_space": {
        "top": 0.1440329218106996,
        "bottom": 0.6553497942386831,
        "left": 0.486328125,
        "right": 0.27734375,
        "min_margin": 0.1440329218106996,
        "mean_margin": 0.3907636477623457
      },
      "corner_anchors": {
        "top_left": 0.330066978931427,
        "top_right": 0.246267169713974,
        "bottom_left": 0.3647511899471283,
        "bottom_right": 0.5688542127609253,
        "max_corner_weight": 0.5688542127609253,
        "has_corner_subject": 1
      }
    }
  }
}