{
  "meta": {
    "_dataset": "tvm board - Nov 22nd 2025 (5060 images)",
    "_label": "",
    "_relpath": "2467. .jpg",
    "_filename": "2467. .jpg",
    "_width": 500,
    "_height": 750
  },
  "features": {
    "geometric_structural": {
      "leading_lines": {
        "diagonal": 0,
        "vertical": 0,
        "horizontal": 0,
        "curved": 25
      },
      "leading_lines_strength": 0.032552083333333336,
      "symmetry_vertical": 0.4754745439781534,
      "symmetry_horizontal": 0.5156697665690815,
      "symmetry_radial": 0.3966299954687551,
      "rule_of_thirds": {
        "alignment_score": 0,
        "num_salient_objects": 3
      },
      "golden_ratio": {
        "golden_alignment_score": 3
      },
      "balance": {
        "static_balance": 0.829425036907196,
        "dynamic_balance": 1.0,
        "dominant_quadrant": 2
      },
      "layering": {
        "foreground_ratio": 0.23239644368489584,
        "midground_ratio": 0.37086741129557294,
        "background_ratio": 0.39673614501953125,
        "depth_complexity": 0.20961056511010975
      }
    },
    "spatial_layout": {
      "negative_space_ratio": 0.8190638224283854,
      "subject_isolation": 0.10000101725260417,
      "depth_of_field": {
        "blur_gradient_strength": 256.17766825060505,
        "sharpness_variance": 727613.7300352035,
        "min_sharpness": 0.5290272971933873,
        "max_sharpness": 7269.128296409818
      },
      "perspective": {
        "has_vanishing_point": 1,
        "perspective_strength": 0.9746543778801844
      }
    },
    "contrast_color": {
      "high_contrast_ratio": 0.37729644775390625,
      "low_contrast_ratio": 0.6227035522460938,
      "mean_contrast": 12.801575660705566,
      "highlight_ratio": 0.0159149169921875,
      "shadow_ratio": 0.6702448725700378,
      "midtone_ratio": 0.31384021043777466,
      "warm_color_ratio": 0.7613118489583334,
      "cool_color_ratio": 0.10779571533203125,
      "complementary_color_score": 2.0555555555555554
    },
    "motion_dynamics": {
      "s_curve_count": 38,
      "motion_blur_score": 8.998615355880101,
      "dominant_direction_deg": 4.999999999999995,
      "direction_strength": 0.09701538085912828
    },
    "pattern_rhythm": {
      "repetition_score": 1.0,
      "rhythm_score": 1.0,
      "pattern_breaks": 3
    },
    "visual_mass_focus": {
      "point_of_interest": {
        "x": 0.3125,
        "y": 0.5052083333333334,
        "strength": 1.0
      },
      "visual_mass_concentration": 0.19995625813802084,
      "mean_visual_weight": 0.13186685740947723,
      "face_count": 0,
      "has_directional_cues": 0
    },
    "framing_breathing": {
      "frame_in_frame_count": 0,
      "breathing_space": {
        "top": 0.328125,
        "bottom": 0.5572916666666666,
        "left": 0.1171875,
        "right": 0.62109375,
        "min_margin": 0.1171875,
        "mean_margin": 0.40592447916666663
      },
      "corner_anchors": {
        "top_left": 0.0583464652299881,
        "top_right": 0.17016497254371643,
        "bottom_left": 0.21301083266735077,
        "bottom_right": 0.10894335806369781,
        "max_corner_weight": 0.21301083266735077,
        "has_corner_subject": 0
      }
    }
  }
}