{
  "meta": {
    "_dataset": "tvm board - Nov 22nd 2025 (5060 images)",
    "_label": "",
    "_relpath": "2476. .jpg",
    "_filename": "2476. .jpg",
    "_width": 335,
    "_height": 513
  },
  "features": {
    "geometric_structural": {
      "leading_lines": {
        "diagonal": 12,
        "vertical": 15,
        "horizontal": 4,
        "curved": 188
      },
      "leading_lines_strength": 0.27933673469387754,
      "symmetry_vertical": 0.5067418816769742,
      "symmetry_horizontal": 0.49602871123760356,
      "symmetry_radial": 0.29760315608916404,
      "rule_of_thirds": {
        "alignment_score": 2,
        "num_salient_objects": 56
      },
      "golden_ratio": {
        "golden_alignment_score": 5
      },
      "balance": {
        "static_balance": 0.8198638558387756,
        "dynamic_balance": 1.0,
        "dominant_quadrant": 0
      },
      "layering": {
        "foreground_ratio": 0.2772640306122449,
        "midground_ratio": 0.23021215322066327,
        "background_ratio": 0.49252381616709184,
        "depth_complexity": 0.3482959735562274
      }
    },
    "spatial_layout": {
      "negative_space_ratio": 0.8509396922831632,
      "subject_isolation": 0.10000049824617346,
      "depth_of_field": {
        "blur_gradient_strength": 302.1778883289114,
        "sharpness_variance": 362481.9449259289,
        "min_sharpness": 1.851108033240997,
        "max_sharpness": 4611.59847490119
      },
      "perspective": {
        "has_vanishing_point": 1,
        "perspective_strength": 0.9993224932249323
      }
    },
    "contrast_color": {
      "high_contrast_ratio": 0.3628627232142857,
      "low_contrast_ratio": 0.6371372767857143,
      "mean_contrast": 22.263511657714844,
      "highlight_ratio": 0.06322743743658066,
      "shadow_ratio": 0.7486572265625,
      "midtone_ratio": 0.18811535835266113,
      "warm_color_ratio": 0.41799366230867346,
      "cool_color_ratio": 0.02192532286352041,
      "complementary_color_score": 1.5
    },
    "motion_dynamics": {
      "s_curve_count": 190,
      "motion_blur_score": 5.836273811888768,
      "dominant_direction_deg": 4.999999999999995,
      "direction_strength": 0.06960249920263273
    },
    "pattern_rhythm": {
      "repetition_score": 1.0,
      "rhythm_score": 1.0,
      "pattern_breaks": 17
    },
    "visual_mass_focus": {
      "point_of_interest": {
        "x": 0.28515625,
        "y": 0.375,
        "strength": 1.0
      },
      "visual_mass_concentration": 0.19951022401147958,
      "mean_visual_weight": 0.09500382095575333,
      "face_count": 0,
      "has_directional_cues": 0
    },
    "framing_breathing": {
      "frame_in_frame_count": 0,
      "breathing_space": {
        "top": 0.27040816326530615,
        "bottom": 0.47066326530612246,
        "left": 0.0625,
        "right": 0.419921875,
        "min_margin": 0.0625,
        "mean_margin": 0.30587332589285715
      },
      "corner_anchors": {
        "top_left": 0.15765272080898285,
        "top_right": 0.16596394777297974,
        "bottom_left": 0.17153853178024292,
        "bottom_right": 0.17135001718997955,
        "max_corner_weight": 0.17153853178024292,
        "has_corner_subject": 0
      }
    }
  }
}