{
  "meta": {
    "_dataset": "tvm board - Nov 22nd 2025 (5060 images)",
    "_label": "",
    "_relpath": "2487. .jpg",
    "_filename": "2487. .jpg",
    "_width": 354,
    "_height": 480
  },
  "features": {
    "geometric_structural": {
      "leading_lines": {
        "diagonal": 0,
        "vertical": 5,
        "horizontal": 6,
        "curved": 42
      },
      "leading_lines_strength": 0.07636887608069164,
      "symmetry_vertical": 0.6396428913712583,
      "symmetry_horizontal": 0.6462831738302303,
      "symmetry_radial": 0.4018463821519891,
      "rule_of_thirds": {
        "alignment_score": 0,
        "num_salient_objects": 7
      },
      "golden_ratio": {
        "golden_alignment_score": 0
      },
      "balance": {
        "static_balance": 0.9010624885559082,
        "dynamic_balance": 1.0,
        "dominant_quadrant": 2
      },
      "layering": {
        "foreground_ratio": 0.29907578350144093,
        "midground_ratio": 0.27603509996397696,
        "background_ratio": 0.4248891165345821,
        "depth_complexity": 0.054456773119448236
      }
    },
    "spatial_layout": {
      "negative_space_ratio": 0.817790886167147,
      "subject_isolation": 0.10000056286023054,
      "depth_of_field": {
        "blur_gradient_strength": 58.45870088181641,
        "sharpness_variance": 8594.706973828288,
        "min_sharpness": 0.5736839388996707,
        "max_sharpness": 392.2184984599866
      },
      "perspective": {
        "has_vanishing_point": 1,
        "perspective_strength": 0.9558823529411765
      }
    },
    "contrast_color": {
      "high_contrast_ratio": 0.37331986221181557,
      "low_contrast_ratio": 0.6266801377881844,
      "mean_contrast": 12.412802696228027,
      "highlight_ratio": 0.0002898730162996799,
      "shadow_ratio": 0.7998244166374207,
      "midtone_ratio": 0.19988572597503662,
      "warm_color_ratio": 0.9964173946325648,
      "cool_color_ratio": 0.0,
      "complementary_color_score": 0.0
    },
    "motion_dynamics": {
      "s_curve_count": 76,
      "motion_blur_score": 7.88916902898788,
      "dominant_direction_deg": 4.999999999999995,
      "direction_strength": 0.21594695605126546
    },
    "pattern_rhythm": {
      "repetition_score": 1.0,
      "rhythm_score": 1.0,
      "pattern_breaks": 1
    },
    "visual_mass_focus": {
      "point_of_interest": {
        "x": 0.224609375,
        "y": 0.7089337175792507,
        "strength": 1.0
      },
      "visual_mass_concentration": 0.1999335824927954,
      "mean_visual_weight": 0.1127842515707016,
      "face_count": 0,
      "has_directional_cues": 0
    },
    "framing_breathing": {
      "frame_in_frame_count": 0,
      "breathing_space": {
        "top": 0.49855907780979825,
        "bottom": 0.4164265129682997,
        "left": 0.390625,
        "right": 0.525390625,
        "min_margin": 0.390625,
        "mean_margin": 0.4577503039445245
      },
      "corner_anchors": {
        "top_left": 0.11412812024354935,
        "top_right": 0.14047780632972717,
        "bottom_left": 0.15983988344669342,
        "bottom_right": 0.1457187384366989,
        "max_corner_weight": 0.15983988344669342,
        "has_corner_subject": 0
      }
    }
  }
}