{
  "meta": {
    "_dataset": "tvm board - Nov 22nd 2025 (5060 images)",
    "_label": "",
    "_relpath": "2502. studying at.jpg",
    "_filename": "2502. studying at.jpg",
    "_width": 480,
    "_height": 640
  },
  "features": {
    "geometric_structural": {
      "leading_lines": {
        "diagonal": 32,
        "vertical": 21,
        "horizontal": 3,
        "curved": 511
      },
      "leading_lines_strength": 0.8301610541727672,
      "symmetry_vertical": 0.2259511127473162,
      "symmetry_horizontal": 0.09020196523842425,
      "symmetry_radial": 0.09329012895606326,
      "rule_of_thirds": {
        "alignment_score": 2,
        "num_salient_objects": 42
      },
      "golden_ratio": {
        "golden_alignment_score": 6
      },
      "balance": {
        "static_balance": 0.9025352597236633,
        "dynamic_balance": 1.0,
        "dominant_quadrant": 2
      },
      "layering": {
        "foreground_ratio": 0.32239144857247437,
        "midground_ratio": 0.3033320369692533,
        "background_ratio": 0.3742765144582723,
        "depth_complexity": 1.1361227712131192
      }
    },
    "spatial_layout": {
      "negative_space_ratio": 0.5675729776720352,
      "subject_isolation": 0.10000114385065886,
      "depth_of_field": {
        "blur_gradient_strength": 573.3334077287467,
        "sharpness_variance": 823258.3828989931,
        "min_sharpness": 0.5551421162505001,
        "max_sharpness": 5670.858283441985
      },
      "perspective": {
        "has_vanishing_point": 1,
        "perspective_strength": 0.99948163507109
      }
    },
    "contrast_color": {
      "high_contrast_ratio": 0.4792333912884334,
      "low_contrast_ratio": 0.5207666087115665,
      "mean_contrast": 35.326438903808594,
      "highlight_ratio": 0.035593774169683456,
      "shadow_ratio": 0.4213545620441437,
      "midtone_ratio": 0.5430517196655273,
      "warm_color_ratio": 0.6281455893118595,
      "cool_color_ratio": 0.07077861914348463,
      "complementary_color_score": 2.388888888888889
    },
    "motion_dynamics": {
      "s_curve_count": 397,
      "motion_blur_score": 5.072109014490929,
      "dominant_direction_deg": 4.999999999999995,
      "direction_strength": 0.10312957540234052
    },
    "pattern_rhythm": {
      "repetition_score": 1.0,
      "rhythm_score": 1.0,
      "pattern_breaks": 20
    },
    "visual_mass_focus": {
      "point_of_interest": {
        "x": 0.37109375,
        "y": 0.6076134699853587,
        "strength": 1.0
      },
      "visual_mass_concentration": 0.19993937591508051,
      "mean_visual_weight": 0.148894801735878,
      "face_count": 0,
      "has_directional_cues": 0
    },
    "framing_breathing": {
      "frame_in_frame_count": 0,
      "breathing_space": {
        "top": 0.0,
        "bottom": 0.8477306002928258,
        "left": 0.6484375,
        "right": 0.08203125,
        "min_margin": 0.0,
        "mean_margin": 0.39454983757320644
      },
      "corner_anchors": {
        "top_left": 0.39589381217956543,
        "top_right": 0.3952866792678833,
        "bottom_left": 0.5023882389068604,
        "bottom_right": 0.493030846118927,
        "max_corner_weight": 0.5023882389068604,
        "has_corner_subject": 1
      }
    }
  }
}