{
  "meta": {
    "_dataset": "tvm board - Nov 22nd 2025 (5060 images)",
    "_label": "",
    "_relpath": "2514. .jpg",
    "_filename": "2514. .jpg",
    "_width": 735,
    "_height": 742
  },
  "features": {
    "geometric_structural": {
      "leading_lines": {
        "diagonal": 0,
        "vertical": 0,
        "horizontal": 1,
        "curved": 129
      },
      "leading_lines_strength": 0.2514506769825919,
      "symmetry_vertical": 0.3672240724166525,
      "symmetry_horizontal": 0.33785756920462146,
      "symmetry_radial": 0.30633990099496544,
      "rule_of_thirds": {
        "alignment_score": 0,
        "num_salient_objects": 8
      },
      "golden_ratio": {
        "golden_alignment_score": 0
      },
      "balance": {
        "static_balance": 0.9806755185127258,
        "dynamic_balance": 1.0,
        "dominant_quadrant": 2
      },
      "layering": {
        "foreground_ratio": 0.33202369439071566,
        "midground_ratio": 0.26291631407156674,
        "background_ratio": 0.4050599915377176,
        "depth_complexity": 0.4323871036787988
      }
    },
    "spatial_layout": {
      "negative_space_ratio": 0.7589533970019342,
      "subject_isolation": 0.10000226668278529,
      "depth_of_field": {
        "blur_gradient_strength": 738.8029391364289,
        "sharpness_variance": 1582462.1351955268,
        "min_sharpness": 7.964607703451826,
        "max_sharpness": 11855.56362937332
      },
      "perspective": {
        "has_vanishing_point": 1,
        "perspective_strength": 0.9797297297297297
      }
    },
    "contrast_color": {
      "high_contrast_ratio": 0.5361951462765957,
      "low_contrast_ratio": 0.4638048537234043,
      "mean_contrast": 20.752599716186523,
      "highlight_ratio": 0.00012466755288187414,
      "shadow_ratio": 0.7264642715454102,
      "midtone_ratio": 0.2734110355377197,
      "warm_color_ratio": 0.9683382192940039,
      "cool_color_ratio": 0.0027162415377176017,
      "complementary_color_score": 1.2222222222222223
    },
    "motion_dynamics": {
      "s_curve_count": 165,
      "motion_blur_score": 4.6061332000077595,
      "dominant_direction_deg": 4.999999999999995,
      "direction_strength": 0.08338370406158054
    },
    "pattern_rhythm": {
      "repetition_score": 1.0,
      "rhythm_score": 1.0,
      "pattern_breaks": 0
    },
    "visual_mass_focus": {
      "point_of_interest": {
        "x": 0.947265625,
        "y": 0.5125725338491296,
        "strength": 1.0
      },
      "visual_mass_concentration": 0.19982319874274662,
      "mean_visual_weight": 0.08862295746803284,
      "face_count": 0,
      "has_directional_cues": 0
    },
    "framing_breathing": {
      "frame_in_frame_count": 0,
      "breathing_space": {
        "top": 0.18762088974854932,
        "bottom": 0.620889748549323,
        "left": 0.8515625,
        "right": 0.130859375,
        "min_margin": 0.130859375,
        "mean_margin": 0.4477331283244681
      },
      "corner_anchors": {
        "top_left": 0.16495415568351746,
        "top_right": 0.13827627897262573,
        "bottom_left": 0.12283999472856522,
        "bottom_right": 0.1260964274406433,
        "max_corner_weight": 0.16495415568351746,
        "has_corner_subject": 0
      }
    }
  }
}