{
  "meta": {
    "_dataset": "tvm board - Nov 22nd 2025 (5060 images)",
    "_label": "",
    "_relpath": "2506. .jpg",
    "_filename": "2506. .jpg",
    "_width": 750,
    "_height": 1125
  },
  "features": {
    "geometric_structural": {
      "leading_lines": {
        "diagonal": 1,
        "vertical": 65,
        "horizontal": 4,
        "curved": 178
      },
      "leading_lines_strength": 0.3229166666666667,
      "symmetry_vertical": 0.32867279201289845,
      "symmetry_horizontal": 0.2990693355517672,
      "symmetry_radial": 0.1908861932001482,
      "rule_of_thirds": {
        "alignment_score": 0,
        "num_salient_objects": 7
      },
      "golden_ratio": {
        "golden_alignment_score": 2
      },
      "balance": {
        "static_balance": 0.9210412502288818,
        "dynamic_balance": 1.0,
        "dominant_quadrant": 3
      },
      "layering": {
        "foreground_ratio": 0.3347066243489583,
        "midground_ratio": 0.30323537190755206,
        "background_ratio": 0.36205800374348956,
        "depth_complexity": 0.7272579190724776
      }
    },
    "spatial_layout": {
      "negative_space_ratio": 0.8683725992838541,
      "subject_isolation": 0.10000101725260417,
      "depth_of_field": {
        "blur_gradient_strength": 713.120115512666,
        "sharpness_variance": 1538576.6023342805,
        "min_sharpness": 9.557021883015745,
        "max_sharpness": 5970.650378015375
      },
      "perspective": {
        "has_vanishing_point": 1,
        "perspective_strength": 0.9963483905869625
      }
    },
    "contrast_color": {
      "high_contrast_ratio": 0.36406707763671875,
      "low_contrast_ratio": 0.6359329223632812,
      "mean_contrast": 22.903905868530273,
      "highlight_ratio": 0.010492960922420025,
      "shadow_ratio": 0.8115971684455872,
      "midtone_ratio": 0.17790985107421875,
      "warm_color_ratio": 0.80145263671875,
      "cool_color_ratio": 0.0019404093424479167,
      "complementary_color_score": 2.5
    },
    "motion_dynamics": {
      "s_curve_count": 180,
      "motion_blur_score": 4.220211321780109,
      "dominant_direction_deg": -85.0,
      "direction_strength": 0.05031077067044497
    },
    "pattern_rhythm": {
      "repetition_score": 1.0,
      "rhythm_score": 1.0,
      "pattern_breaks": 2
    },
    "visual_mass_focus": {
      "point_of_interest": {
        "x": 0.458984375,
        "y": 0.5091145833333334,
        "strength": 1.0
      },
      "visual_mass_concentration": 0.19998931884765625,
      "mean_visual_weight": 0.15117628872394562,
      "face_count": 0,
      "has_directional_cues": 0
    },
    "framing_breathing": {
      "frame_in_frame_count": 0,
      "breathing_space": {
        "top": 0.4947916666666667,
        "bottom": 0.4505208333333333,
        "left": 0.505859375,
        "right": 0.404296875,
        "min_margin": 0.404296875,
        "mean_margin": 0.4638671875
      },
      "corner_anchors": {
        "top_left": 0.17568787932395935,
        "top_right": 0.09072994440793991,
        "bottom_left": 0.09700359404087067,
        "bottom_right": 0.07504807412624359,
        "max_corner_weight": 0.17568787932395935,
        "has_corner_subject": 0
      }
    }
  }
}