{
  "meta": {
    "_dataset": "tvm board - Nov 22nd 2025 (5060 images)",
    "_label": "",
    "_relpath": "2520. 1L.jpg",
    "_filename": "2520. 1L.jpg",
    "_width": 1224,
    "_height": 1632
  },
  "features": {
    "geometric_structural": {
      "leading_lines": {
        "diagonal": 93,
        "vertical": 31,
        "horizontal": 11,
        "curved": 415
      },
      "leading_lines_strength": 0.8052708638360175,
      "symmetry_vertical": 0.08660870759758778,
      "symmetry_horizontal": 0.0752124907905781,
      "symmetry_radial": 0.0579586379942964,
      "rule_of_thirds": {
        "alignment_score": 0,
        "num_salient_objects": 117
      },
      "golden_ratio": {
        "golden_alignment_score": 0
      },
      "balance": {
        "static_balance": 0.9454656839370728,
        "dynamic_balance": 1.0,
        "dominant_quadrant": 1
      },
      "layering": {
        "foreground_ratio": 0.3390630719253294,
        "midground_ratio": 0.2848817258418741,
        "background_ratio": 0.3760552022327965,
        "depth_complexity": 2.3570041178018912
      }
    },
    "spatial_layout": {
      "negative_space_ratio": 0.7556992359077599,
      "subject_isolation": 0.10000114385065886,
      "depth_of_field": {
        "blur_gradient_strength": 1654.768032410547,
        "sharpness_variance": 4298715.862329864,
        "min_sharpness": 22.652205307721086,
        "max_sharpness": 14607.775951557094
      },
      "perspective": {
        "has_vanishing_point": 1,
        "perspective_strength": 0.999203834862081
      }
    },
    "contrast_color": {
      "high_contrast_ratio": 0.5016928989751098,
      "low_contrast_ratio": 0.4983071010248902,
      "mean_contrast": 43.226322174072266,
      "highlight_ratio": 0.07984363287687302,
      "shadow_ratio": 0.33089885115623474,
      "midtone_ratio": 0.5892574787139893,
      "warm_color_ratio": 0.8735272922767203,
      "cool_color_ratio": 0.04738973279648609,
      "complementary_color_score": 2.2222222222222223
    },
    "motion_dynamics": {
      "s_curve_count": 434,
      "motion_blur_score": 4.223528017514577,
      "dominant_direction_deg": 4.999999999999995,
      "direction_strength": 0.04767569546106425
    },
    "pattern_rhythm": {
      "repetition_score": 1.0,
      "rhythm_score": 1.0,
      "pattern_breaks": 14
    },
    "visual_mass_focus": {
      "point_of_interest": {
        "x": 0.796875,
        "y": 0.465592972181552,
        "strength": 1.0
      },
      "visual_mass_concentration": 0.19999656844802344,
      "mean_visual_weight": 0.2491673082113266,
      "face_count": 0,
      "has_directional_cues": 0
    },
    "framing_breathing": {
      "frame_in_frame_count": 0,
      "breathing_space": {
        "top": 0.7569546120058566,
        "bottom": 0.1800878477306003,
        "left": 0.28515625,
        "right": 0.248046875,
        "min_margin": 0.1800878477306003,
        "mean_margin": 0.3675613961841142
      },
      "corner_anchors": {
        "top_left": 0.20910926163196564,
        "top_right": 0.35737746953964233,
        "bottom_left": 0.27575233578681946,
        "bottom_right": 0.38598284125328064,
        "max_corner_weight": 0.38598284125328064,
        "has_corner_subject": 1
      }
    }
  }
}