{
  "meta": {
    "_dataset": "tvm board - Nov 22nd 2025 (5060 images)",
    "_label": "",
    "_relpath": "2528. .jpg",
    "_filename": "2528. .jpg",
    "_width": 1224,
    "_height": 1632
  },
  "features": {
    "geometric_structural": {
      "leading_lines": {
        "diagonal": 20,
        "vertical": 63,
        "horizontal": 3,
        "curved": 330
      },
      "leading_lines_strength": 0.6090775988286969,
      "symmetry_vertical": 0.09041602286359636,
      "symmetry_horizontal": 0.11330310348123267,
      "symmetry_radial": 0.07046237206334909,
      "rule_of_thirds": {
        "alignment_score": 1,
        "num_salient_objects": 66
      },
      "golden_ratio": {
        "golden_alignment_score": 1
      },
      "balance": {
        "static_balance": 0.9655357599258423,
        "dynamic_balance": 1.0,
        "dominant_quadrant": 3
      },
      "layering": {
        "foreground_ratio": 0.33010100201317716,
        "midground_ratio": 0.31983780197657397,
        "background_ratio": 0.3500611960102489,
        "depth_complexity": 1.6160762300827742
      }
    },
    "spatial_layout": {
      "negative_space_ratio": 0.6931077278550513,
      "subject_isolation": 0.10000114385065886,
      "depth_of_field": {
        "blur_gradient_strength": 1099.9542768886408,
        "sharpness_variance": 5667291.923937438,
        "min_sharpness": 1.4808640907343327,
        "max_sharpness": 13693.117262591311
      },
      "perspective": {
        "has_vanishing_point": 1,
        "perspective_strength": 0.9989948485990703
      }
    },
    "contrast_color": {
      "high_contrast_ratio": 0.5067973325402635,
      "low_contrast_ratio": 0.4932026674597365,
      "mean_contrast": 41.1140251159668,
      "highlight_ratio": 0.02327164076268673,
      "shadow_ratio": 0.4863681495189667,
      "midtone_ratio": 0.49036023020744324,
      "warm_color_ratio": 0.6281513085651538,
      "cool_color_ratio": 0.08952633144216691,
      "complementary_color_score": 2.1666666666666665
    },
    "motion_dynamics": {
      "s_curve_count": 392,
      "motion_blur_score": 3.5222939355769003,
      "dominant_direction_deg": 4.999999999999995,
      "direction_strength": 0.10034715867467645
    },
    "pattern_rhythm": {
      "repetition_score": 1.0,
      "rhythm_score": 1.0,
      "pattern_breaks": 9
    },
    "visual_mass_focus": {
      "point_of_interest": {
        "x": 0.677734375,
        "y": 0.5095168374816984,
        "strength": 1.0
      },
      "visual_mass_concentration": 0.19997941068814057,
      "mean_visual_weight": 0.0991620123386383,
      "face_count": 0,
      "has_directional_cues": 0
    },
    "framing_breathing": {
      "frame_in_frame_count": 0,
      "breathing_space": {
        "top": 0.0,
        "bottom": 0.8740849194729137,
        "left": 0.0,
        "right": 0.96484375,
        "min_margin": 0.0,
        "mean_margin": 0.4597321673682284
      },
      "corner_anchors": {
        "top_left": 0.34835517406463623,
        "top_right": 0.2209128737449646,
        "bottom_left": 0.22112715244293213,
        "bottom_right": 0.1854679137468338,
        "max_corner_weight": 0.34835517406463623,
        "has_corner_subject": 1
      }
    }
  }
}