{
  "meta": {
    "_dataset": "tvm board - Nov 22nd 2025 (5060 images)",
    "_label": "",
    "_relpath": "2537. .jpg",
    "_filename": "2537. .jpg",
    "_width": 641,
    "_height": 427
  },
  "features": {
    "geometric_structural": {
      "leading_lines": {
        "diagonal": 2,
        "vertical": 0,
        "horizontal": 7,
        "curved": 94
      },
      "leading_lines_strength": 0.13394018205461639,
      "symmetry_vertical": 0.2730401861630803,
      "symmetry_horizontal": 0.27455061732928693,
      "symmetry_radial": 0.16619203645551048,
      "rule_of_thirds": {
        "alignment_score": 0,
        "num_salient_objects": 7
      },
      "golden_ratio": {
        "golden_alignment_score": 0
      },
      "balance": {
        "static_balance": 0.870386004447937,
        "dynamic_balance": 1.0,
        "dominant_quadrant": 0
      },
      "layering": {
        "foreground_ratio": 0.330959444083225,
        "midground_ratio": 0.21724388410273082,
        "background_ratio": 0.4517966718140442,
        "depth_complexity": 0.11342740821687114
      }
    },
    "spatial_layout": {
      "negative_space_ratio": 0.7151637678803641,
      "subject_isolation": 0.10000050796488946,
      "depth_of_field": {
        "blur_gradient_strength": 53.29325377431765,
        "sharpness_variance": 14878.256188731413,
        "min_sharpness": 2.8723389002041477,
        "max_sharpness": 477.7675149637092
      },
      "perspective": {
        "has_vanishing_point": 1,
        "perspective_strength": 0.9306625577812019
      }
    },
    "contrast_color": {
      "high_contrast_ratio": 0.5023213995448634,
      "low_contrast_ratio": 0.49767860045513657,
      "mean_contrast": 21.58336639404297,
      "highlight_ratio": 0.009034155867993832,
      "shadow_ratio": 0.49499401450157166,
      "midtone_ratio": 0.49597182869911194,
      "warm_color_ratio": 0.9931196155721717,
      "cool_color_ratio": 2.7938068920676203e-05,
      "complementary_color_score": 0.6666666666666666
    },
    "motion_dynamics": {
      "s_curve_count": 181,
      "motion_blur_score": 7.18208394404133,
      "dominant_direction_deg": 4.999999999999995,
      "direction_strength": 0.07101349154728388
    },
    "pattern_rhythm": {
      "repetition_score": 1.0,
      "rhythm_score": 1.0,
      "pattern_breaks": 4
    },
    "visual_mass_focus": {
      "point_of_interest": {
        "x": 0.08712613784135241,
        "y": 0.048828125,
        "strength": 1.0
      },
      "visual_mass_concentration": 0.1999172017230169,
      "mean_visual_weight": 0.18684828281402588,
      "face_count": 0,
      "has_directional_cues": 0
    },
    "framing_breathing": {
      "frame_in_frame_count": 0,
      "breathing_space": {
        "top": 0.0,
        "bottom": 0.763671875,
        "left": 0.0,
        "right": 0.6814044213263979,
        "min_margin": 0.0,
        "mean_margin": 0.3612690740815995
      },
      "corner_anchors": {
        "top_left": 0.517217755317688,
        "top_right": 0.14158371090888977,
        "bottom_left": 0.12075656652450562,
        "bottom_right": 0.15645016729831696,
        "max_corner_weight": 0.517217755317688,
        "has_corner_subject": 1
      }
    }
  }
}