{
  "meta": {
    "_dataset": "tvm board - Nov 22nd 2025 (5060 images)",
    "_label": "",
    "_relpath": "2549. .jpg",
    "_filename": "2549. .jpg",
    "_width": 640,
    "_height": 634
  },
  "features": {
    "geometric_structural": {
      "leading_lines": {
        "diagonal": 4,
        "vertical": 11,
        "horizontal": 3,
        "curved": 146
      },
      "leading_lines_strength": 0.31721470019342357,
      "symmetry_vertical": 0.1984240474868492,
      "symmetry_horizontal": 0.211573833531487,
      "symmetry_radial": 0.1516613006352158,
      "rule_of_thirds": {
        "alignment_score": 1,
        "num_salient_objects": 33
      },
      "golden_ratio": {
        "golden_alignment_score": 2
      },
      "balance": {
        "static_balance": 0.9908463954925537,
        "dynamic_balance": 1.0,
        "dominant_quadrant": 0
      },
      "layering": {
        "foreground_ratio": 0.33853285178916825,
        "midground_ratio": 0.30359571445841393,
        "background_ratio": 0.3578714337524178,
        "depth_complexity": 0.30698278311934823
      }
    },
    "spatial_layout": {
      "negative_space_ratio": 0.6749236883462283,
      "subject_isolation": 0.10000226668278529,
      "depth_of_field": {
        "blur_gradient_strength": 184.14179163979065,
        "sharpness_variance": 72518.50485055448,
        "min_sharpness": 16.20408163265306,
        "max_sharpness": 1132.6495703527507
      },
      "perspective": {
        "has_vanishing_point": 1,
        "perspective_strength": 0.9904337786574303
      }
    },
    "contrast_color": {
      "high_contrast_ratio": 0.409612246131528,
      "low_contrast_ratio": 0.590387753868472,
      "mean_contrast": 31.44805145263672,
      "highlight_ratio": 0.006603602319955826,
      "shadow_ratio": 0.4397062361240387,
      "midtone_ratio": 0.5536901950836182,
      "warm_color_ratio": 0.9883568060928434,
      "cool_color_ratio": 0.0020929037717601546,
      "complementary_color_score": 1.1111111111111112
    },
    "motion_dynamics": {
      "s_curve_count": 238,
      "motion_blur_score": 5.737938078863982,
      "dominant_direction_deg": 85.0,
      "direction_strength": 0.05694662717580034
    },
    "pattern_rhythm": {
      "repetition_score": 1.0,
      "rhythm_score": 1.0,
      "pattern_breaks": 14
    },
    "visual_mass_focus": {
      "point_of_interest": {
        "x": 0.37524177949709864,
        "y": 0.296875,
        "strength": 1.0
      },
      "visual_mass_concentration": 0.1998911992263056,
      "mean_visual_weight": 0.2664255201816559,
      "face_count": 0,
      "has_directional_cues": 0
    },
    "framing_breathing": {
      "frame_in_frame_count": 0,
      "breathing_space": {
        "top": 0.0390625,
        "bottom": 0.84765625,
        "left": 0.06576402321083172,
        "right": 0.620889748549323,
        "min_margin": 0.0390625,
        "mean_margin": 0.39334313044003866
      },
      "corner_anchors": {
        "top_left": 0.41610923409461975,
        "top_right": 0.24380449950695038,
        "bottom_left": 0.28196874260902405,
        "bottom_right": 0.2994278073310852,
        "max_corner_weight": 0.41610923409461975,
        "has_corner_subject": 1
      }
    }
  }
}