{
  "meta": {
    "_dataset": "tvm board - Nov 22nd 2025 (5060 images)",
    "_label": "",
    "_relpath": "2574. .jpg",
    "_filename": "2574. .jpg",
    "_width": 519,
    "_height": 640
  },
  "features": {
    "geometric_structural": {
      "leading_lines": {
        "diagonal": 11,
        "vertical": 31,
        "horizontal": 4,
        "curved": 309
      },
      "leading_lines_strength": 0.5625990491283677,
      "symmetry_vertical": 0.3585933874814843,
      "symmetry_horizontal": 0.3793707481075268,
      "symmetry_radial": 0.27021583081075834,
      "rule_of_thirds": {
        "alignment_score": 0,
        "num_salient_objects": 35
      },
      "golden_ratio": {
        "golden_alignment_score": 0
      },
      "balance": {
        "static_balance": 0.9290279150009155,
        "dynamic_balance": 1.0,
        "dominant_quadrant": 3
      },
      "layering": {
        "foreground_ratio": 0.3161338648969889,
        "midground_ratio": 0.33320126782884313,
        "background_ratio": 0.350664867274168,
        "depth_complexity": 0.7501135586977077
      }
    },
    "spatial_layout": {
      "negative_space_ratio": 0.3646307943740095,
      "subject_isolation": 0.1000024762282092,
      "depth_of_field": {
        "blur_gradient_strength": 671.6926627507293,
        "sharpness_variance": 1001196.1269527798,
        "min_sharpness": 0.5098039215686274,
        "max_sharpness": 4378.974375779818
      },
      "perspective": {
        "has_vanishing_point": 1,
        "perspective_strength": 0.9983400767714493
      }
    },
    "contrast_color": {
      "high_contrast_ratio": 0.5308816610538827,
      "low_contrast_ratio": 0.4691183389461173,
      "mean_contrast": 20.803159713745117,
      "highlight_ratio": 0.0025783726014196873,
      "shadow_ratio": 0.12491952627897263,
      "midtone_ratio": 0.8725020885467529,
      "warm_color_ratio": 0.6740633666798732,
      "cool_color_ratio": 0.0002600039619651347,
      "complementary_color_score": 0.8888888888888888
    },
    "motion_dynamics": {
      "s_curve_count": 246,
      "motion_blur_score": 8.255001140831101,
      "dominant_direction_deg": 4.999999999999995,
      "direction_strength": 0.19173125495186294
    },
    "pattern_rhythm": {
      "repetition_score": 1.0,
      "rhythm_score": 1.0,
      "pattern_breaks": 2
    },
    "visual_mass_focus": {
      "point_of_interest": {
        "x": 0.794921875,
        "y": 0.26782884310618066,
        "strength": 1.0
      },
      "visual_mass_concentration": 0.19991828446909668,
      "mean_visual_weight": 0.1723107546567917,
      "face_count": 0,
      "has_directional_cues": 0
    },
    "framing_breathing": {
      "frame_in_frame_count": 0,
      "breathing_space": {
        "top": 0.12044374009508717,
        "bottom": 0.6846275752773375,
        "left": 0.732421875,
        "right": 0.09375,
        "min_margin": 0.09375,
        "mean_margin": 0.4078107975931062
      },
      "corner_anchors": {
        "top_left": 0.21318212151527405,
        "top_right": 0.19336093962192535,
        "bottom_left": 0.2599475681781769,
        "bottom_right": 0.3537949323654175,
        "max_corner_weight": 0.3537949323654175,
        "has_corner_subject": 1
      }
    }
  }
}