{
  "meta": {
    "_dataset": "tvm board - Nov 22nd 2025 (5060 images)",
    "_label": "",
    "_relpath": "2573. .jpg",
    "_filename": "2573. .jpg",
    "_width": 735,
    "_height": 1099
  },
  "features": {
    "geometric_structural": {
      "leading_lines": {
        "diagonal": 5,
        "vertical": 53,
        "horizontal": 28,
        "curved": 311
      },
      "leading_lines_strength": 0.5182767624020888,
      "symmetry_vertical": 0.2215750777524985,
      "symmetry_horizontal": 0.2061198082335772,
      "symmetry_radial": 0.12636949358416008,
      "rule_of_thirds": {
        "alignment_score": 0,
        "num_salient_objects": 55
      },
      "golden_ratio": {
        "golden_alignment_score": 2
      },
      "balance": {
        "static_balance": 0.9169796705245972,
        "dynamic_balance": 1.0,
        "dominant_quadrant": 0
      },
      "layering": {
        "foreground_ratio": 0.32385668244125326,
        "midground_ratio": 0.33768409350522194,
        "background_ratio": 0.3384592240535248,
        "depth_complexity": 0.7951879306079536
      }
    },
    "spatial_layout": {
      "negative_space_ratio": 0.47293162532637073,
      "subject_isolation": 0.10000203981723238,
      "depth_of_field": {
        "blur_gradient_strength": 405.80903137628263,
        "sharpness_variance": 469034.3525815317,
        "min_sharpness": 16.0,
        "max_sharpness": 2528.0791790221756
      },
      "perspective": {
        "has_vanishing_point": 1,
        "perspective_strength": 0.99947501049979
      }
    },
    "contrast_color": {
      "high_contrast_ratio": 0.5115708632506527,
      "low_contrast_ratio": 0.4884291367493473,
      "mean_contrast": 19.960800170898438,
      "highlight_ratio": 0.0,
      "shadow_ratio": 0.2920788824558258,
      "midtone_ratio": 0.7079211473464966,
      "warm_color_ratio": 0.9029760933420365,
      "cool_color_ratio": 7.649314621409921e-06,
      "complementary_color_score": 1.6666666666666667
    },
    "motion_dynamics": {
      "s_curve_count": 292,
      "motion_blur_score": 7.261933262363776,
      "dominant_direction_deg": 4.999999999999995,
      "direction_strength": 0.0430834897192113
    },
    "pattern_rhythm": {
      "repetition_score": 1.0,
      "rhythm_score": 1.0,
      "pattern_breaks": 9
    },
    "visual_mass_focus": {
      "point_of_interest": {
        "x": 0.236328125,
        "y": 0.3524804177545692,
        "strength": 1.0
      },
      "visual_mass_concentration": 0.19991993717362924,
      "mean_visual_weight": 0.22395803034305573,
      "face_count": 0,
      "has_directional_cues": 0
    },
    "framing_breathing": {
      "frame_in_frame_count": 0,
      "breathing_space": {
        "top": 0.018276762402088774,
        "bottom": 0.8107049608355091,
        "left": 0.33203125,
        "right": 0.48046875,
        "min_margin": 0.018276762402088774,
        "mean_margin": 0.4103704308093995
      },
      "corner_anchors": {
        "top_left": 0.38356828689575195,
        "top_right": 0.26309934258461,
        "bottom_left": 0.32791367173194885,
        "bottom_right": 0.48507896065711975,
        "max_corner_weight": 0.48507896065711975,
        "has_corner_subject": 1
      }
    }
  }
}