{
  "meta": {
    "_dataset": "tvm board - Nov 22nd 2025 (5060 images)",
    "_label": "",
    "_relpath": "2580. .jpg",
    "_filename": "2580. .jpg",
    "_width": 478,
    "_height": 640
  },
  "features": {
    "geometric_structural": {
      "leading_lines": {
        "diagonal": 139,
        "vertical": 53,
        "horizontal": 7,
        "curved": 661
      },
      "leading_lines_strength": 1.2536443148688046,
      "symmetry_vertical": 0.14800074752272283,
      "symmetry_horizontal": 0.12118976133276903,
      "symmetry_radial": 0.08215690102688754,
      "rule_of_thirds": {
        "alignment_score": 1,
        "num_salient_objects": 39
      },
      "golden_ratio": {
        "golden_alignment_score": 6
      },
      "balance": {
        "static_balance": 0.8993943929672241,
        "dynamic_balance": 1.0,
        "dominant_quadrant": 0
      },
      "layering": {
        "foreground_ratio": 0.32282935495626824,
        "midground_ratio": 0.34477496355685133,
        "background_ratio": 0.3323956814868805,
        "depth_complexity": 1.7830757846245804
      }
    },
    "spatial_layout": {
      "negative_space_ratio": 0.7637145818148688,
      "subject_isolation": 0.100002277696793,
      "depth_of_field": {
        "blur_gradient_strength": 1022.2577503574781,
        "sharpness_variance": 2945526.632264793,
        "min_sharpness": 13.583061335286922,
        "max_sharpness": 7551.317442305114
      },
      "perspective": {
        "has_vanishing_point": 1,
        "perspective_strength": 0.9989148561898887
      }
    },
    "contrast_color": {
      "high_contrast_ratio": 0.42951097849854225,
      "low_contrast_ratio": 0.5704890215014577,
      "mean_contrast": 35.7519416809082,
      "highlight_ratio": 0.06629521399736404,
      "shadow_ratio": 0.458984375,
      "midtone_ratio": 0.47472041845321655,
      "warm_color_ratio": 0.03604170462827988,
      "cool_color_ratio": 0.14680609967201166,
      "complementary_color_score": 2.1666666666666665
    },
    "motion_dynamics": {
      "s_curve_count": 506,
      "motion_blur_score": 4.758581583031873,
      "dominant_direction_deg": 175.0,
      "direction_strength": 0.04409905703340214
    },
    "pattern_rhythm": {
      "repetition_score": 1.0,
      "rhythm_score": 1.0,
      "pattern_breaks": 8
    },
    "visual_mass_focus": {
      "point_of_interest": {
        "x": 0.427734375,
        "y": 0.4446064139941691,
        "strength": 1.0
      },
      "visual_mass_concentration": 0.19956325163994168,
      "mean_visual_weight": 0.12984783947467804,
      "face_count": 0,
      "has_directional_cues": 0
    },
    "framing_breathing": {
      "frame_in_frame_count": 0,
      "breathing_space": {
        "top": 0.2303206997084548,
        "bottom": 0.3935860058309038,
        "left": 0.1953125,
        "right": 0.3046875,
        "min_margin": 0.1953125,
        "mean_margin": 0.28097667638483964
      },
      "corner_anchors": {
        "top_left": 0.23885469138622284,
        "top_right": 0.30790165066719055,
        "bottom_left": 0.2843899428844452,
        "bottom_right": 0.14645007252693176,
        "max_corner_weight": 0.30790165066719055,
        "has_corner_subject": 1
      }
    }
  }
}