{
  "meta": {
    "_dataset": "tvm board - Nov 22nd 2025 (5060 images)",
    "_label": "",
    "_relpath": "2577. .jpg",
    "_filename": "2577. .jpg",
    "_width": 466,
    "_height": 640
  },
  "features": {
    "geometric_structural": {
      "leading_lines": {
        "diagonal": 13,
        "vertical": 51,
        "horizontal": 9,
        "curved": 476
      },
      "leading_lines_strength": 0.7809388335704125,
      "symmetry_vertical": 0.2812135916310135,
      "symmetry_horizontal": 0.2901177012603417,
      "symmetry_radial": 0.22412721492139007,
      "rule_of_thirds": {
        "alignment_score": 1,
        "num_salient_objects": 42
      },
      "golden_ratio": {
        "golden_alignment_score": 4
      },
      "balance": {
        "static_balance": 0.7908234596252441,
        "dynamic_balance": 1.0,
        "dominant_quadrant": 2
      },
      "layering": {
        "foreground_ratio": 0.31736197546230444,
        "midground_ratio": 0.24249588815789475,
        "background_ratio": 0.4401421363798009,
        "depth_complexity": 0.36213114556288867
      }
    },
    "spatial_layout": {
      "negative_space_ratio": 0.3226073524182077,
      "subject_isolation": 0.1000011113086771,
      "depth_of_field": {
        "blur_gradient_strength": 275.56214361376163,
        "sharpness_variance": 139231.93975218435,
        "min_sharpness": 20.435087146708575,
        "max_sharpness": 1948.7790272971936
      },
      "perspective": {
        "has_vanishing_point": 1,
        "perspective_strength": 0.9981920903954802
      }
    },
    "contrast_color": {
      "high_contrast_ratio": 0.5020142469772404,
      "low_contrast_ratio": 0.4979857530227596,
      "mean_contrast": 23.635957717895508,
      "highlight_ratio": 0.2167857587337494,
      "shadow_ratio": 0.0,
      "midtone_ratio": 0.7832142114639282,
      "warm_color_ratio": 0.57869176742532,
      "cool_color_ratio": 0.0,
      "complementary_color_score": 0.0
    },
    "motion_dynamics": {
      "s_curve_count": 365,
      "motion_blur_score": 13.19046693701139,
      "dominant_direction_deg": 4.999999999999995,
      "direction_strength": 0.05402349306528376
    },
    "pattern_rhythm": {
      "repetition_score": 1.0,
      "rhythm_score": 1.0,
      "pattern_breaks": 9
    },
    "visual_mass_focus": {
      "point_of_interest": {
        "x": 0.4609375,
        "y": 0.7226173541963016,
        "strength": 1.0
      },
      "visual_mass_concentration": 0.19993276582503555,
      "mean_visual_weight": 0.15334749221801758,
      "face_count": 0,
      "has_directional_cues": 0
    },
    "framing_breathing": {
      "frame_in_frame_count": 0,
      "breathing_space": {
        "top": 0.5718349928876245,
        "bottom": 0.06258890469416785,
        "left": 0.271484375,
        "right": 0.46484375,
        "min_margin": 0.06258890469416785,
        "mean_margin": 0.3426880056454481
      },
      "corner_anchors": {
        "top_left": 0.23552533984184265,
        "top_right": 0.12073026597499847,
        "bottom_left": 0.3640076220035553,
        "bottom_right": 0.32041457295417786,
        "max_corner_weight": 0.3640076220035553,
        "has_corner_subject": 1
      }
    }
  }
}