{
  "meta": {
    "_dataset": "tvm board - Nov 22nd 2025 (5060 images)",
    "_label": "",
    "_relpath": "2607. .jpg",
    "_filename": "2607. .jpg",
    "_width": 691,
    "_height": 1024
  },
  "features": {
    "geometric_structural": {
      "leading_lines": {
        "diagonal": 1,
        "vertical": 0,
        "horizontal": 11,
        "curved": 7
      },
      "leading_lines_strength": 0.025032938076416336,
      "symmetry_vertical": 0.49540161075293754,
      "symmetry_horizontal": 0.4172546222618839,
      "symmetry_radial": 0.3217786828241001,
      "rule_of_thirds": {
        "alignment_score": 1,
        "num_salient_objects": 8
      },
      "golden_ratio": {
        "golden_alignment_score": 1
      },
      "balance": {
        "static_balance": 0.965481162071228,
        "dynamic_balance": 1.0,
        "dominant_quadrant": 3
      },
      "layering": {
        "foreground_ratio": 0.29297389657444006,
        "midground_ratio": 0.24754508399209485,
        "background_ratio": 0.4594810194334651,
        "depth_complexity": 0.11782344780509328
      }
    },
    "spatial_layout": {
      "negative_space_ratio": 0.43693902338603424,
      "subject_isolation": 0.100000514657444,
      "depth_of_field": {
        "blur_gradient_strength": 75.1022423245365,
        "sharpness_variance": 11968.497287141445,
        "min_sharpness": 2.6282175503728564,
        "max_sharpness": 536.5900909669942
      },
      "perspective": {
        "has_vanishing_point": 1,
        "perspective_strength": 0.969437652811736
      }
    },
    "contrast_color": {
      "high_contrast_ratio": 0.3828202198616601,
      "low_contrast_ratio": 0.6171797801383399,
      "mean_contrast": 16.659011840820312,
      "highlight_ratio": 0.0,
      "shadow_ratio": 0.05945322662591934,
      "midtone_ratio": 0.9405467510223389,
      "warm_color_ratio": 0.923730340085639,
      "cool_color_ratio": 0.0,
      "complementary_color_score": 0.0
    },
    "motion_dynamics": {
      "s_curve_count": 132,
      "motion_blur_score": 14.815996188792862,
      "dominant_direction_deg": -85.0,
      "direction_strength": 0.1088346096835144
    },
    "pattern_rhythm": {
      "repetition_score": 1.0,
      "rhythm_score": 1.0,
      "pattern_breaks": 4
    },
    "visual_mass_focus": {
      "point_of_interest": {
        "x": 0.48046875,
        "y": 0.6245059288537549,
        "strength": 1.0
      },
      "visual_mass_concentration": 0.19999330945322794,
      "mean_visual_weight": 0.3428729176521301,
      "face_count": 0,
      "has_directional_cues": 0
    },
    "framing_breathing": {
      "frame_in_frame_count": 0,
      "breathing_space": {
        "top": 0.0,
        "bottom": 0.9512516469038208,
        "left": 0.05859375,
        "right": 0.18359375,
        "min_margin": 0.0,
        "mean_margin": 0.2983597867259552
      },
      "corner_anchors": {
        "top_left": 0.40350696444511414,
        "top_right": 0.3995872437953949,
        "bottom_left": 0.19702637195587158,
        "bottom_right": 0.49740833044052124,
        "max_corner_weight": 0.49740833044052124,
        "has_corner_subject": 1
      }
    }
  }
}