{
  "meta": {
    "_dataset": "tvm board - Nov 22nd 2025 (5060 images)",
    "_label": "",
    "_relpath": "2620. .jpg",
    "_filename": "2620. .jpg",
    "_width": 1284,
    "_height": 2778
  },
  "features": {
    "geometric_structural": {
      "leading_lines": {
        "diagonal": 0,
        "vertical": 0,
        "horizontal": 0,
        "curved": 74
      },
      "leading_lines_strength": 0.06678700361010831,
      "symmetry_vertical": 0.8023111656476872,
      "symmetry_horizontal": 0.5417884891936915,
      "symmetry_radial": 0.3800119799972341,
      "rule_of_thirds": {
        "alignment_score": 0,
        "num_salient_objects": 49
      },
      "golden_ratio": {
        "golden_alignment_score": 6
      },
      "balance": {
        "static_balance": 0.9590762853622437,
        "dynamic_balance": 1.0,
        "dominant_quadrant": 3
      },
      "layering": {
        "foreground_ratio": 0.3164679461868231,
        "midground_ratio": 0.0,
        "background_ratio": 0.6835320538131769,
        "depth_complexity": 0.018572207418734304
      }
    },
    "spatial_layout": {
      "negative_space_ratio": 0.4663632389440433,
      "subject_isolation": 0.09999717960288809,
      "depth_of_field": {
        "blur_gradient_strength": 16.43265121589394,
        "sharpness_variance": 1143.3204993612492,
        "min_sharpness": 0.2318337622193339,
        "max_sharpness": 196.24420501327305
      },
      "perspective": {
        "has_vanishing_point": 0,
        "perspective_strength": 0.0
      }
    },
    "contrast_color": {
      "high_contrast_ratio": 0.35429652245036103,
      "low_contrast_ratio": 0.645703477549639,
      "mean_contrast": 8.191478729248047,
      "highlight_ratio": 0.2072286754846573,
      "shadow_ratio": 0.08160466700792313,
      "midtone_ratio": 0.7111666798591614,
      "warm_color_ratio": 0.9826915754738267,
      "cool_color_ratio": 0.000290853452166065,
      "complementary_color_score": 2.611111111111111
    },
    "motion_dynamics": {
      "s_curve_count": 95,
      "motion_blur_score": 27.49719980624013,
      "dominant_direction_deg": 4.999999999999995,
      "direction_strength": 0.40387381543250106
    },
    "pattern_rhythm": {
      "repetition_score": 1.0,
      "rhythm_score": 1.0,
      "pattern_breaks": 22
    },
    "visual_mass_focus": {
      "point_of_interest": {
        "x": 0.736328125,
        "y": 0.7274368231046932,
        "strength": 1.0
      },
      "visual_mass_concentration": 0.19039972078068593,
      "mean_visual_weight": 0.25871244072914124,
      "face_count": 0,
      "has_directional_cues": 0
    },
    "framing_breathing": {
      "frame_in_frame_count": 0,
      "breathing_space": {
        "top": 0.5911552346570397,
        "bottom": 0.20667870036101083,
        "left": 0.740234375,
        "right": 0.0,
        "min_margin": 0.0,
        "mean_margin": 0.38451707750451264
      },
      "corner_anchors": {
        "top_left": 0.4777804911136627,
        "top_right": 0.5363254547119141,
        "bottom_left": 0.3896360993385315,
        "bottom_right": 0.3468216359615326,
        "max_corner_weight": 0.5363254547119141,
        "has_corner_subject": 1
      }
    }
  }
}