{
  "meta": {
    "_dataset": "tvm board - Nov 22nd 2025 (5060 images)",
    "_label": "",
    "_relpath": "2626. .jpg",
    "_filename": "2626. .jpg",
    "_width": 1600,
    "_height": 2000
  },
  "features": {
    "geometric_structural": {
      "leading_lines": {
        "diagonal": 0,
        "vertical": 0,
        "horizontal": 0,
        "curved": 182
      },
      "leading_lines_strength": 0.284375,
      "symmetry_vertical": 0.5250048955572528,
      "symmetry_horizontal": 0.253404835864376,
      "symmetry_radial": 0.27462735943293265,
      "rule_of_thirds": {
        "alignment_score": 0,
        "num_salient_objects": 42
      },
      "golden_ratio": {
        "golden_alignment_score": 0
      },
      "balance": {
        "static_balance": 0.9553461074829102,
        "dynamic_balance": 1.0,
        "dominant_quadrant": 0
      },
      "layering": {
        "foreground_ratio": 0.3035186767578125,
        "midground_ratio": 0.220880126953125,
        "background_ratio": 0.4756011962890625,
        "depth_complexity": 0.19446886562347412
      }
    },
    "spatial_layout": {
      "negative_space_ratio": 0.5479248046875,
      "subject_isolation": 0.1,
      "depth_of_field": {
        "blur_gradient_strength": 77.97303447262627,
        "sharpness_variance": 23495.184612415906,
        "min_sharpness": 0.011534025374855825,
        "max_sharpness": 577.5593623899719
      },
      "perspective": {
        "has_vanishing_point": 1,
        "perspective_strength": 0.5454545454545454
      }
    },
    "contrast_color": {
      "high_contrast_ratio": 0.5175018310546875,
      "low_contrast_ratio": 0.4824981689453125,
      "mean_contrast": 12.992635726928711,
      "highlight_ratio": 0.296112060546875,
      "shadow_ratio": 0.230621337890625,
      "midtone_ratio": 0.4732666015625,
      "warm_color_ratio": 0.9049072265625,
      "cool_color_ratio": 0.0,
      "complementary_color_score": 0.0
    },
    "motion_dynamics": {
      "s_curve_count": 209,
      "motion_blur_score": 17.046532523924988,
      "dominant_direction_deg": 4.999999999999995,
      "direction_strength": 0.08507690429661537
    },
    "pattern_rhythm": {
      "repetition_score": 1.0,
      "rhythm_score": 1.0,
      "pattern_breaks": 9
    },
    "visual_mass_focus": {
      "point_of_interest": {
        "x": 0.466796875,
        "y": 0.1515625,
        "strength": 1.0
      },
      "visual_mass_concentration": 0.1998260498046875,
      "mean_visual_weight": 0.20877449214458466,
      "face_count": 0,
      "has_directional_cues": 0
    },
    "framing_breathing": {
      "frame_in_frame_count": 0,
      "breathing_space": {
        "top": 0.0,
        "bottom": 0.5984375,
        "left": 0.0,
        "right": 0.0,
        "min_margin": 0.0,
        "mean_margin": 0.149609375
      },
      "corner_anchors": {
        "top_left": 0.8451712131500244,
        "top_right": 0.6842257976531982,
        "bottom_left": 0.6958558559417725,
        "bottom_right": 0.6663297414779663,
        "max_corner_weight": 0.8451712131500244,
        "has_corner_subject": 1
      }
    }
  }
}