{
  "meta": {
    "_dataset": "tvm board - Nov 22nd 2025 (5060 images)",
    "_label": "",
    "_relpath": "2651. .png",
    "_filename": "2651. .png",
    "_width": 2457,
    "_height": 3276
  },
  "features": {
    "geometric_structural": {
      "leading_lines": {
        "diagonal": 2,
        "vertical": 4,
        "horizontal": 1,
        "curved": 367
      },
      "leading_lines_strength": 0.5475841874084919,
      "symmetry_vertical": 0.3271112664687415,
      "symmetry_horizontal": 0.17311540285225144,
      "symmetry_radial": 0.18187471126511703,
      "rule_of_thirds": {
        "alignment_score": 1,
        "num_salient_objects": 56
      },
      "golden_ratio": {
        "golden_alignment_score": 1
      },
      "balance": {
        "static_balance": 0.9569023847579956,
        "dynamic_balance": 1.0,
        "dominant_quadrant": 0
      },
      "layering": {
        "foreground_ratio": 0.2912215181185944,
        "midground_ratio": 0.29646321376281115,
        "background_ratio": 0.4123152681185944,
        "depth_complexity": 0.6715745506671367
      }
    },
    "spatial_layout": {
      "negative_space_ratio": 0.6001527040629575,
      "subject_isolation": 0.10000114385065886,
      "depth_of_field": {
        "blur_gradient_strength": 397.8332817002373,
        "sharpness_variance": 431113.90787024697,
        "min_sharpness": 53.98255691146501,
        "max_sharpness": 3780.4446280310076
      },
      "perspective": {
        "has_vanishing_point": 1,
        "perspective_strength": 0.9978835978835979
      }
    },
    "contrast_color": {
      "high_contrast_ratio": 0.3615397373718887,
      "low_contrast_ratio": 0.6384602626281113,
      "mean_contrast": 30.466114044189453,
      "highlight_ratio": 0.1896876096725464,
      "shadow_ratio": 0.4922790229320526,
      "midtone_ratio": 0.318033367395401,
      "warm_color_ratio": 0.025565062225475842,
      "cool_color_ratio": 0.41070529831625185,
      "complementary_color_score": 1.6111111111111112
    },
    "motion_dynamics": {
      "s_curve_count": 274,
      "motion_blur_score": 7.474087208931054,
      "dominant_direction_deg": 95.0,
      "direction_strength": 0.035084759333721044
    },
    "pattern_rhythm": {
      "repetition_score": 1.0,
      "rhythm_score": 1.0,
      "pattern_breaks": 16
    },
    "visual_mass_focus": {
      "point_of_interest": {
        "x": 0.42578125,
        "y": 0.3821376281112738,
        "strength": 1.0
      },
      "visual_mass_concentration": 0.19901285688140558,
      "mean_visual_weight": 0.07649575918912888,
      "face_count": 2,
      "has_directional_cues": 1
    },
    "framing_breathing": {
      "frame_in_frame_count": 0,
      "breathing_space": {
        "top": 0.08638360175695461,
        "bottom": 0.5197657393850659,
        "left": 0.419921875,
        "right": 0.03125,
        "min_margin": 0.03125,
        "mean_margin": 0.2643303040355051
      },
      "corner_anchors": {
        "top_left": 0.31644174456596375,
        "top_right": 0.2918650209903717,
        "bottom_left": 0.45045220851898193,
        "bottom_right": 0.40557703375816345,
        "max_corner_weight": 0.45045220851898193,
        "has_corner_subject": 1
      }
    }
  }
}