{
  "meta": {
    "_dataset": "tvm board - Nov 22nd 2025 (5060 images)",
    "_label": "",
    "_relpath": "2648. Desert Wedding.jpg",
    "_filename": "2648. Desert Wedding.jpg",
    "_width": 1168,
    "_height": 1752
  },
  "features": {
    "geometric_structural": {
      "leading_lines": {
        "diagonal": 0,
        "vertical": 0,
        "horizontal": 7,
        "curved": 91
      },
      "leading_lines_strength": 0.12760416666666666,
      "symmetry_vertical": 0.6737717271348618,
      "symmetry_horizontal": 0.5475313312936106,
      "symmetry_radial": 0.3984276788675458,
      "rule_of_thirds": {
        "alignment_score": 2,
        "num_salient_objects": 56
      },
      "golden_ratio": {
        "golden_alignment_score": 6
      },
      "balance": {
        "static_balance": 0.9593902230262756,
        "dynamic_balance": 1.0,
        "dominant_quadrant": 3
      },
      "layering": {
        "foreground_ratio": 0.33536529541015625,
        "midground_ratio": 0.0,
        "background_ratio": 0.6646347045898438,
        "depth_complexity": 0.09683906111570668
      }
    },
    "spatial_layout": {
      "negative_space_ratio": 0.4992879231770833,
      "subject_isolation": 0.10000101725260417,
      "depth_of_field": {
        "blur_gradient_strength": 75.55969275863542,
        "sharpness_variance": 32789.48710067501,
        "min_sharpness": 8.823529411764707,
        "max_sharpness": 791.957863188396
      },
      "perspective": {
        "has_vanishing_point": 1,
        "perspective_strength": 0.8897058823529411
      }
    },
    "contrast_color": {
      "high_contrast_ratio": 0.39156341552734375,
      "low_contrast_ratio": 0.6084365844726562,
      "mean_contrast": 12.338371276855469,
      "highlight_ratio": 0.0,
      "shadow_ratio": 0.14453887939453125,
      "midtone_ratio": 0.8554611206054688,
      "warm_color_ratio": 0.4859517415364583,
      "cool_color_ratio": 0.00016021728515625,
      "complementary_color_score": 1.8333333333333333
    },
    "motion_dynamics": {
      "s_curve_count": 80,
      "motion_blur_score": 15.109000521999814,
      "dominant_direction_deg": 95.0,
      "direction_strength": 0.05043538411445507
    },
    "pattern_rhythm": {
      "repetition_score": 1.0,
      "rhythm_score": 1.0,
      "pattern_breaks": 12
    },
    "visual_mass_focus": {
      "point_of_interest": {
        "x": 0.439453125,
        "y": 0.6223958333333334,
        "strength": 1.0
      },
      "visual_mass_concentration": 0.1997502644856771,
      "mean_visual_weight": 0.11493721604347229,
      "face_count": 0,
      "has_directional_cues": 0
    },
    "framing_breathing": {
      "frame_in_frame_count": 0,
      "breathing_space": {
        "top": 0.5091145833333334,
        "bottom": 0.3385416666666667,
        "left": 0.0,
        "right": 0.0,
        "min_margin": 0.0,
        "mean_margin": 0.2119140625
      },
      "corner_anchors": {
        "top_left": 0.38691088557243347,
        "top_right": 0.34144020080566406,
        "bottom_left": 0.231317937374115,
        "bottom_right": 0.3842330276966095,
        "max_corner_weight": 0.38691088557243347,
        "has_corner_subject": 1
      }
    }
  }
}