{
  "meta": {
    "_dataset": "tvm board - Nov 22nd 2025 (5060 images)",
    "_label": "",
    "_relpath": "2658. .jpg",
    "_filename": "2658. .jpg",
    "_width": 750,
    "_height": 919
  },
  "features": {
    "geometric_structural": {
      "leading_lines": {
        "diagonal": 1,
        "vertical": 3,
        "horizontal": 0,
        "curved": 238
      },
      "leading_lines_strength": 0.38596491228070173,
      "symmetry_vertical": 0.40241898453159003,
      "symmetry_horizontal": 0.3858556458553978,
      "symmetry_radial": 0.3218355229404334,
      "rule_of_thirds": {
        "alignment_score": 0,
        "num_salient_objects": 9
      },
      "golden_ratio": {
        "golden_alignment_score": 0
      },
      "balance": {
        "static_balance": 0.6899201273918152,
        "dynamic_balance": 1.0,
        "dominant_quadrant": 3
      },
      "layering": {
        "foreground_ratio": 0.30026415470494416,
        "midground_ratio": 0.3030926036682616,
        "background_ratio": 0.39664324162679426,
        "depth_complexity": 0.21159403255336473
      }
    },
    "spatial_layout": {
      "negative_space_ratio": 0.7779761014752791,
      "subject_isolation": 0.10000186901913875,
      "depth_of_field": {
        "blur_gradient_strength": 150.18971291394786,
        "sharpness_variance": 46206.31145886938,
        "min_sharpness": 14.92453661022045,
        "max_sharpness": 1287.0160398781943
      },
      "perspective": {
        "has_vanishing_point": 1,
        "perspective_strength": 0.7454545454545455
      }
    },
    "contrast_color": {
      "high_contrast_ratio": 0.3304425837320574,
      "low_contrast_ratio": 0.6695574162679425,
      "mean_contrast": 15.681136131286621,
      "highlight_ratio": 0.0021057615522295237,
      "shadow_ratio": 0.374660462141037,
      "midtone_ratio": 0.6232337951660156,
      "warm_color_ratio": 0.04512435207336523,
      "cool_color_ratio": 0.0041959479665071775,
      "complementary_color_score": 1.8888888888888888
    },
    "motion_dynamics": {
      "s_curve_count": 225,
      "motion_blur_score": 8.187556752312652,
      "dominant_direction_deg": 95.0,
      "direction_strength": 0.03713118022316982
    },
    "pattern_rhythm": {
      "repetition_score": 1.0,
      "rhythm_score": 1.0,
      "pattern_breaks": 1
    },
    "visual_mass_focus": {
      "point_of_interest": {
        "x": 0.8359375,
        "y": 0.9457735247208932,
        "strength": 1.0
      },
      "visual_mass_concentration": 0.19522839413875598,
      "mean_visual_weight": 0.030243968591094017,
      "face_count": 0,
      "has_directional_cues": 0
    },
    "framing_breathing": {
      "frame_in_frame_count": 0,
      "breathing_space": {
        "top": 0.8484848484848485,
        "bottom": 0.0,
        "left": 0.63671875,
        "right": 0.0,
        "min_margin": 0.0,
        "mean_margin": 0.37130089962121215
      },
      "corner_anchors": {
        "top_left": 0.04785098880529404,
        "top_right": 0.043568432331085205,
        "bottom_left": 0.3424123525619507,
        "bottom_right": 0.5879930853843689,
        "max_corner_weight": 0.5879930853843689,
        "has_corner_subject": 1
      }
    }
  }
}