{
  "meta": {
    "_dataset": "tvm board - Nov 22nd 2025 (5060 images)",
    "_label": "",
    "_relpath": "2668. .jpg",
    "_filename": "2668. .jpg",
    "_width": 748,
    "_height": 1200
  },
  "features": {
    "geometric_structural": {
      "leading_lines": {
        "diagonal": 9,
        "vertical": 55,
        "horizontal": 4,
        "curved": 609
      },
      "leading_lines_strength": 0.8246041412911084,
      "symmetry_vertical": 0.2814200090547159,
      "symmetry_horizontal": 0.277467098604176,
      "symmetry_radial": 0.17521212632924418,
      "rule_of_thirds": {
        "alignment_score": 0,
        "num_salient_objects": 5
      },
      "golden_ratio": {
        "golden_alignment_score": 0
      },
      "balance": {
        "static_balance": 0.8975823521614075,
        "dynamic_balance": 1.0,
        "dominant_quadrant": 2
      },
      "layering": {
        "foreground_ratio": 0.28548216732643117,
        "midground_ratio": 0.3576859394031669,
        "background_ratio": 0.35683189327040193,
        "depth_complexity": 0.3620255704280645
      }
    },
    "spatial_layout": {
      "negative_space_ratio": 0.47004891138855054,
      "subject_isolation": 0.10000190316686967,
      "depth_of_field": {
        "blur_gradient_strength": 2682.8281474777646,
        "sharpness_variance": 39648732.43900901,
        "min_sharpness": 7.316014409623602,
        "max_sharpness": 51227.17993079585
      },
      "perspective": {
        "has_vanishing_point": 1,
        "perspective_strength": 0.9998646453708717
      }
    },
    "contrast_color": {
      "high_contrast_ratio": 0.3522357452801462,
      "low_contrast_ratio": 0.6477642547198539,
      "mean_contrast": 18.123577117919922,
      "highlight_ratio": 0.011121631599962711,
      "shadow_ratio": 0.15977561473846436,
      "midtone_ratio": 0.8291027545928955,
      "warm_color_ratio": 0.9758511913824605,
      "cool_color_ratio": 0.009173264311814859,
      "complementary_color_score": 2.2777777777777777
    },
    "motion_dynamics": {
      "s_curve_count": 503,
      "motion_blur_score": 9.209224541613848,
      "dominant_direction_deg": 4.999999999999995,
      "direction_strength": 0.04510029689392438
    },
    "pattern_rhythm": {
      "repetition_score": 1.0,
      "rhythm_score": 1.0,
      "pattern_breaks": 1
    },
    "visual_mass_focus": {
      "point_of_interest": {
        "x": 0.919921875,
        "y": 0.28258221680876977,
        "strength": 1.0
      },
      "visual_mass_concentration": 0.19955418316077952,
      "mean_visual_weight": 0.17643900215625763,
      "face_count": 0,
      "has_directional_cues": 0
    },
    "framing_breathing": {
      "frame_in_frame_count": 0,
      "breathing_space": {
        "top": 0.23142509135200975,
        "bottom": 0.679658952496955,
        "left": 0.85546875,
        "right": 0.00390625,
        "min_margin": 0.00390625,
        "mean_margin": 0.44261476096224117
      },
      "corner_anchors": {
        "top_left": 0.22938252985477448,
        "top_right": 0.10586681962013245,
        "bottom_left": 0.10342086851596832,
        "bottom_right": 0.14193832874298096,
        "max_corner_weight": 0.22938252985477448,
        "has_corner_subject": 0
      }
    }
  }
}