{
  "meta": {
    "_dataset": "tvm board - Nov 22nd 2025 (5060 images)",
    "_label": "",
    "_relpath": "2679. snow day.png",
    "_filename": "2679. snow day.png",
    "_width": 1168,
    "_height": 1554
  },
  "features": {
    "geometric_structural": {
      "leading_lines": {
        "diagonal": 99,
        "vertical": 35,
        "horizontal": 0,
        "curved": 391
      },
      "leading_lines_strength": 0.7709251101321586,
      "symmetry_vertical": 0.3010776197561534,
      "symmetry_horizontal": 0.23199355978530423,
      "symmetry_radial": 0.17097005097479223,
      "rule_of_thirds": {
        "alignment_score": 0,
        "num_salient_objects": 4
      },
      "golden_ratio": {
        "golden_alignment_score": 0
      },
      "balance": {
        "static_balance": 0.8331003189086914,
        "dynamic_balance": 1.0,
        "dominant_quadrant": 3
      },
      "layering": {
        "foreground_ratio": 0.3076845860866373,
        "midground_ratio": 0.322265625,
        "background_ratio": 0.3700497889133627,
        "depth_complexity": 0.443456137754805
      }
    },
    "spatial_layout": {
      "negative_space_ratio": 0.3964929790748899,
      "subject_isolation": 0.09999942639500735,
      "depth_of_field": {
        "blur_gradient_strength": 305.6385402384049,
        "sharpness_variance": 399257.6179083968,
        "min_sharpness": 16.612423488969508,
        "max_sharpness": 4204.084198385237
      },
      "perspective": {
        "has_vanishing_point": 1,
        "perspective_strength": 0.9989723078632337
      }
    },
    "contrast_color": {
      "high_contrast_ratio": 0.41247935022026433,
      "low_contrast_ratio": 0.5875206497797356,
      "mean_contrast": 25.039100646972656,
      "highlight_ratio": 0.04661400988698006,
      "shadow_ratio": 0.3117571771144867,
      "midtone_ratio": 0.6416288614273071,
      "warm_color_ratio": 0.8607344438325991,
      "cool_color_ratio": 0.005520948054331865,
      "complementary_color_score": 1.5
    },
    "motion_dynamics": {
      "s_curve_count": 336,
      "motion_blur_score": 8.601666230868355,
      "dominant_direction_deg": 95.0,
      "direction_strength": 0.039266129772280924
    },
    "pattern_rhythm": {
      "repetition_score": 1.0,
      "rhythm_score": 1.0,
      "pattern_breaks": 1
    },
    "visual_mass_focus": {
      "point_of_interest": {
        "x": 0.75390625,
        "y": 0.48604992657856094,
        "strength": 1.0
      },
      "visual_mass_concentration": 0.19955430892070486,
      "mean_visual_weight": 0.1722251921892166,
      "face_count": 0,
      "has_directional_cues": 0
    },
    "framing_breathing": {
      "frame_in_frame_count": 0,
      "breathing_space": {
        "top": 0.35829662261380324,
        "bottom": 0.1013215859030837,
        "left": 0.25,
        "right": 0.369140625,
        "min_margin": 0.1013215859030837,
        "mean_margin": 0.26968970837922174
      },
      "corner_anchors": {
        "top_left": 0.3402749001979828,
        "top_right": 0.27447009086608887,
        "bottom_left": 0.4368646740913391,
        "bottom_right": 0.4561308026313782,
        "max_corner_weight": 0.4561308026313782,
        "has_corner_subject": 1
      }
    }
  }
}