{
  "meta": {
    "_dataset": "tvm board - Nov 22nd 2025 (5060 images)",
    "_label": "",
    "_relpath": "2689. 1y  3.jpg",
    "_filename": "2689. 1y  3.jpg",
    "_width": 1224,
    "_height": 1632
  },
  "features": {
    "geometric_structural": {
      "leading_lines": {
        "diagonal": 159,
        "vertical": 61,
        "horizontal": 13,
        "curved": 773
      },
      "leading_lines_strength": 1.472913616398243,
      "symmetry_vertical": 0.14756981218837512,
      "symmetry_horizontal": 0.1456215444311222,
      "symmetry_radial": 0.11102805315124481,
      "rule_of_thirds": {
        "alignment_score": 0,
        "num_salient_objects": 40
      },
      "golden_ratio": {
        "golden_alignment_score": 0
      },
      "balance": {
        "static_balance": 0.7231200933456421,
        "dynamic_balance": 1.0,
        "dominant_quadrant": 2
      },
      "layering": {
        "foreground_ratio": 0.31186802251098095,
        "midground_ratio": 0.31035242038799415,
        "background_ratio": 0.3777795571010249,
        "depth_complexity": 1.6908000171926874
      }
    },
    "spatial_layout": {
      "negative_space_ratio": 0.6947291361639825,
      "subject_isolation": 0.10000114385065886,
      "depth_of_field": {
        "blur_gradient_strength": 1101.3011702477136,
        "sharpness_variance": 3659915.7747876015,
        "min_sharpness": 7.127354863514033,
        "max_sharpness": 8685.430275020653
      },
      "perspective": {
        "has_vanishing_point": 1,
        "perspective_strength": 0.9998577649401519
      }
    },
    "contrast_color": {
      "high_contrast_ratio": 0.432824510431918,
      "low_contrast_ratio": 0.5671754895680821,
      "mean_contrast": 22.103660583496094,
      "highlight_ratio": 0.0003460148291196674,
      "shadow_ratio": 0.1825414001941681,
      "midtone_ratio": 0.8171125650405884,
      "warm_color_ratio": 0.6194837801976574,
      "cool_color_ratio": 0.0018101436676427527,
      "complementary_color_score": 2.611111111111111
    },
    "motion_dynamics": {
      "s_curve_count": 483,
      "motion_blur_score": 5.882971793366827,
      "dominant_direction_deg": 175.0,
      "direction_strength": 0.03592548956797926
    },
    "pattern_rhythm": {
      "repetition_score": 1.0,
      "rhythm_score": 1.0,
      "pattern_breaks": 6
    },
    "visual_mass_focus": {
      "point_of_interest": {
        "x": 0.484375,
        "y": 0.8857979502196194,
        "strength": 1.0
      },
      "visual_mass_concentration": 0.19997369143484628,
      "mean_visual_weight": 0.0934426486492157,
      "face_count": 0,
      "has_directional_cues": 0
    },
    "framing_breathing": {
      "frame_in_frame_count": 0,
      "breathing_space": {
        "top": 0.726207906295754,
        "bottom": 0.0,
        "left": 0.3515625,
        "right": 0.38671875,
        "min_margin": 0.0,
        "mean_margin": 0.3661222890739385
      },
      "corner_anchors": {
        "top_left": 0.09719184786081314,
        "top_right": 0.17364279925823212,
        "bottom_left": 0.6304444074630737,
        "bottom_right": 0.3650861382484436,
        "max_corner_weight": 0.6304444074630737,
        "has_corner_subject": 1
      }
    }
  }
}