{
  "meta": {
    "_dataset": "tvm board - Nov 22nd 2025 (5060 images)",
    "_label": "",
    "_relpath": "2713. Rainey love.jpg",
    "_filename": "2713. Rainey love.jpg",
    "_width": 1080,
    "_height": 1920
  },
  "features": {
    "geometric_structural": {
      "leading_lines": {
        "diagonal": 11,
        "vertical": 7,
        "horizontal": 2,
        "curved": 103
      },
      "leading_lines_strength": 0.13516483516483516,
      "symmetry_vertical": 0.4687768315142678,
      "symmetry_horizontal": 0.31369877226000675,
      "symmetry_radial": 0.216351556003047,
      "rule_of_thirds": {
        "alignment_score": 0,
        "num_salient_objects": 27
      },
      "golden_ratio": {
        "golden_alignment_score": 0
      },
      "balance": {
        "static_balance": 0.9478136301040649,
        "dynamic_balance": 1.0,
        "dominant_quadrant": 0
      },
      "layering": {
        "foreground_ratio": 0.2944239354395604,
        "midground_ratio": 0.3478794642857143,
        "background_ratio": 0.3576966002747253,
        "depth_complexity": 0.11136140665265067
      }
    },
    "spatial_layout": {
      "negative_space_ratio": 0.6406078296703297,
      "subject_isolation": 0.1,
      "depth_of_field": {
        "blur_gradient_strength": 130.9632918601555,
        "sharpness_variance": 93855.87584594537,
        "min_sharpness": 0.47981013424434843,
        "max_sharpness": 3637.366109188774
      },
      "perspective": {
        "has_vanishing_point": 1,
        "perspective_strength": 0.9601706970128022
      }
    },
    "contrast_color": {
      "high_contrast_ratio": 0.40620922046703295,
      "low_contrast_ratio": 0.5937907795329671,
      "mean_contrast": 16.794841766357422,
      "highlight_ratio": 0.0,
      "shadow_ratio": 0.27853280305862427,
      "midtone_ratio": 0.7214671969413757,
      "warm_color_ratio": 0.508973643543956,
      "cool_color_ratio": 0.0,
      "complementary_color_score": 0.0
    },
    "motion_dynamics": {
      "s_curve_count": 163,
      "motion_blur_score": 11.742859638570039,
      "dominant_direction_deg": 4.999999999999995,
      "direction_strength": 0.2614290006862521
    },
    "pattern_rhythm": {
      "repetition_score": 1.0,
      "rhythm_score": 1.0,
      "pattern_breaks": 6
    },
    "visual_mass_focus": {
      "point_of_interest": {
        "x": 0.5,
        "y": 0.31758241758241756,
        "strength": 1.0
      },
      "visual_mass_concentration": 0.1995321085164835,
      "mean_visual_weight": 0.07707591354846954,
      "face_count": 0,
      "has_directional_cues": 0
    },
    "framing_breathing": {
      "frame_in_frame_count": 0,
      "breathing_space": {
        "top": 0.0,
        "bottom": 0.5989010989010989,
        "left": 0.0,
        "right": 0.171875,
        "min_margin": 0.0,
        "mean_margin": 0.19269402472527472
      },
      "corner_anchors": {
        "top_left": 0.7780653834342957,
        "top_right": 0.3590421974658966,
        "bottom_left": 0.5045326352119446,
        "bottom_right": 0.384380042552948,
        "max_corner_weight": 0.7780653834342957,
        "has_corner_subject": 1
      }
    }
  }
}