{
  "meta": {
    "_dataset": "tvm board - Nov 22nd 2025 (5060 images)",
    "_label": "",
    "_relpath": "2717. .jpg",
    "_filename": "2717. .jpg",
    "_width": 500,
    "_height": 662
  },
  "features": {
    "geometric_structural": {
      "leading_lines": {
        "diagonal": 3,
        "vertical": 2,
        "horizontal": 0,
        "curved": 352
      },
      "leading_lines_strength": 0.5265486725663717,
      "symmetry_vertical": 0.2000448929343493,
      "symmetry_horizontal": 0.20209046201531092,
      "symmetry_radial": 0.15671042017063544,
      "rule_of_thirds": {
        "alignment_score": 1,
        "num_salient_objects": 84
      },
      "golden_ratio": {
        "golden_alignment_score": 5
      },
      "balance": {
        "static_balance": 0.9013289213180542,
        "dynamic_balance": 1.0,
        "dominant_quadrant": 2
      },
      "layering": {
        "foreground_ratio": 0.3001561347713864,
        "midground_ratio": 0.2975519681047198,
        "background_ratio": 0.4022918971238938,
        "depth_complexity": 0.08658687610280834
      }
    },
    "spatial_layout": {
      "negative_space_ratio": 0.465474626659292,
      "subject_isolation": 0.1000011522861357,
      "depth_of_field": {
        "blur_gradient_strength": 49.662854356623136,
        "sharpness_variance": 4461.5002065182125,
        "min_sharpness": 3.2622222222222224,
        "max_sharpness": 325.19987417964376
      },
      "perspective": {
        "has_vanishing_point": 1,
        "perspective_strength": 0.9890377588306942
      }
    },
    "contrast_color": {
      "high_contrast_ratio": 0.43575428650442477,
      "low_contrast_ratio": 0.5642457134955752,
      "mean_contrast": 32.032222747802734,
      "highlight_ratio": 0.16697490215301514,
      "shadow_ratio": 0.09418787062168121,
      "midtone_ratio": 0.7388372421264648,
      "warm_color_ratio": 0.3114687039085546,
      "cool_color_ratio": 0.12695600571533924,
      "complementary_color_score": 2.1666666666666665
    },
    "motion_dynamics": {
      "s_curve_count": 500,
      "motion_blur_score": 10.88816099983498,
      "dominant_direction_deg": 175.0,
      "direction_strength": 0.0489635186208029
    },
    "pattern_rhythm": {
      "repetition_score": 1.0,
      "rhythm_score": 1.0,
      "pattern_breaks": 18
    },
    "visual_mass_focus": {
      "point_of_interest": {
        "x": 0.51171875,
        "y": 0.7669616519174042,
        "strength": 1.0
      },
      "visual_mass_concentration": 0.19993892883480827,
      "mean_visual_weight": 0.11225280165672302,
      "face_count": 0,
      "has_directional_cues": 0
    },
    "framing_breathing": {
      "frame_in_frame_count": 0,
      "breathing_space": {
        "top": 0.22566371681415928,
        "bottom": 0.24778761061946902,
        "left": 0.2265625,
        "right": 0.287109375,
        "min_margin": 0.22566371681415928,
        "mean_margin": 0.24678080060840707
      },
      "corner_anchors": {
        "top_left": 0.30414026975631714,
        "top_right": 0.2982577383518219,
        "bottom_left": 0.6703113317489624,
        "bottom_right": 0.49033522605895996,
        "max_corner_weight": 0.6703113317489624,
        "has_corner_subject": 1
      }
    }
  }
}