{
  "meta": {
    "_dataset": "tvm board - Nov 22nd 2025 (5060 images)",
    "_label": "",
    "_relpath": "2727. How to.jpg",
    "_filename": "2727. How to.jpg",
    "_width": 564,
    "_height": 705
  },
  "features": {
    "geometric_structural": {
      "leading_lines": {
        "diagonal": 62,
        "vertical": 22,
        "horizontal": 3,
        "curved": 437
      },
      "leading_lines_strength": 0.81875,
      "symmetry_vertical": 0.2943359124197977,
      "symmetry_horizontal": 0.23537604243757557,
      "symmetry_radial": 0.1972867493425358,
      "rule_of_thirds": {
        "alignment_score": 0,
        "num_salient_objects": 7
      },
      "golden_ratio": {
        "golden_alignment_score": 2
      },
      "balance": {
        "static_balance": 0.8950511813163757,
        "dynamic_balance": 1.0,
        "dominant_quadrant": 3
      },
      "layering": {
        "foreground_ratio": 0.323101806640625,
        "midground_ratio": 0.31226806640625,
        "background_ratio": 0.364630126953125,
        "depth_complexity": 1.2613429471090067
      }
    },
    "spatial_layout": {
      "negative_space_ratio": 0.703057861328125,
      "subject_isolation": 0.1,
      "depth_of_field": {
        "blur_gradient_strength": 1177.149501352974,
        "sharpness_variance": 4806920.536305384,
        "min_sharpness": 0.7450980392156863,
        "max_sharpness": 9531.602040816328
      },
      "perspective": {
        "has_vanishing_point": 1,
        "perspective_strength": 0.9992314786351061
      }
    },
    "contrast_color": {
      "high_contrast_ratio": 0.440631103515625,
      "low_contrast_ratio": 0.559368896484375,
      "mean_contrast": 22.99336814880371,
      "highlight_ratio": 0.01785583421587944,
      "shadow_ratio": 0.2848754823207855,
      "midtone_ratio": 0.6972687244415283,
      "warm_color_ratio": 0.321923828125,
      "cool_color_ratio": 0.0087432861328125,
      "complementary_color_score": 1.8888888888888888
    },
    "motion_dynamics": {
      "s_curve_count": 341,
      "motion_blur_score": 5.694936844698042,
      "dominant_direction_deg": 4.999999999999995,
      "direction_strength": 0.0598022460935675
    },
    "pattern_rhythm": {
      "repetition_score": 1.0,
      "rhythm_score": 1.0,
      "pattern_breaks": 1
    },
    "visual_mass_focus": {
      "point_of_interest": {
        "x": 0.52734375,
        "y": 0.4046875,
        "strength": 1.0
      },
      "visual_mass_concentration": 0.1996490478515625,
      "mean_visual_weight": 0.07117064297199249,
      "face_count": 0,
      "has_directional_cues": 0
    },
    "framing_breathing": {
      "frame_in_frame_count": 0,
      "breathing_space": {
        "top": 0.3359375,
        "bottom": 0.565625,
        "left": 0.41796875,
        "right": 0.45703125,
        "min_margin": 0.3359375,
        "mean_margin": 0.444140625
      },
      "corner_anchors": {
        "top_left": 0.12568040192127228,
        "top_right": 0.10805671662092209,
        "bottom_left": 0.14245475828647614,
        "bottom_right": 0.1110098734498024,
        "max_corner_weight": 0.14245475828647614,
        "has_corner_subject": 0
      }
    }
  }
}