{
  "meta": {
    "_dataset": "tvm board - Nov 22nd 2025 (5060 images)",
    "_label": "",
    "_relpath": "2737. .jpg",
    "_filename": "2737. .jpg",
    "_width": 480,
    "_height": 468
  },
  "features": {
    "geometric_structural": {
      "leading_lines": {
        "diagonal": 140,
        "vertical": 27,
        "horizontal": 19,
        "curved": 642
      },
      "leading_lines_strength": 1.5771428571428572,
      "symmetry_vertical": 0.1571280192463153,
      "symmetry_horizontal": 0.1579805431479648,
      "symmetry_radial": 0.1462181131267275,
      "rule_of_thirds": {
        "alignment_score": 1,
        "num_salient_objects": 49
      },
      "golden_ratio": {
        "golden_alignment_score": 1
      },
      "balance": {
        "static_balance": 0.811581552028656,
        "dynamic_balance": 1.0,
        "dominant_quadrant": 0
      },
      "layering": {
        "foreground_ratio": 0.325703125,
        "midground_ratio": 0.29614583333333333,
        "background_ratio": 0.3781510416666667,
        "depth_complexity": 0.9865188647425508
      }
    },
    "spatial_layout": {
      "negative_space_ratio": 0.43574032738095236,
      "subject_isolation": 0.1,
      "depth_of_field": {
        "blur_gradient_strength": 573.3893397454789,
        "sharpness_variance": 901358.1006361797,
        "min_sharpness": 39.34627515132218,
        "max_sharpness": 9023.993560169165
      },
      "perspective": {
        "has_vanishing_point": 1,
        "perspective_strength": 0.9997230444340586
      }
    },
    "contrast_color": {
      "high_contrast_ratio": 0.415703125,
      "low_contrast_ratio": 0.5842968749999999,
      "mean_contrast": 23.154396057128906,
      "highlight_ratio": 3.7202380553935654e-06,
      "shadow_ratio": 0.2658519446849823,
      "midtone_ratio": 0.7341443300247192,
      "warm_color_ratio": 0.8988876488095238,
      "cool_color_ratio": 0.0006063988095238095,
      "complementary_color_score": 1.2777777777777777
    },
    "motion_dynamics": {
      "s_curve_count": 483,
      "motion_blur_score": 6.519177114719114,
      "dominant_direction_deg": 95.0,
      "direction_strength": 0.03436011904749122
    },
    "pattern_rhythm": {
      "repetition_score": 1.0,
      "rhythm_score": 1.0,
      "pattern_breaks": 6
    },
    "visual_mass_focus": {
      "point_of_interest": {
        "x": 0.3028571428571429,
        "y": 0.21875,
        "strength": 1.0
      },
      "visual_mass_concentration": 0.19951636904761905,
      "mean_visual_weight": 0.1409319043159485,
      "face_count": 0,
      "has_directional_cues": 0
    },
    "framing_breathing": {
      "frame_in_frame_count": 0,
      "breathing_space": {
        "top": 0.0,
        "bottom": 0.427734375,
        "left": 0.0,
        "right": 0.6247619047619047,
        "min_margin": 0.0,
        "mean_margin": 0.2631240699404762
      },
      "corner_anchors": {
        "top_left": 0.6892281770706177,
        "top_right": 0.3865284025669098,
        "bottom_left": 0.281503826379776,
        "bottom_right": 0.23951461911201477,
        "max_corner_weight": 0.6892281770706177,
        "has_corner_subject": 1
      }
    }
  }
}