{
  "meta": {
    "_dataset": "tvm board - Nov 22nd 2025 (5060 images)",
    "_label": "",
    "_relpath": "2756. .jpg",
    "_filename": "2756. .jpg",
    "_width": 960,
    "_height": 641
  },
  "features": {
    "geometric_structural": {
      "leading_lines": {
        "diagonal": 0,
        "vertical": 0,
        "horizontal": 136,
        "curved": 379
      },
      "leading_lines_strength": 0.6714471968709257,
      "symmetry_vertical": 0.4050079936009983,
      "symmetry_horizontal": 0.18626413075460008,
      "symmetry_radial": 0.1909526806292243,
      "rule_of_thirds": {
        "alignment_score": 2,
        "num_salient_objects": 45
      },
      "golden_ratio": {
        "golden_alignment_score": 3
      },
      "balance": {
        "static_balance": 0.9895055294036865,
        "dynamic_balance": 1.0,
        "dominant_quadrant": 0
      },
      "layering": {
        "foreground_ratio": 0.33012650749674055,
        "midground_ratio": 0.23330549217731422,
        "background_ratio": 0.4365680003259452,
        "depth_complexity": 0.5208468765714226
      }
    },
    "spatial_layout": {
      "negative_space_ratio": 0.26325680410691005,
      "subject_isolation": 0.10000152786831812,
      "depth_of_field": {
        "blur_gradient_strength": 323.9791499941406,
        "sharpness_variance": 551664.9737472943,
        "min_sharpness": 0.29411764705882354,
        "max_sharpness": 3510.0
      },
      "perspective": {
        "has_vanishing_point": 1,
        "perspective_strength": 0.9971998599929996
      }
    },
    "contrast_color": {
      "high_contrast_ratio": 0.42648916232073014,
      "low_contrast_ratio": 0.5735108376792699,
      "mean_contrast": 21.6307315826416,
      "highlight_ratio": 0.03211069852113724,
      "shadow_ratio": 0.06466957181692123,
      "midtone_ratio": 0.9032197594642639,
      "warm_color_ratio": 0.4689689944589309,
      "cool_color_ratio": 0.004965572033898305,
      "complementary_color_score": 2.9444444444444446
    },
    "motion_dynamics": {
      "s_curve_count": 308,
      "motion_blur_score": 10.094024963762763,
      "dominant_direction_deg": 4.999999999999995,
      "direction_strength": 0.17410059484962184
    },
    "pattern_rhythm": {
      "repetition_score": 1.0,
      "rhythm_score": 1.0,
      "pattern_breaks": 10
    },
    "visual_mass_focus": {
      "point_of_interest": {
        "x": 0.6623207301173403,
        "y": 0.6015625,
        "strength": 1.0
      },
      "visual_mass_concentration": 0.19988846561277707,
      "mean_visual_weight": 0.13990433514118195,
      "face_count": 0,
      "has_directional_cues": 0
    },
    "framing_breathing": {
      "frame_in_frame_count": 0,
      "breathing_space": {
        "top": 0.447265625,
        "bottom": 0.3984375,
        "left": 0.6297262059973925,
        "right": 0.0,
        "min_margin": 0.0,
        "mean_margin": 0.3688573327493481
      },
      "corner_anchors": {
        "top_left": 0.2091953307390213,
        "top_right": 0.29879698157310486,
        "bottom_left": 0.24293236434459686,
        "bottom_right": 0.1942516565322876,
        "max_corner_weight": 0.29879698157310486,
        "has_corner_subject": 0
      }
    }
  }
}