{
  "meta": {
    "_dataset": "tvm board - Nov 22nd 2025 (5060 images)",
    "_label": "",
    "_relpath": "2747. .jpg",
    "_filename": "2747. .jpg",
    "_width": 736,
    "_height": 920
  },
  "features": {
    "geometric_structural": {
      "leading_lines": {
        "diagonal": 23,
        "vertical": 36,
        "horizontal": 1,
        "curved": 408
      },
      "leading_lines_strength": 0.73125,
      "symmetry_vertical": 0.17129381737307492,
      "symmetry_horizontal": 0.23011441328052956,
      "symmetry_radial": 0.15643978718773183,
      "rule_of_thirds": {
        "alignment_score": 0,
        "num_salient_objects": 12
      },
      "golden_ratio": {
        "golden_alignment_score": 0
      },
      "balance": {
        "static_balance": 0.9580855369567871,
        "dynamic_balance": 1.0,
        "dominant_quadrant": 2
      },
      "layering": {
        "foreground_ratio": 0.301593017578125,
        "midground_ratio": 0.3530548095703125,
        "background_ratio": 0.3453521728515625,
        "depth_complexity": 0.6193753202229366
      }
    },
    "spatial_layout": {
      "negative_space_ratio": 0.6310150146484375,
      "subject_isolation": 0.1,
      "depth_of_field": {
        "blur_gradient_strength": 366.35173478088575,
        "sharpness_variance": 303279.9657583475,
        "min_sharpness": 57.74489158408461,
        "max_sharpness": 2789.6383259186027
      },
      "perspective": {
        "has_vanishing_point": 1,
        "perspective_strength": 0.9978308026030369
      }
    },
    "contrast_color": {
      "high_contrast_ratio": 0.4414093017578125,
      "low_contrast_ratio": 0.5585906982421875,
      "mean_contrast": 26.097187042236328,
      "highlight_ratio": 0.02608947828412056,
      "shadow_ratio": 0.341818243265152,
      "midtone_ratio": 0.6320922374725342,
      "warm_color_ratio": 0.6967315673828125,
      "cool_color_ratio": 0.016937255859375,
      "complementary_color_score": 1.4444444444444444
    },
    "motion_dynamics": {
      "s_curve_count": 420,
      "motion_blur_score": 6.846697317781678,
      "dominant_direction_deg": 175.0,
      "direction_strength": 0.04598999023423465
    },
    "pattern_rhythm": {
      "repetition_score": 1.0,
      "rhythm_score": 1.0,
      "pattern_breaks": 2
    },
    "visual_mass_focus": {
      "point_of_interest": {
        "x": 0.818359375,
        "y": 0.50625,
        "strength": 1.0
      },
      "visual_mass_concentration": 0.199993896484375,
      "mean_visual_weight": 0.21591396629810333,
      "face_count": 0,
      "has_directional_cues": 0
    },
    "framing_breathing": {
      "frame_in_frame_count": 0,
      "breathing_space": {
        "top": 0.40625,
        "bottom": 0.496875,
        "left": 0.7578125,
        "right": 0.060546875,
        "min_margin": 0.060546875,
        "mean_margin": 0.43037109375
      },
      "corner_anchors": {
        "top_left": 0.1931123584508896,
        "top_right": 0.37282443046569824,
        "bottom_left": 0.2927403151988983,
        "bottom_right": 0.29540637135505676,
        "max_corner_weight": 0.37282443046569824,
        "has_corner_subject": 1
      }
    }
  }
}