{
  "meta": {
    "_dataset": "tvm board - Nov 22nd 2025 (5060 images)",
    "_label": "",
    "_relpath": "2763. \u0628\u062d\u0631.jpg",
    "_filename": "2763. \u0628\u062d\u0631.jpg",
    "_width": 720,
    "_height": 582
  },
  "features": {
    "geometric_structural": {
      "leading_lines": {
        "diagonal": 0,
        "vertical": 0,
        "horizontal": 2,
        "curved": 226
      },
      "leading_lines_strength": 0.36018957345971564,
      "symmetry_vertical": 0.6292896334205098,
      "symmetry_horizontal": 0.3152815677553079,
      "symmetry_radial": 0.32711912409925326,
      "rule_of_thirds": {
        "alignment_score": 1,
        "num_salient_objects": 44
      },
      "golden_ratio": {
        "golden_alignment_score": 1
      },
      "balance": {
        "static_balance": 0.9452712535858154,
        "dynamic_balance": 1.0,
        "dominant_quadrant": 3
      },
      "layering": {
        "foreground_ratio": 0.3335431477093207,
        "midground_ratio": 0.12931970774091628,
        "background_ratio": 0.537137144549763,
        "depth_complexity": 0.10192454211075669
      }
    },
    "spatial_layout": {
      "negative_space_ratio": 0.37590713862559244,
      "subject_isolation": 0.10000123420221169,
      "depth_of_field": {
        "blur_gradient_strength": 65.4655719796049,
        "sharpness_variance": 17170.326169984546,
        "min_sharpness": 1.8372092713875021,
        "max_sharpness": 611.0436949323457
      },
      "perspective": {
        "has_vanishing_point": 1,
        "perspective_strength": 0.98005698005698
      }
    },
    "contrast_color": {
      "high_contrast_ratio": 0.3436759478672986,
      "low_contrast_ratio": 0.6563240521327014,
      "mean_contrast": 14.467299461364746,
      "highlight_ratio": 0.13260886073112488,
      "shadow_ratio": 0.2620519697666168,
      "midtone_ratio": 0.6053391695022583,
      "warm_color_ratio": 0.4240070843206951,
      "cool_color_ratio": 0.00026226796998420223,
      "complementary_color_score": 1.8888888888888888
    },
    "motion_dynamics": {
      "s_curve_count": 187,
      "motion_blur_score": 15.8221433814211,
      "dominant_direction_deg": 4.999999999999995,
      "direction_strength": 0.11204704778796391
    },
    "pattern_rhythm": {
      "repetition_score": 1.0,
      "rhythm_score": 1.0,
      "pattern_breaks": 6
    },
    "visual_mass_focus": {
      "point_of_interest": {
        "x": 0.5624012638230648,
        "y": 0.650390625,
        "strength": 1.0
      },
      "visual_mass_concentration": 0.196719490521327,
      "mean_visual_weight": 0.15207937359809875,
      "face_count": 0,
      "has_directional_cues": 0
    },
    "framing_breathing": {
      "frame_in_frame_count": 0,
      "breathing_space": {
        "top": 0.458984375,
        "bottom": 0.0,
        "left": 0.0,
        "right": 0.0,
        "min_margin": 0.0,
        "mean_margin": 0.11474609375
      },
      "corner_anchors": {
        "top_left": 0.6237798929214478,
        "top_right": 0.7157190442085266,
        "bottom_left": 0.6413073539733887,
        "bottom_right": 0.6018030047416687,
        "max_corner_weight": 0.7157190442085266,
        "has_corner_subject": 1
      }
    }
  }
}