{
  "meta": {
    "_dataset": "tvm board - Nov 22nd 2025 (5060 images)",
    "_label": "",
    "_relpath": "2781. .jpg",
    "_filename": "2781. .jpg",
    "_width": 634,
    "_height": 960
  },
  "features": {
    "geometric_structural": {
      "leading_lines": {
        "diagonal": 50,
        "vertical": 4,
        "horizontal": 46,
        "curved": 254
      },
      "leading_lines_strength": 0.4567741935483871,
      "symmetry_vertical": 0.4733982210039773,
      "symmetry_horizontal": 0.24065893403085178,
      "symmetry_radial": 0.24097458574584918,
      "rule_of_thirds": {
        "alignment_score": 2,
        "num_salient_objects": 76
      },
      "golden_ratio": {
        "golden_alignment_score": 4
      },
      "balance": {
        "static_balance": 0.8869601488113403,
        "dynamic_balance": 1.0,
        "dominant_quadrant": 3
      },
      "layering": {
        "foreground_ratio": 0.3163230846774194,
        "midground_ratio": 0.22842993951612903,
        "background_ratio": 0.4552469758064516,
        "depth_complexity": 0.9391790470832944
      }
    },
    "spatial_layout": {
      "negative_space_ratio": 0.34255040322580643,
      "subject_isolation": 0.1,
      "depth_of_field": {
        "blur_gradient_strength": 516.7981717306312,
        "sharpness_variance": 1278902.0095378605,
        "min_sharpness": 0.17108789524509324,
        "max_sharpness": 3747.8212659165633
      },
      "perspective": {
        "has_vanishing_point": 1,
        "perspective_strength": 0.999817101051669
      }
    },
    "contrast_color": {
      "high_contrast_ratio": 0.4768397177419355,
      "low_contrast_ratio": 0.5231602822580645,
      "mean_contrast": 25.752595901489258,
      "highlight_ratio": 0.48558467626571655,
      "shadow_ratio": 0.1334274262189865,
      "midtone_ratio": 0.38098788261413574,
      "warm_color_ratio": 0.10562752016129032,
      "cool_color_ratio": 0.27564012096774193,
      "complementary_color_score": 2.2777777777777777
    },
    "motion_dynamics": {
      "s_curve_count": 229,
      "motion_blur_score": 9.56513564906679,
      "dominant_direction_deg": 4.999999999999995,
      "direction_strength": 0.3348437499991561
    },
    "pattern_rhythm": {
      "repetition_score": 1.0,
      "rhythm_score": 1.0,
      "pattern_breaks": 19
    },
    "visual_mass_focus": {
      "point_of_interest": {
        "x": 0.736328125,
        "y": 0.7419354838709677,
        "strength": 1.0
      },
      "visual_mass_concentration": 0.1999420362903226,
      "mean_visual_weight": 0.09539592266082764,
      "face_count": 0,
      "has_directional_cues": 0
    },
    "framing_breathing": {
      "frame_in_frame_count": 0,
      "breathing_space": {
        "top": 0.6064516129032258,
        "bottom": 0.12645161290322582,
        "left": 0.189453125,
        "right": 0.0,
        "min_margin": 0.0,
        "mean_margin": 0.2305890877016129
      },
      "corner_anchors": {
        "top_left": 0.34175825119018555,
        "top_right": 0.28255805373191833,
        "bottom_left": 0.25336772203445435,
        "bottom_right": 0.5186068415641785,
        "max_corner_weight": 0.5186068415641785,
        "has_corner_subject": 1
      }
    }
  }
}