{
  "meta": {
    "_dataset": "tvm board - Nov 22nd 2025 (5060 images)",
    "_label": "",
    "_relpath": "2785. .jpg",
    "_filename": "2785. .jpg",
    "_width": 598,
    "_height": 900
  },
  "features": {
    "geometric_structural": {
      "leading_lines": {
        "diagonal": 71,
        "vertical": 2,
        "horizontal": 45,
        "curved": 362
      },
      "leading_lines_strength": 0.622568093385214,
      "symmetry_vertical": 0.41051324989455606,
      "symmetry_horizontal": 0.2595185803240132,
      "symmetry_radial": 0.19448441654921744,
      "rule_of_thirds": {
        "alignment_score": 0,
        "num_salient_objects": 2
      },
      "golden_ratio": {
        "golden_alignment_score": 2
      },
      "balance": {
        "static_balance": 0.9006679058074951,
        "dynamic_balance": 1.0,
        "dominant_quadrant": 0
      },
      "layering": {
        "foreground_ratio": 0.28276994163424124,
        "midground_ratio": 0.24293480463683528,
        "background_ratio": 0.47429525372892345,
        "depth_complexity": 0.1302770845122245
      }
    },
    "spatial_layout": {
      "negative_space_ratio": 0.5810052893968871,
      "subject_isolation": 0.09999696011673152,
      "depth_of_field": {
        "blur_gradient_strength": 92.42914301037612,
        "sharpness_variance": 36264.598448901794,
        "min_sharpness": 0.2768166089965398,
        "max_sharpness": 1010.8343551063746
      },
      "perspective": {
        "has_vanishing_point": 1,
        "perspective_strength": 0.999427716147209
      }
    },
    "contrast_color": {
      "high_contrast_ratio": 0.5418439931906615,
      "low_contrast_ratio": 0.45815600680933855,
      "mean_contrast": 18.167104721069336,
      "highlight_ratio": 0.0010082279331982136,
      "shadow_ratio": 0.13853508234024048,
      "midtone_ratio": 0.8604567050933838,
      "warm_color_ratio": 0.40501124756809337,
      "cool_color_ratio": 0.044215102140077824,
      "complementary_color_score": 1.1666666666666667
    },
    "motion_dynamics": {
      "s_curve_count": 366,
      "motion_blur_score": 10.255485573145908,
      "dominant_direction_deg": 4.999999999999995,
      "direction_strength": 0.17530753485688405
    },
    "pattern_rhythm": {
      "repetition_score": 1.0,
      "rhythm_score": 1.0,
      "pattern_breaks": 1
    },
    "visual_mass_focus": {
      "point_of_interest": {
        "x": 0.529296875,
        "y": 0.35797665369649806,
        "strength": 1.0
      },
      "visual_mass_concentration": 0.19965193336575876,
      "mean_visual_weight": 0.10290533304214478,
      "face_count": 0,
      "has_directional_cues": 0
    },
    "framing_breathing": {
      "frame_in_frame_count": 0,
      "breathing_space": {
        "top": 0.36186770428015563,
        "bottom": 0.5914396887159533,
        "left": 0.51953125,
        "right": 0.453125,
        "min_margin": 0.36186770428015563,
        "mean_margin": 0.4814909107490272
      },
      "corner_anchors": {
        "top_left": 0.43067145347595215,
        "top_right": 0.3942902088165283,
        "bottom_left": 0.3091360330581665,
        "bottom_right": 0.33890387415885925,
        "max_corner_weight": 0.43067145347595215,
        "has_corner_subject": 1
      }
    }
  }
}