{
  "meta": {
    "_dataset": "tvm board - Nov 22nd 2025 (5060 images)",
    "_label": "",
    "_relpath": "2777. .jpg",
    "_filename": "2777. .jpg",
    "_width": 777,
    "_height": 1200
  },
  "features": {
    "geometric_structural": {
      "leading_lines": {
        "diagonal": 45,
        "vertical": 13,
        "horizontal": 2,
        "curved": 315
      },
      "leading_lines_strength": 0.4740834386852086,
      "symmetry_vertical": 0.4327962505902592,
      "symmetry_horizontal": 0.16571388271449813,
      "symmetry_radial": 0.18664125217253832,
      "rule_of_thirds": {
        "alignment_score": 0,
        "num_salient_objects": 53
      },
      "golden_ratio": {
        "golden_alignment_score": 2
      },
      "balance": {
        "static_balance": 0.9668170213699341,
        "dynamic_balance": 1.0,
        "dominant_quadrant": 2
      },
      "layering": {
        "foreground_ratio": 0.33629800094816686,
        "midground_ratio": 0.231404570954488,
        "background_ratio": 0.4322974280973451,
        "depth_complexity": 0.6133625576471718
      }
    },
    "spatial_layout": {
      "negative_space_ratio": 0.39733871286346395,
      "subject_isolation": 0.10000197534766118,
      "depth_of_field": {
        "blur_gradient_strength": 518.5973189467323,
        "sharpness_variance": 1570500.644344479,
        "min_sharpness": 0.0722745709994426,
        "max_sharpness": 7884.436626790542
      },
      "perspective": {
        "has_vanishing_point": 1,
        "perspective_strength": 0.9967841523025469
      }
    },
    "contrast_color": {
      "high_contrast_ratio": 0.4666907000632111,
      "low_contrast_ratio": 0.5333092999367889,
      "mean_contrast": 30.975168228149414,
      "highlight_ratio": 0.2704966962337494,
      "shadow_ratio": 0.340070903301239,
      "midtone_ratio": 0.3894323706626892,
      "warm_color_ratio": 0.6620748064159292,
      "cool_color_ratio": 0.13391375632111252,
      "complementary_color_score": 2.388888888888889
    },
    "motion_dynamics": {
      "s_curve_count": 228,
      "motion_blur_score": 7.512643197100112,
      "dominant_direction_deg": 4.999999999999995,
      "direction_strength": 0.3181815937097074
    },
    "pattern_rhythm": {
      "repetition_score": 1.0,
      "rhythm_score": 1.0,
      "pattern_breaks": 9
    },
    "visual_mass_focus": {
      "point_of_interest": {
        "x": 0.435546875,
        "y": 0.7218710493046776,
        "strength": 1.0
      },
      "visual_mass_concentration": 0.16597858723135273,
      "mean_visual_weight": 0.18957500159740448,
      "face_count": 0,
      "has_directional_cues": 0
    },
    "framing_breathing": {
      "frame_in_frame_count": 0,
      "breathing_space": {
        "top": 0.0,
        "bottom": 0.28697850821744625,
        "left": 0.255859375,
        "right": 0.0,
        "min_margin": 0.0,
        "mean_margin": 0.13570947080436158
      },
      "corner_anchors": {
        "top_left": 0.34978145360946655,
        "top_right": 0.5722394585609436,
        "bottom_left": 0.8703212141990662,
        "bottom_right": 0.5989291071891785,
        "max_corner_weight": 0.8703212141990662,
        "has_corner_subject": 1
      }
    }
  }
}