{
  "meta": {
    "_dataset": "tvm board - Nov 22nd 2025 (5060 images)",
    "_label": "",
    "_relpath": "2810. .png",
    "_filename": "2810. .png",
    "_width": 1080,
    "_height": 1074
  },
  "features": {
    "geometric_structural": {
      "leading_lines": {
        "diagonal": 14,
        "vertical": 0,
        "horizontal": 20,
        "curved": 336
      },
      "leading_lines_strength": 0.7184466019417476,
      "symmetry_vertical": 0.23636029710173612,
      "symmetry_horizontal": 0.20929456481999692,
      "symmetry_radial": 0.210646772137313,
      "rule_of_thirds": {
        "alignment_score": 2,
        "num_salient_objects": 71
      },
      "golden_ratio": {
        "golden_alignment_score": 3
      },
      "balance": {
        "static_balance": 0.9558981657028198,
        "dynamic_balance": 1.0,
        "dominant_quadrant": 2
      },
      "layering": {
        "foreground_ratio": 0.2964502427184466,
        "midground_ratio": 0.29906325849514565,
        "background_ratio": 0.40448649878640774,
        "depth_complexity": 0.3588082277610045
      }
    },
    "spatial_layout": {
      "negative_space_ratio": 0.5431469963592233,
      "subject_isolation": 0.1,
      "depth_of_field": {
        "blur_gradient_strength": 258.73901165103223,
        "sharpness_variance": 147796.23828615903,
        "min_sharpness": 25.363721196162537,
        "max_sharpness": 2254.3599999999997
      },
      "perspective": {
        "has_vanishing_point": 1,
        "perspective_strength": 0.9972850678733032
      }
    },
    "contrast_color": {
      "high_contrast_ratio": 0.3877996055825243,
      "low_contrast_ratio": 0.6122003944174756,
      "mean_contrast": 24.184144973754883,
      "highlight_ratio": 3.7924758089502575e-06,
      "shadow_ratio": 0.12560679018497467,
      "midtone_ratio": 0.8743894100189209,
      "warm_color_ratio": 0.9863963895631068,
      "cool_color_ratio": 0.0,
      "complementary_color_score": 0.0
    },
    "motion_dynamics": {
      "s_curve_count": 305,
      "motion_blur_score": 8.002534173566112,
      "dominant_direction_deg": -85.0,
      "direction_strength": 0.042999089805662166
    },
    "pattern_rhythm": {
      "repetition_score": 1.0,
      "rhythm_score": 1.0,
      "pattern_breaks": 10
    },
    "visual_mass_focus": {
      "point_of_interest": {
        "x": 0.49320388349514566,
        "y": 0.642578125,
        "strength": 1.0
      },
      "visual_mass_concentration": 0.19980658373786409,
      "mean_visual_weight": 0.23115889728069305,
      "face_count": 0,
      "has_directional_cues": 0
    },
    "framing_breathing": {
      "frame_in_frame_count": 0,
      "breathing_space": {
        "top": 0.1796875,
        "bottom": 0.619140625,
        "left": 0.34757281553398056,
        "right": 0.46601941747572817,
        "min_margin": 0.1796875,
        "mean_margin": 0.4031050895024272
      },
      "corner_anchors": {
        "top_left": 0.478514701128006,
        "top_right": 0.2574407458305359,
        "bottom_left": 0.462991327047348,
        "bottom_right": 0.2947613596916199,
        "max_corner_weight": 0.478514701128006,
        "has_corner_subject": 1
      }
    }
  }
}