{
  "meta": {
    "_dataset": "tvm board - Nov 22nd 2025 (5060 images)",
    "_label": "",
    "_relpath": "2813. .jpg",
    "_filename": "2813. .jpg",
    "_width": 974,
    "_height": 1200
  },
  "features": {
    "geometric_structural": {
      "leading_lines": {
        "diagonal": 231,
        "vertical": 61,
        "horizontal": 5,
        "curved": 747
      },
      "leading_lines_strength": 1.6545166402535658,
      "symmetry_vertical": 0.08388312420479173,
      "symmetry_horizontal": 0.06384173301745207,
      "symmetry_radial": 0.05777489030735496,
      "rule_of_thirds": {
        "alignment_score": 0,
        "num_salient_objects": 8
      },
      "golden_ratio": {
        "golden_alignment_score": 0
      },
      "balance": {
        "static_balance": 0.9429030418395996,
        "dynamic_balance": 1.0,
        "dominant_quadrant": 3
      },
      "layering": {
        "foreground_ratio": 0.3325017333597464,
        "midground_ratio": 0.3095997177099842,
        "background_ratio": 0.3578985489302694,
        "depth_complexity": 3.6032924025643407
      }
    },
    "spatial_layout": {
      "negative_space_ratio": 0.5981576862123613,
      "subject_isolation": 0.0999993809429477,
      "depth_of_field": {
        "blur_gradient_strength": 1952.6150824341616,
        "sharpness_variance": 6116830.184485916,
        "min_sharpness": 243.97325980525284,
        "max_sharpness": 14007.308439061902
      },
      "perspective": {
        "has_vanishing_point": 1,
        "perspective_strength": 0.9999470709660725
      }
    },
    "contrast_color": {
      "high_contrast_ratio": 0.44737395998415214,
      "low_contrast_ratio": 0.5526260400158478,
      "mean_contrast": 35.33404541015625,
      "highlight_ratio": 0.028495196253061295,
      "shadow_ratio": 0.228190615773201,
      "midtone_ratio": 0.7433142066001892,
      "warm_color_ratio": 0.879209587955626,
      "cool_color_ratio": 2.4762282091917592e-05,
      "complementary_color_score": 1.0555555555555556
    },
    "motion_dynamics": {
      "s_curve_count": 584,
      "motion_blur_score": 4.794587719280658,
      "dominant_direction_deg": -85.0,
      "direction_strength": 0.036125074286734456
    },
    "pattern_rhythm": {
      "repetition_score": 1.0,
      "rhythm_score": 1.0,
      "pattern_breaks": 2
    },
    "visual_mass_focus": {
      "point_of_interest": {
        "x": 0.9140625,
        "y": 0.12044374009508717,
        "strength": 1.0
      },
      "visual_mass_concentration": 0.19987804576069731,
      "mean_visual_weight": 0.2339169681072235,
      "face_count": 0,
      "has_directional_cues": 0
    },
    "framing_breathing": {
      "frame_in_frame_count": 0,
      "breathing_space": {
        "top": 0.02377179080824089,
        "bottom": 0.7955625990491284,
        "left": 0.787109375,
        "right": 0.0,
        "min_margin": 0.0,
        "mean_margin": 0.4016109412143423
      },
      "corner_anchors": {
        "top_left": 0.19334833323955536,
        "top_right": 0.6244733333587646,
        "bottom_left": 0.3783213198184967,
        "bottom_right": 0.38320571184158325,
        "max_corner_weight": 0.6244733333587646,
        "has_corner_subject": 1
      }
    }
  }
}