{
  "meta": {
    "_dataset": "tvm board - Nov 22nd 2025 (5060 images)",
    "_label": "",
    "_relpath": "2816. ellie \u2728.jpg",
    "_filename": "2816. ellie \u2728.jpg",
    "_width": 736,
    "_height": 1107
  },
  "features": {
    "geometric_structural": {
      "leading_lines": {
        "diagonal": 22,
        "vertical": 10,
        "horizontal": 1,
        "curved": 455
      },
      "leading_lines_strength": 0.6337662337662338,
      "symmetry_vertical": 0.12472426207534791,
      "symmetry_horizontal": 0.10881365791961417,
      "symmetry_radial": 0.07776792058931602,
      "rule_of_thirds": {
        "alignment_score": 1,
        "num_salient_objects": 107
      },
      "golden_ratio": {
        "golden_alignment_score": 4
      },
      "balance": {
        "static_balance": 0.9742778539657593,
        "dynamic_balance": 1.0,
        "dominant_quadrant": 1
      },
      "layering": {
        "foreground_ratio": 0.3229200487012987,
        "midground_ratio": 0.3319551542207792,
        "background_ratio": 0.3451247970779221,
        "depth_complexity": 1.6617809524090645
      }
    },
    "spatial_layout": {
      "negative_space_ratio": 0.3891791801948052,
      "subject_isolation": 0.1,
      "depth_of_field": {
        "blur_gradient_strength": 856.9393100424987,
        "sharpness_variance": 1016250.0725167784,
        "min_sharpness": 51.87274125336409,
        "max_sharpness": 5151.162629757784
      },
      "perspective": {
        "has_vanishing_point": 1,
        "perspective_strength": 0.9983921213948347
      }
    },
    "contrast_color": {
      "high_contrast_ratio": 0.5728185876623376,
      "low_contrast_ratio": 0.4271814123376624,
      "mean_contrast": 38.625144958496094,
      "highlight_ratio": 0.02648894116282463,
      "shadow_ratio": 0.18314477801322937,
      "midtone_ratio": 0.7903662919998169,
      "warm_color_ratio": 0.3221768465909091,
      "cool_color_ratio": 0.33755073051948054,
      "complementary_color_score": 2.111111111111111
    },
    "motion_dynamics": {
      "s_curve_count": 411,
      "motion_blur_score": 5.066152026373462,
      "dominant_direction_deg": -85.0,
      "direction_strength": 0.0316609172077119
    },
    "pattern_rhythm": {
      "repetition_score": 1.0,
      "rhythm_score": 1.0,
      "pattern_breaks": 17
    },
    "visual_mass_focus": {
      "point_of_interest": {
        "x": 0.671875,
        "y": 0.5623376623376624,
        "strength": 1.0
      },
      "visual_mass_concentration": 0.2,
      "mean_visual_weight": 0.27355527877807617,
      "face_count": 0,
      "has_directional_cues": 0
    },
    "framing_breathing": {
      "frame_in_frame_count": 0,
      "breathing_space": {
        "top": 0.06753246753246753,
        "bottom": 0.6077922077922078,
        "left": 0.7109375,
        "right": 0.0,
        "min_margin": 0.0,
        "mean_margin": 0.34656554383116883
      },
      "corner_anchors": {
        "top_left": 0.4581659734249115,
        "top_right": 0.5374309420585632,
        "bottom_left": 0.48669201135635376,
        "bottom_right": 0.4763490855693817,
        "max_corner_weight": 0.5374309420585632,
        "has_corner_subject": 1
      }
    }
  }
}