{
  "meta": {
    "_dataset": "tvm board - Nov 22nd 2025 (5060 images)",
    "_label": "",
    "_relpath": "2817. .jpg",
    "_filename": "2817. .jpg",
    "_width": 564,
    "_height": 811
  },
  "features": {
    "geometric_structural": {
      "leading_lines": {
        "diagonal": 101,
        "vertical": 14,
        "horizontal": 6,
        "curved": 667
      },
      "leading_lines_strength": 1.0706521739130435,
      "symmetry_vertical": 0.2524672976879988,
      "symmetry_horizontal": 0.16481862160344773,
      "symmetry_radial": 0.0990114308812778,
      "rule_of_thirds": {
        "alignment_score": 0,
        "num_salient_objects": 39
      },
      "golden_ratio": {
        "golden_alignment_score": 0
      },
      "balance": {
        "static_balance": 0.9599112272262573,
        "dynamic_balance": 1.0,
        "dominant_quadrant": 0
      },
      "layering": {
        "foreground_ratio": 0.330513332201087,
        "midground_ratio": 0.2807776409646739,
        "background_ratio": 0.38870902683423914,
        "depth_complexity": 0.8885339587418638
      }
    },
    "spatial_layout": {
      "negative_space_ratio": 0.381965968919837,
      "subject_isolation": 0.09999946925951086,
      "depth_of_field": {
        "blur_gradient_strength": 610.8392657803281,
        "sharpness_variance": 685644.2883720398,
        "min_sharpness": 0.20069145026141869,
        "max_sharpness": 4741.3745674740485
      },
      "perspective": {
        "has_vanishing_point": 1,
        "perspective_strength": 0.9997735849056604
      }
    },
    "contrast_color": {
      "high_contrast_ratio": 0.5946787958559783,
      "low_contrast_ratio": 0.40532120414402173,
      "mean_contrast": 30.88496208190918,
      "highlight_ratio": 0.0079345703125,
      "shadow_ratio": 0.16999617218971252,
      "midtone_ratio": 0.8220692873001099,
      "warm_color_ratio": 0.5385264521059783,
      "cool_color_ratio": 0.21806799847146738,
      "complementary_color_score": 2.5
    },
    "motion_dynamics": {
      "s_curve_count": 525,
      "motion_blur_score": 5.988690803949978,
      "dominant_direction_deg": 4.999999999999995,
      "direction_strength": 0.1573167883827347
    },
    "pattern_rhythm": {
      "repetition_score": 1.0,
      "rhythm_score": 1.0,
      "pattern_breaks": 9
    },
    "visual_mass_focus": {
      "point_of_interest": {
        "x": 0.669921875,
        "y": 0.8831521739130435,
        "strength": 1.0
      },
      "visual_mass_concentration": 0.19993259595788043,
      "mean_visual_weight": 0.23301586508750916,
      "face_count": 0,
      "has_directional_cues": 0
    },
    "framing_breathing": {
      "frame_in_frame_count": 0,
      "breathing_space": {
        "top": 0.0,
        "bottom": 0.7595108695652174,
        "left": 0.517578125,
        "right": 0.0,
        "min_margin": 0.0,
        "mean_margin": 0.3192722486413043
      },
      "corner_anchors": {
        "top_left": 0.4881323575973511,
        "top_right": 0.412519246339798,
        "bottom_left": 0.33758628368377686,
        "bottom_right": 0.39692509174346924,
        "max_corner_weight": 0.4881323575973511,
        "has_corner_subject": 1
      }
    }
  }
}