{
  "meta": {
    "_dataset": "tvm board - Nov 22nd 2025 (5060 images)",
    "_label": "",
    "_relpath": "2822. \ud83c\udf39.jpg",
    "_filename": "2822. \ud83c\udf39.jpg",
    "_width": 676,
    "_height": 1200
  },
  "features": {
    "geometric_structural": {
      "leading_lines": {
        "diagonal": 64,
        "vertical": 25,
        "horizontal": 16,
        "curved": 207
      },
      "leading_lines_strength": 0.3432343234323432,
      "symmetry_vertical": 0.4739354317462068,
      "symmetry_horizontal": 0.25774543420160784,
      "symmetry_radial": 0.14838081822666935,
      "rule_of_thirds": {
        "alignment_score": 0,
        "num_salient_objects": 3
      },
      "golden_ratio": {
        "golden_alignment_score": 0
      },
      "balance": {
        "static_balance": 0.9257344007492065,
        "dynamic_balance": 1.0,
        "dominant_quadrant": 1
      },
      "layering": {
        "foreground_ratio": 0.30745496424642466,
        "midground_ratio": 0.22057205720572057,
        "background_ratio": 0.4719729785478548,
        "depth_complexity": 0.40967857412976766
      }
    },
    "spatial_layout": {
      "negative_space_ratio": 0.5126405218646864,
      "subject_isolation": 0.10000042973047304,
      "depth_of_field": {
        "blur_gradient_strength": 3112.172645586298,
        "sharpness_variance": 44935131.107249364,
        "min_sharpness": 0.9808570487018337,
        "max_sharpness": 39041.16464821223
      },
      "perspective": {
        "has_vanishing_point": 1,
        "perspective_strength": 0.9991609732710056
      }
    },
    "contrast_color": {
      "high_contrast_ratio": 0.527633818069307,
      "low_contrast_ratio": 0.472366181930693,
      "mean_contrast": 27.381549835205078,
      "highlight_ratio": 0.08277253806591034,
      "shadow_ratio": 0.21152622997760773,
      "midtone_ratio": 0.7057012319564819,
      "warm_color_ratio": 0.5255668144939494,
      "cool_color_ratio": 0.24997851347634764,
      "complementary_color_score": 2.5
    },
    "motion_dynamics": {
      "s_curve_count": 210,
      "motion_blur_score": 10.123163014982364,
      "dominant_direction_deg": 4.999999999999995,
      "direction_strength": 0.14095589246394355
    },
    "pattern_rhythm": {
      "repetition_score": 1.0,
      "rhythm_score": 1.0,
      "pattern_breaks": 2
    },
    "visual_mass_focus": {
      "point_of_interest": {
        "x": 0.61328125,
        "y": 0.264026402640264,
        "strength": 1.0
      },
      "visual_mass_concentration": 0.1998418591859186,
      "mean_visual_weight": 0.21945925056934357,
      "face_count": 0,
      "has_directional_cues": 0
    },
    "framing_breathing": {
      "frame_in_frame_count": 0,
      "breathing_space": {
        "top": 0.014301430143014302,
        "bottom": 0.6886688668866887,
        "left": 0.12109375,
        "right": 0.087890625,
        "min_margin": 0.014301430143014302,
        "mean_margin": 0.22798866800742576
      },
      "corner_anchors": {
        "top_left": 0.41970473527908325,
        "top_right": 0.4937291741371155,
        "bottom_left": 0.34445878863334656,
        "bottom_right": 0.41104039549827576,
        "max_corner_weight": 0.4937291741371155,
        "has_corner_subject": 1
      }
    }
  }
}