{
  "meta": {
    "_dataset": "tvm board - Nov 22nd 2025 (5060 images)",
    "_label": "",
    "_relpath": "2841. .jpg",
    "_filename": "2841. .jpg",
    "_width": 1080,
    "_height": 1616
  },
  "features": {
    "geometric_structural": {
      "leading_lines": {
        "diagonal": 5,
        "vertical": 0,
        "horizontal": 0,
        "curved": 411
      },
      "leading_lines_strength": 0.5430809399477807,
      "symmetry_vertical": 0.38833192836001484,
      "symmetry_horizontal": 0.3111977445443882,
      "symmetry_radial": 0.24319046782260223,
      "rule_of_thirds": {
        "alignment_score": 0,
        "num_salient_objects": 21
      },
      "golden_ratio": {
        "golden_alignment_score": 0
      },
      "balance": {
        "static_balance": 0.8945530652999878,
        "dynamic_balance": 1.0,
        "dominant_quadrant": 1
      },
      "layering": {
        "foreground_ratio": 0.3334412736618799,
        "midground_ratio": 0.2678433012402089,
        "background_ratio": 0.39871542509791125,
        "depth_complexity": 0.17374105396744308
      }
    },
    "spatial_layout": {
      "negative_space_ratio": 0.594650069353786,
      "subject_isolation": 0.10000203981723238,
      "depth_of_field": {
        "blur_gradient_strength": 141.40862131694064,
        "sharpness_variance": 122898.32618713634,
        "min_sharpness": 5.427912341407152,
        "max_sharpness": 2970.8509227220306
      },
      "perspective": {
        "has_vanishing_point": 1,
        "perspective_strength": 0.9950248756218906
      }
    },
    "contrast_color": {
      "high_contrast_ratio": 0.39947780678851175,
      "low_contrast_ratio": 0.6005221932114883,
      "mean_contrast": 15.974639892578125,
      "highlight_ratio": 6.629405834246427e-05,
      "shadow_ratio": 0.11329144984483719,
      "midtone_ratio": 0.8866422772407532,
      "warm_color_ratio": 0.8227194843342036,
      "cool_color_ratio": 0.0033733477480417753,
      "complementary_color_score": 1.5
    },
    "motion_dynamics": {
      "s_curve_count": 337,
      "motion_blur_score": 10.739148470966184,
      "dominant_direction_deg": -85.0,
      "direction_strength": 0.046013177219203824
    },
    "pattern_rhythm": {
      "repetition_score": 1.0,
      "rhythm_score": 1.0,
      "pattern_breaks": 2
    },
    "visual_mass_focus": {
      "point_of_interest": {
        "x": 0.80078125,
        "y": 0.1866840731070496,
        "strength": 1.0
      },
      "visual_mass_concentration": 0.1998383444843342,
      "mean_visual_weight": 0.16048215329647064,
      "face_count": 0,
      "has_directional_cues": 0
    },
    "framing_breathing": {
      "frame_in_frame_count": 0,
      "breathing_space": {
        "top": 0.0783289817232376,
        "bottom": 0.758485639686684,
        "left": 0.537109375,
        "right": 0.0,
        "min_margin": 0.0,
        "mean_margin": 0.3434809991024804
      },
      "corner_anchors": {
        "top_left": 0.4360574185848236,
        "top_right": 0.5867434740066528,
        "bottom_left": 0.4039038419723511,
        "bottom_right": 0.3405439257621765,
        "max_corner_weight": 0.5867434740066528,
        "has_corner_subject": 1
      }
    }
  }
}