{
  "meta": {
    "_dataset": "tvm board - Nov 22nd 2025 (5060 images)",
    "_label": "",
    "_relpath": "2855. .jpg",
    "_filename": "2855. .jpg",
    "_width": 598,
    "_height": 598
  },
  "features": {
    "geometric_structural": {
      "leading_lines": {
        "diagonal": 0,
        "vertical": 2,
        "horizontal": 2,
        "curved": 138
      },
      "leading_lines_strength": 0.27734375,
      "symmetry_vertical": 0.4554727268075392,
      "symmetry_horizontal": 0.2863498314204482,
      "symmetry_radial": 0.32967065634569753,
      "rule_of_thirds": {
        "alignment_score": 0,
        "num_salient_objects": 44
      },
      "golden_ratio": {
        "golden_alignment_score": 0
      },
      "balance": {
        "static_balance": 0.9143909215927124,
        "dynamic_balance": 1.0,
        "dominant_quadrant": 2
      },
      "layering": {
        "foreground_ratio": 0.3149604797363281,
        "midground_ratio": 0.18354415893554688,
        "background_ratio": 0.501495361328125,
        "depth_complexity": 0.2085719027089508
      }
    },
    "spatial_layout": {
      "negative_space_ratio": 0.43677520751953125,
      "subject_isolation": 0.10000228881835938,
      "depth_of_field": {
        "blur_gradient_strength": 180.85974357407974,
        "sharpness_variance": 134745.0694858165,
        "min_sharpness": 1.848123359527677,
        "max_sharpness": 2583.7540369088815
      },
      "perspective": {
        "has_vanishing_point": 1,
        "perspective_strength": 0.9720670391061452
      }
    },
    "contrast_color": {
      "high_contrast_ratio": 0.518280029296875,
      "low_contrast_ratio": 0.481719970703125,
      "mean_contrast": 21.003393173217773,
      "highlight_ratio": 0.22740936279296875,
      "shadow_ratio": 0.12902069091796875,
      "midtone_ratio": 0.6435699462890625,
      "warm_color_ratio": 0.6735725402832031,
      "cool_color_ratio": 0.005352020263671875,
      "complementary_color_score": 1.5
    },
    "motion_dynamics": {
      "s_curve_count": 140,
      "motion_blur_score": 13.702763145700478,
      "dominant_direction_deg": 4.999999999999995,
      "direction_strength": 0.1135482788081606
    },
    "pattern_rhythm": {
      "repetition_score": 1.0,
      "rhythm_score": 1.0,
      "pattern_breaks": 13
    },
    "visual_mass_focus": {
      "point_of_interest": {
        "x": 0.23828125,
        "y": 0.927734375,
        "strength": 1.0
      },
      "visual_mass_concentration": 0.19993972778320312,
      "mean_visual_weight": 0.20831067860126495,
      "face_count": 0,
      "has_directional_cues": 0
    },
    "framing_breathing": {
      "frame_in_frame_count": 0,
      "breathing_space": {
        "top": 0.6328125,
        "bottom": 0.0,
        "left": 0.0,
        "right": 0.01171875,
        "min_margin": 0.0,
        "mean_margin": 0.1611328125
      },
      "corner_anchors": {
        "top_left": 0.4295555353164673,
        "top_right": 0.38568252325057983,
        "bottom_left": 0.7517204284667969,
        "bottom_right": 0.3600504994392395,
        "max_corner_weight": 0.7517204284667969,
        "has_corner_subject": 1
      }
    }
  }
}