{
  "meta": {
    "_dataset": "tvm board - Nov 22nd 2025 (5060 images)",
    "_label": "",
    "_relpath": "2865. .jpg",
    "_filename": "2865. .jpg",
    "_width": 675,
    "_height": 1200
  },
  "features": {
    "geometric_structural": {
      "leading_lines": {
        "diagonal": 0,
        "vertical": 0,
        "horizontal": 1,
        "curved": 108
      },
      "leading_lines_strength": 0.11978021978021978,
      "symmetry_vertical": 0.7802685789969009,
      "symmetry_horizontal": 0.6220839635301092,
      "symmetry_radial": 0.4831157042847727,
      "rule_of_thirds": {
        "alignment_score": 0,
        "num_salient_objects": 19
      },
      "golden_ratio": {
        "golden_alignment_score": 0
      },
      "balance": {
        "static_balance": 0.9809993505477905,
        "dynamic_balance": 1.0,
        "dominant_quadrant": 2
      },
      "layering": {
        "foreground_ratio": 0.28692908653846155,
        "midground_ratio": 0.20386761675824175,
        "background_ratio": 0.5092032967032967,
        "depth_complexity": 0.08276483747311167
      }
    },
    "spatial_layout": {
      "negative_space_ratio": 0.41620235233516484,
      "subject_isolation": 0.1,
      "depth_of_field": {
        "blur_gradient_strength": 140.24168569141352,
        "sharpness_variance": 50480.951926705166,
        "min_sharpness": 0.5409385471325981,
        "max_sharpness": 947.6078431372549
      },
      "perspective": {
        "has_vanishing_point": 1,
        "perspective_strength": 0.987012987012987
      }
    },
    "contrast_color": {
      "high_contrast_ratio": 0.27405563186813187,
      "low_contrast_ratio": 0.7259443681318681,
      "mean_contrast": 5.839818000793457,
      "highlight_ratio": 4.292582616471918e-06,
      "shadow_ratio": 0.04272407293319702,
      "midtone_ratio": 0.9572716355323792,
      "warm_color_ratio": 0.9814667754120879,
      "cool_color_ratio": 9.014423076923077e-05,
      "complementary_color_score": 0.1111111111111111
    },
    "motion_dynamics": {
      "s_curve_count": 89,
      "motion_blur_score": 23.537288211524984,
      "dominant_direction_deg": 4.999999999999995,
      "direction_strength": 0.2609289148346048
    },
    "pattern_rhythm": {
      "repetition_score": 1.0,
      "rhythm_score": 1.0,
      "pattern_breaks": 2
    },
    "visual_mass_focus": {
      "point_of_interest": {
        "x": 0.560546875,
        "y": 0.9703296703296703,
        "strength": 1.0
      },
      "visual_mass_concentration": 0.19939474587912087,
      "mean_visual_weight": 0.19018538296222687,
      "face_count": 0,
      "has_directional_cues": 0
    },
    "framing_breathing": {
      "frame_in_frame_count": 0,
      "breathing_space": {
        "top": 0.9054945054945055,
        "bottom": 0.0,
        "left": 0.1796875,
        "right": 0.130859375,
        "min_margin": 0.0,
        "mean_margin": 0.30401034512362635
      },
      "corner_anchors": {
        "top_left": 0.3240107297897339,
        "top_right": 0.2859243154525757,
        "bottom_left": 0.33000311255455017,
        "bottom_right": 0.4076501131057739,
        "max_corner_weight": 0.4076501131057739,
        "has_corner_subject": 1
      }
    }
  }
}