{
  "meta": {
    "_dataset": "tvm board - Nov 22nd 2025 (5060 images)",
    "_label": "",
    "_relpath": "2862. \ud835\ude7f\ud835\ude92\ud835\ude97\ud835\ude94 \ud835\ude8c\ud835\ude92\ud835\ude9d\ud835\udea2.jpg",
    "_filename": "2862. \ud835\ude7f\ud835\ude92\ud835\ude97\ud835\ude94 \ud835\ude8c\ud835\ude92\ud835\ude9d\ud835\udea2.jpg",
    "_width": 663,
    "_height": 663
  },
  "features": {
    "geometric_structural": {
      "leading_lines": {
        "diagonal": 1,
        "vertical": 45,
        "horizontal": 10,
        "curved": 307
      },
      "leading_lines_strength": 0.708984375,
      "symmetry_vertical": 0.47102487651214725,
      "symmetry_horizontal": 0.3502269737761692,
      "symmetry_radial": 0.35891904926228696,
      "rule_of_thirds": {
        "alignment_score": 1,
        "num_salient_objects": 144
      },
      "golden_ratio": {
        "golden_alignment_score": 1
      },
      "balance": {
        "static_balance": 0.9733765125274658,
        "dynamic_balance": 1.0,
        "dominant_quadrant": 2
      },
      "layering": {
        "foreground_ratio": 0.3115196228027344,
        "midground_ratio": 0.25304412841796875,
        "background_ratio": 0.4354362487792969,
        "depth_complexity": 0.31835607235110364
      }
    },
    "spatial_layout": {
      "negative_space_ratio": 0.41573333740234375,
      "subject_isolation": 0.10000228881835938,
      "depth_of_field": {
        "blur_gradient_strength": 484.69719428468295,
        "sharpness_variance": 855016.3966862984,
        "min_sharpness": 0.08458285274894271,
        "max_sharpness": 7855.791714725106
      },
      "perspective": {
        "has_vanishing_point": 1,
        "perspective_strength": 0.9155339805825242
      }
    },
    "contrast_color": {
      "high_contrast_ratio": 0.540069580078125,
      "low_contrast_ratio": 0.459930419921875,
      "mean_contrast": 14.324352264404297,
      "highlight_ratio": 0.0246734619140625,
      "shadow_ratio": 0.0,
      "midtone_ratio": 0.9753265380859375,
      "warm_color_ratio": 0.7848663330078125,
      "cool_color_ratio": 0.0001983642578125,
      "complementary_color_score": 0.0
    },
    "motion_dynamics": {
      "s_curve_count": 236,
      "motion_blur_score": 17.38215414707801,
      "dominant_direction_deg": 4.999999999999995,
      "direction_strength": 0.3606986999497959
    },
    "pattern_rhythm": {
      "repetition_score": 1.0,
      "rhythm_score": 1.0,
      "pattern_breaks": 5
    },
    "visual_mass_focus": {
      "point_of_interest": {
        "x": 0.3359375,
        "y": 0.716796875,
        "strength": 1.0
      },
      "visual_mass_concentration": 0.18886566162109375,
      "mean_visual_weight": 0.2153879702091217,
      "face_count": 0,
      "has_directional_cues": 0
    },
    "framing_breathing": {
      "frame_in_frame_count": 0,
      "breathing_space": {
        "top": 0.818359375,
        "bottom": 0.0,
        "left": 0.46484375,
        "right": 0.23828125,
        "min_margin": 0.0,
        "mean_margin": 0.38037109375
      },
      "corner_anchors": {
        "top_left": 0.3543449640274048,
        "top_right": 0.48331645131111145,
        "bottom_left": 0.3624981641769409,
        "bottom_right": 0.36447009444236755,
        "max_corner_weight": 0.48331645131111145,
        "has_corner_subject": 1
      }
    }
  }
}