{
  "meta": {
    "_dataset": "tvm board - Nov 22nd 2025 (5060 images)",
    "_label": "",
    "_relpath": "2872. .jpg",
    "_filename": "2872. .jpg",
    "_width": 1200,
    "_height": 1600
  },
  "features": {
    "geometric_structural": {
      "leading_lines": {
        "diagonal": 25,
        "vertical": 33,
        "horizontal": 1,
        "curved": 302
      },
      "leading_lines_strength": 0.5285505124450952,
      "symmetry_vertical": 0.2722014340509125,
      "symmetry_horizontal": 0.17800262379285212,
      "symmetry_radial": 0.15757893232350487,
      "rule_of_thirds": {
        "alignment_score": 0,
        "num_salient_objects": 4
      },
      "golden_ratio": {
        "golden_alignment_score": 0
      },
      "balance": {
        "static_balance": 0.9554332494735718,
        "dynamic_balance": 1.0,
        "dominant_quadrant": 1
      },
      "layering": {
        "foreground_ratio": 0.338127974011713,
        "midground_ratio": 0.2458278047218155,
        "background_ratio": 0.41604422126647145,
        "depth_complexity": 0.9821738479821083
      }
    },
    "spatial_layout": {
      "negative_space_ratio": 0.5614762536603221,
      "subject_isolation": 0.09999828422401172,
      "depth_of_field": {
        "blur_gradient_strength": 891.9829499786857,
        "sharpness_variance": 2159058.6201000134,
        "min_sharpness": 0.7575369896622436,
        "max_sharpness": 6357.309838096458
      },
      "perspective": {
        "has_vanishing_point": 1,
        "perspective_strength": 0.9994307400379506
      }
    },
    "contrast_color": {
      "high_contrast_ratio": 0.43766871797218154,
      "low_contrast_ratio": 0.5623312820278185,
      "mean_contrast": 29.028024673461914,
      "highlight_ratio": 0.01438964158296585,
      "shadow_ratio": 0.3405386507511139,
      "midtone_ratio": 0.6450717449188232,
      "warm_color_ratio": 0.7199024295387995,
      "cool_color_ratio": 0.0047755765007320644,
      "complementary_color_score": 2.611111111111111
    },
    "motion_dynamics": {
      "s_curve_count": 304,
      "motion_blur_score": 6.687624732814207,
      "dominant_direction_deg": 4.999999999999995,
      "direction_strength": 0.10866867221784444
    },
    "pattern_rhythm": {
      "repetition_score": 1.0,
      "rhythm_score": 1.0,
      "pattern_breaks": 1
    },
    "visual_mass_focus": {
      "point_of_interest": {
        "x": 0.6796875,
        "y": 0.9326500732064422,
        "strength": 1.0
      },
      "visual_mass_concentration": 0.19999656844802344,
      "mean_visual_weight": 0.17673172056674957,
      "face_count": 0,
      "has_directional_cues": 0
    },
    "framing_breathing": {
      "frame_in_frame_count": 0,
      "breathing_space": {
        "top": 0.2342606149341142,
        "bottom": 0.2108345534407028,
        "left": 0.23046875,
        "right": 0.611328125,
        "min_margin": 0.2108345534407028,
        "mean_margin": 0.32172301084370425
      },
      "corner_anchors": {
        "top_left": 0.3265402019023895,
        "top_right": 0.3621349334716797,
        "bottom_left": 0.4234912693500519,
        "bottom_right": 0.4150834381580353,
        "max_corner_weight": 0.4234912693500519,
        "has_corner_subject": 1
      }
    }
  }
}