{
  "meta": {
    "_dataset": "tvm board - Nov 22nd 2025 (5060 images)",
    "_label": "",
    "_relpath": "2875. .jpg",
    "_filename": "2875. .jpg",
    "_width": 1170,
    "_height": 1458
  },
  "features": {
    "geometric_structural": {
      "leading_lines": {
        "diagonal": 114,
        "vertical": 68,
        "horizontal": 3,
        "curved": 493
      },
      "leading_lines_strength": 1.0626959247648904,
      "symmetry_vertical": 0.2578543021253409,
      "symmetry_horizontal": 0.13975930527549002,
      "symmetry_radial": 0.11080770026872927,
      "rule_of_thirds": {
        "alignment_score": 0,
        "num_salient_objects": 58
      },
      "golden_ratio": {
        "golden_alignment_score": 0
      },
      "balance": {
        "static_balance": 0.9396587610244751,
        "dynamic_balance": 1.0,
        "dominant_quadrant": 1
      },
      "layering": {
        "foreground_ratio": 0.3313393906739812,
        "midground_ratio": 0.31192140967868337,
        "background_ratio": 0.3567391996473354,
        "depth_complexity": 2.6999180886928604
      }
    },
    "spatial_layout": {
      "negative_space_ratio": 0.3601648217084639,
      "subject_isolation": 0.10000122452978057,
      "depth_of_field": {
        "blur_gradient_strength": 2053.324836834097,
        "sharpness_variance": 9216980.06731802,
        "min_sharpness": 2.8523394944215252,
        "max_sharpness": 25109.76432141484
      },
      "perspective": {
        "has_vanishing_point": 1,
        "perspective_strength": 0.9994912790697674
      }
    },
    "contrast_color": {
      "high_contrast_ratio": 0.5837608983150471,
      "low_contrast_ratio": 0.41623910168495293,
      "mean_contrast": 27.38872718811035,
      "highlight_ratio": 0.007729844190180302,
      "shadow_ratio": 0.12995322048664093,
      "midtone_ratio": 0.8623169660568237,
      "warm_color_ratio": 0.6689422511755486,
      "cool_color_ratio": 0.15313051038401254,
      "complementary_color_score": 1.0
    },
    "motion_dynamics": {
      "s_curve_count": 353,
      "motion_blur_score": 6.741767394998068,
      "dominant_direction_deg": 4.999999999999995,
      "direction_strength": 0.11247918299338606
    },
    "pattern_rhythm": {
      "repetition_score": 1.0,
      "rhythm_score": 1.0,
      "pattern_breaks": 5
    },
    "visual_mass_focus": {
      "point_of_interest": {
        "x": 0.486328125,
        "y": 0.85423197492163,
        "strength": 1.0
      },
      "visual_mass_concentration": 0.19985550548589343,
      "mean_visual_weight": 0.23500874638557434,
      "face_count": 0,
      "has_directional_cues": 0
    },
    "framing_breathing": {
      "frame_in_frame_count": 0,
      "breathing_space": {
        "top": 0.7100313479623824,
        "bottom": 0.0,
        "left": 0.76953125,
        "right": 0.0859375,
        "min_margin": 0.0,
        "mean_margin": 0.3913750244905956
      },
      "corner_anchors": {
        "top_left": 0.29555192589759827,
        "top_right": 0.5416416525840759,
        "bottom_left": 0.3366294205188751,
        "bottom_right": 0.5173434019088745,
        "max_corner_weight": 0.5416416525840759,
        "has_corner_subject": 1
      }
    }
  }
}