{
  "meta": {
    "_dataset": "tvm board - Nov 22nd 2025 (5060 images)",
    "_label": "",
    "_relpath": "2883. .jpg",
    "_filename": "2883. .jpg",
    "_width": 1055,
    "_height": 1200
  },
  "features": {
    "geometric_structural": {
      "leading_lines": {
        "diagonal": 66,
        "vertical": 67,
        "horizontal": 18,
        "curved": 291
      },
      "leading_lines_strength": 0.7594501718213058,
      "symmetry_vertical": 0.2541931394428265,
      "symmetry_horizontal": 0.1286090660098321,
      "symmetry_radial": 0.10230805975932909,
      "rule_of_thirds": {
        "alignment_score": 4,
        "num_salient_objects": 133
      },
      "golden_ratio": {
        "golden_alignment_score": 5
      },
      "balance": {
        "static_balance": 0.9855932593345642,
        "dynamic_balance": 1.0,
        "dominant_quadrant": 0
      },
      "layering": {
        "foreground_ratio": 0.31585252899484534,
        "midground_ratio": 0.32380597615979384,
        "background_ratio": 0.3603414948453608,
        "depth_complexity": 1.4734506544816204
      }
    },
    "spatial_layout": {
      "negative_space_ratio": 0.45135309278350516,
      "subject_isolation": 0.10000201353092783,
      "depth_of_field": {
        "blur_gradient_strength": 665.8942700017122,
        "sharpness_variance": 1418644.9722590917,
        "min_sharpness": 0.6805069058554211,
        "max_sharpness": 4638.166737691903
      },
      "perspective": {
        "has_vanishing_point": 1,
        "perspective_strength": 0.9991274367923725
      }
    },
    "contrast_color": {
      "high_contrast_ratio": 0.5582917203608248,
      "low_contrast_ratio": 0.44170827963917525,
      "mean_contrast": 25.330055236816406,
      "highlight_ratio": 0.015114905312657356,
      "shadow_ratio": 0.2657592296600342,
      "midtone_ratio": 0.7191258668899536,
      "warm_color_ratio": 0.21089722938144329,
      "cool_color_ratio": 0.21424640249140894,
      "complementary_color_score": 2.388888888888889
    },
    "motion_dynamics": {
      "s_curve_count": 229,
      "motion_blur_score": 7.793647728430628,
      "dominant_direction_deg": 4.999999999999995,
      "direction_strength": 0.17475099334133795
    },
    "pattern_rhythm": {
      "repetition_score": 1.0,
      "rhythm_score": 1.0,
      "pattern_breaks": 26
    },
    "visual_mass_focus": {
      "point_of_interest": {
        "x": 0.59375,
        "y": 0.6752577319587629,
        "strength": 1.0
      },
      "visual_mass_concentration": 0.19993355347938144,
      "mean_visual_weight": 0.08903243392705917,
      "face_count": 0,
      "has_directional_cues": 0
    },
    "framing_breathing": {
      "frame_in_frame_count": 0,
      "breathing_space": {
        "top": 0.0,
        "bottom": 0.5824742268041238,
        "left": 0.0,
        "right": 0.255859375,
        "min_margin": 0.0,
        "mean_margin": 0.20958340045103094
      },
      "corner_anchors": {
        "top_left": 0.7037542462348938,
        "top_right": 0.4322614073753357,
        "bottom_left": 0.5805996060371399,
        "bottom_right": 0.6516761183738708,
        "max_corner_weight": 0.7037542462348938,
        "has_corner_subject": 1
      }
    }
  }
}