{
  "meta": {
    "_dataset": "tvm board - Nov 22nd 2025 (5060 images)",
    "_label": "",
    "_relpath": "2893. New York.jpg",
    "_filename": "2893. New York.jpg",
    "_width": 828,
    "_height": 1472
  },
  "features": {
    "geometric_structural": {
      "leading_lines": {
        "diagonal": 147,
        "vertical": 80,
        "horizontal": 3,
        "curved": 637
      },
      "leading_lines_strength": 0.9527472527472527,
      "symmetry_vertical": 0.29302205038247897,
      "symmetry_horizontal": 0.13827798395130317,
      "symmetry_radial": 0.09171460945474075,
      "rule_of_thirds": {
        "alignment_score": 1,
        "num_salient_objects": 136
      },
      "golden_ratio": {
        "golden_alignment_score": 3
      },
      "balance": {
        "static_balance": 0.922758936882019,
        "dynamic_balance": 1.0,
        "dominant_quadrant": 1
      },
      "layering": {
        "foreground_ratio": 0.3347205528846154,
        "midground_ratio": 0.3144724416208791,
        "background_ratio": 0.3508070054945055,
        "depth_complexity": 1.5801458732545284
      }
    },
    "spatial_layout": {
      "negative_space_ratio": 0.45120621565934066,
      "subject_isolation": 0.1,
      "depth_of_field": {
        "blur_gradient_strength": 1383.8258811222322,
        "sharpness_variance": 3614152.5293293577,
        "min_sharpness": 108.31327849682515,
        "max_sharpness": 9075.074298346788
      },
      "perspective": {
        "has_vanishing_point": 1,
        "perspective_strength": 0.9992045578833285
      }
    },
    "contrast_color": {
      "high_contrast_ratio": 0.5452996222527473,
      "low_contrast_ratio": 0.4547003777472527,
      "mean_contrast": 23.511579513549805,
      "highlight_ratio": 0.05781679227948189,
      "shadow_ratio": 0.10789190977811813,
      "midtone_ratio": 0.8342912793159485,
      "warm_color_ratio": 0.5679043612637362,
      "cool_color_ratio": 0.0003348214285714286,
      "complementary_color_score": 2.2777777777777777
    },
    "motion_dynamics": {
      "s_curve_count": 469,
      "motion_blur_score": 8.807838992636357,
      "dominant_direction_deg": 175.0,
      "direction_strength": 0.040700120192220336
    },
    "pattern_rhythm": {
      "repetition_score": 1.0,
      "rhythm_score": 1.0,
      "pattern_breaks": 19
    },
    "visual_mass_focus": {
      "point_of_interest": {
        "x": 0.697265625,
        "y": 0.7967032967032966,
        "strength": 1.0
      },
      "visual_mass_concentration": 0.2,
      "mean_visual_weight": 0.13741692900657654,
      "face_count": 0,
      "has_directional_cues": 0
    },
    "framing_breathing": {
      "frame_in_frame_count": 0,
      "breathing_space": {
        "top": 0.6824175824175824,
        "bottom": 0.0,
        "left": 0.4921875,
        "right": 0.0,
        "min_margin": 0.0,
        "mean_margin": 0.2936512706043956
      },
      "corner_anchors": {
        "top_left": 0.4232756197452545,
        "top_right": 0.5480132102966309,
        "bottom_left": 0.30577555298805237,
        "bottom_right": 0.5074967741966248,
        "max_corner_weight": 0.5480132102966309,
        "has_corner_subject": 1
      }
    }
  }
}