{
  "meta": {
    "_dataset": "tvm board - Nov 22nd 2025 (5060 images)",
    "_label": "",
    "_relpath": "2906. .jpg",
    "_filename": "2906. .jpg",
    "_width": 564,
    "_height": 846
  },
  "features": {
    "geometric_structural": {
      "leading_lines": {
        "diagonal": 13,
        "vertical": 2,
        "horizontal": 1,
        "curved": 85
      },
      "leading_lines_strength": 0.13151041666666666,
      "symmetry_vertical": 0.43916624976662844,
      "symmetry_horizontal": 0.2348325413462516,
      "symmetry_radial": 0.1948105521330615,
      "rule_of_thirds": {
        "alignment_score": 0,
        "num_salient_objects": 10
      },
      "golden_ratio": {
        "golden_alignment_score": 3
      },
      "balance": {
        "static_balance": 0.9410752058029175,
        "dynamic_balance": 1.0,
        "dominant_quadrant": 0
      },
      "layering": {
        "foreground_ratio": 0.33734893798828125,
        "midground_ratio": 0.16646575927734375,
        "background_ratio": 0.496185302734375,
        "depth_complexity": 0.11784235379564859
      }
    },
    "spatial_layout": {
      "negative_space_ratio": 0.4733378092447917,
      "subject_isolation": 0.10000101725260417,
      "depth_of_field": {
        "blur_gradient_strength": 124.69924146919283,
        "sharpness_variance": 47026.28059766883,
        "min_sharpness": 0.0,
        "max_sharpness": 1407.4979815455592
      },
      "perspective": {
        "has_vanishing_point": 1,
        "perspective_strength": 0.9816069699903195
      }
    },
    "contrast_color": {
      "high_contrast_ratio": 0.44499969482421875,
      "low_contrast_ratio": 0.5550003051757812,
      "mean_contrast": 21.185134887695312,
      "highlight_ratio": 0.01664225198328495,
      "shadow_ratio": 0.3498789370059967,
      "midtone_ratio": 0.6334787607192993,
      "warm_color_ratio": 0.7656300862630209,
      "cool_color_ratio": 0.06615702311197917,
      "complementary_color_score": 2.4444444444444446
    },
    "motion_dynamics": {
      "s_curve_count": 163,
      "motion_blur_score": 9.914126607173355,
      "dominant_direction_deg": 4.999999999999995,
      "direction_strength": 0.06571197509748913
    },
    "pattern_rhythm": {
      "repetition_score": 1.0,
      "rhythm_score": 1.0,
      "pattern_breaks": 4
    },
    "visual_mass_focus": {
      "point_of_interest": {
        "x": 0.53125,
        "y": 0.4270833333333333,
        "strength": 1.0
      },
      "visual_mass_concentration": 0.19965108235677084,
      "mean_visual_weight": 0.17851930856704712,
      "face_count": 0,
      "has_directional_cues": 0
    },
    "framing_breathing": {
      "frame_in_frame_count": 0,
      "breathing_space": {
        "top": 0.7552083333333334,
        "bottom": 0.0,
        "left": 0.5234375,
        "right": 0.21484375,
        "min_margin": 0.0,
        "mean_margin": 0.37337239583333337
      },
      "corner_anchors": {
        "top_left": 0.4547777771949768,
        "top_right": 0.272652804851532,
        "bottom_left": 0.33922553062438965,
        "bottom_right": 0.5218937397003174,
        "max_corner_weight": 0.5218937397003174,
        "has_corner_subject": 1
      }
    }
  }
}