{
  "meta": {
    "_dataset": "tvm board - Nov 22nd 2025 (5060 images)",
    "_label": "",
    "_relpath": "2905. .jpg",
    "_filename": "2905. .jpg",
    "_width": 1024,
    "_height": 1024
  },
  "features": {
    "geometric_structural": {
      "leading_lines": {
        "diagonal": 0,
        "vertical": 3,
        "horizontal": 2,
        "curved": 75
      },
      "leading_lines_strength": 0.15625,
      "symmetry_vertical": 0.36801311931511094,
      "symmetry_horizontal": 0.40006702293603047,
      "symmetry_radial": 0.3698019791939457,
      "rule_of_thirds": {
        "alignment_score": 1,
        "num_salient_objects": 7
      },
      "golden_ratio": {
        "golden_alignment_score": 0
      },
      "balance": {
        "static_balance": 0.807843804359436,
        "dynamic_balance": 1.0,
        "dominant_quadrant": 0
      },
      "layering": {
        "foreground_ratio": 0.2996253967285156,
        "midground_ratio": 0.3137855529785156,
        "background_ratio": 0.38658905029296875,
        "depth_complexity": 0.32738703237437583
      }
    },
    "spatial_layout": {
      "negative_space_ratio": 0.7204055786132812,
      "subject_isolation": 0.10000228881835938,
      "depth_of_field": {
        "blur_gradient_strength": 213.9432946579926,
        "sharpness_variance": 91555.96892144444,
        "min_sharpness": 24.355006155766844,
        "max_sharpness": 2228.0681531856926
      },
      "perspective": {
        "has_vanishing_point": 1,
        "perspective_strength": 0.9347826086956522
      }
    },
    "contrast_color": {
      "high_contrast_ratio": 0.4071922302246094,
      "low_contrast_ratio": 0.5928077697753906,
      "mean_contrast": 18.23406410217285,
      "highlight_ratio": 0.0,
      "shadow_ratio": 0.6104469299316406,
      "midtone_ratio": 0.3895530700683594,
      "warm_color_ratio": 0.3212013244628906,
      "cool_color_ratio": 0.00261688232421875,
      "complementary_color_score": 1.6666666666666667
    },
    "motion_dynamics": {
      "s_curve_count": 90,
      "motion_blur_score": 8.646606984186286,
      "dominant_direction_deg": -85.0,
      "direction_strength": 0.041767120361168794
    },
    "pattern_rhythm": {
      "repetition_score": 1.0,
      "rhythm_score": 1.0,
      "pattern_breaks": 2
    },
    "visual_mass_focus": {
      "point_of_interest": {
        "x": 0.28515625,
        "y": 0.271484375,
        "strength": 1.0
      },
      "visual_mass_concentration": 0.19969558715820312,
      "mean_visual_weight": 0.06483738124370575,
      "face_count": 0,
      "has_directional_cues": 0
    },
    "framing_breathing": {
      "frame_in_frame_count": 0,
      "breathing_space": {
        "top": 0.18359375,
        "bottom": 0.6328125,
        "left": 0.0,
        "right": 0.42578125,
        "min_margin": 0.0,
        "mean_margin": 0.310546875
      },
      "corner_anchors": {
        "top_left": 0.32810840010643005,
        "top_right": 0.3634161055088043,
        "bottom_left": 0.3148510158061981,
        "bottom_right": 0.19649210572242737,
        "max_corner_weight": 0.3634161055088043,
        "has_corner_subject": 1
      }
    }
  }
}