{
  "meta": {
    "_dataset": "tvm board - Nov 22nd 2025 (5060 images)",
    "_label": "",
    "_relpath": "2908. .jpg",
    "_filename": "2908. .jpg",
    "_width": 692,
    "_height": 1200
  },
  "features": {
    "geometric_structural": {
      "leading_lines": {
        "diagonal": 9,
        "vertical": 19,
        "horizontal": 5,
        "curved": 79
      },
      "leading_lines_strength": 0.12612612612612611,
      "symmetry_vertical": 0.2755961704994761,
      "symmetry_horizontal": 0.3970269057574745,
      "symmetry_radial": 0.1946485519789439,
      "rule_of_thirds": {
        "alignment_score": 1,
        "num_salient_objects": 19
      },
      "golden_ratio": {
        "golden_alignment_score": 1
      },
      "balance": {
        "static_balance": 0.876111626625061,
        "dynamic_balance": 1.0,
        "dominant_quadrant": 1
      },
      "layering": {
        "foreground_ratio": 0.3309799056869369,
        "midground_ratio": 0.12668039132882883,
        "background_ratio": 0.5423397029842343,
        "depth_complexity": 0.23257384109588017
      }
    },
    "spatial_layout": {
      "negative_space_ratio": 0.6909729553772522,
      "subject_isolation": 0.10000087978603604,
      "depth_of_field": {
        "blur_gradient_strength": 6215.84483812778,
        "sharpness_variance": 197511493.43563163,
        "min_sharpness": 2.852431604450058,
        "max_sharpness": 71163.38600538253
      },
      "perspective": {
        "has_vanishing_point": 1,
        "perspective_strength": 0.9384556574923547
      }
    },
    "contrast_color": {
      "high_contrast_ratio": 0.3857421875,
      "low_contrast_ratio": 0.6142578125,
      "mean_contrast": 22.305679321289062,
      "highlight_ratio": 0.13309183716773987,
      "shadow_ratio": 0.36620214581489563,
      "midtone_ratio": 0.5007060766220093,
      "warm_color_ratio": 0.9049655123873874,
      "cool_color_ratio": 2.19946509009009e-06,
      "complementary_color_score": 0.3888888888888889
    },
    "motion_dynamics": {
      "s_curve_count": 159,
      "motion_blur_score": 10.051786527572158,
      "dominant_direction_deg": 4.999999999999995,
      "direction_strength": 0.09783880560226228
    },
    "pattern_rhythm": {
      "repetition_score": 1.0,
      "rhythm_score": 1.0,
      "pattern_breaks": 3
    },
    "visual_mass_focus": {
      "point_of_interest": {
        "x": 0.833984375,
        "y": 0.3783783783783784,
        "strength": 1.0
      },
      "visual_mass_concentration": 0.19966964034346846,
      "mean_visual_weight": 0.23210567235946655,
      "face_count": 0,
      "has_directional_cues": 0
    },
    "framing_breathing": {
      "frame_in_frame_count": 0,
      "breathing_space": {
        "top": 0.17342342342342343,
        "bottom": 0.5168918918918919,
        "left": 0.654296875,
        "right": 0.0,
        "min_margin": 0.0,
        "mean_margin": 0.3361530475788288
      },
      "corner_anchors": {
        "top_left": 0.20766307413578033,
        "top_right": 0.3449486494064331,
        "bottom_left": 0.4720365107059479,
        "bottom_right": 0.617223858833313,
        "max_corner_weight": 0.617223858833313,
        "has_corner_subject": 1
      }
    }
  }
}