{
  "meta": {
    "_dataset": "tvm board - Nov 22nd 2025 (5060 images)",
    "_label": "",
    "_relpath": "2909. .jpg",
    "_filename": "2909. .jpg",
    "_width": 1168,
    "_height": 1752
  },
  "features": {
    "geometric_structural": {
      "leading_lines": {
        "diagonal": 0,
        "vertical": 4,
        "horizontal": 73,
        "curved": 151
      },
      "leading_lines_strength": 0.296875,
      "symmetry_vertical": 0.3432716371195412,
      "symmetry_horizontal": 0.2762256756217882,
      "symmetry_radial": 0.16692222082785027,
      "rule_of_thirds": {
        "alignment_score": 0,
        "num_salient_objects": 5
      },
      "golden_ratio": {
        "golden_alignment_score": 0
      },
      "balance": {
        "static_balance": 0.8961021304130554,
        "dynamic_balance": 1.0,
        "dominant_quadrant": 0
      },
      "layering": {
        "foreground_ratio": 0.3107248942057292,
        "midground_ratio": 0.2851104736328125,
        "background_ratio": 0.4041646321614583,
        "depth_complexity": 0.34533185714156656
      }
    },
    "spatial_layout": {
      "negative_space_ratio": 0.695465087890625,
      "subject_isolation": 0.10000101725260417,
      "depth_of_field": {
        "blur_gradient_strength": 442.64615759433303,
        "sharpness_variance": 570288.7319526217,
        "min_sharpness": 8.477184343820678,
        "max_sharpness": 6286.220780469051
      },
      "perspective": {
        "has_vanishing_point": 1,
        "perspective_strength": 0.9218623481781376
      }
    },
    "contrast_color": {
      "high_contrast_ratio": 0.45771026611328125,
      "low_contrast_ratio": 0.5422897338867188,
      "mean_contrast": 27.795089721679688,
      "highlight_ratio": 0.024810791015625,
      "shadow_ratio": 0.5596058964729309,
      "midtone_ratio": 0.4155833125114441,
      "warm_color_ratio": 0.1026763916015625,
      "cool_color_ratio": 0.00012461344401041666,
      "complementary_color_score": 1.1111111111111112
    },
    "motion_dynamics": {
      "s_curve_count": 147,
      "motion_blur_score": 7.31035400078254,
      "dominant_direction_deg": 95.0,
      "direction_strength": 0.0788701375323515
    },
    "pattern_rhythm": {
      "repetition_score": 1.0,
      "rhythm_score": 1.0,
      "pattern_breaks": 3
    },
    "visual_mass_focus": {
      "point_of_interest": {
        "x": 0.337890625,
        "y": 0.1484375,
        "strength": 1.0
      },
      "visual_mass_concentration": 0.19829559326171875,
      "mean_visual_weight": 0.017087822780013084,
      "face_count": 0,
      "has_directional_cues": 0
    },
    "framing_breathing": {
      "frame_in_frame_count": 0,
      "breathing_space": {
        "top": 0.15885416666666666,
        "bottom": 0.7799479166666666,
        "left": 0.103515625,
        "right": 0.59375,
        "min_margin": 0.103515625,
        "mean_margin": 0.4090169270833333
      },
      "corner_anchors": {
        "top_left": 0.26057636737823486,
        "top_right": 0.20593446493148804,
        "bottom_left": 0.12753938138484955,
        "bottom_right": 0.1387372612953186,
        "max_corner_weight": 0.26057636737823486,
        "has_corner_subject": 0
      }
    }
  }
}