{
  "meta": {
    "_dataset": "tvm board - Nov 22nd 2025 (5060 images)",
    "_label": "",
    "_relpath": "2907. .jpg",
    "_filename": "2907. .jpg",
    "_width": 722,
    "_height": 881
  },
  "features": {
    "geometric_structural": {
      "leading_lines": {
        "diagonal": 2,
        "vertical": 0,
        "horizontal": 0,
        "curved": 49
      },
      "leading_lines_strength": 0.0816,
      "symmetry_vertical": 0.4095536269499874,
      "symmetry_horizontal": 0.3198699003106813,
      "symmetry_radial": 0.2239813251894073,
      "rule_of_thirds": {
        "alignment_score": 4,
        "num_salient_objects": 40
      },
      "golden_ratio": {
        "golden_alignment_score": 7
      },
      "balance": {
        "static_balance": 0.9565423727035522,
        "dynamic_balance": 1.0,
        "dominant_quadrant": 1
      },
      "layering": {
        "foreground_ratio": 0.282428125,
        "midground_ratio": 0.169140625,
        "background_ratio": 0.54843125,
        "depth_complexity": 0.07724660709678713
      }
    },
    "spatial_layout": {
      "negative_space_ratio": 0.74955,
      "subject_isolation": 0.1,
      "depth_of_field": {
        "blur_gradient_strength": 77.48838534990546,
        "sharpness_variance": 15003.239936711085,
        "min_sharpness": 2.067594739609363,
        "max_sharpness": 699.530572114561
      },
      "perspective": {
        "has_vanishing_point": 1,
        "perspective_strength": 0.9705882352941176
      }
    },
    "contrast_color": {
      "high_contrast_ratio": 0.415171875,
      "low_contrast_ratio": 0.584828125,
      "mean_contrast": 20.609535217285156,
      "highlight_ratio": 3.12499992105586e-06,
      "shadow_ratio": 0.6283344030380249,
      "midtone_ratio": 0.3716624975204468,
      "warm_color_ratio": 0.627246875,
      "cool_color_ratio": 0.164190625,
      "complementary_color_score": 2.1666666666666665
    },
    "motion_dynamics": {
      "s_curve_count": 83,
      "motion_blur_score": 8.492688952791733,
      "dominant_direction_deg": 4.999999999999995,
      "direction_strength": 0.07558749999976379
    },
    "pattern_rhythm": {
      "repetition_score": 1.0,
      "rhythm_score": 1.0,
      "pattern_breaks": 20
    },
    "visual_mass_focus": {
      "point_of_interest": {
        "x": 0.568359375,
        "y": 0.3504,
        "strength": 1.0
      },
      "visual_mass_concentration": 0.199409375,
      "mean_visual_weight": 0.08896433562040329,
      "face_count": 0,
      "has_directional_cues": 0
    },
    "framing_breathing": {
      "frame_in_frame_count": 0,
      "breathing_space": {
        "top": 0.1552,
        "bottom": 0.5888,
        "left": 0.443359375,
        "right": 0.01953125,
        "min_margin": 0.01953125,
        "mean_margin": 0.30172265625
      },
      "corner_anchors": {
        "top_left": 0.2071004956960678,
        "top_right": 0.33784398436546326,
        "bottom_left": 0.29447871446609497,
        "bottom_right": 0.3492996096611023,
        "max_corner_weight": 0.3492996096611023,
        "has_corner_subject": 1
      }
    }
  }
}