{
  "meta": {
    "_dataset": "tvm board - Nov 22nd 2025 (5060 images)",
    "_label": "",
    "_relpath": "2918. .jpg",
    "_filename": "2918. .jpg",
    "_width": 960,
    "_height": 1200
  },
  "features": {
    "geometric_structural": {
      "leading_lines": {
        "diagonal": 7,
        "vertical": 11,
        "horizontal": 4,
        "curved": 98
      },
      "leading_lines_strength": 0.1875,
      "symmetry_vertical": 0.4356490196841835,
      "symmetry_horizontal": 0.43178990581276844,
      "symmetry_radial": 0.3221603999777,
      "rule_of_thirds": {
        "alignment_score": 1,
        "num_salient_objects": 10
      },
      "golden_ratio": {
        "golden_alignment_score": 0
      },
      "balance": {
        "static_balance": 0.9818553924560547,
        "dynamic_balance": 1.0,
        "dominant_quadrant": 0
      },
      "layering": {
        "foreground_ratio": 0.2693603515625,
        "midground_ratio": 0.2408416748046875,
        "background_ratio": 0.4897979736328125,
        "depth_complexity": 0.36900471042505484
      }
    },
    "spatial_layout": {
      "negative_space_ratio": 0.894158935546875,
      "subject_isolation": 0.1,
      "depth_of_field": {
        "blur_gradient_strength": 413.2463043450364,
        "sharpness_variance": 428556.2292939434,
        "min_sharpness": 20.0696631593814,
        "max_sharpness": 6065.320357554786
      },
      "perspective": {
        "has_vanishing_point": 1,
        "perspective_strength": 0.9008480104370515
      }
    },
    "contrast_color": {
      "high_contrast_ratio": 0.3578155517578125,
      "low_contrast_ratio": 0.6421844482421875,
      "mean_contrast": 23.434572219848633,
      "highlight_ratio": 0.02139892615377903,
      "shadow_ratio": 0.7413269281387329,
      "midtone_ratio": 0.237274169921875,
      "warm_color_ratio": 0.62977294921875,
      "cool_color_ratio": 0.014837646484375,
      "complementary_color_score": 2.388888888888889
    },
    "motion_dynamics": {
      "s_curve_count": 146,
      "motion_blur_score": 5.28740958459623,
      "dominant_direction_deg": 175.0,
      "direction_strength": 0.04919433593734987
    },
    "pattern_rhythm": {
      "repetition_score": 1.0,
      "rhythm_score": 1.0,
      "pattern_breaks": 4
    },
    "visual_mass_focus": {
      "point_of_interest": {
        "x": 0.27734375,
        "y": 0.2875,
        "strength": 1.0
      },
      "visual_mass_concentration": 0.1998565673828125,
      "mean_visual_weight": 0.0746082291007042,
      "face_count": 0,
      "has_directional_cues": 0
    },
    "framing_breathing": {
      "frame_in_frame_count": 0,
      "breathing_space": {
        "top": 0.05,
        "bottom": 0.8,
        "left": 0.2265625,
        "right": 0.220703125,
        "min_margin": 0.05,
        "mean_margin": 0.32431640625
      },
      "corner_anchors": {
        "top_left": 0.13203223049640656,
        "top_right": 0.06949003785848618,
        "bottom_left": 0.09120819717645645,
        "bottom_right": 0.1031104326248169,
        "max_corner_weight": 0.13203223049640656,
        "has_corner_subject": 0
      }
    }
  }
}