{
  "meta": {
    "_dataset": "tvm board - Nov 22nd 2025 (5060 images)",
    "_label": "",
    "_relpath": "2919. .jpg",
    "_filename": "2919. .jpg",
    "_width": 1440,
    "_height": 1800
  },
  "features": {
    "geometric_structural": {
      "leading_lines": {
        "diagonal": 0,
        "vertical": 9,
        "horizontal": 3,
        "curved": 121
      },
      "leading_lines_strength": 0.2078125,
      "symmetry_vertical": 0.4562374165785081,
      "symmetry_horizontal": 0.3654783511595064,
      "symmetry_radial": 0.33538980713663014,
      "rule_of_thirds": {
        "alignment_score": 0,
        "num_salient_objects": 7
      },
      "golden_ratio": {
        "golden_alignment_score": 0
      },
      "balance": {
        "static_balance": 0.9329279661178589,
        "dynamic_balance": 1.0,
        "dominant_quadrant": 1
      },
      "layering": {
        "foreground_ratio": 0.26700439453125,
        "midground_ratio": 0.2630889892578125,
        "background_ratio": 0.4699066162109375,
        "depth_complexity": 0.3314548100199457
      }
    },
    "spatial_layout": {
      "negative_space_ratio": 0.8408355712890625,
      "subject_isolation": 0.1,
      "depth_of_field": {
        "blur_gradient_strength": 320.0937501176279,
        "sharpness_variance": 336136.8753528225,
        "min_sharpness": 13.442406219711728,
        "max_sharpness": 4493.819475873666
      },
      "perspective": {
        "has_vanishing_point": 1,
        "perspective_strength": 0.7870722433460076
      }
    },
    "contrast_color": {
      "high_contrast_ratio": 0.413690185546875,
      "low_contrast_ratio": 0.586309814453125,
      "mean_contrast": 18.350528717041016,
      "highlight_ratio": 0.0013916015159338713,
      "shadow_ratio": 0.8160247802734375,
      "midtone_ratio": 0.18258363008499146,
      "warm_color_ratio": 0.9116302490234375,
      "cool_color_ratio": 0.001348876953125,
      "complementary_color_score": 2.0
    },
    "motion_dynamics": {
      "s_curve_count": 133,
      "motion_blur_score": 4.641873812682045,
      "dominant_direction_deg": 4.999999999999995,
      "direction_strength": 0.04395751953111585
    },
    "pattern_rhythm": {
      "repetition_score": 1.0,
      "rhythm_score": 1.0,
      "pattern_breaks": 2
    },
    "visual_mass_focus": {
      "point_of_interest": {
        "x": 0.328125,
        "y": 0.009375,
        "strength": 1.0
      },
      "visual_mass_concentration": 0.1995025634765625,
      "mean_visual_weight": 0.08419261872768402,
      "face_count": 0,
      "has_directional_cues": 0
    },
    "framing_breathing": {
      "frame_in_frame_count": 0,
      "breathing_space": {
        "top": 0.0,
        "bottom": 0.9796875,
        "left": 0.376953125,
        "right": 0.35546875,
        "min_margin": 0.0,
        "mean_margin": 0.42802734375
      },
      "corner_anchors": {
        "top_left": 0.18729130923748016,
        "top_right": 0.2084003984928131,
        "bottom_left": 0.11280066519975662,
        "bottom_right": 0.046349864453077316,
        "max_corner_weight": 0.2084003984928131,
        "has_corner_subject": 0
      }
    }
  }
}