{
  "meta": {
    "_dataset": "tvm board - Nov 22nd 2025 (5060 images)",
    "_label": "",
    "_relpath": "2920. \u043f\u0440\u043e\u0441\u0442\u043e \u043f\u0443\u0442\u0435\u0448\u0435\u0441\u0442\u0432\u0438\u044f.jpg",
    "_filename": "2920. \u043f\u0440\u043e\u0441\u0442\u043e \u043f\u0443\u0442\u0435\u0448\u0435\u0441\u0442\u0432\u0438\u044f.jpg",
    "_width": 1080,
    "_height": 1920
  },
  "features": {
    "geometric_structural": {
      "leading_lines": {
        "diagonal": 16,
        "vertical": 10,
        "horizontal": 1,
        "curved": 280
      },
      "leading_lines_strength": 0.3373626373626374,
      "symmetry_vertical": 0.25531006915966303,
      "symmetry_horizontal": 0.2514102951269245,
      "symmetry_radial": 0.1655404008333208,
      "rule_of_thirds": {
        "alignment_score": 1,
        "num_salient_objects": 3
      },
      "golden_ratio": {
        "golden_alignment_score": 1
      },
      "balance": {
        "static_balance": 0.9122134447097778,
        "dynamic_balance": 1.0,
        "dominant_quadrant": 0
      },
      "layering": {
        "foreground_ratio": 0.29495406936813184,
        "midground_ratio": 0.32572544642857143,
        "background_ratio": 0.3793204842032967,
        "depth_complexity": 0.8332300307110492
      }
    },
    "spatial_layout": {
      "negative_space_ratio": 0.7888113839285714,
      "subject_isolation": 0.1,
      "depth_of_field": {
        "blur_gradient_strength": 397.184182878824,
        "sharpness_variance": 287489.8373829542,
        "min_sharpness": 96.53058586138091,
        "max_sharpness": 3262.7499079480417
      },
      "perspective": {
        "has_vanishing_point": 1,
        "perspective_strength": 0.9995978282726724
      }
    },
    "contrast_color": {
      "high_contrast_ratio": 0.3920887706043956,
      "low_contrast_ratio": 0.6079112293956044,
      "mean_contrast": 21.333093643188477,
      "highlight_ratio": 0.019340230152010918,
      "shadow_ratio": 0.5692265033721924,
      "midtone_ratio": 0.41143327951431274,
      "warm_color_ratio": 0.6976583962912087,
      "cool_color_ratio": 0.05629077953296703,
      "complementary_color_score": 2.388888888888889
    },
    "motion_dynamics": {
      "s_curve_count": 316,
      "motion_blur_score": 5.7494311097604935,
      "dominant_direction_deg": 4.999999999999995,
      "direction_strength": 0.03730039491750236
    },
    "pattern_rhythm": {
      "repetition_score": 1.0,
      "rhythm_score": 1.0,
      "pattern_breaks": 2
    },
    "visual_mass_focus": {
      "point_of_interest": {
        "x": 0.841796875,
        "y": 0.512087912087912,
        "strength": 1.0
      },
      "visual_mass_concentration": 0.1998240041208791,
      "mean_visual_weight": 0.09349840134382248,
      "face_count": 0,
      "has_directional_cues": 0
    },
    "framing_breathing": {
      "frame_in_frame_count": 0,
      "breathing_space": {
        "top": 0.4461538461538462,
        "bottom": 0.43736263736263736,
        "left": 0.734375,
        "right": 0.0,
        "min_margin": 0.0,
        "mean_margin": 0.40447287087912087
      },
      "corner_anchors": {
        "top_left": 0.14865867793560028,
        "top_right": 0.17150191962718964,
        "bottom_left": 0.12839438021183014,
        "bottom_right": 0.06112039089202881,
        "max_corner_weight": 0.17150191962718964,
        "has_corner_subject": 0
      }
    }
  }
}