{
  "meta": {
    "_dataset": "tvm board - Nov 22nd 2025 (5060 images)",
    "_label": "",
    "_relpath": "2936. .jpg",
    "_filename": "2936. .jpg",
    "_width": 748,
    "_height": 746
  },
  "features": {
    "geometric_structural": {
      "leading_lines": {
        "diagonal": 13,
        "vertical": 6,
        "horizontal": 37,
        "curved": 148
      },
      "leading_lines_strength": 0.39766081871345027,
      "symmetry_vertical": 0.37663192892285136,
      "symmetry_horizontal": 0.24866982057177545,
      "symmetry_radial": 0.24166397568187112,
      "rule_of_thirds": {
        "alignment_score": 0,
        "num_salient_objects": 11
      },
      "golden_ratio": {
        "golden_alignment_score": 3
      },
      "balance": {
        "static_balance": 0.9400861263275146,
        "dynamic_balance": 1.0,
        "dominant_quadrant": 2
      },
      "layering": {
        "foreground_ratio": 0.2940043250487329,
        "midground_ratio": 0.26985867446393763,
        "background_ratio": 0.43613700048732945,
        "depth_complexity": 0.3844815011502437
      }
    },
    "spatial_layout": {
      "negative_space_ratio": 0.6441200657894737,
      "subject_isolation": 0.10000152290448343,
      "depth_of_field": {
        "blur_gradient_strength": 229.14001025865858,
        "sharpness_variance": 93274.3503894822,
        "min_sharpness": 68.4065957537699,
        "max_sharpness": 1885.1463369676674
      },
      "perspective": {
        "has_vanishing_point": 1,
        "perspective_strength": 0.9985664550481261
      }
    },
    "contrast_color": {
      "high_contrast_ratio": 0.5287257858187134,
      "low_contrast_ratio": 0.47127421418128657,
      "mean_contrast": 25.948928833007812,
      "highlight_ratio": 0.002737420843914151,
      "shadow_ratio": 0.30562788248062134,
      "midtone_ratio": 0.6916347146034241,
      "warm_color_ratio": 0.21246801900584794,
      "cool_color_ratio": 0.30805311890838205,
      "complementary_color_score": 2.5555555555555554
    },
    "motion_dynamics": {
      "s_curve_count": 160,
      "motion_blur_score": 7.627175060707308,
      "dominant_direction_deg": -85.0,
      "direction_strength": 0.05855948464889985
    },
    "pattern_rhythm": {
      "repetition_score": 1.0,
      "rhythm_score": 1.0,
      "pattern_breaks": 3
    },
    "visual_mass_focus": {
      "point_of_interest": {
        "x": 0.5925925925925926,
        "y": 0.32421875,
        "strength": 1.0
      },
      "visual_mass_concentration": 0.19992309332358674,
      "mean_visual_weight": 0.09426910430192947,
      "face_count": 1,
      "has_directional_cues": 1
    },
    "framing_breathing": {
      "frame_in_frame_count": 0,
      "breathing_space": {
        "top": 0.025390625,
        "bottom": 0.90625,
        "left": 0.8615984405458089,
        "right": 0.0,
        "min_margin": 0.0,
        "mean_margin": 0.44830976638645226
      },
      "corner_anchors": {
        "top_left": 0.2964853346347809,
        "top_right": 0.3191235065460205,
        "bottom_left": 0.29770463705062866,
        "bottom_right": 0.2676061689853668,
        "max_corner_weight": 0.3191235065460205,
        "has_corner_subject": 1
      }
    }
  }
}