{
  "meta": {
    "_dataset": "tvm board - Nov 22nd 2025 (5060 images)",
    "_label": "",
    "_relpath": "2945. .jpg",
    "_filename": "2945. .jpg",
    "_width": 908,
    "_height": 1200
  },
  "features": {
    "geometric_structural": {
      "leading_lines": {
        "diagonal": 3,
        "vertical": 9,
        "horizontal": 0,
        "curved": 83
      },
      "leading_lines_strength": 0.14032496307237813,
      "symmetry_vertical": 0.25646392243165445,
      "symmetry_horizontal": 0.43397306359941734,
      "symmetry_radial": 0.1893511573142851,
      "rule_of_thirds": {
        "alignment_score": 1,
        "num_salient_objects": 16
      },
      "golden_ratio": {
        "golden_alignment_score": 1
      },
      "balance": {
        "static_balance": 0.9169003367424011,
        "dynamic_balance": 1.0,
        "dominant_quadrant": 1
      },
      "layering": {
        "foreground_ratio": 0.3195306730059084,
        "midground_ratio": 0.3494766663589365,
        "background_ratio": 0.3309926606351551,
        "depth_complexity": 0.10601088996878501
      }
    },
    "spatial_layout": {
      "negative_space_ratio": 0.6587570393279173,
      "subject_isolation": 0.10000173098227474,
      "depth_of_field": {
        "blur_gradient_strength": 94.49882654393552,
        "sharpness_variance": 17494.37821867106,
        "min_sharpness": 0.0,
        "max_sharpness": 604.5823625935135
      },
      "perspective": {
        "has_vanishing_point": 1,
        "perspective_strength": 0.9287211740041929
      }
    },
    "contrast_color": {
      "high_contrast_ratio": 0.5102589549483013,
      "low_contrast_ratio": 0.4897410450516987,
      "mean_contrast": 32.16245651245117,
      "highlight_ratio": 0.027384139597415924,
      "shadow_ratio": 0.5156999826431274,
      "midtone_ratio": 0.45691585540771484,
      "warm_color_ratio": 0.8447799344534712,
      "cool_color_ratio": 0.010336849150664696,
      "complementary_color_score": 2.1666666666666665
    },
    "motion_dynamics": {
      "s_curve_count": 138,
      "motion_blur_score": 7.167134183347677,
      "dominant_direction_deg": 4.999999999999995,
      "direction_strength": 0.22419682422387313
    },
    "pattern_rhythm": {
      "repetition_score": 1.0,
      "rhythm_score": 1.0,
      "pattern_breaks": 6
    },
    "visual_mass_focus": {
      "point_of_interest": {
        "x": 0.623046875,
        "y": 0.14180206794682423,
        "strength": 1.0
      },
      "visual_mass_concentration": 0.1999169128508124,
      "mean_visual_weight": 0.28860747814178467,
      "face_count": 0,
      "has_directional_cues": 0
    },
    "framing_breathing": {
      "frame_in_frame_count": 0,
      "breathing_space": {
        "top": 0.05465288035450517,
        "bottom": 0.6454948301329394,
        "left": 0.5859375,
        "right": 0.19921875,
        "min_margin": 0.05465288035450517,
        "mean_margin": 0.3713259901218612
      },
      "corner_anchors": {
        "top_left": 0.33198004961013794,
        "top_right": 0.3003259003162384,
        "bottom_left": 0.3584584891796112,
        "bottom_right": 0.2398383766412735,
        "max_corner_weight": 0.3584584891796112,
        "has_corner_subject": 1
      }
    }
  }
}