{
  "meta": {
    "_dataset": "tvm board - Nov 22nd 2025 (5060 images)",
    "_label": "",
    "_relpath": "2943. .jpg",
    "_filename": "2943. .jpg",
    "_width": 1200,
    "_height": 1200
  },
  "features": {
    "geometric_structural": {
      "leading_lines": {
        "diagonal": 6,
        "vertical": 0,
        "horizontal": 9,
        "curved": 277
      },
      "leading_lines_strength": 0.5703125,
      "symmetry_vertical": 0.2584932739835872,
      "symmetry_horizontal": 0.25172834425158164,
      "symmetry_radial": 0.22065616513183484,
      "rule_of_thirds": {
        "alignment_score": 1,
        "num_salient_objects": 9
      },
      "golden_ratio": {
        "golden_alignment_score": 1
      },
      "balance": {
        "static_balance": 0.8595772385597229,
        "dynamic_balance": 1.0,
        "dominant_quadrant": 2
      },
      "layering": {
        "foreground_ratio": 0.33975982666015625,
        "midground_ratio": 0.18501663208007812,
        "background_ratio": 0.4752235412597656,
        "depth_complexity": 0.43503972625732423
      }
    },
    "spatial_layout": {
      "negative_space_ratio": 0.7622146606445312,
      "subject_isolation": 0.10000228881835938,
      "depth_of_field": {
        "blur_gradient_strength": 384.50480966636894,
        "sharpness_variance": 392655.9137830746,
        "min_sharpness": 0.0,
        "max_sharpness": 3741.3564013840823
      },
      "perspective": {
        "has_vanishing_point": 1,
        "perspective_strength": 0.8731656184486373
      }
    },
    "contrast_color": {
      "high_contrast_ratio": 0.4877357482910156,
      "low_contrast_ratio": 0.5122642517089844,
      "mean_contrast": 29.680883407592773,
      "highlight_ratio": 0.02083587646484375,
      "shadow_ratio": 0.6590538024902344,
      "midtone_ratio": 0.3201103210449219,
      "warm_color_ratio": 0.6987876892089844,
      "cool_color_ratio": 0.00408172607421875,
      "complementary_color_score": 2.6666666666666665
    },
    "motion_dynamics": {
      "s_curve_count": 211,
      "motion_blur_score": 4.542775848300069,
      "dominant_direction_deg": 4.999999999999995,
      "direction_strength": 0.05747985839821823
    },
    "pattern_rhythm": {
      "repetition_score": 1.0,
      "rhythm_score": 1.0,
      "pattern_breaks": 4
    },
    "visual_mass_focus": {
      "point_of_interest": {
        "x": 0.3828125,
        "y": 0.869140625,
        "strength": 1.0
      },
      "visual_mass_concentration": 0.19997024536132812,
      "mean_visual_weight": 0.13678114116191864,
      "face_count": 0,
      "has_directional_cues": 0
    },
    "framing_breathing": {
      "frame_in_frame_count": 0,
      "breathing_space": {
        "top": 0.689453125,
        "bottom": 0.0,
        "left": 0.298828125,
        "right": 0.49609375,
        "min_margin": 0.0,
        "mean_margin": 0.37109375
      },
      "corner_anchors": {
        "top_left": 0.11855915933847427,
        "top_right": 0.1763627827167511,
        "bottom_left": 0.17973919212818146,
        "bottom_right": 0.12544400990009308,
        "max_corner_weight": 0.17973919212818146,
        "has_corner_subject": 0
      }
    }
  }
}