{
  "meta": {
    "_dataset": "tvm board - Nov 22nd 2025 (5060 images)",
    "_label": "",
    "_relpath": "2944. .jpg",
    "_filename": "2944. .jpg",
    "_width": 736,
    "_height": 516
  },
  "features": {
    "geometric_structural": {
      "leading_lines": {
        "diagonal": 10,
        "vertical": 0,
        "horizontal": 22,
        "curved": 252
      },
      "leading_lines_strength": 0.38904109589041097,
      "symmetry_vertical": 0.33848107103840275,
      "symmetry_horizontal": 0.3267970019546592,
      "symmetry_radial": 0.2664846204432291,
      "rule_of_thirds": {
        "alignment_score": 0,
        "num_salient_objects": 2
      },
      "golden_ratio": {
        "golden_alignment_score": 0
      },
      "balance": {
        "static_balance": 0.9884333610534668,
        "dynamic_balance": 1.0,
        "dominant_quadrant": 0
      },
      "layering": {
        "foreground_ratio": 0.3001257491438356,
        "midground_ratio": 0.2923828125,
        "background_ratio": 0.40749143835616436,
        "depth_complexity": 0.23358951136756032
      }
    },
    "spatial_layout": {
      "negative_space_ratio": 0.6742856378424658,
      "subject_isolation": 0.1,
      "depth_of_field": {
        "blur_gradient_strength": 182.72223327096805,
        "sharpness_variance": 67705.85114349506,
        "min_sharpness": 5.480199923106498,
        "max_sharpness": 1562.904586870368
      },
      "perspective": {
        "has_vanishing_point": 1,
        "perspective_strength": 0.9994950770007573
      }
    },
    "contrast_color": {
      "high_contrast_ratio": 0.4701599957191781,
      "low_contrast_ratio": 0.5298400042808219,
      "mean_contrast": 15.286139488220215,
      "highlight_ratio": 0.0004013270663563162,
      "shadow_ratio": 0.5244755744934082,
      "midtone_ratio": 0.4751231074333191,
      "warm_color_ratio": 0.4059503424657534,
      "cool_color_ratio": 0.20968268407534246,
      "complementary_color_score": 1.1666666666666667
    },
    "motion_dynamics": {
      "s_curve_count": 255,
      "motion_blur_score": 7.003204335931472,
      "dominant_direction_deg": 4.999999999999995,
      "direction_strength": 0.0575770547943665
    },
    "pattern_rhythm": {
      "repetition_score": 1.0,
      "rhythm_score": 1.0,
      "pattern_breaks": 0
    },
    "visual_mass_focus": {
      "point_of_interest": {
        "x": 0.2095890410958904,
        "y": 0.36328125,
        "strength": 1.0
      },
      "visual_mass_concentration": 0.19976455479452054,
      "mean_visual_weight": 0.1215609610080719,
      "face_count": 0,
      "has_directional_cues": 0
    },
    "framing_breathing": {
      "frame_in_frame_count": 0,
      "breathing_space": {
        "top": 0.650390625,
        "bottom": 0.291015625,
        "left": 0.963013698630137,
        "right": 0.0013698630136986301,
        "min_margin": 0.0013698630136986301,
        "mean_margin": 0.4764474529109589
      },
      "corner_anchors": {
        "top_left": 0.13854245841503143,
        "top_right": 0.15514934062957764,
        "bottom_left": 0.13217216730117798,
        "bottom_right": 0.13828645646572113,
        "max_corner_weight": 0.15514934062957764,
        "has_corner_subject": 0
      }
    }
  }
}