{
  "meta": {
    "_dataset": "tvm board - Nov 22nd 2025 (5060 images)",
    "_label": "",
    "_relpath": "2950. @\ud835\ude23\ud835\ude30\ud835\ude30\ud835\ude2c\ud835\ude2a\ud835\ude34\ud835\ude29\ud835\ude23\ud835\ude2a\ud835\ude22\ud835\ude2f\ud835\ude24\ud835\ude22.jpg",
    "_filename": "2950. @\ud835\ude23\ud835\ude30\ud835\ude30\ud835\ude2c\ud835\ude2a\ud835\ude34\ud835\ude29\ud835\ude23\ud835\ude2a\ud835\ude22\ud835\ude2f\ud835\ude24\ud835\ude22.jpg",
    "_width": 736,
    "_height": 493
  },
  "features": {
    "geometric_structural": {
      "leading_lines": {
        "diagonal": 21,
        "vertical": 5,
        "horizontal": 39,
        "curved": 197
      },
      "leading_lines_strength": 0.34293193717277487,
      "symmetry_vertical": 0.2494936386105309,
      "symmetry_horizontal": 0.369412459908407,
      "symmetry_radial": 0.18413426138201208,
      "rule_of_thirds": {
        "alignment_score": 1,
        "num_salient_objects": 88
      },
      "golden_ratio": {
        "golden_alignment_score": 5
      },
      "balance": {
        "static_balance": 0.8930160999298096,
        "dynamic_balance": 1.0,
        "dominant_quadrant": 1
      },
      "layering": {
        "foreground_ratio": 0.3264096245091623,
        "midground_ratio": 0.28304973821989526,
        "background_ratio": 0.3905406372709424,
        "depth_complexity": 1.100476501105108
      }
    },
    "spatial_layout": {
      "negative_space_ratio": 0.8257091582133508,
      "subject_isolation": 0.10000051128926701,
      "depth_of_field": {
        "blur_gradient_strength": 1028.9051075173102,
        "sharpness_variance": 2851018.143410748,
        "min_sharpness": 4.6092566946643565,
        "max_sharpness": 9728.898273089004
      },
      "perspective": {
        "has_vanishing_point": 1,
        "perspective_strength": 0.9800578382937704
      }
    },
    "contrast_color": {
      "high_contrast_ratio": 0.4320752208769634,
      "low_contrast_ratio": 0.5679247791230366,
      "mean_contrast": 26.25869369506836,
      "highlight_ratio": 0.04421885311603546,
      "shadow_ratio": 0.410672664642334,
      "midtone_ratio": 0.5451084971427917,
      "warm_color_ratio": 0.9443308246073299,
      "cool_color_ratio": 0.0012833360602094242,
      "complementary_color_score": 2.0
    },
    "motion_dynamics": {
      "s_curve_count": 203,
      "motion_blur_score": 4.891446083172113,
      "dominant_direction_deg": -85.0,
      "direction_strength": 0.05864999181922179
    },
    "pattern_rhythm": {
      "repetition_score": 1.0,
      "rhythm_score": 1.0,
      "pattern_breaks": 8
    },
    "visual_mass_focus": {
      "point_of_interest": {
        "x": 0.5471204188481675,
        "y": 0.36328125,
        "strength": 1.0
      },
      "visual_mass_concentration": 0.19953574934554974,
      "mean_visual_weight": 0.17096133530139923,
      "face_count": 0,
      "has_directional_cues": 0
    },
    "framing_breathing": {
      "frame_in_frame_count": 0,
      "breathing_space": {
        "top": 0.2734375,
        "bottom": 0.6796875,
        "left": 0.5785340314136126,
        "right": 0.3481675392670157,
        "min_margin": 0.2734375,
        "mean_margin": 0.469956642670157
      },
      "corner_anchors": {
        "top_left": 0.06054232269525528,
        "top_right": 0.2543795108795166,
        "bottom_left": 0.10368282347917557,
        "bottom_right": 0.3111669421195984,
        "max_corner_weight": 0.3111669421195984,
        "has_corner_subject": 1
      }
    }
  }
}