{
  "meta": {
    "_dataset": "tvm board - Nov 22nd 2025 (5060 images)",
    "_label": "",
    "_relpath": "2956. .jpg",
    "_filename": "2956. .jpg",
    "_width": 736,
    "_height": 1103
  },
  "features": {
    "geometric_structural": {
      "leading_lines": {
        "diagonal": 77,
        "vertical": 30,
        "horizontal": 30,
        "curved": 518
      },
      "leading_lines_strength": 0.8539765319426337,
      "symmetry_vertical": 0.30536050576778107,
      "symmetry_horizontal": 0.20202660668008035,
      "symmetry_radial": 0.1471301766729252,
      "rule_of_thirds": {
        "alignment_score": 0,
        "num_salient_objects": 21
      },
      "golden_ratio": {
        "golden_alignment_score": 1
      },
      "balance": {
        "static_balance": 0.9196752309799194,
        "dynamic_balance": 1.0,
        "dominant_quadrant": 0
      },
      "layering": {
        "foreground_ratio": 0.3062026360821382,
        "midground_ratio": 0.32055950537809647,
        "background_ratio": 0.3732378585397653,
        "depth_complexity": 0.5310101799334256
      }
    },
    "spatial_layout": {
      "negative_space_ratio": 0.4964018701108214,
      "subject_isolation": 0.03800063151890482,
      "depth_of_field": {
        "blur_gradient_strength": 355.4670414206273,
        "sharpness_variance": 587728.3151031464,
        "min_sharpness": 0.0,
        "max_sharpness": 3150.086216839677
      },
      "perspective": {
        "has_vanishing_point": 1,
        "perspective_strength": 0.999902560704681
      }
    },
    "contrast_color": {
      "high_contrast_ratio": 0.3846714064537158,
      "low_contrast_ratio": 0.6153285935462842,
      "mean_contrast": 26.188209533691406,
      "highlight_ratio": 0.19914744794368744,
      "shadow_ratio": 0.10241556167602539,
      "midtone_ratio": 0.698436975479126,
      "warm_color_ratio": 0.07298881600391134,
      "cool_color_ratio": 0.0012273875488917861,
      "complementary_color_score": 2.5555555555555554
    },
    "motion_dynamics": {
      "s_curve_count": 404,
      "motion_blur_score": 10.440443294953772,
      "dominant_direction_deg": 4.999999999999995,
      "direction_strength": 0.1984318978156616
    },
    "pattern_rhythm": {
      "repetition_score": 1.0,
      "rhythm_score": 1.0,
      "pattern_breaks": 3
    },
    "visual_mass_focus": {
      "point_of_interest": {
        "x": 0.47265625,
        "y": 0.242503259452412,
        "strength": 1.0
      },
      "visual_mass_concentration": 0.19984517601043025,
      "mean_visual_weight": 0.19428521394729614,
      "face_count": 0,
      "has_directional_cues": 0
    },
    "framing_breathing": {
      "frame_in_frame_count": 0,
      "breathing_space": {
        "top": 0.0,
        "bottom": 0.7196870925684485,
        "left": 0.0,
        "right": 0.0,
        "min_margin": 0.0,
        "mean_margin": 0.17992177314211213
      },
      "corner_anchors": {
        "top_left": 0.856654703617096,
        "top_right": 0.8299763202667236,
        "bottom_left": 0.24353475868701935,
        "bottom_right": 0.25580865144729614,
        "max_corner_weight": 0.856654703617096,
        "has_corner_subject": 1
      }
    }
  }
}