{
  "meta": {
    "_dataset": "tvm board - Nov 22nd 2025 (5060 images)",
    "_label": "",
    "_relpath": "2963. .jpg",
    "_filename": "2963. .jpg",
    "_width": 524,
    "_height": 292
  },
  "features": {
    "geometric_structural": {
      "leading_lines": {
        "diagonal": 0,
        "vertical": 1,
        "horizontal": 0,
        "curved": 23
      },
      "leading_lines_strength": 0.026115342763873776,
      "symmetry_vertical": 0.7351022627160867,
      "symmetry_horizontal": 0.6138521939220523,
      "symmetry_radial": 0.4257642566209032,
      "rule_of_thirds": {
        "alignment_score": 1,
        "num_salient_objects": 23
      },
      "golden_ratio": {
        "golden_alignment_score": 0
      },
      "balance": {
        "static_balance": 0.9687496423721313,
        "dynamic_balance": 1.0,
        "dominant_quadrant": 2
      },
      "layering": {
        "foreground_ratio": 0.25997177638737756,
        "midground_ratio": 0.30936734902067464,
        "background_ratio": 0.4306608745919478,
        "depth_complexity": 0.017593005546287042
      }
    },
    "spatial_layout": {
      "negative_space_ratio": 0.4898029447769314,
      "subject_isolation": 0.10000042505440697,
      "depth_of_field": {
        "blur_gradient_strength": 15.236275405466525,
        "sharpness_variance": 616.3293196041848,
        "min_sharpness": 0.0,
        "max_sharpness": 189.25059551076166
      },
      "perspective": {
        "has_vanishing_point": 0,
        "perspective_strength": 0.0
      }
    },
    "contrast_color": {
      "high_contrast_ratio": 0.39811233337867247,
      "low_contrast_ratio": 0.6018876666213275,
      "mean_contrast": 8.184866905212402,
      "highlight_ratio": 0.0,
      "shadow_ratio": 0.042012378573417664,
      "midtone_ratio": 0.9579876065254211,
      "warm_color_ratio": 0.2548073653427639,
      "cool_color_ratio": 0.01432433351468988,
      "complementary_color_score": 3.5555555555555554
    },
    "motion_dynamics": {
      "s_curve_count": 42,
      "motion_blur_score": 25.425043046336246,
      "dominant_direction_deg": 4.999999999999995,
      "direction_strength": 0.2002197531279749
    },
    "pattern_rhythm": {
      "repetition_score": 1.0,
      "rhythm_score": 1.0,
      "pattern_breaks": 3
    },
    "visual_mass_focus": {
      "point_of_interest": {
        "x": 0.3514689880304679,
        "y": 0.76953125,
        "strength": 1.0
      },
      "visual_mass_concentration": 0.19675130916757344,
      "mean_visual_weight": 0.07492994517087936,
      "face_count": 0,
      "has_directional_cues": 0
    },
    "framing_breathing": {
      "frame_in_frame_count": 0,
      "breathing_space": {
        "top": 0.857421875,
        "bottom": 0.0,
        "left": 0.0,
        "right": 0.0,
        "min_margin": 0.0,
        "mean_margin": 0.21435546875
      },
      "corner_anchors": {
        "top_left": 0.4699179530143738,
        "top_right": 0.4602391719818115,
        "bottom_left": 0.5561178922653198,
        "bottom_right": 0.5521425008773804,
        "max_corner_weight": 0.5561178922653198,
        "has_corner_subject": 1
      }
    }
  }
}