{
  "meta": {
    "_dataset": "tvm board - Nov 22nd 2025 (5060 images)",
    "_label": "",
    "_relpath": "2958. .jpg",
    "_filename": "2958. .jpg",
    "_width": 990,
    "_height": 1485
  },
  "features": {
    "geometric_structural": {
      "leading_lines": {
        "diagonal": 133,
        "vertical": 4,
        "horizontal": 7,
        "curved": 708
      },
      "leading_lines_strength": 1.109375,
      "symmetry_vertical": 0.41199360484378933,
      "symmetry_horizontal": 0.1786002881618793,
      "symmetry_radial": 0.13577982648981393,
      "rule_of_thirds": {
        "alignment_score": 1,
        "num_salient_objects": 145
      },
      "golden_ratio": {
        "golden_alignment_score": 3
      },
      "balance": {
        "static_balance": 0.898401141166687,
        "dynamic_balance": 1.0,
        "dominant_quadrant": 1
      },
      "layering": {
        "foreground_ratio": 0.30334218343098956,
        "midground_ratio": 0.2661387125651042,
        "background_ratio": 0.43051910400390625,
        "depth_complexity": 1.0710070567627687
      }
    },
    "spatial_layout": {
      "negative_space_ratio": 0.5237935384114584,
      "subject_isolation": 0.10000101725260417,
      "depth_of_field": {
        "blur_gradient_strength": 744.6716593213307,
        "sharpness_variance": 1703988.5212847183,
        "min_sharpness": 1.1070748673986182,
        "max_sharpness": 8324.242695117264
      },
      "perspective": {
        "has_vanishing_point": 1,
        "perspective_strength": 0.9999560719541392
      }
    },
    "contrast_color": {
      "high_contrast_ratio": 0.40453338623046875,
      "low_contrast_ratio": 0.5954666137695312,
      "mean_contrast": 19.75794792175293,
      "highlight_ratio": 0.0927581787109375,
      "shadow_ratio": 0.29005178809165955,
      "midtone_ratio": 0.6171900033950806,
      "warm_color_ratio": 0.5419209798177084,
      "cool_color_ratio": 0.00016276041666666666,
      "complementary_color_score": 2.611111111111111
    },
    "motion_dynamics": {
      "s_curve_count": 512,
      "motion_blur_score": 9.567567801359537,
      "dominant_direction_deg": 4.999999999999995,
      "direction_strength": 0.12251536051401134
    },
    "pattern_rhythm": {
      "repetition_score": 1.0,
      "rhythm_score": 1.0,
      "pattern_breaks": 26
    },
    "visual_mass_focus": {
      "point_of_interest": {
        "x": 0.60546875,
        "y": 0.2734375,
        "strength": 1.0
      },
      "visual_mass_concentration": 0.19999186197916666,
      "mean_visual_weight": 0.15652748942375183,
      "face_count": 0,
      "has_directional_cues": 0
    },
    "framing_breathing": {
      "frame_in_frame_count": 0,
      "breathing_space": {
        "top": 0.0,
        "bottom": 0.6119791666666666,
        "left": 0.0,
        "right": 0.0,
        "min_margin": 0.0,
        "mean_margin": 0.15299479166666666
      },
      "corner_anchors": {
        "top_left": 0.7279462814331055,
        "top_right": 0.906662106513977,
        "bottom_left": 0.605402946472168,
        "bottom_right": 0.6602277755737305,
        "max_corner_weight": 0.906662106513977,
        "has_corner_subject": 1
      }
    }
  }
}