{
  "meta": {
    "_dataset": "tvm board - Nov 22nd 2025 (5060 images)",
    "_label": "",
    "_relpath": "2997. Portale.jpg",
    "_filename": "2997. Portale.jpg",
    "_width": 1253,
    "_height": 2048
  },
  "features": {
    "geometric_structural": {
      "leading_lines": {
        "diagonal": 0,
        "vertical": 28,
        "horizontal": 0,
        "curved": 221
      },
      "leading_lines_strength": 0.2974910394265233,
      "symmetry_vertical": 0.5819971641807571,
      "symmetry_horizontal": 0.4753607902384584,
      "symmetry_radial": 0.2994592393905691,
      "rule_of_thirds": {
        "alignment_score": 2,
        "num_salient_objects": 59
      },
      "golden_ratio": {
        "golden_alignment_score": 3
      },
      "balance": {
        "static_balance": 0.8855262994766235,
        "dynamic_balance": 1.0,
        "dominant_quadrant": 0
      },
      "layering": {
        "foreground_ratio": 0.28776508363201914,
        "midground_ratio": 0.13246714456391875,
        "background_ratio": 0.5797677718040621,
        "depth_complexity": 1.6299033937887089
      }
    },
    "spatial_layout": {
      "negative_space_ratio": 0.8077956989247311,
      "subject_isolation": 0.10000140008960573,
      "depth_of_field": {
        "blur_gradient_strength": 1675.748984519028,
        "sharpness_variance": 10861705.834226396,
        "min_sharpness": 4.235294117647059,
        "max_sharpness": 16814.982443832785
      },
      "perspective": {
        "has_vanishing_point": 1,
        "perspective_strength": 0.9980026631158455
      }
    },
    "contrast_color": {
      "high_contrast_ratio": 0.36059307795698925,
      "low_contrast_ratio": 0.6394069220430108,
      "mean_contrast": 19.162485122680664,
      "highlight_ratio": 0.0940370187163353,
      "shadow_ratio": 0.41147467494010925,
      "midtone_ratio": 0.49448832869529724,
      "warm_color_ratio": 0.49050272550776586,
      "cool_color_ratio": 0.00026601702508960575,
      "complementary_color_score": 2.0555555555555554
    },
    "motion_dynamics": {
      "s_curve_count": 171,
      "motion_blur_score": 7.363279269671589,
      "dominant_direction_deg": 4.999999999999995,
      "direction_strength": 0.05538521132006192
    },
    "pattern_rhythm": {
      "repetition_score": 1.0,
      "rhythm_score": 1.0,
      "pattern_breaks": 5
    },
    "visual_mass_focus": {
      "point_of_interest": {
        "x": 0.4375,
        "y": 0.2807646356033453,
        "strength": 1.0
      },
      "visual_mass_concentration": 0.1999864658004779,
      "mean_visual_weight": 0.08983900398015976,
      "face_count": 0,
      "has_directional_cues": 0
    },
    "framing_breathing": {
      "frame_in_frame_count": 0,
      "breathing_space": {
        "top": 0.12425328554360812,
        "bottom": 0.41935483870967744,
        "left": 0.19921875,
        "right": 0.265625,
        "min_margin": 0.12425328554360812,
        "mean_margin": 0.2521129685633214
      },
      "corner_anchors": {
        "top_left": 0.1347089260816574,
        "top_right": 0.1293860822916031,
        "bottom_left": 0.27743059396743774,
        "bottom_right": 0.30797338485717773,
        "max_corner_weight": 0.30797338485717773,
        "has_corner_subject": 1
      }
    }
  }
}