{
  "meta": {
    "_dataset": "tvm board - Nov 22nd 2025 (5060 images)",
    "_label": "",
    "_relpath": "2991. .jpg",
    "_filename": "2991. .jpg",
    "_width": 500,
    "_height": 644
  },
  "features": {
    "geometric_structural": {
      "leading_lines": {
        "diagonal": 7,
        "vertical": 3,
        "horizontal": 8,
        "curved": 312
      },
      "leading_lines_strength": 0.5007587253414264,
      "symmetry_vertical": 0.32814417132487284,
      "symmetry_horizontal": 0.40493019026888766,
      "symmetry_radial": 0.2737223277717597,
      "rule_of_thirds": {
        "alignment_score": 0,
        "num_salient_objects": 25
      },
      "golden_ratio": {
        "golden_alignment_score": 1
      },
      "balance": {
        "static_balance": 0.9459165334701538,
        "dynamic_balance": 1.0,
        "dominant_quadrant": 3
      },
      "layering": {
        "foreground_ratio": 0.2873375853566009,
        "midground_ratio": 0.2866410992033384,
        "background_ratio": 0.4260213154400607,
        "depth_complexity": 0.20300951922338062
      }
    },
    "spatial_layout": {
      "negative_space_ratio": 0.5519608308042488,
      "subject_isolation": 0.10000059275417299,
      "depth_of_field": {
        "blur_gradient_strength": 380.44598118063175,
        "sharpness_variance": 292124.6243712336,
        "min_sharpness": 7.126437597824702,
        "max_sharpness": 2721.9211841599385
      },
      "perspective": {
        "has_vanishing_point": 1,
        "perspective_strength": 0.9969442322383499
      }
    },
    "contrast_color": {
      "high_contrast_ratio": 0.4372836447268589,
      "low_contrast_ratio": 0.5627163552731411,
      "mean_contrast": 17.548376083374023,
      "highlight_ratio": 0.032497748732566833,
      "shadow_ratio": 0.27336934208869934,
      "midtone_ratio": 0.694132924079895,
      "warm_color_ratio": 0.9825048605842185,
      "cool_color_ratio": 0.0,
      "complementary_color_score": 0.0
    },
    "motion_dynamics": {
      "s_curve_count": 232,
      "motion_blur_score": 10.580211521292668,
      "dominant_direction_deg": 4.999999999999995,
      "direction_strength": 0.04552648425631423
    },
    "pattern_rhythm": {
      "repetition_score": 1.0,
      "rhythm_score": 1.0,
      "pattern_breaks": 5
    },
    "visual_mass_focus": {
      "point_of_interest": {
        "x": 0.791015625,
        "y": 0.7101669195751138,
        "strength": 1.0
      },
      "visual_mass_concentration": 0.1999330187784522,
      "mean_visual_weight": 0.16179607808589935,
      "face_count": 0,
      "has_directional_cues": 0
    },
    "framing_breathing": {
      "frame_in_frame_count": 0,
      "breathing_space": {
        "top": 0.7602427921092565,
        "bottom": 0.0,
        "left": 0.646484375,
        "right": 0.1328125,
        "min_margin": 0.0,
        "mean_margin": 0.3848849167773141
      },
      "corner_anchors": {
        "top_left": 0.34284988045692444,
        "top_right": 0.39434540271759033,
        "bottom_left": 0.3582797646522522,
        "bottom_right": 0.3225955367088318,
        "max_corner_weight": 0.39434540271759033,
        "has_corner_subject": 1
      }
    }
  }
}