{
  "meta": {
    "_dataset": "tvm board - Nov 22nd 2025 (5060 images)",
    "_label": "",
    "_relpath": "2999. .jpg",
    "_filename": "2999. .jpg",
    "_width": 500,
    "_height": 741
  },
  "features": {
    "geometric_structural": {
      "leading_lines": {
        "diagonal": 90,
        "vertical": 74,
        "horizontal": 48,
        "curved": 567
      },
      "leading_lines_strength": 1.0263504611330698,
      "symmetry_vertical": 0.2380098755184756,
      "symmetry_horizontal": 0.13892396054076853,
      "symmetry_radial": 0.11754710577415095,
      "rule_of_thirds": {
        "alignment_score": 1,
        "num_salient_objects": 28
      },
      "golden_ratio": {
        "golden_alignment_score": 1
      },
      "balance": {
        "static_balance": 0.9085403084754944,
        "dynamic_balance": 1.0,
        "dominant_quadrant": 0
      },
      "layering": {
        "foreground_ratio": 0.32003201169301715,
        "midground_ratio": 0.2883599925889328,
        "background_ratio": 0.39160799571805005,
        "depth_complexity": 1.182795251730601
      }
    },
    "spatial_layout": {
      "negative_space_ratio": 0.627444622859025,
      "subject_isolation": 0.100000514657444,
      "depth_of_field": {
        "blur_gradient_strength": 663.4283457916339,
        "sharpness_variance": 1693633.0280169498,
        "min_sharpness": 0.9188483830709538,
        "max_sharpness": 4778.813629373317
      },
      "perspective": {
        "has_vanishing_point": 1,
        "perspective_strength": 0.9997376341891804
      }
    },
    "contrast_color": {
      "high_contrast_ratio": 0.47035573122529645,
      "low_contrast_ratio": 0.5296442687747036,
      "mean_contrast": 28.292984008789062,
      "highlight_ratio": 0.21939846873283386,
      "shadow_ratio": 0.34141087532043457,
      "midtone_ratio": 0.4391906261444092,
      "warm_color_ratio": 0.419044384057971,
      "cool_color_ratio": 0.006103837285902503,
      "complementary_color_score": 2.6666666666666665
    },
    "motion_dynamics": {
      "s_curve_count": 407,
      "motion_blur_score": 6.291450735930476,
      "dominant_direction_deg": 4.999999999999995,
      "direction_strength": 0.08321496212099798
    },
    "pattern_rhythm": {
      "repetition_score": 1.0,
      "rhythm_score": 1.0,
      "pattern_breaks": 7
    },
    "visual_mass_focus": {
      "point_of_interest": {
        "x": 0.359375,
        "y": 0.37285902503293805,
        "strength": 1.0
      },
      "visual_mass_concentration": 0.19974884716732544,
      "mean_visual_weight": 0.13178177177906036,
      "face_count": 1,
      "has_directional_cues": 1
    },
    "framing_breathing": {
      "frame_in_frame_count": 0,
      "breathing_space": {
        "top": 0.1686429512516469,
        "bottom": 0.4176548089591568,
        "left": 0.0,
        "right": 0.265625,
        "min_margin": 0.0,
        "mean_margin": 0.21298069005270093
      },
      "corner_anchors": {
        "top_left": 0.2708597481250763,
        "top_right": 0.38985979557037354,
        "bottom_left": 0.6540822386741638,
        "bottom_right": 0.6714036464691162,
        "max_corner_weight": 0.6714036464691162,
        "has_corner_subject": 1
      }
    }
  }
}