{
  "meta": {
    "_dataset": "tvm board - Nov 22nd 2025 (5060 images)",
    "_label": "",
    "_relpath": "3050. .jpg",
    "_filename": "3050. .jpg",
    "_width": 736,
    "_height": 1090
  },
  "features": {
    "geometric_structural": {
      "leading_lines": {
        "diagonal": 40,
        "vertical": 0,
        "horizontal": 43,
        "curved": 545
      },
      "leading_lines_strength": 0.8284960422163589,
      "symmetry_vertical": 0.6108437025463629,
      "symmetry_horizontal": 0.325436757481523,
      "symmetry_radial": 0.31750064235363235,
      "rule_of_thirds": {
        "alignment_score": 0,
        "num_salient_objects": 173
      },
      "golden_ratio": {
        "golden_alignment_score": 2
      },
      "balance": {
        "static_balance": 0.9463235139846802,
        "dynamic_balance": 1.0,
        "dominant_quadrant": 2
      },
      "layering": {
        "foreground_ratio": 0.3387203166226913,
        "midground_ratio": 0.1917541020778364,
        "background_ratio": 0.4695255812994723,
        "depth_complexity": 0.2947261007934859
      }
    },
    "spatial_layout": {
      "negative_space_ratio": 0.3837839091358839,
      "subject_isolation": 0.10000103067282322,
      "depth_of_field": {
        "blur_gradient_strength": 254.1785301187644,
        "sharpness_variance": 371738.44789144513,
        "min_sharpness": 0.1568627450980392,
        "max_sharpness": 3703.958958093041
      },
      "perspective": {
        "has_vanishing_point": 1,
        "perspective_strength": 0.9987183910878888
      }
    },
    "contrast_color": {
      "high_contrast_ratio": 0.4550394747691293,
      "low_contrast_ratio": 0.5449605252308707,
      "mean_contrast": 11.61577320098877,
      "highlight_ratio": 0.0022597501520067453,
      "shadow_ratio": 0.018598491325974464,
      "midtone_ratio": 0.9791417717933655,
      "warm_color_ratio": 0.3275916268139842,
      "cool_color_ratio": 0.16206299472295516,
      "complementary_color_score": 2.1666666666666665
    },
    "motion_dynamics": {
      "s_curve_count": 417,
      "motion_blur_score": 14.659282266545722,
      "dominant_direction_deg": 4.999999999999995,
      "direction_strength": 0.267544628132556
    },
    "pattern_rhythm": {
      "repetition_score": 1.0,
      "rhythm_score": 1.0,
      "pattern_breaks": 46
    },
    "visual_mass_focus": {
      "point_of_interest": {
        "x": 0.400390625,
        "y": 0.8641160949868074,
        "strength": 1.0
      },
      "visual_mass_concentration": 0.19990414742744064,
      "mean_visual_weight": 0.13143572211265564,
      "face_count": 0,
      "has_directional_cues": 0
    },
    "framing_breathing": {
      "frame_in_frame_count": 0,
      "breathing_space": {
        "top": 0.6411609498680739,
        "bottom": 0.0,
        "left": 0.0,
        "right": 0.0,
        "min_margin": 0.0,
        "mean_margin": 0.16029023746701848
      },
      "corner_anchors": {
        "top_left": 0.4570070803165436,
        "top_right": 0.4265247881412506,
        "bottom_left": 0.7248554825782776,
        "bottom_right": 0.6466036438941956,
        "max_corner_weight": 0.7248554825782776,
        "has_corner_subject": 1
      }
    }
  }
}