{
  "meta": {
    "_dataset": "tvm board - Nov 22nd 2025 (5060 images)",
    "_label": "",
    "_relpath": "3055. .jpg",
    "_filename": "3055. .jpg",
    "_width": 736,
    "_height": 920
  },
  "features": {
    "geometric_structural": {
      "leading_lines": {
        "diagonal": 1,
        "vertical": 0,
        "horizontal": 0,
        "curved": 238
      },
      "leading_lines_strength": 0.3734375,
      "symmetry_vertical": 0.3665879185543444,
      "symmetry_horizontal": 0.31021531700244565,
      "symmetry_radial": 0.2610736199889913,
      "rule_of_thirds": {
        "alignment_score": 0,
        "num_salient_objects": 16
      },
      "golden_ratio": {
        "golden_alignment_score": 0
      },
      "balance": {
        "static_balance": 0.7887574434280396,
        "dynamic_balance": 1.0,
        "dominant_quadrant": 1
      },
      "layering": {
        "foreground_ratio": 0.2721923828125,
        "midground_ratio": 0.368939208984375,
        "background_ratio": 0.358868408203125,
        "depth_complexity": 0.2037062085401639
      }
    },
    "spatial_layout": {
      "negative_space_ratio": 0.76038818359375,
      "subject_isolation": 0.1,
      "depth_of_field": {
        "blur_gradient_strength": 226.26046620131623,
        "sharpness_variance": 109629.64327820516,
        "min_sharpness": 10.742927224187426,
        "max_sharpness": 1852.6766628219907
      },
      "perspective": {
        "has_vanishing_point": 1,
        "perspective_strength": 0.8021978021978022
      }
    },
    "contrast_color": {
      "high_contrast_ratio": 0.3898773193359375,
      "low_contrast_ratio": 0.6101226806640625,
      "mean_contrast": 16.506351470947266,
      "highlight_ratio": 0.09444884955883026,
      "shadow_ratio": 0.1971435546875,
      "midtone_ratio": 0.7084075808525085,
      "warm_color_ratio": 0.3336181640625,
      "cool_color_ratio": 0.00030517578125,
      "complementary_color_score": 2.0
    },
    "motion_dynamics": {
      "s_curve_count": 200,
      "motion_blur_score": 11.672876515618237,
      "dominant_direction_deg": -85.0,
      "direction_strength": 0.04160461425768553
    },
    "pattern_rhythm": {
      "repetition_score": 1.0,
      "rhythm_score": 1.0,
      "pattern_breaks": 4
    },
    "visual_mass_focus": {
      "point_of_interest": {
        "x": 0.62890625,
        "y": 0.1375,
        "strength": 1.0
      },
      "visual_mass_concentration": 0.197125244140625,
      "mean_visual_weight": 0.11530978977680206,
      "face_count": 0,
      "has_directional_cues": 0
    },
    "framing_breathing": {
      "frame_in_frame_count": 0,
      "breathing_space": {
        "top": 0.0,
        "bottom": 0.5828125,
        "left": 0.0,
        "right": 0.0,
        "min_margin": 0.0,
        "mean_margin": 0.145703125
      },
      "corner_anchors": {
        "top_left": 0.44931352138519287,
        "top_right": 0.8255544304847717,
        "bottom_left": 0.21615122258663177,
        "bottom_right": 0.20992949604988098,
        "max_corner_weight": 0.8255544304847717,
        "has_corner_subject": 1
      }
    }
  }
}