{
  "meta": {
    "_dataset": "tvm board - Nov 22nd 2025 (5060 images)",
    "_label": "",
    "_relpath": "3066. Custom photo.jpg",
    "_filename": "3066. Custom photo.jpg",
    "_width": 720,
    "_height": 892
  },
  "features": {
    "geometric_structural": {
      "leading_lines": {
        "diagonal": 0,
        "vertical": 0,
        "horizontal": 2,
        "curved": 91
      },
      "leading_lines_strength": 0.14668769716088328,
      "symmetry_vertical": 0.5052473634558653,
      "symmetry_horizontal": 0.2509671205397846,
      "symmetry_radial": 0.24824495842748692,
      "rule_of_thirds": {
        "alignment_score": 0,
        "num_salient_objects": 4
      },
      "golden_ratio": {
        "golden_alignment_score": 0
      },
      "balance": {
        "static_balance": 0.9705066680908203,
        "dynamic_balance": 1.0,
        "dominant_quadrant": 0
      },
      "layering": {
        "foreground_ratio": 0.2824791748817035,
        "midground_ratio": 0.17155461356466878,
        "background_ratio": 0.5459662115536278,
        "depth_complexity": 0.15383235490596978
      }
    },
    "spatial_layout": {
      "negative_space_ratio": 0.44767534996056785,
      "subject_isolation": 0.10000061612776025,
      "depth_of_field": {
        "blur_gradient_strength": 133.36406817016757,
        "sharpness_variance": 65370.358703831094,
        "min_sharpness": 4.145299747930623,
        "max_sharpness": 1397.8762014609763
      },
      "perspective": {
        "has_vanishing_point": 1,
        "perspective_strength": 0.7111111111111111
      }
    },
    "contrast_color": {
      "high_contrast_ratio": 0.3778557521687697,
      "low_contrast_ratio": 0.6221442478312302,
      "mean_contrast": 17.832595825195312,
      "highlight_ratio": 0.020101167261600494,
      "shadow_ratio": 0.3629639446735382,
      "midtone_ratio": 0.6169348955154419,
      "warm_color_ratio": 0.6982391068611987,
      "cool_color_ratio": 0.004128055993690852,
      "complementary_color_score": 2.9444444444444446
    },
    "motion_dynamics": {
      "s_curve_count": 127,
      "motion_blur_score": 9.872145188843133,
      "dominant_direction_deg": 4.999999999999995,
      "direction_strength": 0.06424980283891879
    },
    "pattern_rhythm": {
      "repetition_score": 1.0,
      "rhythm_score": 1.0,
      "pattern_breaks": 2
    },
    "visual_mass_focus": {
      "point_of_interest": {
        "x": 0.119140625,
        "y": 0.08990536277602523,
        "strength": 1.0
      },
      "visual_mass_concentration": 0.1999765871451104,
      "mean_visual_weight": 0.15128090977668762,
      "face_count": 0,
      "has_directional_cues": 0
    },
    "framing_breathing": {
      "frame_in_frame_count": 0,
      "breathing_space": {
        "top": 0.0946372239747634,
        "bottom": 0.7681388012618297,
        "left": 0.0,
        "right": 0.62109375,
        "min_margin": 0.0,
        "mean_margin": 0.37096744380914826
      },
      "corner_anchors": {
        "top_left": 0.7485092282295227,
        "top_right": 0.24651198089122772,
        "bottom_left": 0.47399285435676575,
        "bottom_right": 0.48542195558547974,
        "max_corner_weight": 0.7485092282295227,
        "has_corner_subject": 1
      }
    }
  }
}