{
  "meta": {
    "_dataset": "tvm board - Nov 22nd 2025 (5060 images)",
    "_label": "",
    "_relpath": "3067. .jpg",
    "_filename": "3067. .jpg",
    "_width": 736,
    "_height": 736
  },
  "features": {
    "geometric_structural": {
      "leading_lines": {
        "diagonal": 1,
        "vertical": 0,
        "horizontal": 0,
        "curved": 22
      },
      "leading_lines_strength": 0.044921875,
      "symmetry_vertical": 0.7688753621788819,
      "symmetry_horizontal": 0.6528255836132616,
      "symmetry_radial": 0.6616074148374614,
      "rule_of_thirds": {
        "alignment_score": 0,
        "num_salient_objects": 13
      },
      "golden_ratio": {
        "golden_alignment_score": 1
      },
      "balance": {
        "static_balance": 0.8655105829238892,
        "dynamic_balance": 1.0,
        "dominant_quadrant": 3
      },
      "layering": {
        "foreground_ratio": 0.26609039306640625,
        "midground_ratio": 0.38942718505859375,
        "background_ratio": 0.344482421875,
        "depth_complexity": 0.11662860859859212
      }
    },
    "spatial_layout": {
      "negative_space_ratio": 0.153533935546875,
      "subject_isolation": 0.10000228881835938,
      "depth_of_field": {
        "blur_gradient_strength": 108.73421591285563,
        "sharpness_variance": 58340.6418911068,
        "min_sharpness": 5.338331263180502,
        "max_sharpness": 959.8231449442519
      },
      "perspective": {
        "has_vanishing_point": 1,
        "perspective_strength": 0.7636363636363637
      }
    },
    "contrast_color": {
      "high_contrast_ratio": 0.2725639343261719,
      "low_contrast_ratio": 0.7274360656738281,
      "mean_contrast": 7.602633476257324,
      "highlight_ratio": 0.0,
      "shadow_ratio": 0.14688873291015625,
      "midtone_ratio": 0.8531112670898438,
      "warm_color_ratio": 0.45754241943359375,
      "cool_color_ratio": 0.002262115478515625,
      "complementary_color_score": 2.888888888888889
    },
    "motion_dynamics": {
      "s_curve_count": 32,
      "motion_blur_score": 17.02112939164626,
      "dominant_direction_deg": 4.999999999999995,
      "direction_strength": 0.07086563110324529
    },
    "pattern_rhythm": {
      "repetition_score": 1.0,
      "rhythm_score": 1.0,
      "pattern_breaks": 3
    },
    "visual_mass_focus": {
      "point_of_interest": {
        "x": 0.59375,
        "y": 0.806640625,
        "strength": 1.0
      },
      "visual_mass_concentration": 0.19989395141601562,
      "mean_visual_weight": 0.08971859514713287,
      "face_count": 0,
      "has_directional_cues": 0
    },
    "framing_breathing": {
      "frame_in_frame_count": 0,
      "breathing_space": {
        "top": 0.6796875,
        "bottom": 0.0,
        "left": 0.0,
        "right": 0.15234375,
        "min_margin": 0.0,
        "mean_margin": 0.2080078125
      },
      "corner_anchors": {
        "top_left": 0.16828913986682892,
        "top_right": 0.18605415523052216,
        "bottom_left": 0.3812170922756195,
        "bottom_right": 0.3675509989261627,
        "max_corner_weight": 0.3812170922756195,
        "has_corner_subject": 1
      }
    }
  }
}