{
  "meta": {
    "_dataset": "tvm board - Nov 22nd 2025 (5060 images)",
    "_label": "",
    "_relpath": "3061. .jpg",
    "_filename": "3061. .jpg",
    "_width": 750,
    "_height": 817
  },
  "features": {
    "geometric_structural": {
      "leading_lines": {
        "diagonal": 0,
        "vertical": 1,
        "horizontal": 0,
        "curved": 8
      },
      "leading_lines_strength": 0.016129032258064516,
      "symmetry_vertical": 0.7678548492708331,
      "symmetry_horizontal": 0.7401769933429542,
      "symmetry_radial": 0.7032573715267366,
      "rule_of_thirds": {
        "alignment_score": 0,
        "num_salient_objects": 20
      },
      "golden_ratio": {
        "golden_alignment_score": 0
      },
      "balance": {
        "static_balance": 0.9569644927978516,
        "dynamic_balance": 1.0,
        "dominant_quadrant": 0
      },
      "layering": {
        "foreground_ratio": 0.2685826892921147,
        "midground_ratio": 0.38827284946236557,
        "background_ratio": 0.3431444612455197,
        "depth_complexity": 0.04949786581010343
      }
    },
    "spatial_layout": {
      "negative_space_ratio": 0.4352808579749104,
      "subject_isolation": 0.10000140008960573,
      "depth_of_field": {
        "blur_gradient_strength": 1417.069385535788,
        "sharpness_variance": 8880681.850128694,
        "min_sharpness": 3.230778804650446,
        "max_sharpness": 12206.862745098038
      },
      "perspective": {
        "has_vanishing_point": 0,
        "perspective_strength": 0.0
      }
    },
    "contrast_color": {
      "high_contrast_ratio": 0.4264427923387097,
      "low_contrast_ratio": 0.5735572076612903,
      "mean_contrast": 8.279193878173828,
      "highlight_ratio": 4.200268813292496e-05,
      "shadow_ratio": 0.0,
      "midtone_ratio": 0.9999579787254333,
      "warm_color_ratio": 1.0,
      "cool_color_ratio": 0.0,
      "complementary_color_score": 0.0
    },
    "motion_dynamics": {
      "s_curve_count": 17,
      "motion_blur_score": 33.41050428980355,
      "dominant_direction_deg": 95.0,
      "direction_strength": 0.0860950100803438
    },
    "pattern_rhythm": {
      "repetition_score": 1.0,
      "rhythm_score": 1.0,
      "pattern_breaks": 8
    },
    "visual_mass_focus": {
      "point_of_interest": {
        "x": 0.310546875,
        "y": 0.27419354838709675,
        "strength": 1.0
      },
      "visual_mass_concentration": 0.19977878584229392,
      "mean_visual_weight": 0.5990947484970093,
      "face_count": 0,
      "has_directional_cues": 0
    },
    "framing_breathing": {
      "frame_in_frame_count": 0,
      "breathing_space": {
        "top": 0.0,
        "bottom": 0.8010752688172043,
        "left": 0.0,
        "right": 0.4140625,
        "min_margin": 0.0,
        "mean_margin": 0.30378444220430106
      },
      "corner_anchors": {
        "top_left": 0.7925112843513489,
        "top_right": 0.36422261595726013,
        "bottom_left": 0.40368959307670593,
        "bottom_right": 0.3198005259037018,
        "max_corner_weight": 0.7925112843513489,
        "has_corner_subject": 1
      }
    }
  }
}