{
  "meta": {
    "_dataset": "tvm board - Nov 22nd 2025 (5060 images)",
    "_label": "",
    "_relpath": "3090. .jpg",
    "_filename": "3090. .jpg",
    "_width": 1199,
    "_height": 1684
  },
  "features": {
    "geometric_structural": {
      "leading_lines": {
        "diagonal": 0,
        "vertical": 0,
        "horizontal": 1,
        "curved": 19
      },
      "leading_lines_strength": 0.027816411682892908,
      "symmetry_vertical": 0.6918565637434053,
      "symmetry_horizontal": 0.5692098888399814,
      "symmetry_radial": 0.4694555826607096,
      "rule_of_thirds": {
        "alignment_score": 0,
        "num_salient_objects": 26
      },
      "golden_ratio": {
        "golden_alignment_score": 2
      },
      "balance": {
        "static_balance": 0.9705410003662109,
        "dynamic_balance": 1.0,
        "dominant_quadrant": 3
      },
      "layering": {
        "foreground_ratio": 0.3047363960361613,
        "midground_ratio": 0.21403968184979139,
        "background_ratio": 0.4812239221140473,
        "depth_complexity": 0.15995500074866154
      }
    },
    "spatial_layout": {
      "negative_space_ratio": 0.2554627738178025,
      "subject_isolation": 0.10000054328929069,
      "depth_of_field": {
        "blur_gradient_strength": 308.78188991105134,
        "sharpness_variance": 672789.1947185907,
        "min_sharpness": 0.35294117647058826,
        "max_sharpness": 9056.18502499039
      },
      "perspective": {
        "has_vanishing_point": 1,
        "perspective_strength": 0.9444444444444444
      }
    },
    "contrast_color": {
      "high_contrast_ratio": 0.3553519428025035,
      "low_contrast_ratio": 0.6446480571974965,
      "mean_contrast": 13.32727336883545,
      "highlight_ratio": 0.17448821663856506,
      "shadow_ratio": 0.014994784258306026,
      "midtone_ratio": 0.8105170130729675,
      "warm_color_ratio": 0.40826560326842837,
      "cool_color_ratio": 0.0008040681502086231,
      "complementary_color_score": 1.4444444444444444
    },
    "motion_dynamics": {
      "s_curve_count": 60,
      "motion_blur_score": 20.00872349567982,
      "dominant_direction_deg": 4.999999999999995,
      "direction_strength": 0.22335709318437239
    },
    "pattern_rhythm": {
      "repetition_score": 1.0,
      "rhythm_score": 1.0,
      "pattern_breaks": 8
    },
    "visual_mass_focus": {
      "point_of_interest": {
        "x": 0.73828125,
        "y": 0.6105702364394993,
        "strength": 1.0
      },
      "visual_mass_concentration": 0.19996305632823366,
      "mean_visual_weight": 0.15000051259994507,
      "face_count": 0,
      "has_directional_cues": 0
    },
    "framing_breathing": {
      "frame_in_frame_count": 0,
      "breathing_space": {
        "top": 0.4325452016689847,
        "bottom": 0.30737134909596664,
        "left": 0.13671875,
        "right": 0.0,
        "min_margin": 0.0,
        "mean_margin": 0.21915882519123783
      },
      "corner_anchors": {
        "top_left": 0.2596553862094879,
        "top_right": 0.1887345165014267,
        "bottom_left": 0.17769214510917664,
        "bottom_right": 0.34103837609291077,
        "max_corner_weight": 0.34103837609291077,
        "has_corner_subject": 1
      }
    }
  }
}