{
  "meta": {
    "_dataset": "tvm board - Nov 22nd 2025 (5060 images)",
    "_label": "",
    "_relpath": "3102. .jpg",
    "_filename": "3102. .jpg",
    "_width": 404,
    "_height": 612
  },
  "features": {
    "geometric_structural": {
      "leading_lines": {
        "diagonal": 0,
        "vertical": 0,
        "horizontal": 0,
        "curved": 67
      },
      "leading_lines_strength": 0.08634020618556701,
      "symmetry_vertical": 0.4999820487425512,
      "symmetry_horizontal": 0.4005409070430299,
      "symmetry_radial": 0.3138667146174286,
      "rule_of_thirds": {
        "alignment_score": 2,
        "num_salient_objects": 39
      },
      "golden_ratio": {
        "golden_alignment_score": 3
      },
      "balance": {
        "static_balance": 0.9332108497619629,
        "dynamic_balance": 1.0,
        "dominant_quadrant": 0
      },
      "layering": {
        "foreground_ratio": 0.2784310567010309,
        "midground_ratio": 0.16078799532860824,
        "background_ratio": 0.5607809479703608,
        "depth_complexity": 0.035959077306800494
      }
    },
    "spatial_layout": {
      "negative_space_ratio": 0.5998862355025774,
      "subject_isolation": 0.10000201353092783,
      "depth_of_field": {
        "blur_gradient_strength": 24.649467963452995,
        "sharpness_variance": 1418.8511714263243,
        "min_sharpness": 2.786033703950555,
        "max_sharpness": 197.94660232563675
      },
      "perspective": {
        "has_vanishing_point": 1,
        "perspective_strength": 0.6666666666666666
      }
    },
    "contrast_color": {
      "high_contrast_ratio": 0.3935597213273196,
      "low_contrast_ratio": 0.6064402786726804,
      "mean_contrast": 18.65560531616211,
      "highlight_ratio": 0.0,
      "shadow_ratio": 0.2573947012424469,
      "midtone_ratio": 0.7426053285598755,
      "warm_color_ratio": 0.9065042082796392,
      "cool_color_ratio": 0.05203215608891753,
      "complementary_color_score": 1.3888888888888888
    },
    "motion_dynamics": {
      "s_curve_count": 138,
      "motion_blur_score": 13.653100878879524,
      "dominant_direction_deg": 4.999999999999995,
      "direction_strength": 0.061754993556545595
    },
    "pattern_rhythm": {
      "repetition_score": 1.0,
      "rhythm_score": 1.0,
      "pattern_breaks": 15
    },
    "visual_mass_focus": {
      "point_of_interest": {
        "x": 0.412109375,
        "y": 0.21262886597938144,
        "strength": 1.0
      },
      "visual_mass_concentration": 0.19996123952963918,
      "mean_visual_weight": 0.2825862765312195,
      "face_count": 0,
      "has_directional_cues": 0
    },
    "framing_breathing": {
      "frame_in_frame_count": 0,
      "breathing_space": {
        "top": 0.0,
        "bottom": 0.6649484536082474,
        "left": 0.0,
        "right": 0.0,
        "min_margin": 0.0,
        "mean_margin": 0.16623711340206185
      },
      "corner_anchors": {
        "top_left": 0.7981273531913757,
        "top_right": 0.5052745342254639,
        "bottom_left": 0.5063486099243164,
        "bottom_right": 0.46818807721138,
        "max_corner_weight": 0.7981273531913757,
        "has_corner_subject": 1
      }
    }
  }
}