{
  "meta": {
    "_dataset": "tvm board - Nov 22nd 2025 (5060 images)",
    "_label": "",
    "_relpath": "3108. 2024 vision.jpg",
    "_filename": "3108. 2024 vision.jpg",
    "_width": 564,
    "_height": 1000
  },
  "features": {
    "geometric_structural": {
      "leading_lines": {
        "diagonal": 0,
        "vertical": 10,
        "horizontal": 0,
        "curved": 88
      },
      "leading_lines_strength": 0.10792951541850221,
      "symmetry_vertical": 0.5690432898081126,
      "symmetry_horizontal": 0.5304259611061265,
      "symmetry_radial": 0.3659097770128481,
      "rule_of_thirds": {
        "alignment_score": 0,
        "num_salient_objects": 20
      },
      "golden_ratio": {
        "golden_alignment_score": 0
      },
      "balance": {
        "static_balance": 0.9692290425300598,
        "dynamic_balance": 1.0,
        "dominant_quadrant": 2
      },
      "layering": {
        "foreground_ratio": 0.30247195071585903,
        "midground_ratio": 0.25182191285792954,
        "background_ratio": 0.44570613642621143,
        "depth_complexity": 0.14893069277425722
      }
    },
    "spatial_layout": {
      "negative_space_ratio": 0.5486646475770925,
      "subject_isolation": 0.10000086040748898,
      "depth_of_field": {
        "blur_gradient_strength": 219.79403036788827,
        "sharpness_variance": 188868.99038638547,
        "min_sharpness": 0.7604554543168784,
        "max_sharpness": 4439.9607843137255
      },
      "perspective": {
        "has_vanishing_point": 1,
        "perspective_strength": 0.9831932773109243
      }
    },
    "contrast_color": {
      "high_contrast_ratio": 0.4621313153909692,
      "low_contrast_ratio": 0.5378686846090308,
      "mean_contrast": 17.08046531677246,
      "highlight_ratio": 6.453056266764179e-05,
      "shadow_ratio": 0.06385084241628647,
      "midtone_ratio": 0.9360846281051636,
      "warm_color_ratio": 0.6986788443006607,
      "cool_color_ratio": 0.001789647577092511,
      "complementary_color_score": 2.5
    },
    "motion_dynamics": {
      "s_curve_count": 109,
      "motion_blur_score": 13.916815834457523,
      "dominant_direction_deg": 4.999999999999995,
      "direction_strength": 0.21305195140372674
    },
    "pattern_rhythm": {
      "repetition_score": 1.0,
      "rhythm_score": 1.0,
      "pattern_breaks": 7
    },
    "visual_mass_focus": {
      "point_of_interest": {
        "x": 0.21484375,
        "y": 0.5881057268722467,
        "strength": 1.0
      },
      "visual_mass_concentration": 0.19997805960903084,
      "mean_visual_weight": 0.31502270698547363,
      "face_count": 0,
      "has_directional_cues": 0
    },
    "framing_breathing": {
      "frame_in_frame_count": 0,
      "breathing_space": {
        "top": 0.7257709251101322,
        "bottom": 0.0,
        "left": 0.021484375,
        "right": 0.73828125,
        "min_margin": 0.0,
        "mean_margin": 0.3713841375275331
      },
      "corner_anchors": {
        "top_left": 0.3156212568283081,
        "top_right": 0.4276525676250458,
        "bottom_left": 0.5790356397628784,
        "bottom_right": 0.45610564947128296,
        "max_corner_weight": 0.5790356397628784,
        "has_corner_subject": 1
      }
    }
  }
}