{
  "meta": {
    "_dataset": "tvm board - Nov 22nd 2025 (5060 images)",
    "_label": "",
    "_relpath": "3105. .jpg",
    "_filename": "3105. .jpg",
    "_width": 1080,
    "_height": 1323
  },
  "features": {
    "geometric_structural": {
      "leading_lines": {
        "diagonal": 0,
        "vertical": 2,
        "horizontal": 0,
        "curved": 53
      },
      "leading_lines_strength": 0.08771929824561403,
      "symmetry_vertical": 0.6137816990177999,
      "symmetry_horizontal": 0.49490903293864874,
      "symmetry_radial": 0.45042165332961365,
      "rule_of_thirds": {
        "alignment_score": 0,
        "num_salient_objects": 2
      },
      "golden_ratio": {
        "golden_alignment_score": 0
      },
      "balance": {
        "static_balance": 0.8292124271392822,
        "dynamic_balance": 1.0,
        "dominant_quadrant": 0
      },
      "layering": {
        "foreground_ratio": 0.26922286184210525,
        "midground_ratio": 0.19462719298245615,
        "background_ratio": 0.5361499451754386,
        "depth_complexity": 0.07486243901331428
      }
    },
    "spatial_layout": {
      "negative_space_ratio": 0.5117218650318979,
      "subject_isolation": 0.10000186901913875,
      "depth_of_field": {
        "blur_gradient_strength": 66.66246979466223,
        "sharpness_variance": 19702.33982348022,
        "min_sharpness": 17.07497116493656,
        "max_sharpness": 1603.3416053713704
      },
      "perspective": {
        "has_vanishing_point": 1,
        "perspective_strength": 0.7777777777777778
      }
    },
    "contrast_color": {
      "high_contrast_ratio": 0.3210694527511962,
      "low_contrast_ratio": 0.6789305472488039,
      "mean_contrast": 11.147793769836426,
      "highlight_ratio": 0.0004174142668489367,
      "shadow_ratio": 0.28049615025520325,
      "midtone_ratio": 0.7190864086151123,
      "warm_color_ratio": 0.9800077252791068,
      "cool_color_ratio": 0.0,
      "complementary_color_score": 0.0
    },
    "motion_dynamics": {
      "s_curve_count": 68,
      "motion_blur_score": 12.67659559169981,
      "dominant_direction_deg": -85.0,
      "direction_strength": 0.042890874202418224
    },
    "pattern_rhythm": {
      "repetition_score": 1.0,
      "rhythm_score": 1.0,
      "pattern_breaks": 0
    },
    "visual_mass_focus": {
      "point_of_interest": {
        "x": 0.07421875,
        "y": 0.94896331738437,
        "strength": 1.0
      },
      "visual_mass_concentration": 0.1999912779106858,
      "mean_visual_weight": 0.2572006285190582,
      "face_count": 0,
      "has_directional_cues": 0
    },
    "framing_breathing": {
      "frame_in_frame_count": 0,
      "breathing_space": {
        "top": 0.9409888357256778,
        "bottom": 0.03987240829346093,
        "left": 0.0625,
        "right": 0.908203125,
        "min_margin": 0.03987240829346093,
        "mean_margin": 0.48789109225478466
      },
      "corner_anchors": {
        "top_left": 0.39821675419807434,
        "top_right": 0.14727866649627686,
        "bottom_left": 0.14317269623279572,
        "bottom_right": 0.11866389214992523,
        "max_corner_weight": 0.39821675419807434,
        "has_corner_subject": 1
      }
    }
  }
}