{
  "meta": {
    "_dataset": "tvm board - Nov 22nd 2025 (5060 images)",
    "_label": "",
    "_relpath": "3110. Straight out.jpg",
    "_filename": "3110. Straight out.jpg",
    "_width": 977,
    "_height": 1200
  },
  "features": {
    "geometric_structural": {
      "leading_lines": {
        "diagonal": 6,
        "vertical": 3,
        "horizontal": 16,
        "curved": 110
      },
      "leading_lines_strength": 0.21462639109697934,
      "symmetry_vertical": 0.4320803095719687,
      "symmetry_horizontal": 0.30006757883157287,
      "symmetry_radial": 0.2620470917878113,
      "rule_of_thirds": {
        "alignment_score": 2,
        "num_salient_objects": 40
      },
      "golden_ratio": {
        "golden_alignment_score": 3
      },
      "balance": {
        "static_balance": 0.9515060186386108,
        "dynamic_balance": 1.0,
        "dominant_quadrant": 1
      },
      "layering": {
        "foreground_ratio": 0.2758129222972973,
        "midground_ratio": 0.3524443561208267,
        "background_ratio": 0.371742721581876,
        "depth_complexity": 0.2627231523708554
      }
    },
    "spatial_layout": {
      "negative_space_ratio": 0.5144388414149443,
      "subject_isolation": 0.1000006210254372,
      "depth_of_field": {
        "blur_gradient_strength": 1923.4568413080463,
        "sharpness_variance": 21157386.880477976,
        "min_sharpness": 24.80421025184618,
        "max_sharpness": 26284.391772395233
      },
      "perspective": {
        "has_vanishing_point": 1,
        "perspective_strength": 0.995996231747527
      }
    },
    "contrast_color": {
      "high_contrast_ratio": 0.4669552364864865,
      "low_contrast_ratio": 0.5330447635135135,
      "mean_contrast": 16.723684310913086,
      "highlight_ratio": 0.0,
      "shadow_ratio": 0.12217433750629425,
      "midtone_ratio": 0.8778256773948669,
      "warm_color_ratio": 0.989905231518283,
      "cool_color_ratio": 6.210254372019078e-06,
      "complementary_color_score": 0.0
    },
    "motion_dynamics": {
      "s_curve_count": 126,
      "motion_blur_score": 11.366586115101718,
      "dominant_direction_deg": 95.0,
      "direction_strength": 0.0482195200713924
    },
    "pattern_rhythm": {
      "repetition_score": 1.0,
      "rhythm_score": 1.0,
      "pattern_breaks": 6
    },
    "visual_mass_focus": {
      "point_of_interest": {
        "x": 0.423828125,
        "y": 0.7488076311605724,
        "strength": 1.0
      },
      "visual_mass_concentration": 0.19979940878378377,
      "mean_visual_weight": 0.2591955363750458,
      "face_count": 0,
      "has_directional_cues": 0
    },
    "framing_breathing": {
      "frame_in_frame_count": 0,
      "breathing_space": {
        "top": 0.19395866454689983,
        "bottom": 0.6136724960254372,
        "left": 0.6171875,
        "right": 0.00390625,
        "min_margin": 0.00390625,
        "mean_margin": 0.35718122764308424
      },
      "corner_anchors": {
        "top_left": 0.3220058083534241,
        "top_right": 0.5302301049232483,
        "bottom_left": 0.44680163264274597,
        "bottom_right": 0.3049700856208801,
        "max_corner_weight": 0.5302301049232483,
        "has_corner_subject": 1
      }
    }
  }
}