{
  "meta": {
    "_dataset": "tvm board - Nov 22nd 2025 (5060 images)",
    "_label": "",
    "_relpath": "3128. .jpg",
    "_filename": "3128. .jpg",
    "_width": 721,
    "_height": 960
  },
  "features": {
    "geometric_structural": {
      "leading_lines": {
        "diagonal": 1,
        "vertical": 0,
        "horizontal": 3,
        "curved": 20
      },
      "leading_lines_strength": 0.03519061583577713,
      "symmetry_vertical": 0.5223470796805416,
      "symmetry_horizontal": 0.5000217097569908,
      "symmetry_radial": 0.3869477923204661,
      "rule_of_thirds": {
        "alignment_score": 2,
        "num_salient_objects": 3
      },
      "golden_ratio": {
        "golden_alignment_score": 1
      },
      "balance": {
        "static_balance": 0.9491316080093384,
        "dynamic_balance": 1.0,
        "dominant_quadrant": 1
      },
      "layering": {
        "foreground_ratio": 0.24201567082111436,
        "midground_ratio": 0.31644634347507333,
        "background_ratio": 0.4415379857038123,
        "depth_complexity": 0.02475731192623327
      }
    },
    "spatial_layout": {
      "negative_space_ratio": 0.5679985337243402,
      "subject_isolation": 0.10000171829178886,
      "depth_of_field": {
        "blur_gradient_strength": 34.32304759476592,
        "sharpness_variance": 2555.8353748092472,
        "min_sharpness": 1.4918340591355763,
        "max_sharpness": 360.2530757401
      },
      "perspective": {
        "has_vanishing_point": 1,
        "perspective_strength": 0.7333333333333333
      }
    },
    "contrast_color": {
      "high_contrast_ratio": 0.45174750274926684,
      "low_contrast_ratio": 0.5482524972507332,
      "mean_contrast": 19.465991973876953,
      "highlight_ratio": 0.009061125107109547,
      "shadow_ratio": 0.461364209651947,
      "midtone_ratio": 0.5295746922492981,
      "warm_color_ratio": 0.8608870967741935,
      "cool_color_ratio": 0.0008476906158357771,
      "complementary_color_score": 1.6666666666666667
    },
    "motion_dynamics": {
      "s_curve_count": 52,
      "motion_blur_score": 12.421445895026668,
      "dominant_direction_deg": 4.999999999999995,
      "direction_strength": 0.2228882193908573
    },
    "pattern_rhythm": {
      "repetition_score": 1.0,
      "rhythm_score": 1.0,
      "pattern_breaks": 3
    },
    "visual_mass_focus": {
      "point_of_interest": {
        "x": 0.640625,
        "y": 0.1774193548387097,
        "strength": 1.0
      },
      "visual_mass_concentration": 0.20000057276392963,
      "mean_visual_weight": 0.19589804112911224,
      "face_count": 0,
      "has_directional_cues": 0
    },
    "framing_breathing": {
      "frame_in_frame_count": 0,
      "breathing_space": {
        "top": 0.11436950146627566,
        "bottom": 0.8108504398826979,
        "left": 0.53125,
        "right": 0.294921875,
        "min_margin": 0.11436950146627566,
        "mean_margin": 0.4378479540872434
      },
      "corner_anchors": {
        "top_left": 0.1326059252023697,
        "top_right": 0.17184871435165405,
        "bottom_left": 0.30889880657196045,
        "bottom_right": 0.25686970353126526,
        "max_corner_weight": 0.30889880657196045,
        "has_corner_subject": 1
      }
    }
  }
}