{
  "meta": {
    "_dataset": "tvm board - Nov 22nd 2025 (5060 images)",
    "_label": "",
    "_relpath": "3129. .jpg",
    "_filename": "3129. .jpg",
    "_width": 675,
    "_height": 1200
  },
  "features": {
    "geometric_structural": {
      "leading_lines": {
        "diagonal": 69,
        "vertical": 20,
        "horizontal": 17,
        "curved": 190
      },
      "leading_lines_strength": 0.3252747252747253,
      "symmetry_vertical": 0.5585175617265429,
      "symmetry_horizontal": 0.26067123274120213,
      "symmetry_radial": 0.2101151802910689,
      "rule_of_thirds": {
        "alignment_score": 0,
        "num_salient_objects": 26
      },
      "golden_ratio": {
        "golden_alignment_score": 0
      },
      "balance": {
        "static_balance": 0.8967702388763428,
        "dynamic_balance": 1.0,
        "dominant_quadrant": 2
      },
      "layering": {
        "foreground_ratio": 0.2175802712912088,
        "midground_ratio": 0.17360061813186814,
        "background_ratio": 0.6088191105769231,
        "depth_complexity": 0.23584909730247683
      }
    },
    "spatial_layout": {
      "negative_space_ratio": 0.3914298592032967,
      "subject_isolation": 0.1,
      "depth_of_field": {
        "blur_gradient_strength": 178.83359399592678,
        "sharpness_variance": 226368.3934066952,
        "min_sharpness": 0.2745044825719147,
        "max_sharpness": 2218.9296451058885
      },
      "perspective": {
        "has_vanishing_point": 1,
        "perspective_strength": 0.9994678020223523
      }
    },
    "contrast_color": {
      "high_contrast_ratio": 0.3149188701923077,
      "low_contrast_ratio": 0.6850811298076923,
      "mean_contrast": 11.577327728271484,
      "highlight_ratio": 7.297390402527526e-05,
      "shadow_ratio": 0.3914298713207245,
      "midtone_ratio": 0.608497142791748,
      "warm_color_ratio": 0.7142041552197802,
      "cool_color_ratio": 0.26514208447802196,
      "complementary_color_score": 2.5555555555555554
    },
    "motion_dynamics": {
      "s_curve_count": 226,
      "motion_blur_score": 9.152544808705311,
      "dominant_direction_deg": 4.999999999999995,
      "direction_strength": 0.35333533653770316
    },
    "pattern_rhythm": {
      "repetition_score": 1.0,
      "rhythm_score": 1.0,
      "pattern_breaks": 3
    },
    "visual_mass_focus": {
      "point_of_interest": {
        "x": 0.466796875,
        "y": 0.45384615384615384,
        "strength": 1.0
      },
      "visual_mass_concentration": 0.1996823489010989,
      "mean_visual_weight": 0.2440139651298523,
      "face_count": 0,
      "has_directional_cues": 0
    },
    "framing_breathing": {
      "frame_in_frame_count": 0,
      "breathing_space": {
        "top": 0.0,
        "bottom": 0.9461538461538461,
        "left": 0.197265625,
        "right": 0.28515625,
        "min_margin": 0.0,
        "mean_margin": 0.35714393028846153
      },
      "corner_anchors": {
        "top_left": 0.3413030803203583,
        "top_right": 0.29381391406059265,
        "bottom_left": 0.5330338478088379,
        "bottom_right": 0.4269893169403076,
        "max_corner_weight": 0.5330338478088379,
        "has_corner_subject": 1
      }
    }
  }
}