{
  "meta": {
    "_dataset": "tvm board - Nov 22nd 2025 (5060 images)",
    "_label": "",
    "_relpath": "3134. .jpg",
    "_filename": "3134. .jpg",
    "_width": 963,
    "_height": 1200
  },
  "features": {
    "geometric_structural": {
      "leading_lines": {
        "diagonal": 0,
        "vertical": 0,
        "horizontal": 4,
        "curved": 42
      },
      "leading_lines_strength": 0.07210031347962383,
      "symmetry_vertical": 0.6177004463670235,
      "symmetry_horizontal": 0.5377612926212116,
      "symmetry_radial": 0.4740753229513355,
      "rule_of_thirds": {
        "alignment_score": 0,
        "num_salient_objects": 17
      },
      "golden_ratio": {
        "golden_alignment_score": 1
      },
      "balance": {
        "static_balance": 0.963532567024231,
        "dynamic_balance": 1.0,
        "dominant_quadrant": 3
      },
      "layering": {
        "foreground_ratio": 0.27242114028213166,
        "midground_ratio": 0.20251579643416928,
        "background_ratio": 0.525063063283699,
        "depth_complexity": 0.1408587358508957
      }
    },
    "spatial_layout": {
      "negative_space_ratio": 0.37176724137931033,
      "subject_isolation": 0.10000122452978057,
      "depth_of_field": {
        "blur_gradient_strength": 151.5722779248077,
        "sharpness_variance": 97145.71272581082,
        "min_sharpness": 20.552764359846808,
        "max_sharpness": 1814.9472519737403
      },
      "perspective": {
        "has_vanishing_point": 0,
        "perspective_strength": 0.0
      }
    },
    "contrast_color": {
      "high_contrast_ratio": 0.3953149490595611,
      "low_contrast_ratio": 0.6046850509404389,
      "mean_contrast": 13.803852081298828,
      "highlight_ratio": 0.01909654214978218,
      "shadow_ratio": 0.016610747203230858,
      "midtone_ratio": 0.9642927050590515,
      "warm_color_ratio": 0.6755394053683386,
      "cool_color_ratio": 0.0001989860893416928,
      "complementary_color_score": 3.388888888888889
    },
    "motion_dynamics": {
      "s_curve_count": 82,
      "motion_blur_score": 21.829327955445358,
      "dominant_direction_deg": 95.0,
      "direction_strength": 0.04918629996066447
    },
    "pattern_rhythm": {
      "repetition_score": 1.0,
      "rhythm_score": 1.0,
      "pattern_breaks": 2
    },
    "visual_mass_focus": {
      "point_of_interest": {
        "x": 0.70703125,
        "y": 0.6206896551724138,
        "strength": 1.0
      },
      "visual_mass_concentration": 0.19906568377742948,
      "mean_visual_weight": 0.1749821901321411,
      "face_count": 0,
      "has_directional_cues": 0
    },
    "framing_breathing": {
      "frame_in_frame_count": 0,
      "breathing_space": {
        "top": 0.6865203761755486,
        "bottom": 0.06896551724137931,
        "left": 0.765625,
        "right": 0.0,
        "min_margin": 0.0,
        "mean_margin": 0.380277723354232
      },
      "corner_anchors": {
        "top_left": 0.40379148721694946,
        "top_right": 0.22771453857421875,
        "bottom_left": 0.19252941012382507,
        "bottom_right": 0.545472264289856,
        "max_corner_weight": 0.545472264289856,
        "has_corner_subject": 1
      }
    }
  }
}