{
  "meta": {
    "_dataset": "tvm board - Nov 22nd 2025 (5060 images)",
    "_label": "",
    "_relpath": "3156. .jpg",
    "_filename": "3156. .jpg",
    "_width": 853,
    "_height": 1280
  },
  "features": {
    "geometric_structural": {
      "leading_lines": {
        "diagonal": 105,
        "vertical": 78,
        "horizontal": 1,
        "curved": 331
      },
      "leading_lines_strength": 0.6705729166666666,
      "symmetry_vertical": 0.25397754812377565,
      "symmetry_horizontal": 0.2201824544133561,
      "symmetry_radial": 0.17013376689258916,
      "rule_of_thirds": {
        "alignment_score": 0,
        "num_salient_objects": 46
      },
      "golden_ratio": {
        "golden_alignment_score": 0
      },
      "balance": {
        "static_balance": 0.9306485652923584,
        "dynamic_balance": 1.0,
        "dominant_quadrant": 3
      },
      "layering": {
        "foreground_ratio": 0.2992960611979167,
        "midground_ratio": 0.2959493001302083,
        "background_ratio": 0.404754638671875,
        "depth_complexity": 0.5759155433652341
      }
    },
    "spatial_layout": {
      "negative_space_ratio": 0.4055124918619792,
      "subject_isolation": 0.10000101725260417,
      "depth_of_field": {
        "blur_gradient_strength": 358.68811290169305,
        "sharpness_variance": 449461.21968140674,
        "min_sharpness": 38.42522106881968,
        "max_sharpness": 3333.112734418386
      },
      "perspective": {
        "has_vanishing_point": 1,
        "perspective_strength": 0.9998975544790645
      }
    },
    "contrast_color": {
      "high_contrast_ratio": 0.42736053466796875,
      "low_contrast_ratio": 0.5726394653320312,
      "mean_contrast": 22.31574821472168,
      "highlight_ratio": 0.045379638671875,
      "shadow_ratio": 0.2433522492647171,
      "midtone_ratio": 0.7112681269645691,
      "warm_color_ratio": 0.9994557698567709,
      "cool_color_ratio": 0.0,
      "complementary_color_score": 0.0
    },
    "motion_dynamics": {
      "s_curve_count": 495,
      "motion_blur_score": 9.76293943178338,
      "dominant_direction_deg": -105.00000000000001,
      "direction_strength": 0.058794657389173395
    },
    "pattern_rhythm": {
      "repetition_score": 1.0,
      "rhythm_score": 1.0,
      "pattern_breaks": 12
    },
    "visual_mass_focus": {
      "point_of_interest": {
        "x": 0.939453125,
        "y": 0.6497395833333334,
        "strength": 1.0
      },
      "visual_mass_concentration": 0.1992925008138021,
      "mean_visual_weight": 0.26509836316108704,
      "face_count": 0,
      "has_directional_cues": 0
    },
    "framing_breathing": {
      "frame_in_frame_count": 0,
      "breathing_space": {
        "top": 0.6875,
        "bottom": 0.0,
        "left": 0.0,
        "right": 0.705078125,
        "min_margin": 0.0,
        "mean_margin": 0.34814453125
      },
      "corner_anchors": {
        "top_left": 0.42337095737457275,
        "top_right": 0.26935648918151855,
        "bottom_left": 0.6584629416465759,
        "bottom_right": 0.4888855814933777,
        "max_corner_weight": 0.6584629416465759,
        "has_corner_subject": 1
      }
    }
  }
}