{
  "meta": {
    "_dataset": "tvm board - Nov 22nd 2025 (5060 images)",
    "_label": "",
    "_relpath": "3151. .jpg",
    "_filename": "3151. .jpg",
    "_width": 1404,
    "_height": 1477
  },
  "features": {
    "geometric_structural": {
      "leading_lines": {
        "diagonal": 36,
        "vertical": 1,
        "horizontal": 9,
        "curved": 432
      },
      "leading_lines_strength": 0.8868274582560297,
      "symmetry_vertical": 0.14738160662242722,
      "symmetry_horizontal": 0.12436855818118983,
      "symmetry_radial": 0.1219398945593519,
      "rule_of_thirds": {
        "alignment_score": 1,
        "num_salient_objects": 97
      },
      "golden_ratio": {
        "golden_alignment_score": 1
      },
      "balance": {
        "static_balance": 0.9083988666534424,
        "dynamic_balance": 1.0,
        "dominant_quadrant": 0
      },
      "layering": {
        "foreground_ratio": 0.33984375,
        "midground_ratio": 0.3127826414656772,
        "background_ratio": 0.3473736085343228,
        "depth_complexity": 1.0108191052477862
      }
    },
    "spatial_layout": {
      "negative_space_ratio": 0.723014987244898,
      "subject_isolation": 0.10000072472170686,
      "depth_of_field": {
        "blur_gradient_strength": 450.9025144234192,
        "sharpness_variance": 573019.1974747505,
        "min_sharpness": 28.909361783929256,
        "max_sharpness": 2452.1685271435394
      },
      "perspective": {
        "has_vanishing_point": 1,
        "perspective_strength": 0.9977141482194418
      }
    },
    "contrast_color": {
      "high_contrast_ratio": 0.543878275742115,
      "low_contrast_ratio": 0.456121724257885,
      "mean_contrast": 31.344438552856445,
      "highlight_ratio": 0.07297947257757187,
      "shadow_ratio": 0.26660338044166565,
      "midtone_ratio": 0.6604171991348267,
      "warm_color_ratio": 0.9725113056586271,
      "cool_color_ratio": 0.0,
      "complementary_color_score": 0.0
    },
    "motion_dynamics": {
      "s_curve_count": 433,
      "motion_blur_score": 5.481317979470675,
      "dominant_direction_deg": 95.0,
      "direction_strength": 0.06440601808882042
    },
    "pattern_rhythm": {
      "repetition_score": 1.0,
      "rhythm_score": 1.0,
      "pattern_breaks": 5
    },
    "visual_mass_focus": {
      "point_of_interest": {
        "x": 0.224609375,
        "y": 0.21521335807050093,
        "strength": 1.0
      },
      "visual_mass_concentration": 0.1999978258348794,
      "mean_visual_weight": 0.2574194073677063,
      "face_count": 0,
      "has_directional_cues": 0
    },
    "framing_breathing": {
      "frame_in_frame_count": 0,
      "breathing_space": {
        "top": 0.02411873840445269,
        "bottom": 0.8608534322820037,
        "left": 0.0546875,
        "right": 0.599609375,
        "min_margin": 0.02411873840445269,
        "mean_margin": 0.3848172614216141
      },
      "corner_anchors": {
        "top_left": 0.5125794410705566,
        "top_right": 0.21904976665973663,
        "bottom_left": 0.1494518667459488,
        "bottom_right": 0.3597452938556671,
        "max_corner_weight": 0.5125794410705566,
        "has_corner_subject": 1
      }
    }
  }
}