{
  "meta": {
    "_dataset": "tvm board - Nov 22nd 2025 (5060 images)",
    "_label": "",
    "_relpath": "3162. .jpg",
    "_filename": "3162. .jpg",
    "_width": 640,
    "_height": 758
  },
  "features": {
    "geometric_structural": {
      "leading_lines": {
        "diagonal": 0,
        "vertical": 23,
        "horizontal": 32,
        "curved": 307
      },
      "leading_lines_strength": 0.5973597359735974,
      "symmetry_vertical": 0.44413477747609703,
      "symmetry_horizontal": 0.30190619497709076,
      "symmetry_radial": 0.289143877478467,
      "rule_of_thirds": {
        "alignment_score": 1,
        "num_salient_objects": 50
      },
      "golden_ratio": {
        "golden_alignment_score": 2
      },
      "balance": {
        "static_balance": 0.8655624389648438,
        "dynamic_balance": 1.0,
        "dominant_quadrant": 3
      },
      "layering": {
        "foreground_ratio": 0.3014516295379538,
        "midground_ratio": 0.3212536097359736,
        "background_ratio": 0.3772947607260726,
        "depth_complexity": 0.4671471060229323
      }
    },
    "spatial_layout": {
      "negative_space_ratio": 0.2862681775990099,
      "subject_isolation": 0.10000257838283828,
      "depth_of_field": {
        "blur_gradient_strength": 322.2060249460399,
        "sharpness_variance": 369737.34977350105,
        "min_sharpness": 3.783929257977701,
        "max_sharpness": 2742.270595951251
      },
      "perspective": {
        "has_vanishing_point": 1,
        "perspective_strength": 0.9953125
      }
    },
    "contrast_color": {
      "high_contrast_ratio": 0.3994237314356436,
      "low_contrast_ratio": 0.6005762685643564,
      "mean_contrast": 18.5126953125,
      "highlight_ratio": 0.0134591581299901,
      "shadow_ratio": 0.09660878032445908,
      "midtone_ratio": 0.8899320960044861,
      "warm_color_ratio": 0.34948367883663367,
      "cool_color_ratio": 9.668935643564357e-06,
      "complementary_color_score": 0.0
    },
    "motion_dynamics": {
      "s_curve_count": 228,
      "motion_blur_score": 11.04660364392986,
      "dominant_direction_deg": 4.999999999999995,
      "direction_strength": 0.042846276815043424
    },
    "pattern_rhythm": {
      "repetition_score": 1.0,
      "rhythm_score": 1.0,
      "pattern_breaks": 7
    },
    "visual_mass_focus": {
      "point_of_interest": {
        "x": 0.5390625,
        "y": 0.8118811881188119,
        "strength": 1.0
      },
      "visual_mass_concentration": 0.19996325804455445,
      "mean_visual_weight": 0.08664523810148239,
      "face_count": 0,
      "has_directional_cues": 0
    },
    "framing_breathing": {
      "frame_in_frame_count": 0,
      "breathing_space": {
        "top": 0.47854785478547857,
        "bottom": 0.0,
        "left": 0.0,
        "right": 0.0,
        "min_margin": 0.0,
        "mean_margin": 0.11963696369636964
      },
      "corner_anchors": {
        "top_left": 0.3208138048648834,
        "top_right": 0.34129562973976135,
        "bottom_left": 0.6217923164367676,
        "bottom_right": 0.6330072283744812,
        "max_corner_weight": 0.6330072283744812,
        "has_corner_subject": 1
      }
    }
  }
}