{
  "meta": {
    "_dataset": "tvm board - Nov 22nd 2025 (5060 images)",
    "_label": "",
    "_relpath": "3168. .jpg",
    "_filename": "3168. .jpg",
    "_width": 575,
    "_height": 766
  },
  "features": {
    "geometric_structural": {
      "leading_lines": {
        "diagonal": 45,
        "vertical": 12,
        "horizontal": 23,
        "curved": 423
      },
      "leading_lines_strength": 0.7375366568914956,
      "symmetry_vertical": 0.447104872760158,
      "symmetry_horizontal": 0.19630113965178242,
      "symmetry_radial": 0.19851272141226425,
      "rule_of_thirds": {
        "alignment_score": 0,
        "num_salient_objects": 102
      },
      "golden_ratio": {
        "golden_alignment_score": 2
      },
      "balance": {
        "static_balance": 0.9684776067733765,
        "dynamic_balance": 1.0,
        "dominant_quadrant": 1
      },
      "layering": {
        "foreground_ratio": 0.30415482954545453,
        "midground_ratio": 0.22025636913489735,
        "background_ratio": 0.4755888013196481,
        "depth_complexity": 0.7354049917261617
      }
    },
    "spatial_layout": {
      "negative_space_ratio": 0.4663329362170088,
      "subject_isolation": 0.10000171829178886,
      "depth_of_field": {
        "blur_gradient_strength": 525.2757609026822,
        "sharpness_variance": 668431.1217635443,
        "min_sharpness": 2.567873445297486,
        "max_sharpness": 3918.8897539407913
      },
      "perspective": {
        "has_vanishing_point": 1,
        "perspective_strength": 0.9992189679218968
      }
    },
    "contrast_color": {
      "high_contrast_ratio": 0.37170947122434017,
      "low_contrast_ratio": 0.6282905287756598,
      "mean_contrast": 22.5578556060791,
      "highlight_ratio": 0.3807161748409271,
      "shadow_ratio": 0.17471018433570862,
      "midtone_ratio": 0.44457361102104187,
      "warm_color_ratio": 0.6521432826246334,
      "cool_color_ratio": 0.0,
      "complementary_color_score": 0.0
    },
    "motion_dynamics": {
      "s_curve_count": 333,
      "motion_blur_score": 11.444191765872626,
      "dominant_direction_deg": 4.999999999999995,
      "direction_strength": 0.09399628848946688
    },
    "pattern_rhythm": {
      "repetition_score": 1.0,
      "rhythm_score": 1.0,
      "pattern_breaks": 22
    },
    "visual_mass_focus": {
      "point_of_interest": {
        "x": 0.5234375,
        "y": 0.7947214076246334,
        "strength": 1.0
      },
      "visual_mass_concentration": 0.19976573955278593,
      "mean_visual_weight": 0.18717379868030548,
      "face_count": 0,
      "has_directional_cues": 0
    },
    "framing_breathing": {
      "frame_in_frame_count": 0,
      "breathing_space": {
        "top": 0.26832844574780057,
        "bottom": 0.0,
        "left": 0.0,
        "right": 0.0,
        "min_margin": 0.0,
        "mean_margin": 0.06708211143695014
      },
      "corner_anchors": {
        "top_left": 0.5008474588394165,
        "top_right": 0.5589789152145386,
        "bottom_left": 0.7338493466377258,
        "bottom_right": 0.753633439540863,
        "max_corner_weight": 0.753633439540863,
        "has_corner_subject": 1
      }
    }
  }
}