{
  "meta": {
    "_dataset": "tvm board - Nov 22nd 2025 (5060 images)",
    "_label": "",
    "_relpath": "3169. .jpg",
    "_filename": "3169. .jpg",
    "_width": 1024,
    "_height": 1280
  },
  "features": {
    "geometric_structural": {
      "leading_lines": {
        "diagonal": 55,
        "vertical": 15,
        "horizontal": 4,
        "curved": 270
      },
      "leading_lines_strength": 0.5375,
      "symmetry_vertical": 0.43090023447748654,
      "symmetry_horizontal": 0.2064264290404558,
      "symmetry_radial": 0.21769140372293702,
      "rule_of_thirds": {
        "alignment_score": 0,
        "num_salient_objects": 21
      },
      "golden_ratio": {
        "golden_alignment_score": 0
      },
      "balance": {
        "static_balance": 0.9807022213935852,
        "dynamic_balance": 1.0,
        "dominant_quadrant": 2
      },
      "layering": {
        "foreground_ratio": 0.3198486328125,
        "midground_ratio": 0.2534454345703125,
        "background_ratio": 0.4267059326171875,
        "depth_complexity": 1.4431868650303779
      }
    },
    "spatial_layout": {
      "negative_space_ratio": 0.446575927734375,
      "subject_isolation": 0.1,
      "depth_of_field": {
        "blur_gradient_strength": 1020.7187080382585,
        "sharpness_variance": 3491284.6942815282,
        "min_sharpness": 0.9019607843137255,
        "max_sharpness": 7700.990468428063
      },
      "perspective": {
        "has_vanishing_point": 1,
        "perspective_strength": 0.9962550004255681
      }
    },
    "contrast_color": {
      "high_contrast_ratio": 0.399371337890625,
      "low_contrast_ratio": 0.600628662109375,
      "mean_contrast": 16.313365936279297,
      "highlight_ratio": 0.22216796875,
      "shadow_ratio": 0.16792908310890198,
      "midtone_ratio": 0.6099029779434204,
      "warm_color_ratio": 0.45989990234375,
      "cool_color_ratio": 0.018389892578125,
      "complementary_color_score": 1.1666666666666667
    },
    "motion_dynamics": {
      "s_curve_count": 212,
      "motion_blur_score": 11.93119510051897,
      "dominant_direction_deg": 4.999999999999995,
      "direction_strength": 0.08057250976537911
    },
    "pattern_rhythm": {
      "repetition_score": 1.0,
      "rhythm_score": 1.0,
      "pattern_breaks": 6
    },
    "visual_mass_focus": {
      "point_of_interest": {
        "x": 0.35546875,
        "y": 0.925,
        "strength": 1.0
      },
      "visual_mass_concentration": 0.1999786376953125,
      "mean_visual_weight": 0.11755937337875366,
      "face_count": 0,
      "has_directional_cues": 0
    },
    "framing_breathing": {
      "frame_in_frame_count": 0,
      "breathing_space": {
        "top": 0.0,
        "bottom": 0.734375,
        "left": 0.251953125,
        "right": 0.0,
        "min_margin": 0.0,
        "mean_margin": 0.24658203125
      },
      "corner_anchors": {
        "top_left": 0.37297889590263367,
        "top_right": 0.739097535610199,
        "bottom_left": 0.7639368176460266,
        "bottom_right": 0.5398107767105103,
        "max_corner_weight": 0.7639368176460266,
        "has_corner_subject": 1
      }
    }
  }
}