{
  "meta": {
    "_dataset": "tvm board - Nov 22nd 2025 (5060 images)",
    "_label": "",
    "_relpath": "3192. .jpg",
    "_filename": "3192. .jpg",
    "_width": 736,
    "_height": 920
  },
  "features": {
    "geometric_structural": {
      "leading_lines": {
        "diagonal": 71,
        "vertical": 19,
        "horizontal": 21,
        "curved": 349
      },
      "leading_lines_strength": 0.71875,
      "symmetry_vertical": 0.27363965820081954,
      "symmetry_horizontal": 0.24828193541381618,
      "symmetry_radial": 0.16528476923139462,
      "rule_of_thirds": {
        "alignment_score": 1,
        "num_salient_objects": 21
      },
      "golden_ratio": {
        "golden_alignment_score": 1
      },
      "balance": {
        "static_balance": 0.9779163599014282,
        "dynamic_balance": 1.0,
        "dominant_quadrant": 1
      },
      "layering": {
        "foreground_ratio": 0.3266845703125,
        "midground_ratio": 0.2754913330078125,
        "background_ratio": 0.3978240966796875,
        "depth_complexity": 2.8134125070359928
      }
    },
    "spatial_layout": {
      "negative_space_ratio": 0.3967132568359375,
      "subject_isolation": 0.1,
      "depth_of_field": {
        "blur_gradient_strength": 1859.1949152030254,
        "sharpness_variance": 10001774.36922797,
        "min_sharpness": 1.574004674805671,
        "max_sharpness": 12239.662533640905
      },
      "perspective": {
        "has_vanishing_point": 1,
        "perspective_strength": 0.9997122716155948
      }
    },
    "contrast_color": {
      "high_contrast_ratio": 0.5582794189453125,
      "low_contrast_ratio": 0.4417205810546875,
      "mean_contrast": 30.578323364257812,
      "highlight_ratio": 0.4428344666957855,
      "shadow_ratio": 0.037139892578125,
      "midtone_ratio": 0.5200256109237671,
      "warm_color_ratio": 0.6150482177734375,
      "cool_color_ratio": 0.01080322265625,
      "complementary_color_score": 1.5555555555555556
    },
    "motion_dynamics": {
      "s_curve_count": 255,
      "motion_blur_score": 8.195956061038776,
      "dominant_direction_deg": 4.999999999999995,
      "direction_strength": 0.09505004882783492
    },
    "pattern_rhythm": {
      "repetition_score": 1.0,
      "rhythm_score": 1.0,
      "pattern_breaks": 3
    },
    "visual_mass_focus": {
      "point_of_interest": {
        "x": 0.21484375,
        "y": 0.596875,
        "strength": 1.0
      },
      "visual_mass_concentration": 0.1998260498046875,
      "mean_visual_weight": 0.1859326958656311,
      "face_count": 0,
      "has_directional_cues": 0
    },
    "framing_breathing": {
      "frame_in_frame_count": 0,
      "breathing_space": {
        "top": 0.5171875,
        "bottom": 0.3140625,
        "left": 0.0,
        "right": 0.728515625,
        "min_margin": 0.0,
        "mean_margin": 0.38994140625
      },
      "corner_anchors": {
        "top_left": 0.295866996049881,
        "top_right": 0.31465622782707214,
        "bottom_left": 0.1957036256790161,
        "bottom_right": 0.2078274041414261,
        "max_corner_weight": 0.31465622782707214,
        "has_corner_subject": 1
      }
    }
  }
}