{
  "meta": {
    "_dataset": "tvm board - Nov 22nd 2025 (5060 images)",
    "_label": "",
    "_relpath": "3204. .jpg",
    "_filename": "3204. .jpg",
    "_width": 1080,
    "_height": 1920
  },
  "features": {
    "geometric_structural": {
      "leading_lines": {
        "diagonal": 8,
        "vertical": 122,
        "horizontal": 32,
        "curved": 631
      },
      "leading_lines_strength": 0.8714285714285714,
      "symmetry_vertical": 0.2081322700153478,
      "symmetry_horizontal": 0.19265009280001255,
      "symmetry_radial": 0.14296924008655634,
      "rule_of_thirds": {
        "alignment_score": 0,
        "num_salient_objects": 50
      },
      "golden_ratio": {
        "golden_alignment_score": 0
      },
      "balance": {
        "static_balance": 0.9138963222503662,
        "dynamic_balance": 1.0,
        "dominant_quadrant": 2
      },
      "layering": {
        "foreground_ratio": 0.3185074690934066,
        "midground_ratio": 0.2712933550824176,
        "background_ratio": 0.4101991758241758,
        "depth_complexity": 1.7949968359470037
      }
    },
    "spatial_layout": {
      "negative_space_ratio": 0.28157194368131866,
      "subject_isolation": 0.1,
      "depth_of_field": {
        "blur_gradient_strength": 1268.8592774472277,
        "sharpness_variance": 3872042.3466190444,
        "min_sharpness": 66.87557694146857,
        "max_sharpness": 11167.269223375624
      },
      "perspective": {
        "has_vanishing_point": 1,
        "perspective_strength": 0.9990781214393736
      }
    },
    "contrast_color": {
      "high_contrast_ratio": 0.4286143543956044,
      "low_contrast_ratio": 0.5713856456043955,
      "mean_contrast": 29.534557342529297,
      "highlight_ratio": 0.03199905529618263,
      "shadow_ratio": 0.11671531945466995,
      "midtone_ratio": 0.8512856364250183,
      "warm_color_ratio": 0.3403481284340659,
      "cool_color_ratio": 0.007760989010989011,
      "complementary_color_score": 2.5
    },
    "motion_dynamics": {
      "s_curve_count": 531,
      "motion_blur_score": 6.7807355991521625,
      "dominant_direction_deg": -85.0,
      "direction_strength": 0.05410370879109267
    },
    "pattern_rhythm": {
      "repetition_score": 1.0,
      "rhythm_score": 1.0,
      "pattern_breaks": 7
    },
    "visual_mass_focus": {
      "point_of_interest": {
        "x": 0.724609375,
        "y": 0.6428571428571429,
        "strength": 1.0
      },
      "visual_mass_concentration": 0.19979610233516484,
      "mean_visual_weight": 0.08459066599607468,
      "face_count": 0,
      "has_directional_cues": 0
    },
    "framing_breathing": {
      "frame_in_frame_count": 0,
      "breathing_space": {
        "top": 0.621978021978022,
        "bottom": 0.0,
        "left": 0.0,
        "right": 0.0,
        "min_margin": 0.0,
        "mean_margin": 0.1554945054945055
      },
      "corner_anchors": {
        "top_left": 0.2789240777492523,
        "top_right": 0.2060346007347107,
        "bottom_left": 0.3886112868785858,
        "bottom_right": 0.3983059525489807,
        "max_corner_weight": 0.3983059525489807,
        "has_corner_subject": 1
      }
    }
  }
}