{
  "meta": {
    "_dataset": "tvm board - Nov 22nd 2025 (5060 images)",
    "_label": "",
    "_relpath": "3207. witchersoo.com.jpg",
    "_filename": "3207. witchersoo.com.jpg",
    "_width": 683,
    "_height": 1024
  },
  "features": {
    "geometric_structural": {
      "leading_lines": {
        "diagonal": 3,
        "vertical": 0,
        "horizontal": 0,
        "curved": 67
      },
      "leading_lines_strength": 0.09114583333333333,
      "symmetry_vertical": 0.5448155329555789,
      "symmetry_horizontal": 0.28440970854155406,
      "symmetry_radial": 0.2288894246309879,
      "rule_of_thirds": {
        "alignment_score": 0,
        "num_salient_objects": 21
      },
      "golden_ratio": {
        "golden_alignment_score": 4
      },
      "balance": {
        "static_balance": 0.8991059064865112,
        "dynamic_balance": 1.0,
        "dominant_quadrant": 0
      },
      "layering": {
        "foreground_ratio": 0.27763112386067706,
        "midground_ratio": 0.2120513916015625,
        "background_ratio": 0.5103174845377604,
        "depth_complexity": 0.3221664199404768
      }
    },
    "spatial_layout": {
      "negative_space_ratio": 0.6619440714518229,
      "subject_isolation": 0.10000101725260417,
      "depth_of_field": {
        "blur_gradient_strength": 332.500603868324,
        "sharpness_variance": 418584.97186213103,
        "min_sharpness": 0.19607843137254902,
        "max_sharpness": 4078.032798434223
      },
      "perspective": {
        "has_vanishing_point": 1,
        "perspective_strength": 0.9897610921501706
      }
    },
    "contrast_color": {
      "high_contrast_ratio": 0.23151397705078125,
      "low_contrast_ratio": 0.7684860229492188,
      "mean_contrast": 18.333755493164062,
      "highlight_ratio": 0.0,
      "shadow_ratio": 0.6537094116210938,
      "midtone_ratio": 0.34629058837890625,
      "warm_color_ratio": 0.7865142822265625,
      "cool_color_ratio": 0.019810994466145832,
      "complementary_color_score": 2.0
    },
    "motion_dynamics": {
      "s_curve_count": 76,
      "motion_blur_score": 6.954929787980532,
      "dominant_direction_deg": 4.999999999999995,
      "direction_strength": 0.3166961669913821
    },
    "pattern_rhythm": {
      "repetition_score": 1.0,
      "rhythm_score": 1.0,
      "pattern_breaks": 7
    },
    "visual_mass_focus": {
      "point_of_interest": {
        "x": 0.484375,
        "y": 0.3255208333333333,
        "strength": 1.0
      },
      "visual_mass_concentration": 0.19994354248046875,
      "mean_visual_weight": 0.08438099175691605,
      "face_count": 0,
      "has_directional_cues": 0
    },
    "framing_breathing": {
      "frame_in_frame_count": 0,
      "breathing_space": {
        "top": 0.0,
        "bottom": 0.4830729166666667,
        "left": 0.0,
        "right": 0.0234375,
        "min_margin": 0.0,
        "mean_margin": 0.12662760416666669
      },
      "corner_anchors": {
        "top_left": 0.5644939541816711,
        "top_right": 0.5242308378219604,
        "bottom_left": 0.35350358486175537,
        "bottom_right": 0.43683922290802,
        "max_corner_weight": 0.5644939541816711,
        "has_corner_subject": 1
      }
    }
  }
}