{
  "meta": {
    "_dataset": "tvm board - Nov 22nd 2025 (5060 images)",
    "_label": "",
    "_relpath": "3224. .jpg",
    "_filename": "3224. .jpg",
    "_width": 694,
    "_height": 900
  },
  "features": {
    "geometric_structural": {
      "leading_lines": {
        "diagonal": 321,
        "vertical": 75,
        "horizontal": 11,
        "curved": 294
      },
      "leading_lines_strength": 1.055722891566265,
      "symmetry_vertical": 0.1601701630592488,
      "symmetry_horizontal": 0.09200725029185292,
      "symmetry_radial": 0.049920313081759614,
      "rule_of_thirds": {
        "alignment_score": 0,
        "num_salient_objects": 15
      },
      "golden_ratio": {
        "golden_alignment_score": 0
      },
      "balance": {
        "static_balance": 0.9366664290428162,
        "dynamic_balance": 1.0,
        "dominant_quadrant": 2
      },
      "layering": {
        "foreground_ratio": 0.33518154649849397,
        "midground_ratio": 0.3272660956325301,
        "background_ratio": 0.3375523578689759,
        "depth_complexity": 2.1656451877214895
      }
    },
    "spatial_layout": {
      "negative_space_ratio": 0.4293168768825301,
      "subject_isolation": 0.10000058829066265,
      "depth_of_field": {
        "blur_gradient_strength": 829.5735446711166,
        "sharpness_variance": 1420585.9015821489,
        "min_sharpness": 5.470203767781623,
        "max_sharpness": 4286.529935769831
      },
      "perspective": {
        "has_vanishing_point": 1,
        "perspective_strength": 0.988376784886207
      }
    },
    "contrast_color": {
      "high_contrast_ratio": 0.42183970256024095,
      "low_contrast_ratio": 0.578160297439759,
      "mean_contrast": 34.93821334838867,
      "highlight_ratio": 0.054440416395664215,
      "shadow_ratio": 0.03216773271560669,
      "midtone_ratio": 0.9133918285369873,
      "warm_color_ratio": 0.5683505506400602,
      "cool_color_ratio": 0.08145472515060241,
      "complementary_color_score": 2.388888888888889
    },
    "motion_dynamics": {
      "s_curve_count": 309,
      "motion_blur_score": 6.824298738919128,
      "dominant_direction_deg": -5.000000000000007,
      "direction_strength": 0.05042239269563482
    },
    "pattern_rhythm": {
      "repetition_score": 1.0,
      "rhythm_score": 1.0,
      "pattern_breaks": 2
    },
    "visual_mass_focus": {
      "point_of_interest": {
        "x": 0.5078125,
        "y": 0.7424698795180723,
        "strength": 1.0
      },
      "visual_mass_concentration": 0.1999776449548193,
      "mean_visual_weight": 0.22379031777381897,
      "face_count": 0,
      "has_directional_cues": 0
    },
    "framing_breathing": {
      "frame_in_frame_count": 0,
      "breathing_space": {
        "top": 0.7454819277108434,
        "bottom": 0.1280120481927711,
        "left": 0.841796875,
        "right": 0.056640625,
        "min_margin": 0.056640625,
        "mean_margin": 0.44298286897590367
      },
      "corner_anchors": {
        "top_left": 0.3465840816497803,
        "top_right": 0.2230091392993927,
        "bottom_left": 0.33053845167160034,
        "bottom_right": 0.34177908301353455,
        "max_corner_weight": 0.3465840816497803,
        "has_corner_subject": 1
      }
    }
  }
}