{
  "meta": {
    "_dataset": "tvm board - Nov 22nd 2025 (5060 images)",
    "_label": "",
    "_relpath": "3231. .jpg",
    "_filename": "3231. .jpg",
    "_width": 500,
    "_height": 750
  },
  "features": {
    "geometric_structural": {
      "leading_lines": {
        "diagonal": 59,
        "vertical": 15,
        "horizontal": 1,
        "curved": 640
      },
      "leading_lines_strength": 0.9309895833333334,
      "symmetry_vertical": 0.4156285243386403,
      "symmetry_horizontal": 0.17854024187523793,
      "symmetry_radial": 0.14616376249204113,
      "rule_of_thirds": {
        "alignment_score": 0,
        "num_salient_objects": 1
      },
      "golden_ratio": {
        "golden_alignment_score": 0
      },
      "balance": {
        "static_balance": 0.8934556841850281,
        "dynamic_balance": 1.0,
        "dominant_quadrant": 0
      },
      "layering": {
        "foreground_ratio": 0.3169708251953125,
        "midground_ratio": 0.2466710408528646,
        "background_ratio": 0.43635813395182294,
        "depth_complexity": 0.6313405368123138
      }
    },
    "spatial_layout": {
      "negative_space_ratio": 0.6853357950846354,
      "subject_isolation": 0.10000101725260417,
      "depth_of_field": {
        "blur_gradient_strength": 672.2511665267507,
        "sharpness_variance": 1978978.9487186393,
        "min_sharpness": 0.39215686274509803,
        "max_sharpness": 10367.804690503652
      },
      "perspective": {
        "has_vanishing_point": 1,
        "perspective_strength": 0.9997694657368451
      }
    },
    "contrast_color": {
      "high_contrast_ratio": 0.35317230224609375,
      "low_contrast_ratio": 0.6468276977539062,
      "mean_contrast": 14.984536170959473,
      "highlight_ratio": 0.19781494140625,
      "shadow_ratio": 0.5111363530158997,
      "midtone_ratio": 0.29104870557785034,
      "warm_color_ratio": 0.993621826171875,
      "cool_color_ratio": 0.0009867350260416667,
      "complementary_color_score": 2.0555555555555554
    },
    "motion_dynamics": {
      "s_curve_count": 499,
      "motion_blur_score": 9.61892972707141,
      "dominant_direction_deg": 4.999999999999995,
      "direction_strength": 0.1346969604488762
    },
    "pattern_rhythm": {
      "repetition_score": 1.0,
      "rhythm_score": 1.0,
      "pattern_breaks": 1
    },
    "visual_mass_focus": {
      "point_of_interest": {
        "x": 0.515625,
        "y": 0.09895833333333333,
        "strength": 1.0
      },
      "visual_mass_concentration": 0.19994099934895834,
      "mean_visual_weight": 0.17390279471874237,
      "face_count": 0,
      "has_directional_cues": 0
    },
    "framing_breathing": {
      "frame_in_frame_count": 0,
      "breathing_space": {
        "top": 0.0,
        "bottom": 0.7278645833333334,
        "left": 0.0,
        "right": 0.0,
        "min_margin": 0.0,
        "mean_margin": 0.18196614583333334
      },
      "corner_anchors": {
        "top_left": 0.8531551957130432,
        "top_right": 0.8782550692558289,
        "bottom_left": 0.46195465326309204,
        "bottom_right": 0.43346285820007324,
        "max_corner_weight": 0.8782550692558289,
        "has_corner_subject": 1
      }
    }
  }
}