{
  "meta": {
    "_dataset": "tvm board - Nov 22nd 2025 (5060 images)",
    "_label": "",
    "_relpath": "3252. sacre\u0301 c\u0153ur.jpg",
    "_filename": "3252. sacre\u0301 c\u0153ur.jpg",
    "_width": 900,
    "_height": 1200
  },
  "features": {
    "geometric_structural": {
      "leading_lines": {
        "diagonal": 17,
        "vertical": 5,
        "horizontal": 0,
        "curved": 139
      },
      "leading_lines_strength": 0.23572474377745242,
      "symmetry_vertical": 0.3347678415099141,
      "symmetry_horizontal": 0.2710650606533505,
      "symmetry_radial": 0.23808264782660613,
      "rule_of_thirds": {
        "alignment_score": 2,
        "num_salient_objects": 19
      },
      "golden_ratio": {
        "golden_alignment_score": 2
      },
      "balance": {
        "static_balance": 0.8904362916946411,
        "dynamic_balance": 1.0,
        "dominant_quadrant": 0
      },
      "layering": {
        "foreground_ratio": 0.30791601848462663,
        "midground_ratio": 0.35133658949487556,
        "background_ratio": 0.3407473920204978,
        "depth_complexity": 0.6708581714475368
      }
    },
    "spatial_layout": {
      "negative_space_ratio": 0.6784750183016105,
      "subject_isolation": 0.10000114385065886,
      "depth_of_field": {
        "blur_gradient_strength": 370.96760334654994,
        "sharpness_variance": 516838.2894088026,
        "min_sharpness": 20.20578623606305,
        "max_sharpness": 3322.132232878225
      },
      "perspective": {
        "has_vanishing_point": 1,
        "perspective_strength": 0.9937849596022374
      }
    },
    "contrast_color": {
      "high_contrast_ratio": 0.5012553760980967,
      "low_contrast_ratio": 0.49874462390190333,
      "mean_contrast": 18.77327537536621,
      "highlight_ratio": 0.052757252007722855,
      "shadow_ratio": 0.20270749926567078,
      "midtone_ratio": 0.7445352077484131,
      "warm_color_ratio": 0.6036843429721815,
      "cool_color_ratio": 0.009594047401171302,
      "complementary_color_score": 2.0555555555555554
    },
    "motion_dynamics": {
      "s_curve_count": 145,
      "motion_blur_score": 8.143433416828149,
      "dominant_direction_deg": 4.999999999999995,
      "direction_strength": 0.03825894491204286
    },
    "pattern_rhythm": {
      "repetition_score": 1.0,
      "rhythm_score": 1.0,
      "pattern_breaks": 4
    },
    "visual_mass_focus": {
      "point_of_interest": {
        "x": 0.517578125,
        "y": 0.21815519765739386,
        "strength": 1.0
      },
      "visual_mass_concentration": 0.1972141517203514,
      "mean_visual_weight": 0.09531555324792862,
      "face_count": 0,
      "has_directional_cues": 0
    },
    "framing_breathing": {
      "frame_in_frame_count": 0,
      "breathing_space": {
        "top": 0.08052708638360176,
        "bottom": 0.6193265007320644,
        "left": 0.236328125,
        "right": 0.3125,
        "min_margin": 0.08052708638360176,
        "mean_margin": 0.31217042802891654
      },
      "corner_anchors": {
        "top_left": 0.3976471424102783,
        "top_right": 0.08194336295127869,
        "bottom_left": 0.4671969711780548,
        "bottom_right": 0.4032326936721802,
        "max_corner_weight": 0.4671969711780548,
        "has_corner_subject": 1
      }
    }
  }
}