{
  "meta": {
    "_dataset": "tvm board - Nov 22nd 2025 (5060 images)",
    "_label": "",
    "_relpath": "3271. .jpg",
    "_filename": "3271. .jpg",
    "_width": 500,
    "_height": 750
  },
  "features": {
    "geometric_structural": {
      "leading_lines": {
        "diagonal": 0,
        "vertical": 0,
        "horizontal": 0,
        "curved": 296
      },
      "leading_lines_strength": 0.3854166666666667,
      "symmetry_vertical": 0.5288073114643952,
      "symmetry_horizontal": 0.4466272464192152,
      "symmetry_radial": 0.3571896381660955,
      "rule_of_thirds": {
        "alignment_score": 0,
        "num_salient_objects": 3
      },
      "golden_ratio": {
        "golden_alignment_score": 0
      },
      "balance": {
        "static_balance": 0.9246419072151184,
        "dynamic_balance": 1.0,
        "dominant_quadrant": 2
      },
      "layering": {
        "foreground_ratio": 0.25893402099609375,
        "midground_ratio": 0.28302001953125,
        "background_ratio": 0.45804595947265625,
        "depth_complexity": 0.21206299042980492
      }
    },
    "spatial_layout": {
      "negative_space_ratio": 0.6960118611653646,
      "subject_isolation": 0.10000101725260417,
      "depth_of_field": {
        "blur_gradient_strength": 155.12181773362644,
        "sharpness_variance": 89845.29735175469,
        "min_sharpness": 6.35840915887052,
        "max_sharpness": 1824.3707848443826
      },
      "perspective": {
        "has_vanishing_point": 1,
        "perspective_strength": 0.7678571428571429
      }
    },
    "contrast_color": {
      "high_contrast_ratio": 0.3909149169921875,
      "low_contrast_ratio": 0.6090850830078125,
      "mean_contrast": 11.60433292388916,
      "highlight_ratio": 1.7801919966586865e-05,
      "shadow_ratio": 0.6078033447265625,
      "midtone_ratio": 0.39217883348464966,
      "warm_color_ratio": 0.035257975260416664,
      "cool_color_ratio": 0.07967376708984375,
      "complementary_color_score": 2.1666666666666665
    },
    "motion_dynamics": {
      "s_curve_count": 216,
      "motion_blur_score": 8.434650279808166,
      "dominant_direction_deg": 4.999999999999995,
      "direction_strength": 0.051953633626169955
    },
    "pattern_rhythm": {
      "repetition_score": 1.0,
      "rhythm_score": 1.0,
      "pattern_breaks": 0
    },
    "visual_mass_focus": {
      "point_of_interest": {
        "x": 0.787109375,
        "y": 0.23697916666666666,
        "strength": 1.0
      },
      "visual_mass_concentration": 0.19982401529947916,
      "mean_visual_weight": 0.03374478593468666,
      "face_count": 0,
      "has_directional_cues": 0
    },
    "framing_breathing": {
      "frame_in_frame_count": 0,
      "breathing_space": {
        "top": 0.234375,
        "bottom": 0.7486979166666666,
        "left": 0.79296875,
        "right": 0.185546875,
        "min_margin": 0.185546875,
        "mean_margin": 0.49039713541666663
      },
      "corner_anchors": {
        "top_left": 0.2173571139574051,
        "top_right": 0.2863445281982422,
        "bottom_left": 0.27177056670188904,
        "bottom_right": 0.14637300372123718,
        "max_corner_weight": 0.2863445281982422,
        "has_corner_subject": 0
      }
    }
  }
}