{
  "meta": {
    "_dataset": "tvm board - Nov 22nd 2025 (5060 images)",
    "_label": "",
    "_relpath": "3293. .jpg",
    "_filename": "3293. .jpg",
    "_width": 500,
    "_height": 616
  },
  "features": {
    "geometric_structural": {
      "leading_lines": {
        "diagonal": 3,
        "vertical": 1,
        "horizontal": 7,
        "curved": 7
      },
      "leading_lines_strength": 0.028526148969889066,
      "symmetry_vertical": 0.7303368325167495,
      "symmetry_horizontal": 0.31449615644688167,
      "symmetry_radial": 0.30218530544841604,
      "rule_of_thirds": {
        "alignment_score": 2,
        "num_salient_objects": 3
      },
      "golden_ratio": {
        "golden_alignment_score": 4
      },
      "balance": {
        "static_balance": 0.9123278856277466,
        "dynamic_balance": 1.0,
        "dominant_quadrant": 2
      },
      "layering": {
        "foreground_ratio": 0.2734003565768621,
        "midground_ratio": 0.29241469393819336,
        "background_ratio": 0.4341849494849445,
        "depth_complexity": 0.09969900363211022
      }
    },
    "spatial_layout": {
      "negative_space_ratio": 0.7744187054278923,
      "subject_isolation": 0.1000024762282092,
      "depth_of_field": {
        "blur_gradient_strength": 108.53811554474447,
        "sharpness_variance": 47135.434239206785,
        "min_sharpness": 0.5098039215686274,
        "max_sharpness": 1333.9892561950487
      },
      "perspective": {
        "has_vanishing_point": 1,
        "perspective_strength": 0.9532520325203252
      }
    },
    "contrast_color": {
      "high_contrast_ratio": 0.3951224494849445,
      "low_contrast_ratio": 0.6048775505150554,
      "mean_contrast": 15.947439193725586,
      "highlight_ratio": 0.005280556622892618,
      "shadow_ratio": 0.7568684220314026,
      "midtone_ratio": 0.23785102367401123,
      "warm_color_ratio": 0.1101890600237718,
      "cool_color_ratio": 0.2361207408874802,
      "complementary_color_score": 1.1666666666666667
    },
    "motion_dynamics": {
      "s_curve_count": 32,
      "motion_blur_score": 7.567747499113349,
      "dominant_direction_deg": 4.999999999999995,
      "direction_strength": 0.1823989698885004
    },
    "pattern_rhythm": {
      "repetition_score": 1.0,
      "rhythm_score": 1.0,
      "pattern_breaks": 3
    },
    "visual_mass_focus": {
      "point_of_interest": {
        "x": 0.521484375,
        "y": 0.5625990491283677,
        "strength": 1.0
      },
      "visual_mass_concentration": 0.19941375297147385,
      "mean_visual_weight": 0.0312077384442091,
      "face_count": 0,
      "has_directional_cues": 0
    },
    "framing_breathing": {
      "frame_in_frame_count": 0,
      "breathing_space": {
        "top": 0.6038034865293186,
        "bottom": 0.36608557844690964,
        "left": 0.19921875,
        "right": 0.244140625,
        "min_margin": 0.19921875,
        "mean_margin": 0.35331210999405704
      },
      "corner_anchors": {
        "top_left": 0.13125111162662506,
        "top_right": 0.1457751989364624,
        "bottom_left": 0.10664968937635422,
        "bottom_right": 0.08086709678173065,
        "max_corner_weight": 0.1457751989364624,
        "has_corner_subject": 0
      }
    }
  }
}