{
  "meta": {
    "_dataset": "tvm board - Nov 22nd 2025 (5060 images)",
    "_label": "",
    "_relpath": "3310. .jpg",
    "_filename": "3310. .jpg",
    "_width": 1080,
    "_height": 1920
  },
  "features": {
    "geometric_structural": {
      "leading_lines": {
        "diagonal": 105,
        "vertical": 14,
        "horizontal": 10,
        "curved": 604
      },
      "leading_lines_strength": 0.8054945054945055,
      "symmetry_vertical": 0.41792230671731445,
      "symmetry_horizontal": 0.26013757995663506,
      "symmetry_radial": 0.2464088124990598,
      "rule_of_thirds": {
        "alignment_score": 0,
        "num_salient_objects": 5
      },
      "golden_ratio": {
        "golden_alignment_score": 0
      },
      "balance": {
        "static_balance": 0.8682429790496826,
        "dynamic_balance": 1.0,
        "dominant_quadrant": 2
      },
      "layering": {
        "foreground_ratio": 0.3139165521978022,
        "midground_ratio": 0.31759529532967035,
        "background_ratio": 0.3684881524725275,
        "depth_complexity": 0.7118380425251072
      }
    },
    "spatial_layout": {
      "negative_space_ratio": 0.8927004635989011,
      "subject_isolation": 0.1,
      "depth_of_field": {
        "blur_gradient_strength": 480.9194868851329,
        "sharpness_variance": 1704219.48207077,
        "min_sharpness": 0.0,
        "max_sharpness": 6695.586732751916
      },
      "perspective": {
        "has_vanishing_point": 1,
        "perspective_strength": 0.9998760074395536
      }
    },
    "contrast_color": {
      "high_contrast_ratio": 0.40609975961538464,
      "low_contrast_ratio": 0.5939002403846154,
      "mean_contrast": 14.931066513061523,
      "highlight_ratio": 0.00011375343456165865,
      "shadow_ratio": 0.8955700397491455,
      "midtone_ratio": 0.10431623458862305,
      "warm_color_ratio": 0.3872853708791209,
      "cool_color_ratio": 0.19557220123626373,
      "complementary_color_score": 2.388888888888889
    },
    "motion_dynamics": {
      "s_curve_count": 394,
      "motion_blur_score": 2.886606841177327,
      "dominant_direction_deg": 4.999999999999995,
      "direction_strength": 0.24124957074124045
    },
    "pattern_rhythm": {
      "repetition_score": 1.0,
      "rhythm_score": 1.0,
      "pattern_breaks": 2
    },
    "visual_mass_focus": {
      "point_of_interest": {
        "x": 0.572265625,
        "y": 0.4703296703296703,
        "strength": 1.0
      },
      "visual_mass_concentration": 0.19991629464285715,
      "mean_visual_weight": 0.04890937730669975,
      "face_count": 0,
      "has_directional_cues": 0
    },
    "framing_breathing": {
      "frame_in_frame_count": 0,
      "breathing_space": {
        "top": 0.8626373626373627,
        "bottom": 0.07362637362637363,
        "left": 0.3984375,
        "right": 0.466796875,
        "min_margin": 0.07362637362637363,
        "mean_margin": 0.45037452781593407
      },
      "corner_anchors": {
        "top_left": 0.11076640337705612,
        "top_right": 0.11767975240945816,
        "bottom_left": 0.11568064987659454,
        "bottom_right": 0.08734998106956482,
        "max_corner_weight": 0.11767975240945816,
        "has_corner_subject": 0
      }
    }
  }
}