{
  "meta": {
    "_dataset": "tvm board - Nov 22nd 2025 (5060 images)",
    "_label": "",
    "_relpath": "3331. .jpg",
    "_filename": "3331. .jpg",
    "_width": 750,
    "_height": 1092
  },
  "features": {
    "geometric_structural": {
      "leading_lines": {
        "diagonal": 0,
        "vertical": 0,
        "horizontal": 0,
        "curved": 29
      },
      "leading_lines_strength": 0.038926174496644296,
      "symmetry_vertical": 0.8625874395076965,
      "symmetry_horizontal": 0.8232971628631433,
      "symmetry_radial": 0.6471172447233857,
      "rule_of_thirds": {
        "alignment_score": 0,
        "num_salient_objects": 1
      },
      "golden_ratio": {
        "golden_alignment_score": 1
      },
      "balance": {
        "static_balance": 0.9027181267738342,
        "dynamic_balance": 1.0,
        "dominant_quadrant": 3
      },
      "layering": {
        "foreground_ratio": 0.25594851090604026,
        "midground_ratio": 0.0,
        "background_ratio": 0.7440514890939597,
        "depth_complexity": 0.07410136580090282
      }
    },
    "spatial_layout": {
      "negative_space_ratio": 0.995060822147651,
      "subject_isolation": 0.1,
      "depth_of_field": {
        "blur_gradient_strength": 65.14909934266349,
        "sharpness_variance": 26546.992196121664,
        "min_sharpness": 0.0,
        "max_sharpness": 1082.861534490993
      },
      "perspective": {
        "has_vanishing_point": 0,
        "perspective_strength": 0.0
      }
    },
    "contrast_color": {
      "high_contrast_ratio": 0.33171927432885906,
      "low_contrast_ratio": 0.6682807256711409,
      "mean_contrast": 3.329270601272583,
      "highlight_ratio": 0.0005610318621620536,
      "shadow_ratio": 0.9924103617668152,
      "midtone_ratio": 0.0070285797119140625,
      "warm_color_ratio": 0.9367633179530201,
      "cool_color_ratio": 0.0016778523489932886,
      "complementary_color_score": 1.6666666666666667
    },
    "motion_dynamics": {
      "s_curve_count": 8,
      "motion_blur_score": 5.2954740276565895,
      "dominant_direction_deg": 4.999999999999995,
      "direction_strength": 0.5969248112400458
    },
    "pattern_rhythm": {
      "repetition_score": 1.0,
      "rhythm_score": 1.0,
      "pattern_breaks": 1
    },
    "visual_mass_focus": {
      "point_of_interest": {
        "x": 0.44921875,
        "y": 0.30335570469798656,
        "strength": 1.0
      },
      "visual_mass_concentration": 0.10758966023489933,
      "mean_visual_weight": 0.026173150166869164,
      "face_count": 0,
      "has_directional_cues": 0
    },
    "framing_breathing": {
      "frame_in_frame_count": 0,
      "breathing_space": {
        "top": 0.28859060402684567,
        "bottom": 0.676510067114094,
        "left": 0.4296875,
        "right": 0.529296875,
        "min_margin": 0.28859060402684567,
        "mean_margin": 0.48102126153523495
      },
      "corner_anchors": {
        "top_left": 0.0027489399071782827,
        "top_right": 0.004539948422461748,
        "bottom_left": 0.02010377123951912,
        "bottom_right": 0.019723720848560333,
        "max_corner_weight": 0.02010377123951912,
        "has_corner_subject": 0
      }
    }
  }
}