{
  "meta": {
    "_dataset": "tvm board - Nov 22nd 2025 (5060 images)",
    "_label": "",
    "_relpath": "3341. .jpg",
    "_filename": "3341. .jpg",
    "_width": 474,
    "_height": 842
  },
  "features": {
    "geometric_structural": {
      "leading_lines": {
        "diagonal": 6,
        "vertical": 4,
        "horizontal": 11,
        "curved": 105
      },
      "leading_lines_strength": 0.13846153846153847,
      "symmetry_vertical": 0.642860204377724,
      "symmetry_horizontal": 0.37548508908943273,
      "symmetry_radial": 0.3253580051935507,
      "rule_of_thirds": {
        "alignment_score": 0,
        "num_salient_objects": 1
      },
      "golden_ratio": {
        "golden_alignment_score": 0
      },
      "balance": {
        "static_balance": 0.880879819393158,
        "dynamic_balance": 1.0,
        "dominant_quadrant": 0
      },
      "layering": {
        "foreground_ratio": 0.20273652129120878,
        "midground_ratio": 0.2154769059065934,
        "background_ratio": 0.5817865728021978,
        "depth_complexity": 0.09480902637626792
      }
    },
    "spatial_layout": {
      "negative_space_ratio": 0.43465187156593404,
      "subject_isolation": 0.1,
      "depth_of_field": {
        "blur_gradient_strength": 119.59206242943137,
        "sharpness_variance": 59152.92270830382,
        "min_sharpness": 0.0,
        "max_sharpness": 1708.7940215301805
      },
      "perspective": {
        "has_vanishing_point": 1,
        "perspective_strength": 0.7621621621621621
      }
    },
    "contrast_color": {
      "high_contrast_ratio": 0.3918698489010989,
      "low_contrast_ratio": 0.6081301510989011,
      "mean_contrast": 12.376138687133789,
      "highlight_ratio": 2.146291308235959e-06,
      "shadow_ratio": 0.4640045464038849,
      "midtone_ratio": 0.5359933376312256,
      "warm_color_ratio": 0.21913203983516483,
      "cool_color_ratio": 0.0002854567307692308,
      "complementary_color_score": 1.6111111111111112
    },
    "motion_dynamics": {
      "s_curve_count": 63,
      "motion_blur_score": 9.785991626819584,
      "dominant_direction_deg": 4.999999999999995,
      "direction_strength": 0.3472570398344195
    },
    "pattern_rhythm": {
      "repetition_score": 1.0,
      "rhythm_score": 1.0,
      "pattern_breaks": 1
    },
    "visual_mass_focus": {
      "point_of_interest": {
        "x": 0.166015625,
        "y": 0.3747252747252747,
        "strength": 1.0
      },
      "visual_mass_concentration": 0.19991200206043955,
      "mean_visual_weight": 0.02218177542090416,
      "face_count": 0,
      "has_directional_cues": 0
    },
    "framing_breathing": {
      "frame_in_frame_count": 0,
      "breathing_space": {
        "top": 0.24175824175824176,
        "bottom": 0.5472527472527473,
        "left": 0.091796875,
        "right": 0.662109375,
        "min_margin": 0.091796875,
        "mean_margin": 0.3857293097527473
      },
      "corner_anchors": {
        "top_left": 0.3556012213230133,
        "top_right": 0.2550470530986786,
        "bottom_left": 0.2545851767063141,
        "bottom_right": 0.325022429227829,
        "max_corner_weight": 0.3556012213230133,
        "has_corner_subject": 1
      }
    }
  }
}