{
  "meta": {
    "_dataset": "tvm board - Nov 22nd 2025 (5060 images)",
    "_label": "",
    "_relpath": "3345. .jpg",
    "_filename": "3345. .jpg",
    "_width": 736,
    "_height": 982
  },
  "features": {
    "geometric_structural": {
      "leading_lines": {
        "diagonal": 2,
        "vertical": 0,
        "horizontal": 0,
        "curved": 37
      },
      "leading_lines_strength": 0.05710102489019034,
      "symmetry_vertical": 0.4547555783708205,
      "symmetry_horizontal": 0.37520284342272636,
      "symmetry_radial": 0.33680583859223123,
      "rule_of_thirds": {
        "alignment_score": 0,
        "num_salient_objects": 5
      },
      "golden_ratio": {
        "golden_alignment_score": 0
      },
      "balance": {
        "static_balance": 0.9322183728218079,
        "dynamic_balance": 1.0,
        "dominant_quadrant": 1
      },
      "layering": {
        "foreground_ratio": 0.27092960743045386,
        "midground_ratio": 0.2653390373352855,
        "background_ratio": 0.4637313552342606,
        "depth_complexity": 0.015231809723471249
      }
    },
    "spatial_layout": {
      "negative_space_ratio": 0.706141906112738,
      "subject_isolation": 0.10000114385065886,
      "depth_of_field": {
        "blur_gradient_strength": 14.378916351236503,
        "sharpness_variance": 454.276235232529,
        "min_sharpness": 0.0,
        "max_sharpness": 138.56274455112273
      },
      "perspective": {
        "has_vanishing_point": 1,
        "perspective_strength": 0.42857142857142855
      }
    },
    "contrast_color": {
      "high_contrast_ratio": 0.3656232842240117,
      "low_contrast_ratio": 0.6343767157759883,
      "mean_contrast": 12.874189376831055,
      "highlight_ratio": 0.0,
      "shadow_ratio": 0.5366089344024658,
      "midtone_ratio": 0.4633910655975342,
      "warm_color_ratio": 0.07503660322108345,
      "cool_color_ratio": 0.00016299871888726208,
      "complementary_color_score": 3.7222222222222223
    },
    "motion_dynamics": {
      "s_curve_count": 55,
      "motion_blur_score": 12.166757699402021,
      "dominant_direction_deg": 4.999999999999995,
      "direction_strength": 0.25867610724669804
    },
    "pattern_rhythm": {
      "repetition_score": 1.0,
      "rhythm_score": 1.0,
      "pattern_breaks": 1
    },
    "visual_mass_focus": {
      "point_of_interest": {
        "x": 0.6015625,
        "y": 0.0629575402635432,
        "strength": 1.0
      },
      "visual_mass_concentration": 0.1995561859443631,
      "mean_visual_weight": 0.020061545073986053,
      "face_count": 0,
      "has_directional_cues": 0
    },
    "framing_breathing": {
      "frame_in_frame_count": 0,
      "breathing_space": {
        "top": 0.0,
        "bottom": 0.780380673499268,
        "left": 0.0390625,
        "right": 0.0,
        "min_margin": 0.0,
        "mean_margin": 0.204860793374817
      },
      "corner_anchors": {
        "top_left": 0.5310549736022949,
        "top_right": 0.926787793636322,
        "bottom_left": 0.5339670181274414,
        "bottom_right": 0.25166672468185425,
        "max_corner_weight": 0.926787793636322,
        "has_corner_subject": 1
      }
    }
  }
}