{
  "meta": {
    "_dataset": "tvm board - Nov 22nd 2025 (5060 images)",
    "_label": "",
    "_relpath": "3354. .jpg",
    "_filename": "3354. .jpg",
    "_width": 749,
    "_height": 778
  },
  "features": {
    "geometric_structural": {
      "leading_lines": {
        "diagonal": 0,
        "vertical": 1,
        "horizontal": 0,
        "curved": 33
      },
      "leading_lines_strength": 0.06390977443609022,
      "symmetry_vertical": 0.6211496235517799,
      "symmetry_horizontal": 0.5971342832920771,
      "symmetry_radial": 0.523271089904941,
      "rule_of_thirds": {
        "alignment_score": 1,
        "num_salient_objects": 1
      },
      "golden_ratio": {
        "golden_alignment_score": 1
      },
      "balance": {
        "static_balance": 0.8259525895118713,
        "dynamic_balance": 1.0,
        "dominant_quadrant": 3
      },
      "layering": {
        "foreground_ratio": 0.22648540296052633,
        "midground_ratio": 0.4398165824718045,
        "background_ratio": 0.3336980145676692,
        "depth_complexity": 0.04382129319528638
      }
    },
    "spatial_layout": {
      "negative_space_ratio": 0.6589630815319549,
      "subject_isolation": 0.10000220277255639,
      "depth_of_field": {
        "blur_gradient_strength": 35.31204985396996,
        "sharpness_variance": 4356.1089687021085,
        "min_sharpness": 1.1125774385713005,
        "max_sharpness": 309.9682129178424
      },
      "perspective": {
        "has_vanishing_point": 1,
        "perspective_strength": 0.8411214953271028
      }
    },
    "contrast_color": {
      "high_contrast_ratio": 0.2769215519266917,
      "low_contrast_ratio": 0.7230784480733083,
      "mean_contrast": 7.462477207183838,
      "highlight_ratio": 0.0,
      "shadow_ratio": 0.9648510813713074,
      "midtone_ratio": 0.03514891862869263,
      "warm_color_ratio": 0.08963815789473684,
      "cool_color_ratio": 0.0024046933740601503,
      "complementary_color_score": 3.2777777777777777
    },
    "motion_dynamics": {
      "s_curve_count": 39,
      "motion_blur_score": 7.030451924729788,
      "dominant_direction_deg": 4.999999999999995,
      "direction_strength": 0.2070312499992399
    },
    "pattern_rhythm": {
      "repetition_score": 1.0,
      "rhythm_score": 1.0,
      "pattern_breaks": 1
    },
    "visual_mass_focus": {
      "point_of_interest": {
        "x": 0.630859375,
        "y": 0.2819548872180451,
        "strength": 1.0
      },
      "visual_mass_concentration": 0.18955592105263158,
      "mean_visual_weight": 0.012591441161930561,
      "face_count": 0,
      "has_directional_cues": 0
    },
    "framing_breathing": {
      "frame_in_frame_count": 0,
      "breathing_space": {
        "top": 0.2518796992481203,
        "bottom": 0.6484962406015038,
        "left": 0.583984375,
        "right": 0.3359375,
        "min_margin": 0.2518796992481203,
        "mean_margin": 0.455074453712406
      },
      "corner_anchors": {
        "top_left": 0.031769052147865295,
        "top_right": 0.12047196924686432,
        "bottom_left": 0.21311284601688385,
        "bottom_right": 0.06778378039598465,
        "max_corner_weight": 0.21311284601688385,
        "has_corner_subject": 0
      }
    }
  }
}