{
  "meta": {
    "_dataset": "tvm board - Nov 22nd 2025 (5060 images)",
    "_label": "",
    "_relpath": "3378. .jpg",
    "_filename": "3378. .jpg",
    "_width": 540,
    "_height": 359
  },
  "features": {
    "geometric_structural": {
      "leading_lines": {
        "diagonal": 0,
        "vertical": 1,
        "horizontal": 0,
        "curved": 2
      },
      "leading_lines_strength": 0.003896103896103896,
      "symmetry_vertical": 0.6685803643313655,
      "symmetry_horizontal": 0.7131362186278093,
      "symmetry_radial": 0.4713813922135152,
      "rule_of_thirds": {
        "alignment_score": 0,
        "num_salient_objects": 2
      },
      "golden_ratio": {
        "golden_alignment_score": 0
      },
      "balance": {
        "static_balance": 0.7118097543716431,
        "dynamic_balance": 1.0,
        "dominant_quadrant": 0
      },
      "layering": {
        "foreground_ratio": 0.08973214285714286,
        "midground_ratio": 0.3176592938311688,
        "background_ratio": 0.5926085633116883,
        "depth_complexity": 0.00407073351572609
      }
    },
    "spatial_layout": {
      "negative_space_ratio": 0.8482168222402597,
      "subject_isolation": 0.1,
      "depth_of_field": {
        "blur_gradient_strength": 3.3486864715645606,
        "sharpness_variance": 30.361152514529916,
        "min_sharpness": 0.0,
        "max_sharpness": 39.622450242054896
      },
      "perspective": {
        "has_vanishing_point": 0,
        "perspective_strength": 0.0
      }
    },
    "contrast_color": {
      "high_contrast_ratio": 0.2375101461038961,
      "low_contrast_ratio": 0.7624898538961039,
      "mean_contrast": 8.50464153289795,
      "highlight_ratio": 0.0,
      "shadow_ratio": 0.7999416589736938,
      "midtone_ratio": 0.20005834102630615,
      "warm_color_ratio": 0.0025213068181818184,
      "cool_color_ratio": 0.9931285511363637,
      "complementary_color_score": 2.3333333333333335
    },
    "motion_dynamics": {
      "s_curve_count": 2,
      "motion_blur_score": 15.826235077441957,
      "dominant_direction_deg": 4.999999999999995,
      "direction_strength": 0.3269176136355344
    },
    "pattern_rhythm": {
      "repetition_score": 1.0,
      "rhythm_score": 1.0,
      "pattern_breaks": 2
    },
    "visual_mass_focus": {
      "point_of_interest": {
        "x": 0.2909090909090909,
        "y": 0.08203125,
        "strength": 1.0
      },
      "visual_mass_concentration": 0.19999746347402597,
      "mean_visual_weight": 0.1204218715429306,
      "face_count": 0,
      "has_directional_cues": 0
    },
    "framing_breathing": {
      "frame_in_frame_count": 0,
      "breathing_space": {
        "top": 0.0,
        "bottom": 0.724609375,
        "left": 0.11168831168831168,
        "right": 0.4818181818181818,
        "min_margin": 0.0,
        "mean_margin": 0.3295289671266234
      },
      "corner_anchors": {
        "top_left": 0.5294479131698608,
        "top_right": 0.14745330810546875,
        "bottom_left": 0.188742995262146,
        "bottom_right": 0.2141321301460266,
        "max_corner_weight": 0.5294479131698608,
        "has_corner_subject": 1
      }
    }
  }
}