{
  "meta": {
    "_dataset": "tvm board - Nov 22nd 2025 (5060 images)",
    "_label": "",
    "_relpath": "3387. .jpg",
    "_filename": "3387. .jpg",
    "_width": 676,
    "_height": 1200
  },
  "features": {
    "geometric_structural": {
      "leading_lines": {
        "diagonal": 0,
        "vertical": 8,
        "horizontal": 6,
        "curved": 99
      },
      "leading_lines_strength": 0.12431243124312431,
      "symmetry_vertical": 0.5138292100439278,
      "symmetry_horizontal": 0.4562912949594936,
      "symmetry_radial": 0.2749736568008974,
      "rule_of_thirds": {
        "alignment_score": 4,
        "num_salient_objects": 32
      },
      "golden_ratio": {
        "golden_alignment_score": 5
      },
      "balance": {
        "static_balance": 0.8728432655334473,
        "dynamic_balance": 1.0,
        "dominant_quadrant": 1
      },
      "layering": {
        "foreground_ratio": 0.33635648721122113,
        "midground_ratio": 0.26013519320682066,
        "background_ratio": 0.4035083195819582,
        "depth_complexity": 0.09196792502378685
      }
    },
    "spatial_layout": {
      "negative_space_ratio": 0.7970125137513752,
      "subject_isolation": 0.10000042973047304,
      "depth_of_field": {
        "blur_gradient_strength": 311.72334751403173,
        "sharpness_variance": 716735.2009365665,
        "min_sharpness": 0.47903173904219554,
        "max_sharpness": 7086.950115340254
      },
      "perspective": {
        "has_vanishing_point": 1,
        "perspective_strength": 0.9307359307359307
      }
    },
    "contrast_color": {
      "high_contrast_ratio": 0.38156198432343236,
      "low_contrast_ratio": 0.6184380156765676,
      "mean_contrast": 13.556571006774902,
      "highlight_ratio": 0.0,
      "shadow_ratio": 0.8157831430435181,
      "midtone_ratio": 0.18421685695648193,
      "warm_color_ratio": 0.1231177805280528,
      "cool_color_ratio": 0.17169451320132012,
      "complementary_color_score": 2.611111111111111
    },
    "motion_dynamics": {
      "s_curve_count": 97,
      "motion_blur_score": 6.047105276889137,
      "dominant_direction_deg": 4.999999999999995,
      "direction_strength": 0.23058047992249686
    },
    "pattern_rhythm": {
      "repetition_score": 1.0,
      "rhythm_score": 1.0,
      "pattern_breaks": 15
    },
    "visual_mass_focus": {
      "point_of_interest": {
        "x": 0.458984375,
        "y": 0.2552255225522552,
        "strength": 1.0
      },
      "visual_mass_concentration": 0.19759007150715072,
      "mean_visual_weight": 0.01750081405043602,
      "face_count": 0,
      "has_directional_cues": 0
    },
    "framing_breathing": {
      "frame_in_frame_count": 0,
      "breathing_space": {
        "top": 0.20132013201320131,
        "bottom": 0.66996699669967,
        "left": 0.36328125,
        "right": 0.48046875,
        "min_margin": 0.20132013201320131,
        "mean_margin": 0.4287592821782178
      },
      "corner_anchors": {
        "top_left": 0.3050880432128906,
        "top_right": 0.15174086391925812,
        "bottom_left": 0.20930080115795135,
        "bottom_right": 0.19192253053188324,
        "max_corner_weight": 0.3050880432128906,
        "has_corner_subject": 1
      }
    }
  }
}