{
  "meta": {
    "_dataset": "tvm board - Nov 22nd 2025 (5060 images)",
    "_label": "",
    "_relpath": "3393. .jpg",
    "_filename": "3393. .jpg",
    "_width": 750,
    "_height": 968
  },
  "features": {
    "geometric_structural": {
      "leading_lines": {
        "diagonal": 0,
        "vertical": 3,
        "horizontal": 1,
        "curved": 66
      },
      "leading_lines_strength": 0.1059001512859304,
      "symmetry_vertical": 0.28329413945540144,
      "symmetry_horizontal": 0.34261490219430235,
      "symmetry_radial": 0.25910784043793594,
      "rule_of_thirds": {
        "alignment_score": 1,
        "num_salient_objects": 23
      },
      "golden_ratio": {
        "golden_alignment_score": 4
      },
      "balance": {
        "static_balance": 0.9021133184432983,
        "dynamic_balance": 1.0,
        "dominant_quadrant": 1
      },
      "layering": {
        "foreground_ratio": 0.31852188918305596,
        "midground_ratio": 0.21966894383509833,
        "background_ratio": 0.4618091669818457,
        "depth_complexity": 0.12874122812171493
      }
    },
    "spatial_layout": {
      "negative_space_ratio": 0.6657644667170953,
      "subject_isolation": 0.10000236384266263,
      "depth_of_field": {
        "blur_gradient_strength": 81.20812000295629,
        "sharpness_variance": 21990.067277446662,
        "min_sharpness": 1.6418373671997808,
        "max_sharpness": 644.4236592526962
      },
      "perspective": {
        "has_vanishing_point": 1,
        "perspective_strength": 0.9940711462450593
      }
    },
    "contrast_color": {
      "high_contrast_ratio": 0.4691134408093797,
      "low_contrast_ratio": 0.5308865591906202,
      "mean_contrast": 12.055739402770996,
      "highlight_ratio": 0.0,
      "shadow_ratio": 0.9463880658149719,
      "midtone_ratio": 0.053611934185028076,
      "warm_color_ratio": 0.9417194591527988,
      "cool_color_ratio": 0.011322806354009077,
      "complementary_color_score": 2.3333333333333335
    },
    "motion_dynamics": {
      "s_curve_count": 116,
      "motion_blur_score": 4.054439087927511,
      "dominant_direction_deg": 4.999999999999995,
      "direction_strength": 0.16476278838831798
    },
    "pattern_rhythm": {
      "repetition_score": 1.0,
      "rhythm_score": 1.0,
      "pattern_breaks": 4
    },
    "visual_mass_focus": {
      "point_of_interest": {
        "x": 0.6171875,
        "y": 0.37367624810892586,
        "strength": 1.0
      },
      "visual_mass_concentration": 0.199747659795764,
      "mean_visual_weight": 0.054224610328674316,
      "face_count": 0,
      "has_directional_cues": 0
    },
    "framing_breathing": {
      "frame_in_frame_count": 0,
      "breathing_space": {
        "top": 0.21482602118003025,
        "bottom": 0.4462934947049924,
        "left": 0.47265625,
        "right": 0.25390625,
        "min_margin": 0.21482602118003025,
        "mean_margin": 0.3469205039712557
      },
      "corner_anchors": {
        "top_left": 0.1998562514781952,
        "top_right": 0.2028769701719284,
        "bottom_left": 0.191179558634758,
        "bottom_right": 0.15880322456359863,
        "max_corner_weight": 0.2028769701719284,
        "has_corner_subject": 0
      }
    }
  }
}