{
  "meta": {
    "_dataset": "tvm board - Nov 22nd 2025 (5060 images)",
    "_label": "",
    "_relpath": "3423. .jpg",
    "_filename": "3423. .jpg",
    "_width": 708,
    "_height": 1200
  },
  "features": {
    "geometric_structural": {
      "leading_lines": {
        "diagonal": 12,
        "vertical": 52,
        "horizontal": 0,
        "curved": 318
      },
      "leading_lines_strength": 0.4400921658986175,
      "symmetry_vertical": 0.24002875472766672,
      "symmetry_horizontal": 0.27070813942427396,
      "symmetry_radial": 0.1853461898114616,
      "rule_of_thirds": {
        "alignment_score": 0,
        "num_salient_objects": 23
      },
      "golden_ratio": {
        "golden_alignment_score": 0
      },
      "balance": {
        "static_balance": 0.8444185256958008,
        "dynamic_balance": 1.0,
        "dominant_quadrant": 3
      },
      "layering": {
        "foreground_ratio": 0.31153018793202764,
        "midground_ratio": 0.20579367079493088,
        "background_ratio": 0.4826761412730415,
        "depth_complexity": 1.1371545360587625
      }
    },
    "spatial_layout": {
      "negative_space_ratio": 0.8393487183179723,
      "subject_isolation": 0.10000090005760369,
      "depth_of_field": {
        "blur_gradient_strength": 1853.0342064190254,
        "sharpness_variance": 17517012.152045123,
        "min_sharpness": 0.41945390831698864,
        "max_sharpness": 29636.304113802387
      },
      "perspective": {
        "has_vanishing_point": 1,
        "perspective_strength": 0.9984475194060074
      }
    },
    "contrast_color": {
      "high_contrast_ratio": 0.4241431451612903,
      "low_contrast_ratio": 0.5758568548387097,
      "mean_contrast": 19.19264793395996,
      "highlight_ratio": 0.0018991215620189905,
      "shadow_ratio": 0.8503744006156921,
      "midtone_ratio": 0.14772647619247437,
      "warm_color_ratio": 0.4856080789170507,
      "cool_color_ratio": 0.15987498199884792,
      "complementary_color_score": 2.3333333333333335
    },
    "motion_dynamics": {
      "s_curve_count": 326,
      "motion_blur_score": 2.7227497192851278,
      "dominant_direction_deg": 4.999999999999995,
      "direction_strength": 0.19725437427951006
    },
    "pattern_rhythm": {
      "repetition_score": 1.0,
      "rhythm_score": 1.0,
      "pattern_breaks": 1
    },
    "visual_mass_focus": {
      "point_of_interest": {
        "x": 0.78515625,
        "y": 0.7926267281105991,
        "strength": 1.0
      },
      "visual_mass_concentration": 0.19772465437788017,
      "mean_visual_weight": 0.03511549532413483,
      "face_count": 0,
      "has_directional_cues": 0
    },
    "framing_breathing": {
      "frame_in_frame_count": 0,
      "breathing_space": {
        "top": 0.619815668202765,
        "bottom": 0.0,
        "left": 0.916015625,
        "right": 0.0,
        "min_margin": 0.0,
        "mean_margin": 0.3839578233006913
      },
      "corner_anchors": {
        "top_left": 0.13595394790172577,
        "top_right": 0.10374787449836731,
        "bottom_left": 0.12818486988544464,
        "bottom_right": 0.3296477198600769,
        "max_corner_weight": 0.3296477198600769,
        "has_corner_subject": 1
      }
    }
  }
}