{
  "meta": {
    "_dataset": "tvm board - Nov 22nd 2025 (5060 images)",
    "_label": "",
    "_relpath": "3438. save trees.jpg",
    "_filename": "3438. save trees.jpg",
    "_width": 3000,
    "_height": 4000
  },
  "features": {
    "geometric_structural": {
      "leading_lines": {
        "diagonal": 5,
        "vertical": 8,
        "horizontal": 3,
        "curved": 90
      },
      "leading_lines_strength": 0.15519765739385066,
      "symmetry_vertical": 0.4793163401572181,
      "symmetry_horizontal": 0.44096018913314056,
      "symmetry_radial": 0.27719256985731827,
      "rule_of_thirds": {
        "alignment_score": 1,
        "num_salient_objects": 19
      },
      "golden_ratio": {
        "golden_alignment_score": 10
      },
      "balance": {
        "static_balance": 0.9139608144760132,
        "dynamic_balance": 1.0,
        "dominant_quadrant": 1
      },
      "layering": {
        "foreground_ratio": 0.3252482155929722,
        "midground_ratio": 0.1500474698023426,
        "background_ratio": 0.5247043146046853,
        "depth_complexity": 1.0580681753260153
      }
    },
    "spatial_layout": {
      "negative_space_ratio": 0.8909252607979502,
      "subject_isolation": 0.10000114385065886,
      "depth_of_field": {
        "blur_gradient_strength": 709.9798246269988,
        "sharpness_variance": 1936979.6467969413,
        "min_sharpness": 9.421472510572858,
        "max_sharpness": 7799.31669081229
      },
      "perspective": {
        "has_vanishing_point": 1,
        "perspective_strength": 0.9969356486210419
      }
    },
    "contrast_color": {
      "high_contrast_ratio": 0.43883544564421667,
      "low_contrast_ratio": 0.5611645543557833,
      "mean_contrast": 17.006877899169922,
      "highlight_ratio": 8.578879715059884e-06,
      "shadow_ratio": 0.8233122229576111,
      "midtone_ratio": 0.17667919397354126,
      "warm_color_ratio": 0.764363904648609,
      "cool_color_ratio": 0.0,
      "complementary_color_score": 0.0
    },
    "motion_dynamics": {
      "s_curve_count": 167,
      "motion_blur_score": 4.484197801883334,
      "dominant_direction_deg": 4.999999999999995,
      "direction_strength": 0.06928017478018256
    },
    "pattern_rhythm": {
      "repetition_score": 1.0,
      "rhythm_score": 1.0,
      "pattern_breaks": 10
    },
    "visual_mass_focus": {
      "point_of_interest": {
        "x": 0.54296875,
        "y": 0.34553440702781846,
        "strength": 1.0
      },
      "visual_mass_concentration": 0.19969058839677892,
      "mean_visual_weight": 0.0821024551987648,
      "face_count": 0,
      "has_directional_cues": 0
    },
    "framing_breathing": {
      "frame_in_frame_count": 0,
      "breathing_space": {
        "top": 0.2752562225475842,
        "bottom": 0.657393850658858,
        "left": 0.552734375,
        "right": 0.345703125,
        "min_margin": 0.2752562225475842,
        "mean_margin": 0.45777189330161056
      },
      "corner_anchors": {
        "top_left": 0.12240242958068848,
        "top_right": 0.09015379101037979,
        "bottom_left": 0.1473497897386551,
        "bottom_right": 0.14189943671226501,
        "max_corner_weight": 0.1473497897386551,
        "has_corner_subject": 0
      }
    }
  }
}