{
  "meta": {
    "_dataset": "tvm board - Nov 22nd 2025 (5060 images)",
    "_label": "",
    "_relpath": "3440. .jpg",
    "_filename": "3440. .jpg",
    "_width": 736,
    "_height": 981
  },
  "features": {
    "geometric_structural": {
      "leading_lines": {
        "diagonal": 16,
        "vertical": 9,
        "horizontal": 6,
        "curved": 132
      },
      "leading_lines_strength": 0.23900293255131966,
      "symmetry_vertical": 0.20156975829991347,
      "symmetry_horizontal": 0.22171649364553456,
      "symmetry_radial": 0.16556251532483182,
      "rule_of_thirds": {
        "alignment_score": 0,
        "num_salient_objects": 5
      },
      "golden_ratio": {
        "golden_alignment_score": 0
      },
      "balance": {
        "static_balance": 0.9145842790603638,
        "dynamic_balance": 1.0,
        "dominant_quadrant": 0
      },
      "layering": {
        "foreground_ratio": 0.3197082340542522,
        "midground_ratio": 0.27313393511730205,
        "background_ratio": 0.40715783082844575,
        "depth_complexity": 0.4739833887469055
      }
    },
    "spatial_layout": {
      "negative_space_ratio": 0.7790019015762464,
      "subject_isolation": 0.10000171829178886,
      "depth_of_field": {
        "blur_gradient_strength": 507.2817073988043,
        "sharpness_variance": 772885.1452184645,
        "min_sharpness": 8.470203767781623,
        "max_sharpness": 9482.22837370242
      },
      "perspective": {
        "has_vanishing_point": 1,
        "perspective_strength": 0.9957219251336898
      }
    },
    "contrast_color": {
      "high_contrast_ratio": 0.45583703720674484,
      "low_contrast_ratio": 0.5441629627932552,
      "mean_contrast": 26.516817092895508,
      "highlight_ratio": 0.002494386862963438,
      "shadow_ratio": 0.7745572328567505,
      "midtone_ratio": 0.2229483723640442,
      "warm_color_ratio": 0.5377623258797654,
      "cool_color_ratio": 0.11303496151026393,
      "complementary_color_score": 2.4444444444444446
    },
    "motion_dynamics": {
      "s_curve_count": 216,
      "motion_blur_score": 3.5319866552400723,
      "dominant_direction_deg": 4.999999999999995,
      "direction_strength": 0.1396828033353771
    },
    "pattern_rhythm": {
      "repetition_score": 1.0,
      "rhythm_score": 1.0,
      "pattern_breaks": 2
    },
    "visual_mass_focus": {
      "point_of_interest": {
        "x": 0.41796875,
        "y": 0.8519061583577713,
        "strength": 1.0
      },
      "visual_mass_concentration": 0.1995910465542522,
      "mean_visual_weight": 0.05167354643344879,
      "face_count": 0,
      "has_directional_cues": 0
    },
    "framing_breathing": {
      "frame_in_frame_count": 0,
      "breathing_space": {
        "top": 0.7873900293255132,
        "bottom": 0.15102639296187684,
        "left": 0.427734375,
        "right": 0.419921875,
        "min_margin": 0.15102639296187684,
        "mean_margin": 0.4465181680718475
      },
      "corner_anchors": {
        "top_left": 0.09888046979904175,
        "top_right": 0.07151994854211807,
        "bottom_left": 0.10770176351070404,
        "bottom_right": 0.07501088827848434,
        "max_corner_weight": 0.10770176351070404,
        "has_corner_subject": 0
      }
    }
  }
}