{
  "meta": {
    "_dataset": "tvm board - Nov 22nd 2025 (5060 images)",
    "_label": "",
    "_relpath": "3464. .jpg",
    "_filename": "3464. .jpg",
    "_width": 564,
    "_height": 847
  },
  "features": {
    "geometric_structural": {
      "leading_lines": {
        "diagonal": 57,
        "vertical": 97,
        "horizontal": 9,
        "curved": 752
      },
      "leading_lines_strength": 1.1898569570871262,
      "symmetry_vertical": 0.14953577476411606,
      "symmetry_horizontal": 0.09793417771925106,
      "symmetry_radial": 0.08328105228824782,
      "rule_of_thirds": {
        "alignment_score": 0,
        "num_salient_objects": 32
      },
      "golden_ratio": {
        "golden_alignment_score": 3
      },
      "balance": {
        "static_balance": 0.9033586978912354,
        "dynamic_balance": 1.0,
        "dominant_quadrant": 0
      },
      "layering": {
        "foreground_ratio": 0.33389040149544863,
        "midground_ratio": 0.31826032184655395,
        "background_ratio": 0.3478492766579974,
        "depth_complexity": 1.0973733630129021
      }
    },
    "spatial_layout": {
      "negative_space_ratio": 0.5538671367035111,
      "subject_isolation": 0.10000050796488946,
      "depth_of_field": {
        "blur_gradient_strength": 646.8871091777396,
        "sharpness_variance": 1377612.0150609694,
        "min_sharpness": 43.535432871839284,
        "max_sharpness": 7690.109375
      },
      "perspective": {
        "has_vanishing_point": 1,
        "perspective_strength": 0.9998034904999938
      }
    },
    "contrast_color": {
      "high_contrast_ratio": 0.5064663930429129,
      "low_contrast_ratio": 0.49353360695708715,
      "mean_contrast": 31.12820053100586,
      "highlight_ratio": 0.05904075875878334,
      "shadow_ratio": 0.26493924856185913,
      "midtone_ratio": 0.6760199666023254,
      "warm_color_ratio": 0.022002499187256178,
      "cool_color_ratio": 0.2511530802990897,
      "complementary_color_score": 2.4444444444444446
    },
    "motion_dynamics": {
      "s_curve_count": 561,
      "motion_blur_score": 6.115210607825988,
      "dominant_direction_deg": 4.999999999999995,
      "direction_strength": 0.03846056160588411
    },
    "pattern_rhythm": {
      "repetition_score": 1.0,
      "rhythm_score": 1.0,
      "pattern_breaks": 10
    },
    "visual_mass_focus": {
      "point_of_interest": {
        "x": 0.41015625,
        "y": 0.13263979193758127,
        "strength": 1.0
      },
      "visual_mass_concentration": 0.19992990084525358,
      "mean_visual_weight": 0.08941862732172012,
      "face_count": 0,
      "has_directional_cues": 0
    },
    "framing_breathing": {
      "frame_in_frame_count": 0,
      "breathing_space": {
        "top": 0.16124837451235371,
        "bottom": 0.5487646293888166,
        "left": 0.25390625,
        "right": 0.4375,
        "min_margin": 0.16124837451235371,
        "mean_margin": 0.3503548134752926
      },
      "corner_anchors": {
        "top_left": 0.3869568407535553,
        "top_right": 0.1168765276670456,
        "bottom_left": 0.3260689079761505,
        "bottom_right": 0.4157198667526245,
        "max_corner_weight": 0.4157198667526245,
        "has_corner_subject": 1
      }
    }
  }
}