{
  "meta": {
    "_dataset": "tvm board - Nov 22nd 2025 (5060 images)",
    "_label": "",
    "_relpath": "3465. .jpg",
    "_filename": "3465. .jpg",
    "_width": 414,
    "_height": 640
  },
  "features": {
    "geometric_structural": {
      "leading_lines": {
        "diagonal": 0,
        "vertical": 0,
        "horizontal": 3,
        "curved": 276
      },
      "leading_lines_strength": 0.3527180783817952,
      "symmetry_vertical": 0.3814996863972148,
      "symmetry_horizontal": 0.15565874300437468,
      "symmetry_radial": 0.14644816288690274,
      "rule_of_thirds": {
        "alignment_score": 1,
        "num_salient_objects": 25
      },
      "golden_ratio": {
        "golden_alignment_score": 0
      },
      "balance": {
        "static_balance": 0.8615570068359375,
        "dynamic_balance": 1.0,
        "dominant_quadrant": 0
      },
      "layering": {
        "foreground_ratio": 0.32964354851453853,
        "midground_ratio": 0.2330515170670038,
        "background_ratio": 0.43730493441845764,
        "depth_complexity": 0.23628655224745151
      }
    },
    "spatial_layout": {
      "negative_space_ratio": 0.6629167983565107,
      "subject_isolation": 0.10000197534766118,
      "depth_of_field": {
        "blur_gradient_strength": 169.48272143748338,
        "sharpness_variance": 80641.71820508385,
        "min_sharpness": 4.555555407740288,
        "max_sharpness": 1483.9357157311365
      },
      "perspective": {
        "has_vanishing_point": 1,
        "perspective_strength": 0.9725490196078431
      }
    },
    "contrast_color": {
      "high_contrast_ratio": 0.4048598490834387,
      "low_contrast_ratio": 0.5951401509165613,
      "mean_contrast": 19.233627319335938,
      "highlight_ratio": 0.09202650934457779,
      "shadow_ratio": 0.5296104550361633,
      "midtone_ratio": 0.3783630132675171,
      "warm_color_ratio": 0.46161405657395704,
      "cool_color_ratio": 0.0016666995891276865,
      "complementary_color_score": 2.1666666666666665
    },
    "motion_dynamics": {
      "s_curve_count": 263,
      "motion_blur_score": 9.89202229659982,
      "dominant_direction_deg": -85.0,
      "direction_strength": 0.05910240202261007
    },
    "pattern_rhythm": {
      "repetition_score": 1.0,
      "rhythm_score": 1.0,
      "pattern_breaks": 6
    },
    "visual_mass_focus": {
      "point_of_interest": {
        "x": 0.2890625,
        "y": 0.17193426042983564,
        "strength": 1.0
      },
      "visual_mass_concentration": 0.1991002291403287,
      "mean_visual_weight": 0.04739702492952347,
      "face_count": 0,
      "has_directional_cues": 0
    },
    "framing_breathing": {
      "frame_in_frame_count": 0,
      "breathing_space": {
        "top": 0.22123893805309736,
        "bottom": 0.5524652338811631,
        "left": 0.236328125,
        "right": 0.490234375,
        "min_margin": 0.22123893805309736,
        "mean_margin": 0.37506666798356514
      },
      "corner_anchors": {
        "top_left": 0.3834238052368164,
        "top_right": 0.10377639532089233,
        "bottom_left": 0.32337790727615356,
        "bottom_right": 0.36639752984046936,
        "max_corner_weight": 0.3834238052368164,
        "has_corner_subject": 1
      }
    }
  }
}