{
  "meta": {
    "_dataset": "tvm board - Nov 22nd 2025 (5060 images)",
    "_label": "",
    "_relpath": "3473. .jpg",
    "_filename": "3473. .jpg",
    "_width": 450,
    "_height": 600
  },
  "features": {
    "geometric_structural": {
      "leading_lines": {
        "diagonal": 51,
        "vertical": 8,
        "horizontal": 1,
        "curved": 589
      },
      "leading_lines_strength": 0.9502196193265008,
      "symmetry_vertical": 0.24157040814542147,
      "symmetry_horizontal": 0.15510625111926854,
      "symmetry_radial": 0.1451925483536591,
      "rule_of_thirds": {
        "alignment_score": 1,
        "num_salient_objects": 75
      },
      "golden_ratio": {
        "golden_alignment_score": 2
      },
      "balance": {
        "static_balance": 0.9559849500656128,
        "dynamic_balance": 1.0,
        "dominant_quadrant": 3
      },
      "layering": {
        "foreground_ratio": 0.3105325768667643,
        "midground_ratio": 0.34949213030746706,
        "background_ratio": 0.33997529282576866,
        "depth_complexity": 0.6684900801420571
      }
    },
    "spatial_layout": {
      "negative_space_ratio": 0.45541270131771594,
      "subject_isolation": 0.10000114385065886,
      "depth_of_field": {
        "blur_gradient_strength": 553.3891084569691,
        "sharpness_variance": 825428.721613845,
        "min_sharpness": 1.2878502796886595,
        "max_sharpness": 6276.3860053825465
      },
      "perspective": {
        "has_vanishing_point": 1,
        "perspective_strength": 0.9993851392895994
      }
    },
    "contrast_color": {
      "high_contrast_ratio": 0.42844928166178625,
      "low_contrast_ratio": 0.5715507183382138,
      "mean_contrast": 25.792394638061523,
      "highlight_ratio": 0.16936424374580383,
      "shadow_ratio": 0.1904282569885254,
      "midtone_ratio": 0.6402075290679932,
      "warm_color_ratio": 0.05152761255490483,
      "cool_color_ratio": 0.0253334324670571,
      "complementary_color_score": 0.6111111111111112
    },
    "motion_dynamics": {
      "s_curve_count": 457,
      "motion_blur_score": 8.82146525630949,
      "dominant_direction_deg": 4.999999999999995,
      "direction_strength": 0.0848765785136665
    },
    "pattern_rhythm": {
      "repetition_score": 1.0,
      "rhythm_score": 1.0,
      "pattern_breaks": 21
    },
    "visual_mass_focus": {
      "point_of_interest": {
        "x": 0.59765625,
        "y": 0.4084919472913616,
        "strength": 1.0
      },
      "visual_mass_concentration": 0.1984437911786237,
      "mean_visual_weight": 0.08206186443567276,
      "face_count": 0,
      "has_directional_cues": 0
    },
    "framing_breathing": {
      "frame_in_frame_count": 0,
      "breathing_space": {
        "top": 0.0,
        "bottom": 0.726207906295754,
        "left": 0.076171875,
        "right": 0.08984375,
        "min_margin": 0.0,
        "mean_margin": 0.2230558828239385
      },
      "corner_anchors": {
        "top_left": 0.5018746852874756,
        "top_right": 0.4831356704235077,
        "bottom_left": 0.4568507969379425,
        "bottom_right": 0.6228541135787964,
        "max_corner_weight": 0.6228541135787964,
        "has_corner_subject": 1
      }
    }
  }
}