{
  "meta": {
    "_dataset": "tvm board - Nov 22nd 2025 (5060 images)",
    "_label": "",
    "_relpath": "3476. .jpg",
    "_filename": "3476. .jpg",
    "_width": 500,
    "_height": 375
  },
  "features": {
    "geometric_structural": {
      "leading_lines": {
        "diagonal": 0,
        "vertical": 0,
        "horizontal": 0,
        "curved": 4
      },
      "leading_lines_strength": 0.005856515373352855,
      "symmetry_vertical": 0.6802876080013115,
      "symmetry_horizontal": 0.7521366654579761,
      "symmetry_radial": 0.5649233650685407,
      "rule_of_thirds": {
        "alignment_score": 0,
        "num_salient_objects": 5
      },
      "golden_ratio": {
        "golden_alignment_score": 0
      },
      "balance": {
        "static_balance": 0.8636803030967712,
        "dynamic_balance": 1.0,
        "dominant_quadrant": 2
      },
      "layering": {
        "foreground_ratio": 0.30418992496339675,
        "midground_ratio": 0.0,
        "background_ratio": 0.6958100750366032,
        "depth_complexity": 0.05915871377976033
      }
    },
    "spatial_layout": {
      "negative_space_ratio": 0.36185715592972184,
      "subject_isolation": 0.10000114385065886,
      "depth_of_field": {
        "blur_gradient_strength": 61.9784926234806,
        "sharpness_variance": 10616.782236869596,
        "min_sharpness": 0.293348564218565,
        "max_sharpness": 530.073341501605
      },
      "perspective": {
        "has_vanishing_point": 0,
        "perspective_strength": 0.0
      }
    },
    "contrast_color": {
      "high_contrast_ratio": 0.3430179355783309,
      "low_contrast_ratio": 0.6569820644216691,
      "mean_contrast": 10.245781898498535,
      "highlight_ratio": 1.4298133464762941e-05,
      "shadow_ratio": 0.11596071720123291,
      "midtone_ratio": 0.884024977684021,
      "warm_color_ratio": 0.0,
      "cool_color_ratio": 0.0,
      "complementary_color_score": 0.0
    },
    "motion_dynamics": {
      "s_curve_count": 12,
      "motion_blur_score": 19.01447908985243,
      "dominant_direction_deg": 4.999999999999995,
      "direction_strength": 0.413310418190619
    },
    "pattern_rhythm": {
      "repetition_score": 1.0,
      "rhythm_score": 1.0,
      "pattern_breaks": 2
    },
    "visual_mass_focus": {
      "point_of_interest": {
        "x": 0.16105417276720352,
        "y": 0.814453125,
        "strength": 1.0
      },
      "visual_mass_concentration": 0.1917436859443631,
      "mean_visual_weight": 0.005079514812678099,
      "face_count": 0,
      "has_directional_cues": 0
    },
    "framing_breathing": {
      "frame_in_frame_count": 0,
      "breathing_space": {
        "top": 0.0625,
        "bottom": 0.0,
        "left": 0.0,
        "right": 0.45095168374816985,
        "min_margin": 0.0,
        "mean_margin": 0.12836292093704246
      },
      "corner_anchors": {
        "top_left": 0.546515703201294,
        "top_right": 0.4815468490123749,
        "bottom_left": 0.9229169487953186,
        "bottom_right": 0.13223521411418915,
        "max_corner_weight": 0.9229169487953186,
        "has_corner_subject": 1
      }
    }
  }
}