{
  "meta": {
    "_dataset": "tvm board - Nov 22nd 2025 (5060 images)",
    "_label": "",
    "_relpath": "3482. .jpg",
    "_filename": "3482. .jpg",
    "_width": 1080,
    "_height": 1321
  },
  "features": {
    "geometric_structural": {
      "leading_lines": {
        "diagonal": 6,
        "vertical": 0,
        "horizontal": 5,
        "curved": 454
      },
      "leading_lines_strength": 0.7428115015974441,
      "symmetry_vertical": 0.2854947665804437,
      "symmetry_horizontal": 0.24156291993494844,
      "symmetry_radial": 0.21428410572349058,
      "rule_of_thirds": {
        "alignment_score": 1,
        "num_salient_objects": 34
      },
      "golden_ratio": {
        "golden_alignment_score": 1
      },
      "balance": {
        "static_balance": 0.7691164612770081,
        "dynamic_balance": 1.0,
        "dominant_quadrant": 0
      },
      "layering": {
        "foreground_ratio": 0.32271490615015974,
        "midground_ratio": 0.30289037539936103,
        "background_ratio": 0.3743947184504792,
        "depth_complexity": 0.8802314644387472
      }
    },
    "spatial_layout": {
      "negative_space_ratio": 0.8391136681309904,
      "subject_isolation": 0.10000249600638977,
      "depth_of_field": {
        "blur_gradient_strength": 518.2920329933096,
        "sharpness_variance": 401256.13712903607,
        "min_sharpness": 21.41289312763952,
        "max_sharpness": 3875.3804204782678
      },
      "perspective": {
        "has_vanishing_point": 1,
        "perspective_strength": 0.9962779156327544
      }
    },
    "contrast_color": {
      "high_contrast_ratio": 0.3002602086661342,
      "low_contrast_ratio": 0.6997397913338659,
      "mean_contrast": 32.283721923828125,
      "highlight_ratio": 0.09913201630115509,
      "shadow_ratio": 0.6819900870323181,
      "midtone_ratio": 0.218877911567688,
      "warm_color_ratio": 0.004233850838658147,
      "cool_color_ratio": 0.7027225189696485,
      "complementary_color_score": 2.3333333333333335
    },
    "motion_dynamics": {
      "s_curve_count": 337,
      "motion_blur_score": 4.397943171705519,
      "dominant_direction_deg": 4.999999999999995,
      "direction_strength": 0.07410642971222885
    },
    "pattern_rhythm": {
      "repetition_score": 1.0,
      "rhythm_score": 1.0,
      "pattern_breaks": 14
    },
    "visual_mass_focus": {
      "point_of_interest": {
        "x": 0.365234375,
        "y": 0.21725239616613418,
        "strength": 1.0
      },
      "visual_mass_concentration": 0.19533746006389777,
      "mean_visual_weight": 0.051376696676015854,
      "face_count": 0,
      "has_directional_cues": 0
    },
    "framing_breathing": {
      "frame_in_frame_count": 0,
      "breathing_space": {
        "top": 0.0878594249201278,
        "bottom": 0.5686900958466453,
        "left": 0.10546875,
        "right": 0.310546875,
        "min_margin": 0.0878594249201278,
        "mean_margin": 0.26814128644169327
      },
      "corner_anchors": {
        "top_left": 0.42975831031799316,
        "top_right": 0.1796065866947174,
        "bottom_left": 0.16998428106307983,
        "bottom_right": 0.19258424639701843,
        "max_corner_weight": 0.42975831031799316,
        "has_corner_subject": 1
      }
    }
  }
}