{
  "meta": {
    "_dataset": "tvm board - Nov 22nd 2025 (5060 images)",
    "_label": "",
    "_relpath": "3489. .jpg",
    "_filename": "3489. .jpg",
    "_width": 1000,
    "_height": 1500
  },
  "features": {
    "geometric_structural": {
      "leading_lines": {
        "diagonal": 9,
        "vertical": 0,
        "horizontal": 12,
        "curved": 229
      },
      "leading_lines_strength": 0.3255208333333333,
      "symmetry_vertical": 0.333643096264811,
      "symmetry_horizontal": 0.36058059343897525,
      "symmetry_radial": 0.24904084455338485,
      "rule_of_thirds": {
        "alignment_score": 0,
        "num_salient_objects": 9
      },
      "golden_ratio": {
        "golden_alignment_score": 0
      },
      "balance": {
        "static_balance": 0.9158846139907837,
        "dynamic_balance": 1.0,
        "dominant_quadrant": 3
      },
      "layering": {
        "foreground_ratio": 0.3372344970703125,
        "midground_ratio": 0.10161081949869792,
        "background_ratio": 0.5611546834309896,
        "depth_complexity": 0.33019056170175065
      }
    },
    "spatial_layout": {
      "negative_space_ratio": 0.8191553751627604,
      "subject_isolation": 0.10000101725260417,
      "depth_of_field": {
        "blur_gradient_strength": 289.50420890611827,
        "sharpness_variance": 289434.04112476704,
        "min_sharpness": 1.7043017642786962,
        "max_sharpness": 2474.996539792388
      },
      "perspective": {
        "has_vanishing_point": 1,
        "perspective_strength": 0.9984973703981969
      }
    },
    "contrast_color": {
      "high_contrast_ratio": 0.4254150390625,
      "low_contrast_ratio": 0.5745849609375,
      "mean_contrast": 15.512225151062012,
      "highlight_ratio": 0.0013147989520803094,
      "shadow_ratio": 0.9053828120231628,
      "midtone_ratio": 0.09330236911773682,
      "warm_color_ratio": 0.9990234375,
      "cool_color_ratio": 0.0003560384114583333,
      "complementary_color_score": 2.3333333333333335
    },
    "motion_dynamics": {
      "s_curve_count": 239,
      "motion_blur_score": 3.3078822108187396,
      "dominant_direction_deg": 4.999999999999995,
      "direction_strength": 0.13582865397100874
    },
    "pattern_rhythm": {
      "repetition_score": 1.0,
      "rhythm_score": 1.0,
      "pattern_breaks": 0
    },
    "visual_mass_focus": {
      "point_of_interest": {
        "x": 0.57421875,
        "y": 0.7135416666666666,
        "strength": 1.0
      },
      "visual_mass_concentration": 0.19961039225260416,
      "mean_visual_weight": 0.12340305000543594,
      "face_count": 0,
      "has_directional_cues": 0
    },
    "framing_breathing": {
      "frame_in_frame_count": 0,
      "breathing_space": {
        "top": 0.6484375,
        "bottom": 0.3098958333333333,
        "left": 0.3359375,
        "right": 0.5859375,
        "min_margin": 0.3098958333333333,
        "mean_margin": 0.4700520833333333
      },
      "corner_anchors": {
        "top_left": 0.10712623596191406,
        "top_right": 0.07599673420190811,
        "bottom_left": 0.08284254372119904,
        "bottom_right": 0.09099061787128448,
        "max_corner_weight": 0.10712623596191406,
        "has_corner_subject": 0
      }
    }
  }
}