{
  "meta": {
    "_dataset": "tvm board - Nov 22nd 2025 (5060 images)",
    "_label": "",
    "_relpath": "3507. laying footprints.jpg",
    "_filename": "3507. laying footprints.jpg",
    "_width": 825,
    "_height": 1100
  },
  "features": {
    "geometric_structural": {
      "leading_lines": {
        "diagonal": 2,
        "vertical": 0,
        "horizontal": 16,
        "curved": 262
      },
      "leading_lines_strength": 0.40995607613469986,
      "symmetry_vertical": 0.5820931479969248,
      "symmetry_horizontal": 0.430334128237389,
      "symmetry_radial": 0.39719672032599523,
      "rule_of_thirds": {
        "alignment_score": 1,
        "num_salient_objects": 10
      },
      "golden_ratio": {
        "golden_alignment_score": 1
      },
      "balance": {
        "static_balance": 0.8924127817153931,
        "dynamic_balance": 1.0,
        "dominant_quadrant": 0
      },
      "layering": {
        "foreground_ratio": 0.3395005948023426,
        "midground_ratio": 0.08807936035871157,
        "background_ratio": 0.5724200448389458,
        "depth_complexity": 0.45005972887834605
      }
    },
    "spatial_layout": {
      "negative_space_ratio": 0.3636844573572474,
      "subject_isolation": 0.10000114385065886,
      "depth_of_field": {
        "blur_gradient_strength": 230.6468536835427,
        "sharpness_variance": 458651.05754919536,
        "min_sharpness": 1.5770141936654951,
        "max_sharpness": 2558.4116916570547
      },
      "perspective": {
        "has_vanishing_point": 1,
        "perspective_strength": 0.9969104016477858
      }
    },
    "contrast_color": {
      "high_contrast_ratio": 0.39942693081991215,
      "low_contrast_ratio": 0.6005730691800879,
      "mean_contrast": 14.240489959716797,
      "highlight_ratio": 0.04284006729722023,
      "shadow_ratio": 0.034241169691085815,
      "midtone_ratio": 0.9229187965393066,
      "warm_color_ratio": 0.5469407714128843,
      "cool_color_ratio": 0.008352969436310396,
      "complementary_color_score": 2.5555555555555554
    },
    "motion_dynamics": {
      "s_curve_count": 263,
      "motion_blur_score": 16.94268574449319,
      "dominant_direction_deg": 4.999999999999995,
      "direction_strength": 0.09909464220323054
    },
    "pattern_rhythm": {
      "repetition_score": 1.0,
      "rhythm_score": 1.0,
      "pattern_breaks": 3
    },
    "visual_mass_focus": {
      "point_of_interest": {
        "x": 0.54296875,
        "y": 0.6544655929721815,
        "strength": 1.0
      },
      "visual_mass_concentration": 0.19917299597364568,
      "mean_visual_weight": 0.15220066905021667,
      "face_count": 0,
      "has_directional_cues": 0
    },
    "framing_breathing": {
      "frame_in_frame_count": 0,
      "breathing_space": {
        "top": 0.0,
        "bottom": 0.9399707174231332,
        "left": 0.0,
        "right": 0.015625,
        "min_margin": 0.0,
        "mean_margin": 0.2388989293557833
      },
      "corner_anchors": {
        "top_left": 0.5331337451934814,
        "top_right": 0.3554695248603821,
        "bottom_left": 0.07760071009397507,
        "bottom_right": 0.20759710669517517,
        "max_corner_weight": 0.5331337451934814,
        "has_corner_subject": 1
      }
    }
  }
}