{
  "meta": {
    "_dataset": "tvm board - Nov 22nd 2025 (5060 images)",
    "_label": "",
    "_relpath": "3520. Huge dust.jpg",
    "_filename": "3520. Huge dust.jpg",
    "_width": 620,
    "_height": 465
  },
  "features": {
    "geometric_structural": {
      "leading_lines": {
        "diagonal": 0,
        "vertical": 0,
        "horizontal": 0,
        "curved": 76
      },
      "leading_lines_strength": 0.11127379209370425,
      "symmetry_vertical": 0.8044142181319347,
      "symmetry_horizontal": 0.6008407270031241,
      "symmetry_radial": 0.5393953307719043,
      "rule_of_thirds": {
        "alignment_score": 1,
        "num_salient_objects": 70
      },
      "golden_ratio": {
        "golden_alignment_score": 1
      },
      "balance": {
        "static_balance": 0.9481853246688843,
        "dynamic_balance": 1.0,
        "dominant_quadrant": 3
      },
      "layering": {
        "foreground_ratio": 0.23183851116398244,
        "midground_ratio": 0.22540149158125916,
        "background_ratio": 0.5427599972547584,
        "depth_complexity": 0.030748595919709992
      }
    },
    "spatial_layout": {
      "negative_space_ratio": 0.39922389732796487,
      "subject_isolation": 0.10000114385065886,
      "depth_of_field": {
        "blur_gradient_strength": 44.65682297740057,
        "sharpness_variance": 11548.62744528451,
        "min_sharpness": 0.6839427239486306,
        "max_sharpness": 623.6959823144944
      },
      "perspective": {
        "has_vanishing_point": 0,
        "perspective_strength": 0.0
      }
    },
    "contrast_color": {
      "high_contrast_ratio": 0.39931254575402636,
      "low_contrast_ratio": 0.6006874542459737,
      "mean_contrast": 5.4142560958862305,
      "highlight_ratio": 0.0,
      "shadow_ratio": 0.20273609459400177,
      "midtone_ratio": 0.7972639203071594,
      "warm_color_ratio": 1.0,
      "cool_color_ratio": 0.0,
      "complementary_color_score": 0.0
    },
    "motion_dynamics": {
      "s_curve_count": 53,
      "motion_blur_score": 25.500756192617082,
      "dominant_direction_deg": 4.999999999999995,
      "direction_strength": 0.26088373901828765
    },
    "pattern_rhythm": {
      "repetition_score": 1.0,
      "rhythm_score": 1.0,
      "pattern_breaks": 5
    },
    "visual_mass_focus": {
      "point_of_interest": {
        "x": 0.6793557833089312,
        "y": 0.873046875,
        "strength": 1.0
      },
      "visual_mass_concentration": 0.19939890647877012,
      "mean_visual_weight": 0.3273104429244995,
      "face_count": 0,
      "has_directional_cues": 0
    },
    "framing_breathing": {
      "frame_in_frame_count": 0,
      "breathing_space": {
        "top": 0.861328125,
        "bottom": 0.0,
        "left": 0.0,
        "right": 0.23718887262079064,
        "min_margin": 0.0,
        "mean_margin": 0.2746292494051977
      },
      "corner_anchors": {
        "top_left": 0.4162459373474121,
        "top_right": 0.5611875057220459,
        "bottom_left": 0.5229412913322449,
        "bottom_right": 0.605107307434082,
        "max_corner_weight": 0.605107307434082,
        "has_corner_subject": 1
      }
    }
  }
}