{
  "meta": {
    "_dataset": "tvm board - Nov 22nd 2025 (5060 images)",
    "_label": "",
    "_relpath": "3554. .jpg",
    "_filename": "3554. .jpg",
    "_width": 618,
    "_height": 900
  },
  "features": {
    "geometric_structural": {
      "leading_lines": {
        "diagonal": 21,
        "vertical": 18,
        "horizontal": 5,
        "curved": 368
      },
      "leading_lines_strength": 0.5522788203753352,
      "symmetry_vertical": 0.3231955638321019,
      "symmetry_horizontal": 0.29367258621480086,
      "symmetry_radial": 0.22125991946436818,
      "rule_of_thirds": {
        "alignment_score": 0,
        "num_salient_objects": 37
      },
      "golden_ratio": {
        "golden_alignment_score": 0
      },
      "balance": {
        "static_balance": 0.7960687875747681,
        "dynamic_balance": 1.0,
        "dominant_quadrant": 2
      },
      "layering": {
        "foreground_ratio": 0.29650060740616624,
        "midground_ratio": 0.37118800268096513,
        "background_ratio": 0.3323113899128686,
        "depth_complexity": 1.5907347965181047
      }
    },
    "spatial_layout": {
      "negative_space_ratio": 0.5891054373324397,
      "subject_isolation": 0.10000209450402145,
      "depth_of_field": {
        "blur_gradient_strength": 1419.7557630841113,
        "sharpness_variance": 14068712.261515418,
        "min_sharpness": 14.06716903163705,
        "max_sharpness": 22371.937229359486
      },
      "perspective": {
        "has_vanishing_point": 1,
        "perspective_strength": 0.9998005982053838
      }
    },
    "contrast_color": {
      "high_contrast_ratio": 0.34930043565683644,
      "low_contrast_ratio": 0.6506995643431636,
      "mean_contrast": 23.601131439208984,
      "highlight_ratio": 0.2922147214412689,
      "shadow_ratio": 0.034899674355983734,
      "midtone_ratio": 0.6728855967521667,
      "warm_color_ratio": 0.0,
      "cool_color_ratio": 0.0,
      "complementary_color_score": 0.0
    },
    "motion_dynamics": {
      "s_curve_count": 334,
      "motion_blur_score": 9.356720437432898,
      "dominant_direction_deg": -85.0,
      "direction_strength": 0.039761540717054074
    },
    "pattern_rhythm": {
      "repetition_score": 1.0,
      "rhythm_score": 1.0,
      "pattern_breaks": 8
    },
    "visual_mass_focus": {
      "point_of_interest": {
        "x": 0.119140625,
        "y": 0.546916890080429,
        "strength": 1.0
      },
      "visual_mass_concentration": 0.0,
      "mean_visual_weight": 0.0,
      "face_count": 0,
      "has_directional_cues": 0
    },
    "framing_breathing": {
      "frame_in_frame_count": 0,
      "breathing_space": {
        "top": 0.6648793565683646,
        "bottom": 0.18498659517426275,
        "left": 0.0,
        "right": 0.595703125,
        "min_margin": 0.0,
        "mean_margin": 0.3613922691856568
      },
      "corner_anchors": {
        "top_left": 0.392406702041626,
        "top_right": 0.28279435634613037,
        "bottom_left": 0.3337884545326233,
        "bottom_right": 0.3689839243888855,
        "max_corner_weight": 0.392406702041626,
        "has_corner_subject": 1
      }
    }
  }
}