{
  "meta": {
    "_dataset": "tvm board - Nov 22nd 2025 (5060 images)",
    "_label": "",
    "_relpath": "3566. .jpg",
    "_filename": "3566. .jpg",
    "_width": 736,
    "_height": 736
  },
  "features": {
    "geometric_structural": {
      "leading_lines": {
        "diagonal": 7,
        "vertical": 0,
        "horizontal": 4,
        "curved": 229
      },
      "leading_lines_strength": 0.46875,
      "symmetry_vertical": 0.5092842785836604,
      "symmetry_horizontal": 0.5619923386924668,
      "symmetry_radial": 0.48323297428807765,
      "rule_of_thirds": {
        "alignment_score": 0,
        "num_salient_objects": 57
      },
      "golden_ratio": {
        "golden_alignment_score": 4
      },
      "balance": {
        "static_balance": 0.817079484462738,
        "dynamic_balance": 1.0,
        "dominant_quadrant": 1
      },
      "layering": {
        "foreground_ratio": 0.2841339111328125,
        "midground_ratio": 0.3138923645019531,
        "background_ratio": 0.4019737243652344,
        "depth_complexity": 0.20401879156216454
      }
    },
    "spatial_layout": {
      "negative_space_ratio": 0.31139373779296875,
      "subject_isolation": 0.10000228881835938,
      "depth_of_field": {
        "blur_gradient_strength": 178.17851102751993,
        "sharpness_variance": 77726.2663912577,
        "min_sharpness": 0.749711058104556,
        "max_sharpness": 1349.3354648295003
      },
      "perspective": {
        "has_vanishing_point": 1,
        "perspective_strength": 0.9939148073022313
      }
    },
    "contrast_color": {
      "high_contrast_ratio": 0.418670654296875,
      "low_contrast_ratio": 0.581329345703125,
      "mean_contrast": 12.421544075012207,
      "highlight_ratio": 0.0,
      "shadow_ratio": 0.14875411987304688,
      "midtone_ratio": 0.8512458801269531,
      "warm_color_ratio": 6.866455078125e-05,
      "cool_color_ratio": 0.0,
      "complementary_color_score": 0.0
    },
    "motion_dynamics": {
      "s_curve_count": 184,
      "motion_blur_score": 12.670936957702233,
      "dominant_direction_deg": 4.999999999999995,
      "direction_strength": 0.24571228027250017
    },
    "pattern_rhythm": {
      "repetition_score": 1.0,
      "rhythm_score": 1.0,
      "pattern_breaks": 11
    },
    "visual_mass_focus": {
      "point_of_interest": {
        "x": 0.765625,
        "y": 0.2734375,
        "strength": 1.0
      },
      "visual_mass_concentration": 0.19664764404296875,
      "mean_visual_weight": 0.018457479774951935,
      "face_count": 0,
      "has_directional_cues": 0
    },
    "framing_breathing": {
      "frame_in_frame_count": 0,
      "breathing_space": {
        "top": 0.0,
        "bottom": 0.427734375,
        "left": 0.595703125,
        "right": 0.0,
        "min_margin": 0.0,
        "mean_margin": 0.255859375
      },
      "corner_anchors": {
        "top_left": 0.34309443831443787,
        "top_right": 0.6951287388801575,
        "bottom_left": 0.10411743819713593,
        "bottom_right": 0.10336484760046005,
        "max_corner_weight": 0.6951287388801575,
        "has_corner_subject": 1
      }
    }
  }
}