{
  "meta": {
    "_dataset": "tvm board - Nov 22nd 2025 (5060 images)",
    "_label": "",
    "_relpath": "3558. .jpg",
    "_filename": "3558. .jpg",
    "_width": 750,
    "_height": 562
  },
  "features": {
    "geometric_structural": {
      "leading_lines": {
        "diagonal": 18,
        "vertical": 0,
        "horizontal": 44,
        "curved": 216
      },
      "leading_lines_strength": 0.40702781844802344,
      "symmetry_vertical": 0.6157418527378579,
      "symmetry_horizontal": 0.6352073311889652,
      "symmetry_radial": 0.4430374713078368,
      "rule_of_thirds": {
        "alignment_score": 0,
        "num_salient_objects": 14
      },
      "golden_ratio": {
        "golden_alignment_score": 1
      },
      "balance": {
        "static_balance": 0.9106947779655457,
        "dynamic_balance": 1.0,
        "dominant_quadrant": 1
      },
      "layering": {
        "foreground_ratio": 0.3269868685944363,
        "midground_ratio": 0.26565931551976574,
        "background_ratio": 0.40735381588579794,
        "depth_complexity": 0.16336558989684646
      }
    },
    "spatial_layout": {
      "negative_space_ratio": 0.2914131131039531,
      "subject_isolation": 0.10000114385065886,
      "depth_of_field": {
        "blur_gradient_strength": 121.52742030574976,
        "sharpness_variance": 69245.76550296336,
        "min_sharpness": 0.6216838198894608,
        "max_sharpness": 1101.5446042179678
      },
      "perspective": {
        "has_vanishing_point": 1,
        "perspective_strength": 0.9982662445349012
      }
    },
    "contrast_color": {
      "high_contrast_ratio": 0.42425134974377743,
      "low_contrast_ratio": 0.5757486502562226,
      "mean_contrast": 13.36904525756836,
      "highlight_ratio": 0.31403848528862,
      "shadow_ratio": 0.028424689546227455,
      "midtone_ratio": 0.6575368046760559,
      "warm_color_ratio": 0.0,
      "cool_color_ratio": 0.0,
      "complementary_color_score": 0.0
    },
    "motion_dynamics": {
      "s_curve_count": 180,
      "motion_blur_score": 20.30149211222109,
      "dominant_direction_deg": 4.999999999999995,
      "direction_strength": 0.14438540904058272
    },
    "pattern_rhythm": {
      "repetition_score": 1.0,
      "rhythm_score": 1.0,
      "pattern_breaks": 1
    },
    "visual_mass_focus": {
      "point_of_interest": {
        "x": 0.2986822840409956,
        "y": 0.5390625,
        "strength": 1.0
      },
      "visual_mass_concentration": 0.0,
      "mean_visual_weight": 0.0,
      "face_count": 0,
      "has_directional_cues": 0
    },
    "framing_breathing": {
      "frame_in_frame_count": 0,
      "breathing_space": {
        "top": 0.271484375,
        "bottom": 0.287109375,
        "left": 0.0424597364568082,
        "right": 0.5578330893118595,
        "min_margin": 0.0424597364568082,
        "mean_margin": 0.28972164394216693
      },
      "corner_anchors": {
        "top_left": 0.18904058635234833,
        "top_right": 0.397899329662323,
        "bottom_left": 0.1596250981092453,
        "bottom_right": 0.11543140560388565,
        "max_corner_weight": 0.397899329662323,
        "has_corner_subject": 1
      }
    }
  }
}