{
  "meta": {
    "_dataset": "tvm board - Nov 22nd 2025 (5060 images)",
    "_label": "",
    "_relpath": "3594. .jpg",
    "_filename": "3594. .jpg",
    "_width": 564,
    "_height": 842
  },
  "features": {
    "geometric_structural": {
      "leading_lines": {
        "diagonal": 7,
        "vertical": 13,
        "horizontal": 0,
        "curved": 190
      },
      "leading_lines_strength": 0.27486910994764396,
      "symmetry_vertical": 0.4445261447383994,
      "symmetry_horizontal": 0.32163721272998896,
      "symmetry_radial": 0.26408157314406394,
      "rule_of_thirds": {
        "alignment_score": 0,
        "num_salient_objects": 6
      },
      "golden_ratio": {
        "golden_alignment_score": 0
      },
      "balance": {
        "static_balance": 0.9022232294082642,
        "dynamic_balance": 1.0,
        "dominant_quadrant": 1
      },
      "layering": {
        "foreground_ratio": 0.30895676537958117,
        "midground_ratio": 0.16316007444371727,
        "background_ratio": 0.5278831601767016,
        "depth_complexity": 0.17136883467644484
      }
    },
    "spatial_layout": {
      "negative_space_ratio": 0.6720513947971204,
      "subject_isolation": 0.10000051128926701,
      "depth_of_field": {
        "blur_gradient_strength": 139.49646777673166,
        "sharpness_variance": 158913.90591453636,
        "min_sharpness": 0.0,
        "max_sharpness": 2169.7416070860277
      },
      "perspective": {
        "has_vanishing_point": 1,
        "perspective_strength": 0.992040932347925
      }
    },
    "contrast_color": {
      "high_contrast_ratio": 0.33937592032068065,
      "low_contrast_ratio": 0.6606240796793194,
      "mean_contrast": 11.371840476989746,
      "highlight_ratio": 0.16127853095531464,
      "shadow_ratio": 0.4200420379638672,
      "midtone_ratio": 0.418679416179657,
      "warm_color_ratio": 0.028749795484293194,
      "cool_color_ratio": 0.00214485847513089,
      "complementary_color_score": 1.7222222222222223
    },
    "motion_dynamics": {
      "s_curve_count": 154,
      "motion_blur_score": 11.604721888976794,
      "dominant_direction_deg": 4.999999999999995,
      "direction_strength": 0.1269198911973195
    },
    "pattern_rhythm": {
      "repetition_score": 1.0,
      "rhythm_score": 1.0,
      "pattern_breaks": 1
    },
    "visual_mass_focus": {
      "point_of_interest": {
        "x": 0.658203125,
        "y": 0.07460732984293193,
        "strength": 1.0
      },
      "visual_mass_concentration": 0.19921619355366493,
      "mean_visual_weight": 0.01890622451901436,
      "face_count": 0,
      "has_directional_cues": 0
    },
    "framing_breathing": {
      "frame_in_frame_count": 0,
      "breathing_space": {
        "top": 0.0,
        "bottom": 0.6204188481675392,
        "left": 0.19921875,
        "right": 0.0,
        "min_margin": 0.0,
        "mean_margin": 0.2049093995418848
      },
      "corner_anchors": {
        "top_left": 0.2578788995742798,
        "top_right": 0.9633814096450806,
        "bottom_left": 0.5625021457672119,
        "bottom_right": 0.39594393968582153,
        "max_corner_weight": 0.9633814096450806,
        "has_corner_subject": 1
      }
    }
  }
}