{
  "meta": {
    "_dataset": "tvm board - Nov 22nd 2025 (5060 images)",
    "_label": "",
    "_relpath": "3598. .jpg",
    "_filename": "3598. .jpg",
    "_width": 564,
    "_height": 1002
  },
  "features": {
    "geometric_structural": {
      "leading_lines": {
        "diagonal": 154,
        "vertical": 75,
        "horizontal": 0,
        "curved": 1041
      },
      "leading_lines_strength": 1.3956043956043955,
      "symmetry_vertical": 0.3744314241528764,
      "symmetry_horizontal": 0.2482680253964971,
      "symmetry_radial": 0.15413143088568879,
      "rule_of_thirds": {
        "alignment_score": 0,
        "num_salient_objects": 109
      },
      "golden_ratio": {
        "golden_alignment_score": 3
      },
      "balance": {
        "static_balance": 0.6848034858703613,
        "dynamic_balance": 1.0,
        "dominant_quadrant": 0
      },
      "layering": {
        "foreground_ratio": 0.3066835508241758,
        "midground_ratio": 0.2616500686813187,
        "background_ratio": 0.4316663804945055,
        "depth_complexity": 0.5854632761436402
      }
    },
    "spatial_layout": {
      "negative_space_ratio": 0.7205206902472527,
      "subject_isolation": 0.1,
      "depth_of_field": {
        "blur_gradient_strength": 379.77524195896575,
        "sharpness_variance": 482996.1484910247,
        "min_sharpness": 2.2263093143869632,
        "max_sharpness": 5112.033064206075
      },
      "perspective": {
        "has_vanishing_point": 1,
        "perspective_strength": 0.9998661211101907
      }
    },
    "contrast_color": {
      "high_contrast_ratio": 0.3628627232142857,
      "low_contrast_ratio": 0.6371372767857143,
      "mean_contrast": 15.024660110473633,
      "highlight_ratio": 0.17444410920143127,
      "shadow_ratio": 0.09691792726516724,
      "midtone_ratio": 0.7286379933357239,
      "warm_color_ratio": 0.0010645604395604395,
      "cool_color_ratio": 0.02349115728021978,
      "complementary_color_score": 2.2777777777777777
    },
    "motion_dynamics": {
      "s_curve_count": 761,
      "motion_blur_score": 13.050016470140774,
      "dominant_direction_deg": 4.999999999999995,
      "direction_strength": 0.0734997424448972
    },
    "pattern_rhythm": {
      "repetition_score": 1.0,
      "rhythm_score": 1.0,
      "pattern_breaks": 12
    },
    "visual_mass_focus": {
      "point_of_interest": {
        "x": 0.455078125,
        "y": 0.2230769230769231,
        "strength": 1.0
      },
      "visual_mass_concentration": 0.19974888392857143,
      "mean_visual_weight": 0.029665617272257805,
      "face_count": 0,
      "has_directional_cues": 0
    },
    "framing_breathing": {
      "frame_in_frame_count": 0,
      "breathing_space": {
        "top": 0.0,
        "bottom": 0.7670329670329671,
        "left": 0.0,
        "right": 0.0,
        "min_margin": 0.0,
        "mean_margin": 0.19175824175824177
      },
      "corner_anchors": {
        "top_left": 0.8898160457611084,
        "top_right": 0.7466049790382385,
        "bottom_left": 0.10867322236299515,
        "bottom_right": 0.13471461832523346,
        "max_corner_weight": 0.8898160457611084,
        "has_corner_subject": 1
      }
    }
  }
}