{
  "meta": {
    "_dataset": "tvm board - Nov 22nd 2025 (5060 images)",
    "_label": "",
    "_relpath": "3606. .jpg",
    "_filename": "3606. .jpg",
    "_width": 1024,
    "_height": 768
  },
  "features": {
    "geometric_structural": {
      "leading_lines": {
        "diagonal": 9,
        "vertical": 15,
        "horizontal": 0,
        "curved": 236
      },
      "leading_lines_strength": 0.3806734992679356,
      "symmetry_vertical": 0.37156933189072355,
      "symmetry_horizontal": 0.40879533606785523,
      "symmetry_radial": 0.2697525329032352,
      "rule_of_thirds": {
        "alignment_score": 3,
        "num_salient_objects": 48
      },
      "golden_ratio": {
        "golden_alignment_score": 6
      },
      "balance": {
        "static_balance": 0.871296226978302,
        "dynamic_balance": 1.0,
        "dominant_quadrant": 1
      },
      "layering": {
        "foreground_ratio": 0.31828502470717424,
        "midground_ratio": 0.12927800146412885,
        "background_ratio": 0.5524369738286969,
        "depth_complexity": 0.25779163611972594
      }
    },
    "spatial_layout": {
      "negative_space_ratio": 0.6882292047950219,
      "subject_isolation": 0.10000114385065886,
      "depth_of_field": {
        "blur_gradient_strength": 271.7199249094164,
        "sharpness_variance": 474464.3176350576,
        "min_sharpness": 1.6,
        "max_sharpness": 5389.596789696271
      },
      "perspective": {
        "has_vanishing_point": 1,
        "perspective_strength": 0.9984042553191489
      }
    },
    "contrast_color": {
      "high_contrast_ratio": 0.38399924505856514,
      "low_contrast_ratio": 0.6160007549414348,
      "mean_contrast": 19.45751953125,
      "highlight_ratio": 0.026305705308914185,
      "shadow_ratio": 0.6154088377952576,
      "midtone_ratio": 0.35828548669815063,
      "warm_color_ratio": 0.0,
      "cool_color_ratio": 0.0,
      "complementary_color_score": 0.0
    },
    "motion_dynamics": {
      "s_curve_count": 192,
      "motion_blur_score": 6.227871387363,
      "dominant_direction_deg": 4.999999999999995,
      "direction_strength": 0.09925192166882306
    },
    "pattern_rhythm": {
      "repetition_score": 1.0,
      "rhythm_score": 1.0,
      "pattern_breaks": 14
    },
    "visual_mass_focus": {
      "point_of_interest": {
        "x": 0.5300146412884333,
        "y": 0.66015625,
        "strength": 1.0
      },
      "visual_mass_concentration": 0.0,
      "mean_visual_weight": 0.0,
      "face_count": 0,
      "has_directional_cues": 0
    },
    "framing_breathing": {
      "frame_in_frame_count": 0,
      "breathing_space": {
        "top": 0.521484375,
        "bottom": 0.28515625,
        "left": 0.5724743777452416,
        "right": 0.37920937042459735,
        "min_margin": 0.28515625,
        "mean_margin": 0.4395810932924597
      },
      "corner_anchors": {
        "top_left": 0.12127380818128586,
        "top_right": 0.25324320793151855,
        "bottom_left": 0.24759432673454285,
        "bottom_right": 0.2534009516239166,
        "max_corner_weight": 0.2534009516239166,
        "has_corner_subject": 0
      }
    }
  }
}