{
  "meta": {
    "_dataset": "tvm board - Nov 22nd 2025 (5060 images)",
    "_label": "",
    "_relpath": "3610. .jpg",
    "_filename": "3610. .jpg",
    "_width": 579,
    "_height": 783
  },
  "features": {
    "geometric_structural": {
      "leading_lines": {
        "diagonal": 11,
        "vertical": 0,
        "horizontal": 4,
        "curved": 117
      },
      "leading_lines_strength": 0.1907514450867052,
      "symmetry_vertical": 0.45047460953061036,
      "symmetry_horizontal": 0.3317001976518228,
      "symmetry_radial": 0.29408396054510694,
      "rule_of_thirds": {
        "alignment_score": 1,
        "num_salient_objects": 82
      },
      "golden_ratio": {
        "golden_alignment_score": 0
      },
      "balance": {
        "static_balance": 0.9721786379814148,
        "dynamic_balance": 1.0,
        "dominant_quadrant": 3
      },
      "layering": {
        "foreground_ratio": 0.2826922642702312,
        "midground_ratio": 0.36105999367774566,
        "background_ratio": 0.35624774205202314,
        "depth_complexity": 0.1035644162058324
      }
    },
    "spatial_layout": {
      "negative_space_ratio": 0.4744964776011561,
      "subject_isolation": 0.10000169346098266,
      "depth_of_field": {
        "blur_gradient_strength": 63.14449198269599,
        "sharpness_variance": 18238.42134181593,
        "min_sharpness": 2.568242983467898,
        "max_sharpness": 849.7779173153908
      },
      "perspective": {
        "has_vanishing_point": 1,
        "perspective_strength": 0.9962243797195254
      }
    },
    "contrast_color": {
      "high_contrast_ratio": 0.3470494264812139,
      "low_contrast_ratio": 0.6529505735187862,
      "mean_contrast": 15.301298141479492,
      "highlight_ratio": 0.03239590674638748,
      "shadow_ratio": 0.04894384369254112,
      "midtone_ratio": 0.9186602830886841,
      "warm_color_ratio": 0.368336231033237,
      "cool_color_ratio": 0.0,
      "complementary_color_score": 0.0
    },
    "motion_dynamics": {
      "s_curve_count": 202,
      "motion_blur_score": 13.939169745737557,
      "dominant_direction_deg": 4.999999999999995,
      "direction_strength": 0.0417833273120208
    },
    "pattern_rhythm": {
      "repetition_score": 1.0,
      "rhythm_score": 1.0,
      "pattern_breaks": 8
    },
    "visual_mass_focus": {
      "point_of_interest": {
        "x": 0.515625,
        "y": 0.3468208092485549,
        "strength": 1.0
      },
      "visual_mass_concentration": 0.1905679868135838,
      "mean_visual_weight": 0.0946379080414772,
      "face_count": 0,
      "has_directional_cues": 0
    },
    "framing_breathing": {
      "frame_in_frame_count": 0,
      "breathing_space": {
        "top": 0.010115606936416185,
        "bottom": 0.6315028901734104,
        "left": 0.09375,
        "right": 0.287109375,
        "min_margin": 0.010115606936416185,
        "mean_margin": 0.25561946802745666
      },
      "corner_anchors": {
        "top_left": 0.14415180683135986,
        "top_right": 0.22807525098323822,
        "bottom_left": 0.4632483720779419,
        "bottom_right": 0.38277095556259155,
        "max_corner_weight": 0.4632483720779419,
        "has_corner_subject": 1
      }
    }
  }
}