{
  "meta": {
    "_dataset": "tvm board - Nov 22nd 2025 (5060 images)",
    "_label": "",
    "_relpath": "3622. .jpg",
    "_filename": "3622. .jpg",
    "_width": 474,
    "_height": 842
  },
  "features": {
    "geometric_structural": {
      "leading_lines": {
        "diagonal": 34,
        "vertical": 57,
        "horizontal": 32,
        "curved": 696
      },
      "leading_lines_strength": 0.9,
      "symmetry_vertical": 0.3789081413575188,
      "symmetry_horizontal": 0.38832012971468605,
      "symmetry_radial": 0.29501716277578266,
      "rule_of_thirds": {
        "alignment_score": 0,
        "num_salient_objects": 8
      },
      "golden_ratio": {
        "golden_alignment_score": 1
      },
      "balance": {
        "static_balance": 0.8862360715866089,
        "dynamic_balance": 1.0,
        "dominant_quadrant": 2
      },
      "layering": {
        "foreground_ratio": 0.28899811126373626,
        "midground_ratio": 0.26056189903846155,
        "background_ratio": 0.4504399896978022,
        "depth_complexity": 0.4494464524975588
      }
    },
    "spatial_layout": {
      "negative_space_ratio": 0.7786658653846154,
      "subject_isolation": 0.1,
      "depth_of_field": {
        "blur_gradient_strength": 245.82650112058772,
        "sharpness_variance": 288899.2037829455,
        "min_sharpness": 4.607843137254902,
        "max_sharpness": 3374.8308776043746
      },
      "perspective": {
        "has_vanishing_point": 1,
        "perspective_strength": 0.9995772826735627
      }
    },
    "contrast_color": {
      "high_contrast_ratio": 0.38778545673076925,
      "low_contrast_ratio": 0.6122145432692307,
      "mean_contrast": 11.71143627166748,
      "highlight_ratio": 0.012693165801465511,
      "shadow_ratio": 0.16955915093421936,
      "midtone_ratio": 0.8177477121353149,
      "warm_color_ratio": 0.0016719608516483516,
      "cool_color_ratio": 0.41123368818681316,
      "complementary_color_score": 2.0555555555555554
    },
    "motion_dynamics": {
      "s_curve_count": 500,
      "motion_blur_score": 12.399402810753116,
      "dominant_direction_deg": 175.0,
      "direction_strength": 0.07135774381852816
    },
    "pattern_rhythm": {
      "repetition_score": 1.0,
      "rhythm_score": 1.0,
      "pattern_breaks": 3
    },
    "visual_mass_focus": {
      "point_of_interest": {
        "x": 0.189453125,
        "y": 0.37252747252747254,
        "strength": 1.0
      },
      "visual_mass_concentration": 0.19994419642857142,
      "mean_visual_weight": 0.08071950823068619,
      "face_count": 0,
      "has_directional_cues": 0
    },
    "framing_breathing": {
      "frame_in_frame_count": 0,
      "breathing_space": {
        "top": 0.8241758241758241,
        "bottom": 0.0,
        "left": 0.0546875,
        "right": 0.6875,
        "min_margin": 0.0,
        "mean_margin": 0.39159083104395603
      },
      "corner_anchors": {
        "top_left": 0.28060975670814514,
        "top_right": 0.19660340249538422,
        "bottom_left": 0.5195184946060181,
        "bottom_right": 0.2917310893535614,
        "max_corner_weight": 0.5195184946060181,
        "has_corner_subject": 1
      }
    }
  }
}