{
  "meta": {
    "_dataset": "tvm board - Nov 22nd 2025 (5060 images)",
    "_label": "",
    "_relpath": "3628. .jpg",
    "_filename": "3628. .jpg",
    "_width": 360,
    "_height": 640
  },
  "features": {
    "geometric_structural": {
      "leading_lines": {
        "diagonal": 1,
        "vertical": 0,
        "horizontal": 1,
        "curved": 232
      },
      "leading_lines_strength": 0.2571428571428571,
      "symmetry_vertical": 0.418866561064692,
      "symmetry_horizontal": 0.4423605172895088,
      "symmetry_radial": 0.3099969382413548,
      "rule_of_thirds": {
        "alignment_score": 0,
        "num_salient_objects": 7
      },
      "golden_ratio": {
        "golden_alignment_score": 0
      },
      "balance": {
        "static_balance": 0.9355770349502563,
        "dynamic_balance": 1.0,
        "dominant_quadrant": 1
      },
      "layering": {
        "foreground_ratio": 0.2708211710164835,
        "midground_ratio": 0.3037302541208791,
        "background_ratio": 0.4254485748626374,
        "depth_complexity": 0.08999273717277019
      }
    },
    "spatial_layout": {
      "negative_space_ratio": 0.6767148866758241,
      "subject_isolation": 0.1,
      "depth_of_field": {
        "blur_gradient_strength": 59.263109677351764,
        "sharpness_variance": 15702.890462014986,
        "min_sharpness": 9.755091386050465,
        "max_sharpness": 1121.8949027530741
      },
      "perspective": {
        "has_vanishing_point": 1,
        "perspective_strength": 0.7523809523809524
      }
    },
    "contrast_color": {
      "high_contrast_ratio": 0.38946171016483516,
      "low_contrast_ratio": 0.6105382898351648,
      "mean_contrast": 10.133590698242188,
      "highlight_ratio": 0.0,
      "shadow_ratio": 0.6037796139717102,
      "midtone_ratio": 0.3962203860282898,
      "warm_color_ratio": 0.007778159340659341,
      "cool_color_ratio": 0.8977785885989011,
      "complementary_color_score": 2.611111111111111
    },
    "motion_dynamics": {
      "s_curve_count": 206,
      "motion_blur_score": 9.031404748433221,
      "dominant_direction_deg": 4.999999999999995,
      "direction_strength": 0.05340401785702824
    },
    "pattern_rhythm": {
      "repetition_score": 1.0,
      "rhythm_score": 1.0,
      "pattern_breaks": 3
    },
    "visual_mass_focus": {
      "point_of_interest": {
        "x": 0.912109375,
        "y": 0.0978021978021978,
        "strength": 1.0
      },
      "visual_mass_concentration": 0.19981327266483517,
      "mean_visual_weight": 0.08011966943740845,
      "face_count": 0,
      "has_directional_cues": 0
    },
    "framing_breathing": {
      "frame_in_frame_count": 0,
      "breathing_space": {
        "top": 0.056043956043956046,
        "bottom": 0.7978021978021979,
        "left": 0.79296875,
        "right": 0.0,
        "min_margin": 0.0,
        "mean_margin": 0.4117037259615385
      },
      "corner_anchors": {
        "top_left": 0.08507272601127625,
        "top_right": 0.46604862809181213,
        "bottom_left": 0.3040129840373993,
        "bottom_right": 0.23237287998199463,
        "max_corner_weight": 0.46604862809181213,
        "has_corner_subject": 1
      }
    }
  }
}