{
  "meta": {
    "_dataset": "tvm board - Nov 22nd 2025 (5060 images)",
    "_label": "",
    "_relpath": "3637. rain.jpg",
    "_filename": "3637. rain.jpg",
    "_width": 736,
    "_height": 736
  },
  "features": {
    "geometric_structural": {
      "leading_lines": {
        "diagonal": 87,
        "vertical": 0,
        "horizontal": 13,
        "curved": 603
      },
      "leading_lines_strength": 1.373046875,
      "symmetry_vertical": 0.25912902522640163,
      "symmetry_horizontal": 0.19008156326828218,
      "symmetry_radial": 0.19812978776380294,
      "rule_of_thirds": {
        "alignment_score": 0,
        "num_salient_objects": 2
      },
      "golden_ratio": {
        "golden_alignment_score": 0
      },
      "balance": {
        "static_balance": 0.909593939781189,
        "dynamic_balance": 1.0,
        "dominant_quadrant": 1
      },
      "layering": {
        "foreground_ratio": 0.3225975036621094,
        "midground_ratio": 0.25156402587890625,
        "background_ratio": 0.4258384704589844,
        "depth_complexity": 0.6270156371733173
      }
    },
    "spatial_layout": {
      "negative_space_ratio": 0.41475677490234375,
      "subject_isolation": 0.10000228881835938,
      "depth_of_field": {
        "blur_gradient_strength": 310.8951187423472,
        "sharpness_variance": 226672.79168928438,
        "min_sharpness": 40.35803537101115,
        "max_sharpness": 2753.8854286812757
      },
      "perspective": {
        "has_vanishing_point": 1,
        "perspective_strength": 0.9997153268048281
      }
    },
    "contrast_color": {
      "high_contrast_ratio": 0.4885139465332031,
      "low_contrast_ratio": 0.5114860534667969,
      "mean_contrast": 14.00112247467041,
      "highlight_ratio": 0.0,
      "shadow_ratio": 0.455810546875,
      "midtone_ratio": 0.544189453125,
      "warm_color_ratio": 0.000156402587890625,
      "cool_color_ratio": 0.7461128234863281,
      "complementary_color_score": 2.8333333333333335
    },
    "motion_dynamics": {
      "s_curve_count": 493,
      "motion_blur_score": 6.282274746269824,
      "dominant_direction_deg": -85.0,
      "direction_strength": 0.05679321289040835
    },
    "pattern_rhythm": {
      "repetition_score": 1.0,
      "rhythm_score": 1.0,
      "pattern_breaks": 1
    },
    "visual_mass_focus": {
      "point_of_interest": {
        "x": 0.150390625,
        "y": 0.412109375,
        "strength": 1.0
      },
      "visual_mass_concentration": 0.19952011108398438,
      "mean_visual_weight": 0.06581589579582214,
      "face_count": 0,
      "has_directional_cues": 0
    },
    "framing_breathing": {
      "frame_in_frame_count": 0,
      "breathing_space": {
        "top": 0.6953125,
        "bottom": 0.25,
        "left": 0.77734375,
        "right": 0.0859375,
        "min_margin": 0.0859375,
        "mean_margin": 0.4521484375
      },
      "corner_anchors": {
        "top_left": 0.33726075291633606,
        "top_right": 0.3790449798107147,
        "bottom_left": 0.24390114843845367,
        "bottom_right": 0.31565597653388977,
        "max_corner_weight": 0.3790449798107147,
        "has_corner_subject": 1
      }
    }
  }
}