{
  "meta": {
    "_dataset": "tvm board - Nov 22nd 2025 (5060 images)",
    "_label": "",
    "_relpath": "3645. .jpg",
    "_filename": "3645. .jpg",
    "_width": 1080,
    "_height": 1141
  },
  "features": {
    "geometric_structural": {
      "leading_lines": {
        "diagonal": 14,
        "vertical": 0,
        "horizontal": 20,
        "curved": 533
      },
      "leading_lines_strength": 1.0480591497227356,
      "symmetry_vertical": 0.39023449270703486,
      "symmetry_horizontal": 0.2595646388872946,
      "symmetry_radial": 0.27396997110358384,
      "rule_of_thirds": {
        "alignment_score": 1,
        "num_salient_objects": 21
      },
      "golden_ratio": {
        "golden_alignment_score": 1
      },
      "balance": {
        "static_balance": 0.9506046772003174,
        "dynamic_balance": 1.0,
        "dominant_quadrant": 0
      },
      "layering": {
        "foreground_ratio": 0.3026513401109057,
        "midground_ratio": 0.24861367837338263,
        "background_ratio": 0.4487349815157117,
        "depth_complexity": 0.6858881027081464
      }
    },
    "spatial_layout": {
      "negative_space_ratio": 0.8224641866913124,
      "subject_isolation": 0.10000288817005545,
      "depth_of_field": {
        "blur_gradient_strength": 498.0977353946389,
        "sharpness_variance": 862384.2576224426,
        "min_sharpness": 6.553572318102597,
        "max_sharpness": 3890.438401783353
      },
      "perspective": {
        "has_vanishing_point": 1,
        "perspective_strength": 0.9876099120703438
      }
    },
    "contrast_color": {
      "high_contrast_ratio": 0.41095771719038815,
      "low_contrast_ratio": 0.5890422828096118,
      "mean_contrast": 18.186843872070312,
      "highlight_ratio": 0.0009783676359802485,
      "shadow_ratio": 0.4656416177749634,
      "midtone_ratio": 0.5333800315856934,
      "warm_color_ratio": 0.13513386668207025,
      "cool_color_ratio": 0.009317958641404805,
      "complementary_color_score": 2.1666666666666665
    },
    "motion_dynamics": {
      "s_curve_count": 354,
      "motion_blur_score": 5.560789640784444,
      "dominant_direction_deg": -85.0,
      "direction_strength": 0.05039134704233194
    },
    "pattern_rhythm": {
      "repetition_score": 1.0,
      "rhythm_score": 1.0,
      "pattern_breaks": 3
    },
    "visual_mass_focus": {
      "point_of_interest": {
        "x": 0.42578125,
        "y": 0.37153419593345655,
        "strength": 1.0
      },
      "visual_mass_concentration": 0.19970973890942698,
      "mean_visual_weight": 0.05188675597310066,
      "face_count": 0,
      "has_directional_cues": 0
    },
    "framing_breathing": {
      "frame_in_frame_count": 0,
      "breathing_space": {
        "top": 0.35489833641404805,
        "bottom": 0.55637707948244,
        "left": 0.548828125,
        "right": 0.0,
        "min_margin": 0.0,
        "mean_margin": 0.365025885224122
      },
      "corner_anchors": {
        "top_left": 0.1859321892261505,
        "top_right": 0.156892329454422,
        "bottom_left": 0.2514709532260895,
        "bottom_right": 0.25342994928359985,
        "max_corner_weight": 0.25342994928359985,
        "has_corner_subject": 0
      }
    }
  }
}