{
  "meta": {
    "_dataset": "tvm board - Nov 22nd 2025 (5060 images)",
    "_label": "",
    "_relpath": "3648. .jpg",
    "_filename": "3648. .jpg",
    "_width": 600,
    "_height": 900
  },
  "features": {
    "geometric_structural": {
      "leading_lines": {
        "diagonal": 42,
        "vertical": 5,
        "horizontal": 5,
        "curved": 579
      },
      "leading_lines_strength": 0.8216145833333334,
      "symmetry_vertical": 0.30871459862321265,
      "symmetry_horizontal": 0.2462975474013232,
      "symmetry_radial": 0.21942124107386377,
      "rule_of_thirds": {
        "alignment_score": 0,
        "num_salient_objects": 20
      },
      "golden_ratio": {
        "golden_alignment_score": 0
      },
      "balance": {
        "static_balance": 0.8925043344497681,
        "dynamic_balance": 1.0,
        "dominant_quadrant": 0
      },
      "layering": {
        "foreground_ratio": 0.3314412434895833,
        "midground_ratio": 0.3158162434895833,
        "background_ratio": 0.3527425130208333,
        "depth_complexity": 0.5057212352516751
      }
    },
    "spatial_layout": {
      "negative_space_ratio": 0.5240351359049479,
      "subject_isolation": 0.10000101725260417,
      "depth_of_field": {
        "blur_gradient_strength": 453.096250815597,
        "sharpness_variance": 383448.7151539506,
        "min_sharpness": 2.258314276249885,
        "max_sharpness": 3183.725105728566
      },
      "perspective": {
        "has_vanishing_point": 1,
        "perspective_strength": 0.9993817492374907
      }
    },
    "contrast_color": {
      "high_contrast_ratio": 0.40583038330078125,
      "low_contrast_ratio": 0.5941696166992188,
      "mean_contrast": 18.50904083251953,
      "highlight_ratio": 0.07855987548828125,
      "shadow_ratio": 0.097808837890625,
      "midtone_ratio": 0.8236312866210938,
      "warm_color_ratio": 0.04550933837890625,
      "cool_color_ratio": 5.8492024739583336e-05,
      "complementary_color_score": 1.2222222222222223
    },
    "motion_dynamics": {
      "s_curve_count": 455,
      "motion_blur_score": 9.790698967724751,
      "dominant_direction_deg": -85.0,
      "direction_strength": 0.055160522460797216
    },
    "pattern_rhythm": {
      "repetition_score": 1.0,
      "rhythm_score": 1.0,
      "pattern_breaks": 6
    },
    "visual_mass_focus": {
      "point_of_interest": {
        "x": 0.32421875,
        "y": 0.15364583333333334,
        "strength": 1.0
      },
      "visual_mass_concentration": 0.1998748779296875,
      "mean_visual_weight": 0.03593287244439125,
      "face_count": 0,
      "has_directional_cues": 0
    },
    "framing_breathing": {
      "frame_in_frame_count": 0,
      "breathing_space": {
        "top": 0.0,
        "bottom": 0.80859375,
        "left": 0.025390625,
        "right": 0.294921875,
        "min_margin": 0.0,
        "mean_margin": 0.2822265625
      },
      "corner_anchors": {
        "top_left": 0.6393584609031677,
        "top_right": 0.38005581498146057,
        "bottom_left": 0.6146515011787415,
        "bottom_right": 0.574006974697113,
        "max_corner_weight": 0.6393584609031677,
        "has_corner_subject": 1
      }
    }
  }
}