{
  "meta": {
    "_dataset": "tvm board - Nov 22nd 2025 (5060 images)",
    "_label": "",
    "_relpath": "3653. .jpg",
    "_filename": "3653. .jpg",
    "_width": 828,
    "_height": 1136
  },
  "features": {
    "geometric_structural": {
      "leading_lines": {
        "diagonal": 0,
        "vertical": 0,
        "horizontal": 0,
        "curved": 76
      },
      "leading_lines_strength": 0.10826210826210826,
      "symmetry_vertical": 0.7392158944212582,
      "symmetry_horizontal": 0.6334426487687544,
      "symmetry_radial": 0.5495706360616511,
      "rule_of_thirds": {
        "alignment_score": 0,
        "num_salient_objects": 3
      },
      "golden_ratio": {
        "golden_alignment_score": 0
      },
      "balance": {
        "static_balance": 0.8872344493865967,
        "dynamic_balance": 1.0,
        "dominant_quadrant": 1
      },
      "layering": {
        "foreground_ratio": 0.22778668091168092,
        "midground_ratio": 0.2890068554131054,
        "background_ratio": 0.4832064636752137,
        "depth_complexity": 0.033623976908347744
      }
    },
    "spatial_layout": {
      "negative_space_ratio": 0.7325721153846154,
      "subject_isolation": 0.10000166933760683,
      "depth_of_field": {
        "blur_gradient_strength": 53.66869822904711,
        "sharpness_variance": 16503.562001527232,
        "min_sharpness": 0.9676265346735448,
        "max_sharpness": 1250.0020184544403
      },
      "perspective": {
        "has_vanishing_point": 0,
        "perspective_strength": 0.0
      }
    },
    "contrast_color": {
      "high_contrast_ratio": 0.32805822649572647,
      "low_contrast_ratio": 0.6719417735042735,
      "mean_contrast": 7.84812593460083,
      "highlight_ratio": 0.0,
      "shadow_ratio": 0.12914274632930756,
      "midtone_ratio": 0.8708572387695312,
      "warm_color_ratio": 0.010455617877492877,
      "cool_color_ratio": 0.0,
      "complementary_color_score": 0.16666666666666666
    },
    "motion_dynamics": {
      "s_curve_count": 63,
      "motion_blur_score": 19.21104172407545,
      "dominant_direction_deg": 4.999999999999995,
      "direction_strength": 0.16473579950096617
    },
    "pattern_rhythm": {
      "repetition_score": 1.0,
      "rhythm_score": 1.0,
      "pattern_breaks": 2
    },
    "visual_mass_focus": {
      "point_of_interest": {
        "x": 0.70703125,
        "y": 0.07977207977207977,
        "strength": 1.0
      },
      "visual_mass_concentration": 0.1984397257834758,
      "mean_visual_weight": 0.029327066615223885,
      "face_count": 0,
      "has_directional_cues": 0
    },
    "framing_breathing": {
      "frame_in_frame_count": 0,
      "breathing_space": {
        "top": 0.0,
        "bottom": 0.7535612535612536,
        "left": 0.33203125,
        "right": 0.0,
        "min_margin": 0.0,
        "mean_margin": 0.2713981258903134
      },
      "corner_anchors": {
        "top_left": 0.15695887804031372,
        "top_right": 0.7904003858566284,
        "bottom_left": 0.5398988723754883,
        "bottom_right": 0.4316295087337494,
        "max_corner_weight": 0.7904003858566284,
        "has_corner_subject": 1
      }
    }
  }
}