{
  "meta": {
    "_dataset": "tvm board - Nov 22nd 2025 (5060 images)",
    "_label": "",
    "_relpath": "3666. \u2606.jpg",
    "_filename": "3666. \u2606.jpg",
    "_width": 484,
    "_height": 484
  },
  "features": {
    "geometric_structural": {
      "leading_lines": {
        "diagonal": 40,
        "vertical": 11,
        "horizontal": 1,
        "curved": 355
      },
      "leading_lines_strength": 0.794921875,
      "symmetry_vertical": 0.17885207208177806,
      "symmetry_horizontal": 0.2878656382228214,
      "symmetry_radial": 0.18593773576920922,
      "rule_of_thirds": {
        "alignment_score": 0,
        "num_salient_objects": 56
      },
      "golden_ratio": {
        "golden_alignment_score": 4
      },
      "balance": {
        "static_balance": 0.921071469783783,
        "dynamic_balance": 1.0,
        "dominant_quadrant": 0
      },
      "layering": {
        "foreground_ratio": 0.30904388427734375,
        "midground_ratio": 0.3575172424316406,
        "background_ratio": 0.3334388732910156,
        "depth_complexity": 0.7083556695453445
      }
    },
    "spatial_layout": {
      "negative_space_ratio": 0.7099876403808594,
      "subject_isolation": 0.10000228881835938,
      "depth_of_field": {
        "blur_gradient_strength": 348.66881851180887,
        "sharpness_variance": 529004.3759208198,
        "min_sharpness": 0.0,
        "max_sharpness": 3581.998970318842
      },
      "perspective": {
        "has_vanishing_point": 1,
        "perspective_strength": 0.9991655969191271
      }
    },
    "contrast_color": {
      "high_contrast_ratio": 0.4068031311035156,
      "low_contrast_ratio": 0.5931968688964844,
      "mean_contrast": 24.582637786865234,
      "highlight_ratio": 0.058612823486328125,
      "shadow_ratio": 0.4793243408203125,
      "midtone_ratio": 0.4620628356933594,
      "warm_color_ratio": 0.000335693359375,
      "cool_color_ratio": 0.059406280517578125,
      "complementary_color_score": 0.16666666666666666
    },
    "motion_dynamics": {
      "s_curve_count": 281,
      "motion_blur_score": 6.692886377558636,
      "dominant_direction_deg": 4.999999999999995,
      "direction_strength": 0.06630706787084081
    },
    "pattern_rhythm": {
      "repetition_score": 1.0,
      "rhythm_score": 1.0,
      "pattern_breaks": 10
    },
    "visual_mass_focus": {
      "point_of_interest": {
        "x": 0.48828125,
        "y": 0.30859375,
        "strength": 1.0
      },
      "visual_mass_concentration": 0.19907760620117188,
      "mean_visual_weight": 0.041748046875,
      "face_count": 0,
      "has_directional_cues": 0
    },
    "framing_breathing": {
      "frame_in_frame_count": 0,
      "breathing_space": {
        "top": 0.166015625,
        "bottom": 0.28515625,
        "left": 0.388671875,
        "right": 0.4296875,
        "min_margin": 0.166015625,
        "mean_margin": 0.3173828125
      },
      "corner_anchors": {
        "top_left": 0.33788570761680603,
        "top_right": 0.35261791944503784,
        "bottom_left": 0.18837431073188782,
        "bottom_right": 0.39997389912605286,
        "max_corner_weight": 0.39997389912605286,
        "has_corner_subject": 1
      }
    }
  }
}