{
  "meta": {
    "_dataset": "tvm board - Nov 22nd 2025 (5060 images)",
    "_label": "",
    "_relpath": "3679. .jpg",
    "_filename": "3679. .jpg",
    "_width": 736,
    "_height": 1274
  },
  "features": {
    "geometric_structural": {
      "leading_lines": {
        "diagonal": 0,
        "vertical": 0,
        "horizontal": 0,
        "curved": 361
      },
      "leading_lines_strength": 0.4074492099322799,
      "symmetry_vertical": 0.4732138183352985,
      "symmetry_horizontal": 0.26398372429114125,
      "symmetry_radial": 0.21410423227017325,
      "rule_of_thirds": {
        "alignment_score": 0,
        "num_salient_objects": 18
      },
      "golden_ratio": {
        "golden_alignment_score": 0
      },
      "balance": {
        "static_balance": 0.8116355538368225,
        "dynamic_balance": 1.0,
        "dominant_quadrant": 0
      },
      "layering": {
        "foreground_ratio": 0.2805710355530474,
        "midground_ratio": 0.29868924590857787,
        "background_ratio": 0.4207397185383747,
        "depth_complexity": 0.5372633352448627
      }
    },
    "spatial_layout": {
      "negative_space_ratio": 0.7203658472065463,
      "subject_isolation": 0.10000176354401806,
      "depth_of_field": {
        "blur_gradient_strength": 526.0049690740822,
        "sharpness_variance": 857076.175049062,
        "min_sharpness": 0.43137254901960786,
        "max_sharpness": 7488.0553633218005
      },
      "perspective": {
        "has_vanishing_point": 1,
        "perspective_strength": 0.8611111111111112
      }
    },
    "contrast_color": {
      "high_contrast_ratio": 0.36257362796275394,
      "low_contrast_ratio": 0.6374263720372461,
      "mean_contrast": 17.403310775756836,
      "highlight_ratio": 0.0,
      "shadow_ratio": 0.6971554160118103,
      "midtone_ratio": 0.3028445839881897,
      "warm_color_ratio": 0.1540477744074492,
      "cool_color_ratio": 0.007909494920993227,
      "complementary_color_score": 2.2777777777777777
    },
    "motion_dynamics": {
      "s_curve_count": 260,
      "motion_blur_score": 5.393738713646001,
      "dominant_direction_deg": 4.999999999999995,
      "direction_strength": 0.19975883535509012
    },
    "pattern_rhythm": {
      "repetition_score": 1.0,
      "rhythm_score": 1.0,
      "pattern_breaks": 5
    },
    "visual_mass_focus": {
      "point_of_interest": {
        "x": 0.40234375,
        "y": 0.14108352144469527,
        "strength": 1.0
      },
      "visual_mass_concentration": 0.19921434113995484,
      "mean_visual_weight": 0.02799420990049839,
      "face_count": 0,
      "has_directional_cues": 0
    },
    "framing_breathing": {
      "frame_in_frame_count": 0,
      "breathing_space": {
        "top": 0.0,
        "bottom": 0.6331828442437923,
        "left": 0.0,
        "right": 0.306640625,
        "min_margin": 0.0,
        "mean_margin": 0.23495586731094809
      },
      "corner_anchors": {
        "top_left": 0.9271963834762573,
        "top_right": 0.8078515529632568,
        "bottom_left": 0.3454323410987854,
        "bottom_right": 0.3598334491252899,
        "max_corner_weight": 0.9271963834762573,
        "has_corner_subject": 1
      }
    }
  }
}