{
  "meta": {
    "_dataset": "tvm board - Nov 22nd 2025 (5060 images)",
    "_label": "",
    "_relpath": "3685. \u22c6.jpg",
    "_filename": "3685. \u22c6.jpg",
    "_width": 900,
    "_height": 1200
  },
  "features": {
    "geometric_structural": {
      "leading_lines": {
        "diagonal": 3,
        "vertical": 0,
        "horizontal": 0,
        "curved": 120
      },
      "leading_lines_strength": 0.1800878477306003,
      "symmetry_vertical": 0.7322413858477641,
      "symmetry_horizontal": 0.44523219406373793,
      "symmetry_radial": 0.4542022919993238,
      "rule_of_thirds": {
        "alignment_score": 0,
        "num_salient_objects": 10
      },
      "golden_ratio": {
        "golden_alignment_score": 0
      },
      "balance": {
        "static_balance": 0.9512407183647156,
        "dynamic_balance": 1.0,
        "dominant_quadrant": 3
      },
      "layering": {
        "foreground_ratio": 0.3046932192532943,
        "midground_ratio": 0.1644628477306003,
        "background_ratio": 0.5308439330161054,
        "depth_complexity": 0.08178493010593833
      }
    },
    "spatial_layout": {
      "negative_space_ratio": 0.3992753706076135,
      "subject_isolation": 0.10000114385065886,
      "depth_of_field": {
        "blur_gradient_strength": 54.84192224662581,
        "sharpness_variance": 15098.205371578439,
        "min_sharpness": 0.35294117647058826,
        "max_sharpness": 867.6522704942545
      },
      "perspective": {
        "has_vanishing_point": 1,
        "perspective_strength": 0.578125
      }
    },
    "contrast_color": {
      "high_contrast_ratio": 0.4633367267569546,
      "low_contrast_ratio": 0.5366632732430454,
      "mean_contrast": 8.619967460632324,
      "highlight_ratio": 0.41643598675727844,
      "shadow_ratio": 0.10676129907369614,
      "midtone_ratio": 0.4768027365207672,
      "warm_color_ratio": 0.08335811676427525,
      "cool_color_ratio": 8.292917276720352e-05,
      "complementary_color_score": 1.5
    },
    "motion_dynamics": {
      "s_curve_count": 123,
      "motion_blur_score": 23.82681641434237,
      "dominant_direction_deg": 4.999999999999995,
      "direction_strength": 0.3249479547940927
    },
    "pattern_rhythm": {
      "repetition_score": 1.0,
      "rhythm_score": 1.0,
      "pattern_breaks": 2
    },
    "visual_mass_focus": {
      "point_of_interest": {
        "x": 0.505859375,
        "y": 0.9341142020497804,
        "strength": 1.0
      },
      "visual_mass_concentration": 0.19927308290629575,
      "mean_visual_weight": 0.03520028293132782,
      "face_count": 0,
      "has_directional_cues": 0
    },
    "framing_breathing": {
      "frame_in_frame_count": 0,
      "breathing_space": {
        "top": 0.739385065885798,
        "bottom": 0.0,
        "left": 0.0,
        "right": 0.625,
        "min_margin": 0.0,
        "mean_margin": 0.3410962664714495
      },
      "corner_anchors": {
        "top_left": 0.45102590322494507,
        "top_right": 0.44503459334373474,
        "bottom_left": 0.7573041915893555,
        "bottom_right": 0.7731384038925171,
        "max_corner_weight": 0.7731384038925171,
        "has_corner_subject": 1
      }
    }
  }
}