{
  "meta": {
    "_dataset": "tvm board - Nov 22nd 2025 (5060 images)",
    "_label": "",
    "_relpath": "3694. rainy day.jpg",
    "_filename": "3694. rainy day.jpg",
    "_width": 900,
    "_height": 1200
  },
  "features": {
    "geometric_structural": {
      "leading_lines": {
        "diagonal": 0,
        "vertical": 2,
        "horizontal": 0,
        "curved": 159
      },
      "leading_lines_strength": 0.23572474377745242,
      "symmetry_vertical": 0.510559825746238,
      "symmetry_horizontal": 0.3143982638385807,
      "symmetry_radial": 0.31128525657643663,
      "rule_of_thirds": {
        "alignment_score": 0,
        "num_salient_objects": 1
      },
      "golden_ratio": {
        "golden_alignment_score": 0
      },
      "balance": {
        "static_balance": 0.957604169845581,
        "dynamic_balance": 1.0,
        "dominant_quadrant": 2
      },
      "layering": {
        "foreground_ratio": 0.29235107064421667,
        "midground_ratio": 0.22752047492679356,
        "background_ratio": 0.48012845442898977,
        "depth_complexity": 0.21436059492285586
      }
    },
    "spatial_layout": {
      "negative_space_ratio": 0.49621957357247437,
      "subject_isolation": 0.10000114385065886,
      "depth_of_field": {
        "blur_gradient_strength": 173.62366593239426,
        "sharpness_variance": 99021.51108188996,
        "min_sharpness": 2.9603998462129955,
        "max_sharpness": 2682.0330642060744
      },
      "perspective": {
        "has_vanishing_point": 1,
        "perspective_strength": 0.9538904899135446
      }
    },
    "contrast_color": {
      "high_contrast_ratio": 0.45327370058565153,
      "low_contrast_ratio": 0.5467262994143485,
      "mean_contrast": 11.77075481414795,
      "highlight_ratio": 4.289440039428882e-05,
      "shadow_ratio": 0.43491488695144653,
      "midtone_ratio": 0.5650421977043152,
      "warm_color_ratio": 0.1917236685578331,
      "cool_color_ratio": 0.002390647877013177,
      "complementary_color_score": 2.611111111111111
    },
    "motion_dynamics": {
      "s_curve_count": 158,
      "motion_blur_score": 8.81426477637841,
      "dominant_direction_deg": 4.999999999999995,
      "direction_strength": 0.08363836017545628
    },
    "pattern_rhythm": {
      "repetition_score": 1.0,
      "rhythm_score": 1.0,
      "pattern_breaks": 0
    },
    "visual_mass_focus": {
      "point_of_interest": {
        "x": 0.65234375,
        "y": 0.23865300146412885,
        "strength": 1.0
      },
      "visual_mass_concentration": 0.1965392798316252,
      "mean_visual_weight": 0.022117802873253822,
      "face_count": 0,
      "has_directional_cues": 0
    },
    "framing_breathing": {
      "frame_in_frame_count": 0,
      "breathing_space": {
        "top": 0.7101024890190337,
        "bottom": 0.0,
        "left": 0.140625,
        "right": 0.56640625,
        "min_margin": 0.0,
        "mean_margin": 0.35428343475475843
      },
      "corner_anchors": {
        "top_left": 0.45924288034439087,
        "top_right": 0.35663115978240967,
        "bottom_left": 0.3776359260082245,
        "bottom_right": 0.3278214633464813,
        "max_corner_weight": 0.45924288034439087,
        "has_corner_subject": 1
      }
    }
  }
}