{
  "meta": {
    "_dataset": "tvm board - Nov 22nd 2025 (5060 images)",
    "_label": "",
    "_relpath": "3703. .jpg",
    "_filename": "3703. .jpg",
    "_width": 736,
    "_height": 1104
  },
  "features": {
    "geometric_structural": {
      "leading_lines": {
        "diagonal": 0,
        "vertical": 3,
        "horizontal": 0,
        "curved": 22
      },
      "leading_lines_strength": 0.032552083333333336,
      "symmetry_vertical": 0.6223701161294446,
      "symmetry_horizontal": 0.34697534568797506,
      "symmetry_radial": 0.3966141676544625,
      "rule_of_thirds": {
        "alignment_score": 0,
        "num_salient_objects": 2
      },
      "golden_ratio": {
        "golden_alignment_score": 0
      },
      "balance": {
        "static_balance": 0.9325575828552246,
        "dynamic_balance": 1.0,
        "dominant_quadrant": 1
      },
      "layering": {
        "foreground_ratio": 0.14663187662760416,
        "midground_ratio": 0.23056793212890625,
        "background_ratio": 0.6228001912434896,
        "depth_complexity": 0.041391403052723034
      }
    },
    "spatial_layout": {
      "negative_space_ratio": 0.5846328735351562,
      "subject_isolation": 0.10000101725260417,
      "depth_of_field": {
        "blur_gradient_strength": 48.60362390387297,
        "sharpness_variance": 6040.454664366185,
        "min_sharpness": 0.0,
        "max_sharpness": 711.4718270750567
      },
      "perspective": {
        "has_vanishing_point": 1,
        "perspective_strength": 0.7333333333333333
      }
    },
    "contrast_color": {
      "high_contrast_ratio": 0.278076171875,
      "low_contrast_ratio": 0.721923828125,
      "mean_contrast": 6.363510608673096,
      "highlight_ratio": 3.0517578125e-05,
      "shadow_ratio": 0.6399383544921875,
      "midtone_ratio": 0.3600311279296875,
      "warm_color_ratio": 0.0,
      "cool_color_ratio": 0.0,
      "complementary_color_score": 0.0
    },
    "motion_dynamics": {
      "s_curve_count": 9,
      "motion_blur_score": 10.596947497425637,
      "dominant_direction_deg": 4.999999999999995,
      "direction_strength": 0.36726379394437847
    },
    "pattern_rhythm": {
      "repetition_score": 1.0,
      "rhythm_score": 1.0,
      "pattern_breaks": 1
    },
    "visual_mass_focus": {
      "point_of_interest": {
        "x": 0.509765625,
        "y": 0.234375,
        "strength": 1.0
      },
      "visual_mass_concentration": 0.0,
      "mean_visual_weight": 0.0,
      "face_count": 0,
      "has_directional_cues": 0
    },
    "framing_breathing": {
      "frame_in_frame_count": 0,
      "breathing_space": {
        "top": 0.0,
        "bottom": 0.5026041666666666,
        "left": 0.267578125,
        "right": 0.0,
        "min_margin": 0.0,
        "mean_margin": 0.19254557291666666
      },
      "corner_anchors": {
        "top_left": 0.36952903866767883,
        "top_right": 0.5776224136352539,
        "bottom_left": 0.5180649757385254,
        "bottom_right": 0.5150658488273621,
        "max_corner_weight": 0.5776224136352539,
        "has_corner_subject": 1
      }
    }
  }
}