{
  "meta": {
    "_dataset": "tvm board - Nov 22nd 2025 (5060 images)",
    "_label": "",
    "_relpath": "3718. .jpg",
    "_filename": "3718. .jpg",
    "_width": 720,
    "_height": 900
  },
  "features": {
    "geometric_structural": {
      "leading_lines": {
        "diagonal": 0,
        "vertical": 7,
        "horizontal": 0,
        "curved": 58
      },
      "leading_lines_strength": 0.1015625,
      "symmetry_vertical": 0.729313347830064,
      "symmetry_horizontal": 0.47180876817274103,
      "symmetry_radial": 0.41683063007528204,
      "rule_of_thirds": {
        "alignment_score": 0,
        "num_salient_objects": 5
      },
      "golden_ratio": {
        "golden_alignment_score": 0
      },
      "balance": {
        "static_balance": 0.9187246561050415,
        "dynamic_balance": 1.0,
        "dominant_quadrant": 2
      },
      "layering": {
        "foreground_ratio": 0.2252899169921875,
        "midground_ratio": 0.1463653564453125,
        "background_ratio": 0.6283447265625,
        "depth_complexity": 0.2526526947019156
      }
    },
    "spatial_layout": {
      "negative_space_ratio": 0.39410400390625,
      "subject_isolation": 0.1,
      "depth_of_field": {
        "blur_gradient_strength": 207.8278373489623,
        "sharpness_variance": 212755.99634292457,
        "min_sharpness": 0.0392156862745098,
        "max_sharpness": 3084.3346250909617
      },
      "perspective": {
        "has_vanishing_point": 1,
        "perspective_strength": 0.7839506172839507
      }
    },
    "contrast_color": {
      "high_contrast_ratio": 0.3341583251953125,
      "low_contrast_ratio": 0.6658416748046875,
      "mean_contrast": 9.090776443481445,
      "highlight_ratio": 0.0,
      "shadow_ratio": 0.3546386659145355,
      "midtone_ratio": 0.6453613042831421,
      "warm_color_ratio": 0.0002685546875,
      "cool_color_ratio": 0.4377655029296875,
      "complementary_color_score": 1.0555555555555556
    },
    "motion_dynamics": {
      "s_curve_count": 37,
      "motion_blur_score": 19.062993306740392,
      "dominant_direction_deg": 4.999999999999995,
      "direction_strength": 0.4531707763658045
    },
    "pattern_rhythm": {
      "repetition_score": 1.0,
      "rhythm_score": 1.0,
      "pattern_breaks": 1
    },
    "visual_mass_focus": {
      "point_of_interest": {
        "x": 0.462890625,
        "y": 0.79375,
        "strength": 1.0
      },
      "visual_mass_concentration": 0.1995086669921875,
      "mean_visual_weight": 0.057105083018541336,
      "face_count": 0,
      "has_directional_cues": 0
    },
    "framing_breathing": {
      "frame_in_frame_count": 0,
      "breathing_space": {
        "top": 0.0,
        "bottom": 0.0,
        "left": 0.0,
        "right": 0.0,
        "min_margin": 0.0,
        "mean_margin": 0.0
      },
      "corner_anchors": {
        "top_left": 0.6885707974433899,
        "top_right": 0.7006626129150391,
        "bottom_left": 0.6371570825576782,
        "bottom_right": 0.2905628979206085,
        "max_corner_weight": 0.7006626129150391,
        "has_corner_subject": 1
      }
    }
  }
}