{
  "meta": {
    "_dataset": "tvm board - Nov 22nd 2025 (5060 images)",
    "_label": "",
    "_relpath": "3711. .jpg",
    "_filename": "3711. .jpg",
    "_width": 640,
    "_height": 853
  },
  "features": {
    "geometric_structural": {
      "leading_lines": {
        "diagonal": 0,
        "vertical": 0,
        "horizontal": 0,
        "curved": 137
      },
      "leading_lines_strength": 0.20087976539589442,
      "symmetry_vertical": 0.5881965782885121,
      "symmetry_horizontal": 0.39495742239659637,
      "symmetry_radial": 0.3857483627199761,
      "rule_of_thirds": {
        "alignment_score": 0,
        "num_salient_objects": 23
      },
      "golden_ratio": {
        "golden_alignment_score": 0
      },
      "balance": {
        "static_balance": 0.7442051768302917,
        "dynamic_balance": 1.0,
        "dominant_quadrant": 2
      },
      "layering": {
        "foreground_ratio": 0.1948371059384164,
        "midground_ratio": 0.26461693548387094,
        "background_ratio": 0.5405459585777126,
        "depth_complexity": 0.1972313525913442
      }
    },
    "spatial_layout": {
      "negative_space_ratio": 0.5761518282624634,
      "subject_isolation": 0.10000171829178886,
      "depth_of_field": {
        "blur_gradient_strength": 216.46493441271443,
        "sharpness_variance": 154681.51739901397,
        "min_sharpness": 0.3137254901960784,
        "max_sharpness": 1928.0327758554406
      },
      "perspective": {
        "has_vanishing_point": 0,
        "perspective_strength": 0.0
      }
    },
    "contrast_color": {
      "high_contrast_ratio": 0.47277939424486803,
      "low_contrast_ratio": 0.527220605755132,
      "mean_contrast": 15.425102233886719,
      "highlight_ratio": 0.04779142141342163,
      "shadow_ratio": 0.17865939438343048,
      "midtone_ratio": 0.7735491991043091,
      "warm_color_ratio": 0.01147246151026393,
      "cool_color_ratio": 0.00021192265395894428,
      "complementary_color_score": 1.1111111111111112
    },
    "motion_dynamics": {
      "s_curve_count": 72,
      "motion_blur_score": 10.2786048311363,
      "dominant_direction_deg": 4.999999999999995,
      "direction_strength": 0.217260813782369
    },
    "pattern_rhythm": {
      "repetition_score": 1.0,
      "rhythm_score": 1.0,
      "pattern_breaks": 5
    },
    "visual_mass_focus": {
      "point_of_interest": {
        "x": 0.083984375,
        "y": 0.6744868035190615,
        "strength": 1.0
      },
      "visual_mass_concentration": 0.19996620692815248,
      "mean_visual_weight": 0.021668804809451103,
      "face_count": 0,
      "has_directional_cues": 0
    },
    "framing_breathing": {
      "frame_in_frame_count": 0,
      "breathing_space": {
        "top": 0.7727272727272727,
        "bottom": 0.0,
        "left": 0.0234375,
        "right": 0.0,
        "min_margin": 0.0,
        "mean_margin": 0.19904119318181818
      },
      "corner_anchors": {
        "top_left": 0.429656445980072,
        "top_right": 0.10795192420482635,
        "bottom_left": 0.6040879487991333,
        "bottom_right": 0.5443025231361389,
        "max_corner_weight": 0.6040879487991333,
        "has_corner_subject": 1
      }
    }
  }
}