{
  "meta": {
    "_dataset": "tvm board - Nov 22nd 2025 (5060 images)",
    "_label": "",
    "_relpath": "3748. .jpg",
    "_filename": "3748. .jpg",
    "_width": 750,
    "_height": 1334
  },
  "features": {
    "geometric_structural": {
      "leading_lines": {
        "diagonal": 9,
        "vertical": 0,
        "horizontal": 21,
        "curved": 166
      },
      "leading_lines_strength": 0.21514818880351264,
      "symmetry_vertical": 0.5617100566377013,
      "symmetry_horizontal": 0.46419373525092505,
      "symmetry_radial": 0.3027028096887166,
      "rule_of_thirds": {
        "alignment_score": 0,
        "num_salient_objects": 5
      },
      "golden_ratio": {
        "golden_alignment_score": 0
      },
      "balance": {
        "static_balance": 0.8206409215927124,
        "dynamic_balance": 1.0,
        "dominant_quadrant": 2
      },
      "layering": {
        "foreground_ratio": 0.2873387760702525,
        "midground_ratio": 0.35583965079582874,
        "background_ratio": 0.35682157313391877,
        "depth_complexity": 0.16156379356660475
      }
    },
    "spatial_layout": {
      "negative_space_ratio": 0.3599645821899012,
      "subject_isolation": 0.1000017151481888,
      "depth_of_field": {
        "blur_gradient_strength": 156.4740461030058,
        "sharpness_variance": 50231.295317369826,
        "min_sharpness": 1.6147931155334483,
        "max_sharpness": 1479.7302049118716
      },
      "perspective": {
        "has_vanishing_point": 1,
        "perspective_strength": 0.9954109303295786
      }
    },
    "contrast_color": {
      "high_contrast_ratio": 0.37282176180021953,
      "low_contrast_ratio": 0.6271782381997805,
      "mean_contrast": 20.50471305847168,
      "highlight_ratio": 0.0025405632331967354,
      "shadow_ratio": 0.2883807420730591,
      "midtone_ratio": 0.7090786695480347,
      "warm_color_ratio": 0.0015607848518111964,
      "cool_color_ratio": 0.92676317233809,
      "complementary_color_score": 2.0
    },
    "motion_dynamics": {
      "s_curve_count": 176,
      "motion_blur_score": 10.282933028105418,
      "dominant_direction_deg": 4.999999999999995,
      "direction_strength": 0.13596622873187095
    },
    "pattern_rhythm": {
      "repetition_score": 1.0,
      "rhythm_score": 1.0,
      "pattern_breaks": 1
    },
    "visual_mass_focus": {
      "point_of_interest": {
        "x": 0.921875,
        "y": 0.7881448957189902,
        "strength": 1.0
      },
      "visual_mass_concentration": 0.19988765779363338,
      "mean_visual_weight": 0.12446581572294235,
      "face_count": 0,
      "has_directional_cues": 0
    },
    "framing_breathing": {
      "frame_in_frame_count": 0,
      "breathing_space": {
        "top": 0.0,
        "bottom": 0.986827661909989,
        "left": 0.0,
        "right": 0.0,
        "min_margin": 0.0,
        "mean_margin": 0.24670691547749726
      },
      "corner_anchors": {
        "top_left": 0.2336309850215912,
        "top_right": 0.21727819740772247,
        "bottom_left": 0.31442686915397644,
        "bottom_right": 0.38174763321876526,
        "max_corner_weight": 0.38174763321876526,
        "has_corner_subject": 1
      }
    }
  }
}