{
  "meta": {
    "_dataset": "tvm board - Nov 22nd 2025 (5060 images)",
    "_label": "",
    "_relpath": "3741. .jpg",
    "_filename": "3741. .jpg",
    "_width": 736,
    "_height": 981
  },
  "features": {
    "geometric_structural": {
      "leading_lines": {
        "diagonal": 3,
        "vertical": 2,
        "horizontal": 0,
        "curved": 131
      },
      "leading_lines_strength": 0.19941348973607037,
      "symmetry_vertical": 0.54163689467814,
      "symmetry_horizontal": 0.501422876313443,
      "symmetry_radial": 0.3864087433803056,
      "rule_of_thirds": {
        "alignment_score": 0,
        "num_salient_objects": 21
      },
      "golden_ratio": {
        "golden_alignment_score": 0
      },
      "balance": {
        "static_balance": 0.9123001098632812,
        "dynamic_balance": 1.0,
        "dominant_quadrant": 3
      },
      "layering": {
        "foreground_ratio": 0.32264651301319647,
        "midground_ratio": 0.1497863590542522,
        "background_ratio": 0.5275671279325513,
        "depth_complexity": 0.11505584090333044
      }
    },
    "spatial_layout": {
      "negative_space_ratio": 0.5175953079178885,
      "subject_isolation": 0.10000171829178886,
      "depth_of_field": {
        "blur_gradient_strength": 80.43413379195907,
        "sharpness_variance": 21024.80317568096,
        "min_sharpness": 0.5620915032679739,
        "max_sharpness": 780.6360053825451
      },
      "perspective": {
        "has_vanishing_point": 1,
        "perspective_strength": 0.8977272727272727
      }
    },
    "contrast_color": {
      "high_contrast_ratio": 0.3836859649926686,
      "low_contrast_ratio": 0.6163140350073314,
      "mean_contrast": 10.158906936645508,
      "highlight_ratio": 0.0,
      "shadow_ratio": 0.5528976321220398,
      "midtone_ratio": 0.4471023678779602,
      "warm_color_ratio": 0.0,
      "cool_color_ratio": 1.0,
      "complementary_color_score": 0.0
    },
    "motion_dynamics": {
      "s_curve_count": 117,
      "motion_blur_score": 9.958670021050501,
      "dominant_direction_deg": 4.999999999999995,
      "direction_strength": 0.1040253848970628
    },
    "pattern_rhythm": {
      "repetition_score": 1.0,
      "rhythm_score": 1.0,
      "pattern_breaks": 4
    },
    "visual_mass_focus": {
      "point_of_interest": {
        "x": 0.708984375,
        "y": 0.8870967741935484,
        "strength": 1.0
      },
      "visual_mass_concentration": 0.19990893053519063,
      "mean_visual_weight": 0.15953189134597778,
      "face_count": 0,
      "has_directional_cues": 0
    },
    "framing_breathing": {
      "frame_in_frame_count": 0,
      "breathing_space": {
        "top": 0.5087976539589443,
        "bottom": 0.10557184750733138,
        "left": 0.435546875,
        "right": 0.201171875,
        "min_margin": 0.10557184750733138,
        "mean_margin": 0.3127720628665689
      },
      "corner_anchors": {
        "top_left": 0.31160375475883484,
        "top_right": 0.233816459774971,
        "bottom_left": 0.5362088680267334,
        "bottom_right": 0.4491117596626282,
        "max_corner_weight": 0.5362088680267334,
        "has_corner_subject": 1
      }
    }
  }
}