{
  "meta": {
    "_dataset": "tvm board - Nov 22nd 2025 (5060 images)",
    "_label": "",
    "_relpath": "3768. Depot and.jpg",
    "_filename": "3768. Depot and.jpg",
    "_width": 480,
    "_height": 640
  },
  "features": {
    "geometric_structural": {
      "leading_lines": {
        "diagonal": 22,
        "vertical": 0,
        "horizontal": 8,
        "curved": 247
      },
      "leading_lines_strength": 0.4055636896046852,
      "symmetry_vertical": 0.5517686311334399,
      "symmetry_horizontal": 0.23487178141114026,
      "symmetry_radial": 0.25853820359261065,
      "rule_of_thirds": {
        "alignment_score": 0,
        "num_salient_objects": 1
      },
      "golden_ratio": {
        "golden_alignment_score": 0
      },
      "balance": {
        "static_balance": 0.9445828199386597,
        "dynamic_balance": 1.0,
        "dominant_quadrant": 0
      },
      "layering": {
        "foreground_ratio": 0.316583546852123,
        "midground_ratio": 0.11848291087115666,
        "background_ratio": 0.5649335422767203,
        "depth_complexity": 0.11049794545421658
      }
    },
    "spatial_layout": {
      "negative_space_ratio": 0.6265098828696926,
      "subject_isolation": 0.10000114385065886,
      "depth_of_field": {
        "blur_gradient_strength": 66.19799259675304,
        "sharpness_variance": 15546.106502989343,
        "min_sharpness": 2.754325259515571,
        "max_sharpness": 447.4797955005328
      },
      "perspective": {
        "has_vanishing_point": 1,
        "perspective_strength": 0.9919470808167961
      }
    },
    "contrast_color": {
      "high_contrast_ratio": 0.4630450448389458,
      "low_contrast_ratio": 0.5369549551610542,
      "mean_contrast": 10.285947799682617,
      "highlight_ratio": 1.1438506589911412e-05,
      "shadow_ratio": 0.5207980871200562,
      "midtone_ratio": 0.479190468788147,
      "warm_color_ratio": 0.01478712939238653,
      "cool_color_ratio": 0.6493154053806734,
      "complementary_color_score": 2.3333333333333335
    },
    "motion_dynamics": {
      "s_curve_count": 211,
      "motion_blur_score": 14.230727753043926,
      "dominant_direction_deg": -85.0,
      "direction_strength": 0.07158789348442193
    },
    "pattern_rhythm": {
      "repetition_score": 1.0,
      "rhythm_score": 1.0,
      "pattern_breaks": 1
    },
    "visual_mass_focus": {
      "point_of_interest": {
        "x": 0.439453125,
        "y": 0.10395314787701318,
        "strength": 1.0
      },
      "visual_mass_concentration": 0.19858963213762812,
      "mean_visual_weight": 0.10147374868392944,
      "face_count": 0,
      "has_directional_cues": 0
    },
    "framing_breathing": {
      "frame_in_frame_count": 0,
      "breathing_space": {
        "top": 0.0,
        "bottom": 0.636896046852123,
        "left": 0.0,
        "right": 0.0,
        "min_margin": 0.0,
        "mean_margin": 0.15922401171303074
      },
      "corner_anchors": {
        "top_left": 0.8767574429512024,
        "top_right": 0.7972316145896912,
        "bottom_left": 0.5152866244316101,
        "bottom_right": 0.6000251770019531,
        "max_corner_weight": 0.8767574429512024,
        "has_corner_subject": 1
      }
    }
  }
}