{
  "meta": {
    "_dataset": "tvm board - Nov 22nd 2025 (5060 images)",
    "_label": "",
    "_relpath": "3766. .jpg",
    "_filename": "3766. .jpg",
    "_width": 534,
    "_height": 799
  },
  "features": {
    "geometric_structural": {
      "leading_lines": {
        "diagonal": 0,
        "vertical": 7,
        "horizontal": 0,
        "curved": 49
      },
      "leading_lines_strength": 0.0731070496083551,
      "symmetry_vertical": 0.37496983552605867,
      "symmetry_horizontal": 0.5772844220173937,
      "symmetry_radial": 0.35550032666017994,
      "rule_of_thirds": {
        "alignment_score": 1,
        "num_salient_objects": 9
      },
      "golden_ratio": {
        "golden_alignment_score": 0
      },
      "balance": {
        "static_balance": 0.8360224962234497,
        "dynamic_balance": 1.0,
        "dominant_quadrant": 0
      },
      "layering": {
        "foreground_ratio": 0.2397754161227154,
        "midground_ratio": 0.171706715078329,
        "background_ratio": 0.5885178687989556,
        "depth_complexity": 0.07827686930389627
      }
    },
    "spatial_layout": {
      "negative_space_ratio": 0.9661211855417755,
      "subject_isolation": 0.0999994900456919,
      "depth_of_field": {
        "blur_gradient_strength": 82.37490971863227,
        "sharpness_variance": 20675.49530732741,
        "min_sharpness": 2.196078431372549,
        "max_sharpness": 1081.956869869794
      },
      "perspective": {
        "has_vanishing_point": 1,
        "perspective_strength": 0.5208333333333334
      }
    },
    "contrast_color": {
      "high_contrast_ratio": 0.2798425261096606,
      "low_contrast_ratio": 0.7201574738903394,
      "mean_contrast": 13.987815856933594,
      "highlight_ratio": 0.015268032439053059,
      "shadow_ratio": 0.752330482006073,
      "midtone_ratio": 0.23240149021148682,
      "warm_color_ratio": 0.08615678035248042,
      "cool_color_ratio": 0.5175271295691906,
      "complementary_color_score": 2.6666666666666665
    },
    "motion_dynamics": {
      "s_curve_count": 76,
      "motion_blur_score": 7.45715541001219,
      "dominant_direction_deg": 4.999999999999995,
      "direction_strength": 0.07130946067214193
    },
    "pattern_rhythm": {
      "repetition_score": 1.0,
      "rhythm_score": 1.0,
      "pattern_breaks": 8
    },
    "visual_mass_focus": {
      "point_of_interest": {
        "x": 0.380859375,
        "y": 0.1801566579634465,
        "strength": 1.0
      },
      "visual_mass_concentration": 0.1998306951697128,
      "mean_visual_weight": 0.04832403361797333,
      "face_count": 0,
      "has_directional_cues": 0
    },
    "framing_breathing": {
      "frame_in_frame_count": 0,
      "breathing_space": {
        "top": 0.2558746736292428,
        "bottom": 0.6906005221932114,
        "left": 0.890625,
        "right": 0.0,
        "min_margin": 0.0,
        "mean_margin": 0.45927504895561355
      },
      "corner_anchors": {
        "top_left": 0.26472312211990356,
        "top_right": 0.16776594519615173,
        "bottom_left": 0.06933203339576721,
        "bottom_right": 0.17190730571746826,
        "max_corner_weight": 0.26472312211990356,
        "has_corner_subject": 0
      }
    }
  }
}