{
  "meta": {
    "_dataset": "tvm board - Nov 22nd 2025 (5060 images)",
    "_label": "",
    "_relpath": "3771. .jpg",
    "_filename": "3771. .jpg",
    "_width": 736,
    "_height": 1308
  },
  "features": {
    "geometric_structural": {
      "leading_lines": {
        "diagonal": 19,
        "vertical": 0,
        "horizontal": 1,
        "curved": 412
      },
      "leading_lines_strength": 0.4747252747252747,
      "symmetry_vertical": 0.5232880224871418,
      "symmetry_horizontal": 0.460362236642627,
      "symmetry_radial": 0.3252384555738253,
      "rule_of_thirds": {
        "alignment_score": 0,
        "num_salient_objects": 18
      },
      "golden_ratio": {
        "golden_alignment_score": 1
      },
      "balance": {
        "static_balance": 0.8946312665939331,
        "dynamic_balance": 1.0,
        "dominant_quadrant": 0
      },
      "layering": {
        "foreground_ratio": 0.2851197630494505,
        "midground_ratio": 0.3745514251373626,
        "background_ratio": 0.3403288118131868,
        "depth_complexity": 0.25132673825641133
      }
    },
    "spatial_layout": {
      "negative_space_ratio": 0.7781292925824176,
      "subject_isolation": 0.1,
      "depth_of_field": {
        "blur_gradient_strength": 192.50946179326178,
        "sharpness_variance": 176858.85001539314,
        "min_sharpness": 2.099996142021501,
        "max_sharpness": 2591.36139931393
      },
      "perspective": {
        "has_vanishing_point": 1,
        "perspective_strength": 0.9917675544794189
      }
    },
    "contrast_color": {
      "high_contrast_ratio": 0.4144187843406593,
      "low_contrast_ratio": 0.5855812156593407,
      "mean_contrast": 13.827783584594727,
      "highlight_ratio": 0.0,
      "shadow_ratio": 0.6240105628967285,
      "midtone_ratio": 0.3759894371032715,
      "warm_color_ratio": 0.05467676854395604,
      "cool_color_ratio": 0.0005580357142857143,
      "complementary_color_score": 1.3333333333333333
    },
    "motion_dynamics": {
      "s_curve_count": 290,
      "motion_blur_score": 7.301826317002824,
      "dominant_direction_deg": 4.999999999999995,
      "direction_strength": 0.10320226648329497
    },
    "pattern_rhythm": {
      "repetition_score": 1.0,
      "rhythm_score": 1.0,
      "pattern_breaks": 3
    },
    "visual_mass_focus": {
      "point_of_interest": {
        "x": 0.326171875,
        "y": 0.41318681318681316,
        "strength": 1.0
      },
      "visual_mass_concentration": 0.19996565934065935,
      "mean_visual_weight": 0.021119054406881332,
      "face_count": 0,
      "has_directional_cues": 0
    },
    "framing_breathing": {
      "frame_in_frame_count": 0,
      "breathing_space": {
        "top": 0.3252747252747253,
        "bottom": 0.43736263736263736,
        "left": 0.123046875,
        "right": 0.5234375,
        "min_margin": 0.123046875,
        "mean_margin": 0.35228043440934065
      },
      "corner_anchors": {
        "top_left": 0.12767991423606873,
        "top_right": 0.15010643005371094,
        "bottom_left": 0.275301069021225,
        "bottom_right": 0.2374739944934845,
        "max_corner_weight": 0.275301069021225,
        "has_corner_subject": 0
      }
    }
  }
}