{
  "meta": {
    "_dataset": "tvm board - Nov 22nd 2025 (5060 images)",
    "_label": "",
    "_relpath": "3779. \u2014 folklore.jpg",
    "_filename": "3779. \u2014 folklore.jpg",
    "_width": 750,
    "_height": 1125
  },
  "features": {
    "geometric_structural": {
      "leading_lines": {
        "diagonal": 5,
        "vertical": 1,
        "horizontal": 0,
        "curved": 277
      },
      "leading_lines_strength": 0.3684895833333333,
      "symmetry_vertical": 0.5352510718092707,
      "symmetry_horizontal": 0.43412512282968585,
      "symmetry_radial": 0.3848456742758412,
      "rule_of_thirds": {
        "alignment_score": 0,
        "num_salient_objects": 8
      },
      "golden_ratio": {
        "golden_alignment_score": 0
      },
      "balance": {
        "static_balance": 0.9377366304397583,
        "dynamic_balance": 1.0,
        "dominant_quadrant": 0
      },
      "layering": {
        "foreground_ratio": 0.23899332682291666,
        "midground_ratio": 0.2758026123046875,
        "background_ratio": 0.4852040608723958,
        "depth_complexity": 0.1463443420389602
      }
    },
    "spatial_layout": {
      "negative_space_ratio": 0.7172876993815104,
      "subject_isolation": 0.10000101725260417,
      "depth_of_field": {
        "blur_gradient_strength": 90.4124143578741,
        "sharpness_variance": 48168.11208514299,
        "min_sharpness": 5.397140158880719,
        "max_sharpness": 1337.0981574679008
      },
      "perspective": {
        "has_vanishing_point": 1,
        "perspective_strength": 0.9941002949852508
      }
    },
    "contrast_color": {
      "high_contrast_ratio": 0.31789398193359375,
      "low_contrast_ratio": 0.6821060180664062,
      "mean_contrast": 9.22157096862793,
      "highlight_ratio": 4.323323446442373e-05,
      "shadow_ratio": 0.689056396484375,
      "midtone_ratio": 0.31090039014816284,
      "warm_color_ratio": 0.2279688517252604,
      "cool_color_ratio": 0.0,
      "complementary_color_score": 0.0
    },
    "motion_dynamics": {
      "s_curve_count": 211,
      "motion_blur_score": 7.60851709624297,
      "dominant_direction_deg": 4.999999999999995,
      "direction_strength": 0.04325358072905667
    },
    "pattern_rhythm": {
      "repetition_score": 1.0,
      "rhythm_score": 1.0,
      "pattern_breaks": 0
    },
    "visual_mass_focus": {
      "point_of_interest": {
        "x": 0.359375,
        "y": 0.09114583333333333,
        "strength": 1.0
      },
      "visual_mass_concentration": 0.19297281901041666,
      "mean_visual_weight": 0.03676660731434822,
      "face_count": 0,
      "has_directional_cues": 0
    },
    "framing_breathing": {
      "frame_in_frame_count": 0,
      "breathing_space": {
        "top": 0.0,
        "bottom": 0.9505208333333334,
        "left": 0.453125,
        "right": 0.46875,
        "min_margin": 0.0,
        "mean_margin": 0.46809895833333337
      },
      "corner_anchors": {
        "top_left": 0.12459073215723038,
        "top_right": 0.19528786838054657,
        "bottom_left": 0.1920076161623001,
        "bottom_right": 0.17553749680519104,
        "max_corner_weight": 0.19528786838054657,
        "has_corner_subject": 0
      }
    }
  }
}