{
  "meta": {
    "_dataset": "tvm board - Nov 22nd 2025 (5060 images)",
    "_label": "",
    "_relpath": "3780. .jpg",
    "_filename": "3780. .jpg",
    "_width": 736,
    "_height": 981
  },
  "features": {
    "geometric_structural": {
      "leading_lines": {
        "diagonal": 0,
        "vertical": 0,
        "horizontal": 0,
        "curved": 59
      },
      "leading_lines_strength": 0.08651026392961877,
      "symmetry_vertical": 0.535805891719467,
      "symmetry_horizontal": 0.377198332765596,
      "symmetry_radial": 0.34963815007819443,
      "rule_of_thirds": {
        "alignment_score": 0,
        "num_salient_objects": 2
      },
      "golden_ratio": {
        "golden_alignment_score": 0
      },
      "balance": {
        "static_balance": 0.8368759155273438,
        "dynamic_balance": 1.0,
        "dominant_quadrant": 0
      },
      "layering": {
        "foreground_ratio": 0.21294790139296188,
        "midground_ratio": 0.17292029417155425,
        "background_ratio": 0.6141318044354839,
        "depth_complexity": 0.05568798663938273
      }
    },
    "spatial_layout": {
      "negative_space_ratio": 0.8526707982038123,
      "subject_isolation": 0.10000171829178886,
      "depth_of_field": {
        "blur_gradient_strength": 54.46977714408602,
        "sharpness_variance": 11382.045669933881,
        "min_sharpness": 3.6212981698548203,
        "max_sharpness": 1058.4560745866975
      },
      "perspective": {
        "has_vanishing_point": 1,
        "perspective_strength": 0.8666666666666667
      }
    },
    "contrast_color": {
      "high_contrast_ratio": 0.3205902905058651,
      "low_contrast_ratio": 0.6794097094941349,
      "mean_contrast": 11.336237907409668,
      "highlight_ratio": 0.05006815865635872,
      "shadow_ratio": 0.7337048649787903,
      "midtone_ratio": 0.2162269949913025,
      "warm_color_ratio": 0.050254307184750734,
      "cool_color_ratio": 0.0027922241568914957,
      "complementary_color_score": 3.3333333333333335
    },
    "motion_dynamics": {
      "s_curve_count": 54,
      "motion_blur_score": 12.32651507294477,
      "dominant_direction_deg": -85.0,
      "direction_strength": 0.06521776484585429
    },
    "pattern_rhythm": {
      "repetition_score": 1.0,
      "rhythm_score": 1.0,
      "pattern_breaks": 1
    },
    "visual_mass_focus": {
      "point_of_interest": {
        "x": 0.416015625,
        "y": 0.0469208211143695,
        "strength": 1.0
      },
      "visual_mass_concentration": 0.17320953995601174,
      "mean_visual_weight": 0.015256599523127079,
      "face_count": 0,
      "has_directional_cues": 0
    },
    "framing_breathing": {
      "frame_in_frame_count": 0,
      "breathing_space": {
        "top": 0.0,
        "bottom": 0.8489736070381232,
        "left": 0.087890625,
        "right": 0.294921875,
        "min_margin": 0.0,
        "mean_margin": 0.3079465267595308
      },
      "corner_anchors": {
        "top_left": 0.23776119947433472,
        "top_right": 0.11940817534923553,
        "bottom_left": 0.20287342369556427,
        "bottom_right": 0.13542310893535614,
        "max_corner_weight": 0.23776119947433472,
        "has_corner_subject": 0
      }
    }
  }
}