{
  "meta": {
    "_dataset": "tvm board - Nov 22nd 2025 (5060 images)",
    "_label": "",
    "_relpath": "3786. .jpg",
    "_filename": "3786. .jpg",
    "_width": 466,
    "_height": 700
  },
  "features": {
    "geometric_structural": {
      "leading_lines": {
        "diagonal": 0,
        "vertical": 0,
        "horizontal": 0,
        "curved": 43
      },
      "leading_lines_strength": 0.055916775032509754,
      "symmetry_vertical": 0.6359107722679082,
      "symmetry_horizontal": 0.47173326726203096,
      "symmetry_radial": 0.3805118984726343,
      "rule_of_thirds": {
        "alignment_score": 4,
        "num_salient_objects": 59
      },
      "golden_ratio": {
        "golden_alignment_score": 7
      },
      "balance": {
        "static_balance": 0.8939215540885925,
        "dynamic_balance": 1.0,
        "dominant_quadrant": 1
      },
      "layering": {
        "foreground_ratio": 0.2975455136540962,
        "midground_ratio": 0.2981576113459038,
        "background_ratio": 0.404296875,
        "depth_complexity": 0.05299531146662747
      }
    },
    "spatial_layout": {
      "negative_space_ratio": 0.6237758046163849,
      "subject_isolation": 0.10000050796488946,
      "depth_of_field": {
        "blur_gradient_strength": 50.53617530594786,
        "sharpness_variance": 7951.369723241809,
        "min_sharpness": 0.0,
        "max_sharpness": 710.8554214427627
      },
      "perspective": {
        "has_vanishing_point": 0,
        "perspective_strength": 0.0
      }
    },
    "contrast_color": {
      "high_contrast_ratio": 0.3313404177503251,
      "low_contrast_ratio": 0.6686595822496749,
      "mean_contrast": 6.271590232849121,
      "highlight_ratio": 0.0,
      "shadow_ratio": 0.6467916965484619,
      "midtone_ratio": 0.3532083034515381,
      "warm_color_ratio": 0.0021766295513654097,
      "cool_color_ratio": 0.017189531859557867,
      "complementary_color_score": 2.4444444444444446
    },
    "motion_dynamics": {
      "s_curve_count": 37,
      "motion_blur_score": 12.424507205199069,
      "dominant_direction_deg": 4.999999999999995,
      "direction_strength": 0.23275713182645694
    },
    "pattern_rhythm": {
      "repetition_score": 1.0,
      "rhythm_score": 1.0,
      "pattern_breaks": 24
    },
    "visual_mass_focus": {
      "point_of_interest": {
        "x": 0.541015625,
        "y": 0.24577373211963588,
        "strength": 1.0
      },
      "visual_mass_concentration": 0.19332381745773733,
      "mean_visual_weight": 0.01595553755760193,
      "face_count": 0,
      "has_directional_cues": 0
    },
    "framing_breathing": {
      "frame_in_frame_count": 0,
      "breathing_space": {
        "top": 0.0,
        "bottom": 0.5045513654096229,
        "left": 0.5546875,
        "right": 0.12890625,
        "min_margin": 0.0,
        "mean_margin": 0.2970362788524057
      },
      "corner_anchors": {
        "top_left": 0.45144224166870117,
        "top_right": 0.6173298954963684,
        "bottom_left": 0.4762181341648102,
        "bottom_right": 0.47151505947113037,
        "max_corner_weight": 0.6173298954963684,
        "has_corner_subject": 1
      }
    }
  }
}