{
  "meta": {
    "_dataset": "tvm board - Nov 22nd 2025 (5060 images)",
    "_label": "",
    "_relpath": "3800. \ud80c\udefc\ud80c\udf4a.jpg",
    "_filename": "3800. \ud80c\udefc\ud80c\udf4a.jpg",
    "_width": 683,
    "_height": 1018
  },
  "features": {
    "geometric_structural": {
      "leading_lines": {
        "diagonal": 0,
        "vertical": 0,
        "horizontal": 0,
        "curved": 229
      },
      "leading_lines_strength": 0.30013106159895153,
      "symmetry_vertical": 0.5438315525559436,
      "symmetry_horizontal": 0.522708232793112,
      "symmetry_radial": 0.3987598709590567,
      "rule_of_thirds": {
        "alignment_score": 0,
        "num_salient_objects": 4
      },
      "golden_ratio": {
        "golden_alignment_score": 0
      },
      "balance": {
        "static_balance": 0.8696626424789429,
        "dynamic_balance": 1.0,
        "dominant_quadrant": 2
      },
      "layering": {
        "foreground_ratio": 0.24496743938401047,
        "midground_ratio": 0.2902169683813893,
        "background_ratio": 0.4648155922346003,
        "depth_complexity": 0.2344404770413763
      }
    },
    "spatial_layout": {
      "negative_space_ratio": 0.6831150679882044,
      "subject_isolation": 0.10000102391874181,
      "depth_of_field": {
        "blur_gradient_strength": 199.38346791009707,
        "sharpness_variance": 85850.76056226426,
        "min_sharpness": 6.312187620146097,
        "max_sharpness": 1765.2185305358998
      },
      "perspective": {
        "has_vanishing_point": 1,
        "perspective_strength": 0.8928571428571429
      }
    },
    "contrast_color": {
      "high_contrast_ratio": 0.406662127293578,
      "low_contrast_ratio": 0.593337872706422,
      "mean_contrast": 8.323555946350098,
      "highlight_ratio": 0.0,
      "shadow_ratio": 0.8926702737808228,
      "midtone_ratio": 0.10732972621917725,
      "warm_color_ratio": 0.011076240989515072,
      "cool_color_ratio": 0.007477166612057667,
      "complementary_color_score": 2.0
    },
    "motion_dynamics": {
      "s_curve_count": 164,
      "motion_blur_score": 6.476195823498034,
      "dominant_direction_deg": 4.999999999999995,
      "direction_strength": 0.04335527932492178
    },
    "pattern_rhythm": {
      "repetition_score": 1.0,
      "rhythm_score": 1.0,
      "pattern_breaks": 0
    },
    "visual_mass_focus": {
      "point_of_interest": {
        "x": 0.40625,
        "y": 0.2817824377457405,
        "strength": 1.0
      },
      "visual_mass_concentration": 0.1993851367955439,
      "mean_visual_weight": 0.013567515648901463,
      "face_count": 0,
      "has_directional_cues": 0
    },
    "framing_breathing": {
      "frame_in_frame_count": 0,
      "breathing_space": {
        "top": 0.5163826998689384,
        "bottom": 0.4456094364351245,
        "left": 0.470703125,
        "right": 0.490234375,
        "min_margin": 0.4456094364351245,
        "mean_margin": 0.4807324090760157
      },
      "corner_anchors": {
        "top_left": 0.12657451629638672,
        "top_right": 0.08016962558031082,
        "bottom_left": 0.165801003575325,
        "bottom_right": 0.14940530061721802,
        "max_corner_weight": 0.165801003575325,
        "has_corner_subject": 0
      }
    }
  }
}