{
  "meta": {
    "_dataset": "tvm board - Nov 22nd 2025 (5060 images)",
    "_label": "",
    "_relpath": "3807. .jpg",
    "_filename": "3807. .jpg",
    "_width": 828,
    "_height": 1243
  },
  "features": {
    "geometric_structural": {
      "leading_lines": {
        "diagonal": 11,
        "vertical": 0,
        "horizontal": 1,
        "curved": 156
      },
      "leading_lines_strength": 0.21846553966189858,
      "symmetry_vertical": 0.5188222602741861,
      "symmetry_horizontal": 0.36013629743169473,
      "symmetry_radial": 0.2990618354449697,
      "rule_of_thirds": {
        "alignment_score": 0,
        "num_salient_objects": 2
      },
      "golden_ratio": {
        "golden_alignment_score": 0
      },
      "balance": {
        "static_balance": 0.8958414196968079,
        "dynamic_balance": 1.0,
        "dominant_quadrant": 0
      },
      "layering": {
        "foreground_ratio": 0.2780447415474642,
        "midground_ratio": 0.12339737077373213,
        "background_ratio": 0.5985578876788037,
        "depth_complexity": 0.1143449770900228
      }
    },
    "spatial_layout": {
      "negative_space_ratio": 0.669937113946684,
      "subject_isolation": 0.10000050796488946,
      "depth_of_field": {
        "blur_gradient_strength": 75.42544651828672,
        "sharpness_variance": 28882.235128274664,
        "min_sharpness": 1.9004229142637445,
        "max_sharpness": 1098.3918396511797
      },
      "perspective": {
        "has_vanishing_point": 1,
        "perspective_strength": 0.978448275862069
      }
    },
    "contrast_color": {
      "high_contrast_ratio": 0.37680581518205464,
      "low_contrast_ratio": 0.6231941848179454,
      "mean_contrast": 12.771469116210938,
      "highlight_ratio": 0.009587837383151054,
      "shadow_ratio": 0.4049902558326721,
      "midtone_ratio": 0.5854219198226929,
      "warm_color_ratio": 0.0021105941157347203,
      "cool_color_ratio": 0.2787101755526658,
      "complementary_color_score": 0.6666666666666666
    },
    "motion_dynamics": {
      "s_curve_count": 194,
      "motion_blur_score": 12.578614288798619,
      "dominant_direction_deg": 4.999999999999995,
      "direction_strength": 0.07589249431060048
    },
    "pattern_rhythm": {
      "repetition_score": 1.0,
      "rhythm_score": 1.0,
      "pattern_breaks": 1
    },
    "visual_mass_focus": {
      "point_of_interest": {
        "x": 0.330078125,
        "y": 0.12743823146944083,
        "strength": 1.0
      },
      "visual_mass_concentration": 0.19702942132639792,
      "mean_visual_weight": 0.051134802401065826,
      "face_count": 0,
      "has_directional_cues": 0
    },
    "framing_breathing": {
      "frame_in_frame_count": 0,
      "breathing_space": {
        "top": 0.0,
        "bottom": 0.6918075422626788,
        "left": 0.0,
        "right": 0.177734375,
        "min_margin": 0.0,
        "mean_margin": 0.2173854793156697
      },
      "corner_anchors": {
        "top_left": 0.6329070925712585,
        "top_right": 0.3931727409362793,
        "bottom_left": 0.3100750148296356,
        "bottom_right": 0.4479219317436218,
        "max_corner_weight": 0.6329070925712585,
        "has_corner_subject": 1
      }
    }
  }
}