{
  "meta": {
    "_dataset": "tvm board - Nov 22nd 2025 (5060 images)",
    "_label": "",
    "_relpath": "3818. Foggy mountains.jpg",
    "_filename": "3818. Foggy mountains.jpg",
    "_width": 1224,
    "_height": 1632
  },
  "features": {
    "geometric_structural": {
      "leading_lines": {
        "diagonal": 0,
        "vertical": 0,
        "horizontal": 0,
        "curved": 12
      },
      "leading_lines_strength": 0.017569546120058566,
      "symmetry_vertical": 0.8540086790737509,
      "symmetry_horizontal": 0.2578996394460999,
      "symmetry_radial": 0.3869661020998872,
      "rule_of_thirds": {
        "alignment_score": 1,
        "num_salient_objects": 3
      },
      "golden_ratio": {
        "golden_alignment_score": 1
      },
      "balance": {
        "static_balance": 0.9411567449569702,
        "dynamic_balance": 1.0,
        "dominant_quadrant": 0
      },
      "layering": {
        "foreground_ratio": 0.23693150622254758,
        "midground_ratio": 0.0,
        "background_ratio": 0.7630684937774525,
        "depth_complexity": 0.004534633753584079
      }
    },
    "spatial_layout": {
      "negative_space_ratio": 0.594833798499268,
      "subject_isolation": 0.10000114385065886,
      "depth_of_field": {
        "blur_gradient_strength": 8.810178197130986,
        "sharpness_variance": 339.35527652330813,
        "min_sharpness": 0.0,
        "max_sharpness": 182.91166858900425
      },
      "perspective": {
        "has_vanishing_point": 0,
        "perspective_strength": 0.0
      }
    },
    "contrast_color": {
      "high_contrast_ratio": 0.29839060212298685,
      "low_contrast_ratio": 0.7016093978770132,
      "mean_contrast": 4.776612281799316,
      "highlight_ratio": 0.0,
      "shadow_ratio": 0.6332757472991943,
      "midtone_ratio": 0.36672425270080566,
      "warm_color_ratio": 5.147327964860908e-05,
      "cool_color_ratio": 0.9268621888726208,
      "complementary_color_score": 2.388888888888889
    },
    "motion_dynamics": {
      "s_curve_count": 12,
      "motion_blur_score": 19.9394553738493,
      "dominant_direction_deg": 4.999999999999995,
      "direction_strength": 0.4771058290615932
    },
    "pattern_rhythm": {
      "repetition_score": 1.0,
      "rhythm_score": 1.0,
      "pattern_breaks": 2
    },
    "visual_mass_focus": {
      "point_of_interest": {
        "x": 0.392578125,
        "y": 0.28111273792093705,
        "strength": 1.0
      },
      "visual_mass_concentration": 0.19889847181551976,
      "mean_visual_weight": 0.15143905580043793,
      "face_count": 0,
      "has_directional_cues": 0
    },
    "framing_breathing": {
      "frame_in_frame_count": 0,
      "breathing_space": {
        "top": 0.0424597364568082,
        "bottom": 0.6178623718887262,
        "left": 0.048828125,
        "right": 0.14453125,
        "min_margin": 0.0424597364568082,
        "mean_margin": 0.2134203708363836
      },
      "corner_anchors": {
        "top_left": 0.39619654417037964,
        "top_right": 0.4599407911300659,
        "bottom_left": 0.5004476308822632,
        "bottom_right": 0.4953000247478485,
        "max_corner_weight": 0.5004476308822632,
        "has_corner_subject": 1
      }
    }
  }
}