{
  "meta": {
    "_dataset": "tvm board - Nov 22nd 2025 (5060 images)",
    "_label": "",
    "_relpath": "3829. Abhazia.jpg",
    "_filename": "3829. Abhazia.jpg",
    "_width": 800,
    "_height": 1200
  },
  "features": {
    "geometric_structural": {
      "leading_lines": {
        "diagonal": 0,
        "vertical": 0,
        "horizontal": 0,
        "curved": 97
      },
      "leading_lines_strength": 0.12630208333333334,
      "symmetry_vertical": 0.7418170863051085,
      "symmetry_horizontal": 0.488748764768126,
      "symmetry_radial": 0.438051433342509,
      "rule_of_thirds": {
        "alignment_score": 0,
        "num_salient_objects": 29
      },
      "golden_ratio": {
        "golden_alignment_score": 0
      },
      "balance": {
        "static_balance": 0.9351880550384521,
        "dynamic_balance": 1.0,
        "dominant_quadrant": 0
      },
      "layering": {
        "foreground_ratio": 0.1478093465169271,
        "midground_ratio": 0.24907430013020834,
        "background_ratio": 0.6031163533528646,
        "depth_complexity": 0.16636879707608337
      }
    },
    "spatial_layout": {
      "negative_space_ratio": 0.44012196858723956,
      "subject_isolation": 0.10000101725260417,
      "depth_of_field": {
        "blur_gradient_strength": 235.03714304570482,
        "sharpness_variance": 776575.5443111421,
        "min_sharpness": 0.16335597419795797,
        "max_sharpness": 6183.30795847751
      },
      "perspective": {
        "has_vanishing_point": 1,
        "perspective_strength": 0.5909090909090909
      }
    },
    "contrast_color": {
      "high_contrast_ratio": 0.319061279296875,
      "low_contrast_ratio": 0.680938720703125,
      "mean_contrast": 13.740736961364746,
      "highlight_ratio": 0.2250722199678421,
      "shadow_ratio": 0.2420399934053421,
      "midtone_ratio": 0.5328878164291382,
      "warm_color_ratio": 3.3060709635416664e-05,
      "cool_color_ratio": 0.22454325358072916,
      "complementary_color_score": 2.5
    },
    "motion_dynamics": {
      "s_curve_count": 54,
      "motion_blur_score": 13.223283452916453,
      "dominant_direction_deg": 4.999999999999995,
      "direction_strength": 0.25641886393163954
    },
    "pattern_rhythm": {
      "repetition_score": 1.0,
      "rhythm_score": 1.0,
      "pattern_breaks": 8
    },
    "visual_mass_focus": {
      "point_of_interest": {
        "x": 0.498046875,
        "y": 0.62109375,
        "strength": 1.0
      },
      "visual_mass_concentration": 0.1996612548828125,
      "mean_visual_weight": 0.07224356383085251,
      "face_count": 0,
      "has_directional_cues": 0
    },
    "framing_breathing": {
      "frame_in_frame_count": 0,
      "breathing_space": {
        "top": 0.0,
        "bottom": 0.5390625,
        "left": 0.0,
        "right": 0.119140625,
        "min_margin": 0.0,
        "mean_margin": 0.16455078125
      },
      "corner_anchors": {
        "top_left": 0.7206379771232605,
        "top_right": 0.759934663772583,
        "bottom_left": 0.9275116920471191,
        "bottom_right": 0.8676239252090454,
        "max_corner_weight": 0.9275116920471191,
        "has_corner_subject": 1
      }
    }
  }
}