{
  "meta": {
    "_dataset": "tvm board - Nov 22nd 2025 (5060 images)",
    "_label": "",
    "_relpath": "3830. .jpg",
    "_filename": "3830. .jpg",
    "_width": 2560,
    "_height": 2560
  },
  "features": {
    "geometric_structural": {
      "leading_lines": {
        "diagonal": 0,
        "vertical": 0,
        "horizontal": 0,
        "curved": 0
      },
      "leading_lines_strength": 0.0,
      "symmetry_vertical": 0.7453959632842664,
      "symmetry_horizontal": 0.4772755627732514,
      "symmetry_radial": 0.5391802446552488,
      "rule_of_thirds": {
        "alignment_score": 0,
        "num_salient_objects": 2
      },
      "golden_ratio": {
        "golden_alignment_score": 0
      },
      "balance": {
        "static_balance": 0.9290378093719482,
        "dynamic_balance": 1.0,
        "dominant_quadrant": 0
      },
      "layering": {
        "foreground_ratio": 0.2358245849609375,
        "midground_ratio": 0.35831451416015625,
        "background_ratio": 0.40586090087890625,
        "depth_complexity": 0.02102948357501009
      }
    },
    "spatial_layout": {
      "negative_space_ratio": 0.6724510192871094,
      "subject_isolation": 0.10000228881835938,
      "depth_of_field": {
        "blur_gradient_strength": 13.08051110774361,
        "sharpness_variance": 452.94309914482534,
        "min_sharpness": 2.970492118415994,
        "max_sharpness": 93.4311344186226
      },
      "perspective": {
        "has_vanishing_point": 0,
        "perspective_strength": 0.0
      }
    },
    "contrast_color": {
      "high_contrast_ratio": 0.298828125,
      "low_contrast_ratio": 0.701171875,
      "mean_contrast": 8.340594291687012,
      "highlight_ratio": 0.0,
      "shadow_ratio": 0.5397415161132812,
      "midtone_ratio": 0.46025848388671875,
      "warm_color_ratio": 0.00437164306640625,
      "cool_color_ratio": 0.01500701904296875,
      "complementary_color_score": 1.0555555555555556
    },
    "motion_dynamics": {
      "s_curve_count": 7,
      "motion_blur_score": 19.165253866060045,
      "dominant_direction_deg": -85.0,
      "direction_strength": 0.07651138305634876
    },
    "pattern_rhythm": {
      "repetition_score": 1.0,
      "rhythm_score": 1.0,
      "pattern_breaks": 1
    },
    "visual_mass_focus": {
      "point_of_interest": {
        "x": 0.462890625,
        "y": 0.09375,
        "strength": 1.0
      },
      "visual_mass_concentration": 0.19934844970703125,
      "mean_visual_weight": 0.024736853316426277,
      "face_count": 0,
      "has_directional_cues": 0
    },
    "framing_breathing": {
      "frame_in_frame_count": 0,
      "breathing_space": {
        "top": 0.0,
        "bottom": 0.654296875,
        "left": 0.0,
        "right": 0.0,
        "min_margin": 0.0,
        "mean_margin": 0.16357421875
      },
      "corner_anchors": {
        "top_left": 0.831475555896759,
        "top_right": 0.7586779594421387,
        "bottom_left": 0.5653624534606934,
        "bottom_right": 0.4491921365261078,
        "max_corner_weight": 0.831475555896759,
        "has_corner_subject": 1
      }
    }
  }
}