{
  "meta": {
    "_dataset": "tvm board - Nov 22nd 2025 (5060 images)",
    "_label": "",
    "_relpath": "3838. .jpg",
    "_filename": "3838. .jpg",
    "_width": 1080,
    "_height": 1920
  },
  "features": {
    "geometric_structural": {
      "leading_lines": {
        "diagonal": 0,
        "vertical": 4,
        "horizontal": 0,
        "curved": 217
      },
      "leading_lines_strength": 0.24285714285714285,
      "symmetry_vertical": 0.44147274319379926,
      "symmetry_horizontal": 0.43189251540598445,
      "symmetry_radial": 0.3116517831194479,
      "rule_of_thirds": {
        "alignment_score": 0,
        "num_salient_objects": 3
      },
      "golden_ratio": {
        "golden_alignment_score": 0
      },
      "balance": {
        "static_balance": 0.7807183861732483,
        "dynamic_balance": 1.0,
        "dominant_quadrant": 2
      },
      "layering": {
        "foreground_ratio": 0.23140882554945055,
        "midground_ratio": 0.18626373626373627,
        "background_ratio": 0.5823274381868132,
        "depth_complexity": 0.10959967155000028
      }
    },
    "spatial_layout": {
      "negative_space_ratio": 0.8148780906593407,
      "subject_isolation": 0.1,
      "depth_of_field": {
        "blur_gradient_strength": 128.8074565870504,
        "sharpness_variance": 55897.57989530558,
        "min_sharpness": 0.0392156862745098,
        "max_sharpness": 1894.5864090734328
      },
      "perspective": {
        "has_vanishing_point": 1,
        "perspective_strength": 0.6571428571428571
      }
    },
    "contrast_color": {
      "high_contrast_ratio": 0.3742466517857143,
      "low_contrast_ratio": 0.6257533482142856,
      "mean_contrast": 8.196450233459473,
      "highlight_ratio": 0.0005837912322022021,
      "shadow_ratio": 0.9846089482307434,
      "midtone_ratio": 0.014807283878326416,
      "warm_color_ratio": 0.27208533653846156,
      "cool_color_ratio": 0.38334478021978025,
      "complementary_color_score": 2.2777777777777777
    },
    "motion_dynamics": {
      "s_curve_count": 149,
      "motion_blur_score": 3.022322449389242,
      "dominant_direction_deg": 4.999999999999995,
      "direction_strength": 0.3744290865376579
    },
    "pattern_rhythm": {
      "repetition_score": 1.0,
      "rhythm_score": 1.0,
      "pattern_breaks": 0
    },
    "visual_mass_focus": {
      "point_of_interest": {
        "x": 0.265625,
        "y": 0.5054945054945055,
        "strength": 1.0
      },
      "visual_mass_concentration": 0.1992166037087912,
      "mean_visual_weight": 0.03281403332948685,
      "face_count": 0,
      "has_directional_cues": 0
    },
    "framing_breathing": {
      "frame_in_frame_count": 0,
      "breathing_space": {
        "top": 0.46483516483516485,
        "bottom": 0.5186813186813187,
        "left": 0.177734375,
        "right": 0.791015625,
        "min_margin": 0.177734375,
        "mean_margin": 0.4880666208791209
      },
      "corner_anchors": {
        "top_left": 0.04888423532247543,
        "top_right": 0.026359787210822105,
        "bottom_left": 0.062056973576545715,
        "bottom_right": 0.03830861300230026,
        "max_corner_weight": 0.062056973576545715,
        "has_corner_subject": 0
      }
    }
  }
}