{
  "meta": {
    "_dataset": "tvm board - Nov 22nd 2025 (5060 images)",
    "_label": "",
    "_relpath": "3847. \ud83e\udec2.jpg",
    "_filename": "3847. \ud83e\udec2.jpg",
    "_width": 735,
    "_height": 1307
  },
  "features": {
    "geometric_structural": {
      "leading_lines": {
        "diagonal": 0,
        "vertical": 0,
        "horizontal": 1,
        "curved": 81
      },
      "leading_lines_strength": 0.09010989010989011,
      "symmetry_vertical": 0.6379256206381985,
      "symmetry_horizontal": 0.18272473743240453,
      "symmetry_radial": 0.2772132904687342,
      "rule_of_thirds": {
        "alignment_score": 0,
        "num_salient_objects": 3
      },
      "golden_ratio": {
        "golden_alignment_score": 0
      },
      "balance": {
        "static_balance": 0.8758603930473328,
        "dynamic_balance": 1.0,
        "dominant_quadrant": 1
      },
      "layering": {
        "foreground_ratio": 0.15786615728021977,
        "midground_ratio": 0.26429000686813187,
        "background_ratio": 0.5778438358516483,
        "depth_complexity": 0.05521567762665784
      }
    },
    "spatial_layout": {
      "negative_space_ratio": 0.6074497767857143,
      "subject_isolation": 0.1,
      "depth_of_field": {
        "blur_gradient_strength": 52.79134880403563,
        "sharpness_variance": 16474.704498183368,
        "min_sharpness": 0.0,
        "max_sharpness": 797.2848904267588
      },
      "perspective": {
        "has_vanishing_point": 1,
        "perspective_strength": 0.6666666666666666
      }
    },
    "contrast_color": {
      "high_contrast_ratio": 0.296967290521978,
      "low_contrast_ratio": 0.703032709478022,
      "mean_contrast": 7.733038425445557,
      "highlight_ratio": 0.00020389766723383218,
      "shadow_ratio": 0.7558164596557617,
      "midtone_ratio": 0.24397963285446167,
      "warm_color_ratio": 0.1270947802197802,
      "cool_color_ratio": 0.07735877403846154,
      "complementary_color_score": 2.111111111111111
    },
    "motion_dynamics": {
      "s_curve_count": 78,
      "motion_blur_score": 7.074644983521824,
      "dominant_direction_deg": 4.999999999999995,
      "direction_strength": 0.32386461194985433
    },
    "pattern_rhythm": {
      "repetition_score": 1.0,
      "rhythm_score": 1.0,
      "pattern_breaks": 0
    },
    "visual_mass_focus": {
      "point_of_interest": {
        "x": 0.8984375,
        "y": 0.5208791208791209,
        "strength": 1.0
      },
      "visual_mass_concentration": 0.19836023351648352,
      "mean_visual_weight": 0.025114605203270912,
      "face_count": 0,
      "has_directional_cues": 0
    },
    "framing_breathing": {
      "frame_in_frame_count": 0,
      "breathing_space": {
        "top": 0.5153846153846153,
        "bottom": 0.4736263736263736,
        "left": 0.916015625,
        "right": 0.06640625,
        "min_margin": 0.06640625,
        "mean_margin": 0.49285821600274726
      },
      "corner_anchors": {
        "top_left": 0.06802443414926529,
        "top_right": 0.20892198383808136,
        "bottom_left": 0.14287877082824707,
        "bottom_right": 0.1478596180677414,
        "max_corner_weight": 0.20892198383808136,
        "has_corner_subject": 0
      }
    }
  }
}