{
  "meta": {
    "_dataset": "tvm board - Nov 22nd 2025 (5060 images)",
    "_label": "",
    "_relpath": "3863. .jpg",
    "_filename": "3863. .jpg",
    "_width": 3024,
    "_height": 4032
  },
  "features": {
    "geometric_structural": {
      "leading_lines": {
        "diagonal": 7,
        "vertical": 0,
        "horizontal": 7,
        "curved": 56
      },
      "leading_lines_strength": 0.10248901903367497,
      "symmetry_vertical": 0.5647836117644508,
      "symmetry_horizontal": 0.204314395086719,
      "symmetry_radial": 0.2340999712692582,
      "rule_of_thirds": {
        "alignment_score": 0,
        "num_salient_objects": 2
      },
      "golden_ratio": {
        "golden_alignment_score": 2
      },
      "balance": {
        "static_balance": 0.9422874450683594,
        "dynamic_balance": 1.0,
        "dominant_quadrant": 0
      },
      "layering": {
        "foreground_ratio": 0.2696341965592972,
        "midground_ratio": 0.3248278504758419,
        "background_ratio": 0.4055379529648609,
        "depth_complexity": 0.13124108299638942
      }
    },
    "spatial_layout": {
      "negative_space_ratio": 0.764932970351391,
      "subject_isolation": 0.10000114385065886,
      "depth_of_field": {
        "blur_gradient_strength": 172.38415404178923,
        "sharpness_variance": 187254.95426205307,
        "min_sharpness": 3.6743750000000004,
        "max_sharpness": 4449.111207227989
      },
      "perspective": {
        "has_vanishing_point": 1,
        "perspective_strength": 0.9932584269662922
      }
    },
    "contrast_color": {
      "high_contrast_ratio": 0.3427262536603221,
      "low_contrast_ratio": 0.6572737463396778,
      "mean_contrast": 10.915974617004395,
      "highlight_ratio": 0.0,
      "shadow_ratio": 0.704835057258606,
      "midtone_ratio": 0.29516494274139404,
      "warm_color_ratio": 0.08125343155197658,
      "cool_color_ratio": 0.6173419198389458,
      "complementary_color_score": 2.7222222222222223
    },
    "motion_dynamics": {
      "s_curve_count": 117,
      "motion_blur_score": 10.652115482036441,
      "dominant_direction_deg": 95.0,
      "direction_strength": 0.07938895497781104
    },
    "pattern_rhythm": {
      "repetition_score": 1.0,
      "rhythm_score": 1.0,
      "pattern_breaks": 2
    },
    "visual_mass_focus": {
      "point_of_interest": {
        "x": 0.484375,
        "y": 0.4260614934114202,
        "strength": 1.0
      },
      "visual_mass_concentration": 0.19889847181551976,
      "mean_visual_weight": 0.04663289338350296,
      "face_count": 0,
      "has_directional_cues": 0
    },
    "framing_breathing": {
      "frame_in_frame_count": 0,
      "breathing_space": {
        "top": 0.32503660322108346,
        "bottom": 0.5065885797950219,
        "left": 0.046875,
        "right": 0.0,
        "min_margin": 0.0,
        "mean_margin": 0.21962504575402636
      },
      "corner_anchors": {
        "top_left": 0.08419076353311539,
        "top_right": 0.13226716220378876,
        "bottom_left": 0.30555224418640137,
        "bottom_right": 0.315245658159256,
        "max_corner_weight": 0.315245658159256,
        "has_corner_subject": 1
      }
    }
  }
}