{
  "meta": {
    "_dataset": "tvm board - Nov 22nd 2025 (5060 images)",
    "_label": "",
    "_relpath": "3872. .jpg",
    "_filename": "3872. .jpg",
    "_width": 2013,
    "_height": 2996
  },
  "features": {
    "geometric_structural": {
      "leading_lines": {
        "diagonal": 0,
        "vertical": 0,
        "horizontal": 1,
        "curved": 1
      },
      "leading_lines_strength": 0.0026246719160104987,
      "symmetry_vertical": 0.8943789623897227,
      "symmetry_horizontal": 0.5292178749348284,
      "symmetry_radial": 0.5152325714066882,
      "rule_of_thirds": {
        "alignment_score": 0,
        "num_salient_objects": 1
      },
      "golden_ratio": {
        "golden_alignment_score": 2
      },
      "balance": {
        "static_balance": 0.853030800819397,
        "dynamic_balance": 1.0,
        "dominant_quadrant": 3
      },
      "layering": {
        "foreground_ratio": 0.07212721456692914,
        "midground_ratio": 0.38954847440944884,
        "background_ratio": 0.538324311023622,
        "depth_complexity": 0.010501287562749855
      }
    },
    "spatial_layout": {
      "negative_space_ratio": 0.3952258653215223,
      "subject_isolation": 0.10000153789370078,
      "depth_of_field": {
        "blur_gradient_strength": 4.959478610115484,
        "sharpness_variance": 84.05641777047182,
        "min_sharpness": 0.2708333333333333,
        "max_sharpness": 67.26705355834956
      },
      "perspective": {
        "has_vanishing_point": 0,
        "perspective_strength": 0.0
      }
    },
    "contrast_color": {
      "high_contrast_ratio": 0.34078955462598426,
      "low_contrast_ratio": 0.6592104453740157,
      "mean_contrast": 7.114626884460449,
      "highlight_ratio": 0.01461767964065075,
      "shadow_ratio": 0.31871309876441956,
      "midtone_ratio": 0.6666692495346069,
      "warm_color_ratio": 0.9834420111548556,
      "cool_color_ratio": 2.3068405511811023e-05,
      "complementary_color_score": 0.9444444444444444
    },
    "motion_dynamics": {
      "s_curve_count": 5,
      "motion_blur_score": 41.007216176229605,
      "dominant_direction_deg": 4.999999999999995,
      "direction_strength": 0.0919455380575071
    },
    "pattern_rhythm": {
      "repetition_score": 1.0,
      "rhythm_score": 1.0,
      "pattern_breaks": 1
    },
    "visual_mass_focus": {
      "point_of_interest": {
        "x": 0.486328125,
        "y": 0.5984251968503937,
        "strength": 1.0
      },
      "visual_mass_concentration": 0.198121719160105,
      "mean_visual_weight": 0.16135439276695251,
      "face_count": 0,
      "has_directional_cues": 0
    },
    "framing_breathing": {
      "frame_in_frame_count": 0,
      "breathing_space": {
        "top": 0.8162729658792651,
        "bottom": 0.0,
        "left": 0.0,
        "right": 0.0,
        "min_margin": 0.0,
        "mean_margin": 0.20406824146981628
      },
      "corner_anchors": {
        "top_left": 0.1837530881166458,
        "top_right": 0.1723962128162384,
        "bottom_left": 0.5630634427070618,
        "bottom_right": 0.6067200303077698,
        "max_corner_weight": 0.6067200303077698,
        "has_corner_subject": 1
      }
    }
  }
}