{
  "meta": {
    "_dataset": "tvm board - Nov 22nd 2025 (5060 images)",
    "_label": "",
    "_relpath": "3885. .jpg",
    "_filename": "3885. .jpg",
    "_width": 736,
    "_height": 1104
  },
  "features": {
    "geometric_structural": {
      "leading_lines": {
        "diagonal": 24,
        "vertical": 0,
        "horizontal": 10,
        "curved": 207
      },
      "leading_lines_strength": 0.3138020833333333,
      "symmetry_vertical": 0.5171909339486399,
      "symmetry_horizontal": 0.1697831511386621,
      "symmetry_radial": 0.19084154161828412,
      "rule_of_thirds": {
        "alignment_score": 0,
        "num_salient_objects": 1
      },
      "golden_ratio": {
        "golden_alignment_score": 0
      },
      "balance": {
        "static_balance": 0.8993867039680481,
        "dynamic_balance": 1.0,
        "dominant_quadrant": 0
      },
      "layering": {
        "foreground_ratio": 0.3186442057291667,
        "midground_ratio": 0.1717351277669271,
        "background_ratio": 0.5096206665039062,
        "depth_complexity": 0.8482336407061408
      }
    },
    "spatial_layout": {
      "negative_space_ratio": 0.6757837931315104,
      "subject_isolation": 0.10000101725260417,
      "depth_of_field": {
        "blur_gradient_strength": 470.02732289429673,
        "sharpness_variance": 1408597.7665962419,
        "min_sharpness": 1.0948475884160722,
        "max_sharpness": 5992.63360719068
      },
      "perspective": {
        "has_vanishing_point": 1,
        "perspective_strength": 0.9988131570023737
      }
    },
    "contrast_color": {
      "high_contrast_ratio": 0.48053741455078125,
      "low_contrast_ratio": 0.5194625854492188,
      "mean_contrast": 14.554943084716797,
      "highlight_ratio": 1.0172526344831567e-05,
      "shadow_ratio": 0.33187612891197205,
      "midtone_ratio": 0.6681137084960938,
      "warm_color_ratio": 0.0,
      "cool_color_ratio": 0.9623845418294271,
      "complementary_color_score": 0.0
    },
    "motion_dynamics": {
      "s_curve_count": 379,
      "motion_blur_score": 11.230882452577417,
      "dominant_direction_deg": -85.0,
      "direction_strength": 0.14452616373661162
    },
    "pattern_rhythm": {
      "repetition_score": 1.0,
      "rhythm_score": 1.0,
      "pattern_breaks": 1
    },
    "visual_mass_focus": {
      "point_of_interest": {
        "x": 0.427734375,
        "y": 0.0546875,
        "strength": 1.0
      },
      "visual_mass_concentration": 0.1997350056966146,
      "mean_visual_weight": 0.15188884735107422,
      "face_count": 0,
      "has_directional_cues": 0
    },
    "framing_breathing": {
      "frame_in_frame_count": 0,
      "breathing_space": {
        "top": 0.0,
        "bottom": 0.7760416666666666,
        "left": 0.0,
        "right": 0.0,
        "min_margin": 0.0,
        "mean_margin": 0.19401041666666666
      },
      "corner_anchors": {
        "top_left": 0.845748782157898,
        "top_right": 0.7078997492790222,
        "bottom_left": 0.4498097896575928,
        "bottom_right": 0.3903346359729767,
        "max_corner_weight": 0.845748782157898,
        "has_corner_subject": 1
      }
    }
  }
}