{
  "meta": {
    "_dataset": "tvm board - Nov 22nd 2025 (5060 images)",
    "_label": "",
    "_relpath": "3891. @nynkeploeger15.jpg",
    "_filename": "3891. @nynkeploeger15.jpg",
    "_width": 500,
    "_height": 700
  },
  "features": {
    "geometric_structural": {
      "leading_lines": {
        "diagonal": 0,
        "vertical": 0,
        "horizontal": 0,
        "curved": 4
      },
      "leading_lines_strength": 0.005578800557880056,
      "symmetry_vertical": 0.8458443465439852,
      "symmetry_horizontal": 0.6106469449836573,
      "symmetry_radial": 0.5690896137201206,
      "rule_of_thirds": {
        "alignment_score": 0,
        "num_salient_objects": 13
      },
      "golden_ratio": {
        "golden_alignment_score": 0
      },
      "balance": {
        "static_balance": 0.910967230796814,
        "dynamic_balance": 1.0,
        "dominant_quadrant": 3
      },
      "layering": {
        "foreground_ratio": 0.18469425557880056,
        "midground_ratio": 0.2154130709553696,
        "background_ratio": 0.5998926734658299,
        "depth_complexity": 0.016896925532889653
      }
    },
    "spatial_layout": {
      "negative_space_ratio": 0.26708235268479774,
      "subject_isolation": 0.10000163441422594,
      "depth_of_field": {
        "blur_gradient_strength": 12.12311367478766,
        "sharpness_variance": 894.9963325144312,
        "min_sharpness": 0.33948111815155235,
        "max_sharpness": 132.64513412092262
      },
      "perspective": {
        "has_vanishing_point": 0,
        "perspective_strength": 0.0
      }
    },
    "contrast_color": {
      "high_contrast_ratio": 0.3480076490585774,
      "low_contrast_ratio": 0.6519923509414226,
      "mean_contrast": 6.600289821624756,
      "highlight_ratio": 0.5641071796417236,
      "shadow_ratio": 0.10564853250980377,
      "midtone_ratio": 0.3302443027496338,
      "warm_color_ratio": 0.0,
      "cool_color_ratio": 0.0015554175383542539,
      "complementary_color_score": 0.0
    },
    "motion_dynamics": {
      "s_curve_count": 32,
      "motion_blur_score": 42.67787102097389,
      "dominant_direction_deg": 4.999999999999995,
      "direction_strength": 0.2920698221749366
    },
    "pattern_rhythm": {
      "repetition_score": 1.0,
      "rhythm_score": 1.0,
      "pattern_breaks": 4
    },
    "visual_mass_focus": {
      "point_of_interest": {
        "x": 0.568359375,
        "y": 0.9218967921896792,
        "strength": 1.0
      },
      "visual_mass_concentration": 0.19922692207112971,
      "mean_visual_weight": 0.01184889767318964,
      "face_count": 0,
      "has_directional_cues": 0
    },
    "framing_breathing": {
      "frame_in_frame_count": 0,
      "breathing_space": {
        "top": 0.7545327754532776,
        "bottom": 0.0,
        "left": 0.0,
        "right": 0.0,
        "min_margin": 0.0,
        "mean_margin": 0.1886331938633194
      },
      "corner_anchors": {
        "top_left": 0.39153555035591125,
        "top_right": 0.24000410735607147,
        "bottom_left": 0.7591346502304077,
        "bottom_right": 0.905897855758667,
        "max_corner_weight": 0.905897855758667,
        "has_corner_subject": 1
      }
    }
  }
}