{
  "meta": {
    "_dataset": "tvm board - Nov 22nd 2025 (5060 images)",
    "_label": "",
    "_relpath": "3892. .jpg",
    "_filename": "3892. .jpg",
    "_width": 640,
    "_height": 480
  },
  "features": {
    "geometric_structural": {
      "leading_lines": {
        "diagonal": 0,
        "vertical": 0,
        "horizontal": 4,
        "curved": 345
      },
      "leading_lines_strength": 0.5109809663250366,
      "symmetry_vertical": 0.6640908171071918,
      "symmetry_horizontal": 0.5028297352544089,
      "symmetry_radial": 0.4494857088193154,
      "rule_of_thirds": {
        "alignment_score": 0,
        "num_salient_objects": 35
      },
      "golden_ratio": {
        "golden_alignment_score": 0
      },
      "balance": {
        "static_balance": 0.9474684000015259,
        "dynamic_balance": 1.0,
        "dominant_quadrant": 2
      },
      "layering": {
        "foreground_ratio": 0.28535070461200585,
        "midground_ratio": 0.3814799139824305,
        "background_ratio": 0.3331693814055637,
        "depth_complexity": 0.36411055352019733
      }
    },
    "spatial_layout": {
      "negative_space_ratio": 0.4632423590775988,
      "subject_isolation": 0.10000114385065886,
      "depth_of_field": {
        "blur_gradient_strength": 308.45231859171145,
        "sharpness_variance": 538580.1921343342,
        "min_sharpness": 2.4559690096421374,
        "max_sharpness": 4090.4690503652446
      },
      "perspective": {
        "has_vanishing_point": 1,
        "perspective_strength": 0.46153846153846156
      }
    },
    "contrast_color": {
      "high_contrast_ratio": 0.5148185852855052,
      "low_contrast_ratio": 0.48518141471449483,
      "mean_contrast": 7.781336307525635,
      "highlight_ratio": 0.01871625706553459,
      "shadow_ratio": 0.009602625854313374,
      "midtone_ratio": 0.9716811180114746,
      "warm_color_ratio": 0.0,
      "cool_color_ratio": 4.0034773060029284e-05,
      "complementary_color_score": 0.0
    },
    "motion_dynamics": {
      "s_curve_count": 188,
      "motion_blur_score": 24.883772322118634,
      "dominant_direction_deg": 4.999999999999995,
      "direction_strength": 0.11876601390888439
    },
    "pattern_rhythm": {
      "repetition_score": 1.0,
      "rhythm_score": 1.0,
      "pattern_breaks": 2
    },
    "visual_mass_focus": {
      "point_of_interest": {
        "x": 0.03953147877013177,
        "y": 0.87890625,
        "strength": 1.0
      },
      "visual_mass_concentration": 0.19897282210834552,
      "mean_visual_weight": 0.020476704463362694,
      "face_count": 0,
      "has_directional_cues": 0
    },
    "framing_breathing": {
      "frame_in_frame_count": 0,
      "breathing_space": {
        "top": 0.59375,
        "bottom": 0.0,
        "left": 0.0,
        "right": 0.5431918008784773,
        "min_margin": 0.0,
        "mean_margin": 0.2842354502196193
      },
      "corner_anchors": {
        "top_left": 0.2368379682302475,
        "top_right": 0.43374860286712646,
        "bottom_left": 0.7448813915252686,
        "bottom_right": 0.2546665072441101,
        "max_corner_weight": 0.7448813915252686,
        "has_corner_subject": 1
      }
    }
  }
}