{
  "meta": {
    "_dataset": "tvm board - Nov 22nd 2025 (5060 images)",
    "_label": "",
    "_relpath": "3897. .jpg",
    "_filename": "3897. .jpg",
    "_width": 728,
    "_height": 1092
  },
  "features": {
    "geometric_structural": {
      "leading_lines": {
        "diagonal": 22,
        "vertical": 0,
        "horizontal": 9,
        "curved": 242
      },
      "leading_lines_strength": 0.35546875,
      "symmetry_vertical": 0.5115899648009902,
      "symmetry_horizontal": 0.16559177700750696,
      "symmetry_radial": 0.1875078932781383,
      "rule_of_thirds": {
        "alignment_score": 0,
        "num_salient_objects": 1
      },
      "golden_ratio": {
        "golden_alignment_score": 0
      },
      "balance": {
        "static_balance": 0.898708701133728,
        "dynamic_balance": 1.0,
        "dominant_quadrant": 0
      },
      "layering": {
        "foreground_ratio": 0.3231608072916667,
        "midground_ratio": 0.17943318684895834,
        "background_ratio": 0.497406005859375,
        "depth_complexity": 0.9235326187700593
      }
    },
    "spatial_layout": {
      "negative_space_ratio": 0.6751887003580729,
      "subject_isolation": 0.10000101725260417,
      "depth_of_field": {
        "blur_gradient_strength": 501.34703250025393,
        "sharpness_variance": 1619305.0551122318,
        "min_sharpness": 1.3430411380238374,
        "max_sharpness": 6298.45248441251
      },
      "perspective": {
        "has_vanishing_point": 1,
        "perspective_strength": 0.9977876106194691
      }
    },
    "contrast_color": {
      "high_contrast_ratio": 0.48053741455078125,
      "low_contrast_ratio": 0.5194625854492188,
      "mean_contrast": 14.62076187133789,
      "highlight_ratio": 1.2715657248918433e-05,
      "shadow_ratio": 0.33249664306640625,
      "midtone_ratio": 0.6674906611442566,
      "warm_color_ratio": 0.0,
      "cool_color_ratio": 0.9625015258789062,
      "complementary_color_score": 0.0
    },
    "motion_dynamics": {
      "s_curve_count": 379,
      "motion_blur_score": 11.207715153612812,
      "dominant_direction_deg": -85.0,
      "direction_strength": 0.12254333496062586
    },
    "pattern_rhythm": {
      "repetition_score": 1.0,
      "rhythm_score": 1.0,
      "pattern_breaks": 1
    },
    "visual_mass_focus": {
      "point_of_interest": {
        "x": 0.423828125,
        "y": 0.052083333333333336,
        "strength": 1.0
      },
      "visual_mass_concentration": 0.1999384562174479,
      "mean_visual_weight": 0.1517065018415451,
      "face_count": 0,
      "has_directional_cues": 0
    },
    "framing_breathing": {
      "frame_in_frame_count": 0,
      "breathing_space": {
        "top": 0.0,
        "bottom": 0.77734375,
        "left": 0.0,
        "right": 0.0,
        "min_margin": 0.0,
        "mean_margin": 0.1943359375
      },
      "corner_anchors": {
        "top_left": 0.8378545045852661,
        "top_right": 0.7012941837310791,
        "bottom_left": 0.44514191150665283,
        "bottom_right": 0.38499578833580017,
        "max_corner_weight": 0.8378545045852661,
        "has_corner_subject": 1
      }
    }
  }
}