{
  "meta": {
    "_dataset": "tvm board - Nov 22nd 2025 (5060 images)",
    "_label": "",
    "_relpath": "3924. .jpg",
    "_filename": "3924. .jpg",
    "_width": 1632,
    "_height": 1224
  },
  "features": {
    "geometric_structural": {
      "leading_lines": {
        "diagonal": 0,
        "vertical": 0,
        "horizontal": 1,
        "curved": 148
      },
      "leading_lines_strength": 0.21815519765739386,
      "symmetry_vertical": 0.48853776465561105,
      "symmetry_horizontal": 0.5625171891732891,
      "symmetry_radial": 0.3968507940624737,
      "rule_of_thirds": {
        "alignment_score": 0,
        "num_salient_objects": 38
      },
      "golden_ratio": {
        "golden_alignment_score": 0
      },
      "balance": {
        "static_balance": 0.8611522912979126,
        "dynamic_balance": 1.0,
        "dominant_quadrant": 1
      },
      "layering": {
        "foreground_ratio": 0.2584988103953148,
        "midground_ratio": 0.2723308244875549,
        "background_ratio": 0.4691703651171303,
        "depth_complexity": 0.0406929497221979
      }
    },
    "spatial_layout": {
      "negative_space_ratio": 0.6046223005124451,
      "subject_isolation": 0.10000114385065886,
      "depth_of_field": {
        "blur_gradient_strength": 44.0900139110871,
        "sharpness_variance": 8187.7953842058805,
        "min_sharpness": 0.5198000768935025,
        "max_sharpness": 399.3075740099961
      },
      "perspective": {
        "has_vanishing_point": 1,
        "perspective_strength": 0.4666666666666667
      }
    },
    "contrast_color": {
      "high_contrast_ratio": 0.3396635935212299,
      "low_contrast_ratio": 0.6603364064787701,
      "mean_contrast": 9.31704330444336,
      "highlight_ratio": 0.045021962374448776,
      "shadow_ratio": 0.3208043575286865,
      "midtone_ratio": 0.6341736912727356,
      "warm_color_ratio": 7.435029282576867e-05,
      "cool_color_ratio": 0.9934943493777453,
      "complementary_color_score": 3.1666666666666665
    },
    "motion_dynamics": {
      "s_curve_count": 117,
      "motion_blur_score": 15.97584994214456,
      "dominant_direction_deg": 4.999999999999995,
      "direction_strength": 0.23859866855715078
    },
    "pattern_rhythm": {
      "repetition_score": 1.0,
      "rhythm_score": 1.0,
      "pattern_breaks": 7
    },
    "visual_mass_focus": {
      "point_of_interest": {
        "x": 0.6266471449487555,
        "y": 0.1796875,
        "strength": 1.0
      },
      "visual_mass_concentration": 0.1991672767203514,
      "mean_visual_weight": 0.11438336968421936,
      "face_count": 0,
      "has_directional_cues": 0
    },
    "framing_breathing": {
      "frame_in_frame_count": 0,
      "breathing_space": {
        "top": 0.0,
        "bottom": 0.66015625,
        "left": 0.21376281112737922,
        "right": 0.0,
        "min_margin": 0.0,
        "mean_margin": 0.21847976528184482
      },
      "corner_anchors": {
        "top_left": 0.3222588300704956,
        "top_right": 0.9137549996376038,
        "bottom_left": 0.7142402529716492,
        "bottom_right": 0.3911568522453308,
        "max_corner_weight": 0.9137549996376038,
        "has_corner_subject": 1
      }
    }
  }
}