{
  "meta": {
    "_dataset": "tvm board - Nov 22nd 2025 (5060 images)",
    "_label": "",
    "_relpath": "3933. ,,Bridge in.jpg",
    "_filename": "3933. ,,Bridge in.jpg",
    "_width": 1400,
    "_height": 936
  },
  "features": {
    "geometric_structural": {
      "leading_lines": {
        "diagonal": 0,
        "vertical": 0,
        "horizontal": 13,
        "curved": 69
      },
      "leading_lines_strength": 0.10704960835509138,
      "symmetry_vertical": 0.7018024984724791,
      "symmetry_horizontal": 0.6505397528203103,
      "symmetry_radial": 0.45575475224438255,
      "rule_of_thirds": {
        "alignment_score": 0,
        "num_salient_objects": 87
      },
      "golden_ratio": {
        "golden_alignment_score": 0
      },
      "balance": {
        "static_balance": 0.9679769277572632,
        "dynamic_balance": 1.0,
        "dominant_quadrant": 0
      },
      "layering": {
        "foreground_ratio": 0.2138314906984334,
        "midground_ratio": 0.2536589221605744,
        "background_ratio": 0.5325095871409922,
        "depth_complexity": 0.12144240821502934
      }
    },
    "spatial_layout": {
      "negative_space_ratio": 0.4849206511096606,
      "subject_isolation": 0.10000203981723238,
      "depth_of_field": {
        "blur_gradient_strength": 108.43814130915703,
        "sharpness_variance": 70885.23703258637,
        "min_sharpness": 0.23529411764705882,
        "max_sharpness": 1668.0053376093333
      },
      "perspective": {
        "has_vanishing_point": 1,
        "perspective_strength": 0.9619047619047619
      }
    },
    "contrast_color": {
      "high_contrast_ratio": 0.28569425179503916,
      "low_contrast_ratio": 0.7143057482049608,
      "mean_contrast": 10.409170150756836,
      "highlight_ratio": 0.09062142670154572,
      "shadow_ratio": 0.2462722361087799,
      "midtone_ratio": 0.6631063222885132,
      "warm_color_ratio": 0.0,
      "cool_color_ratio": 0.0,
      "complementary_color_score": 0.0
    },
    "motion_dynamics": {
      "s_curve_count": 69,
      "motion_blur_score": 16.66087993263505,
      "dominant_direction_deg": 4.999999999999995,
      "direction_strength": 0.19506007261699612
    },
    "pattern_rhythm": {
      "repetition_score": 1.0,
      "rhythm_score": 1.0,
      "pattern_breaks": 14
    },
    "visual_mass_focus": {
      "point_of_interest": {
        "x": 0.185378590078329,
        "y": 0.294921875,
        "strength": 1.0
      },
      "visual_mass_concentration": 0.0,
      "mean_visual_weight": 0.0,
      "face_count": 0,
      "has_directional_cues": 0
    },
    "framing_breathing": {
      "frame_in_frame_count": 0,
      "breathing_space": {
        "top": 0.740234375,
        "bottom": 0.0,
        "left": 0.0,
        "right": 0.0,
        "min_margin": 0.0,
        "mean_margin": 0.18505859375
      },
      "corner_anchors": {
        "top_left": 0.9535080790519714,
        "top_right": 0.49725446105003357,
        "bottom_left": 0.5589033365249634,
        "bottom_right": 0.7010237574577332,
        "max_corner_weight": 0.9535080790519714,
        "has_corner_subject": 1
      }
    }
  }
}