{
  "meta": {
    "_dataset": "tvm board - Nov 22nd 2025 (5060 images)",
    "_label": "",
    "_relpath": "3959. .jpg",
    "_filename": "3959. .jpg",
    "_width": 767,
    "_height": 767
  },
  "features": {
    "geometric_structural": {
      "leading_lines": {
        "diagonal": 139,
        "vertical": 13,
        "horizontal": 14,
        "curved": 598
      },
      "leading_lines_strength": 1.4921875,
      "symmetry_vertical": 0.1764929717449698,
      "symmetry_horizontal": 0.15055120541922143,
      "symmetry_radial": 0.1361542842251887,
      "rule_of_thirds": {
        "alignment_score": 0,
        "num_salient_objects": 5
      },
      "golden_ratio": {
        "golden_alignment_score": 1
      },
      "balance": {
        "static_balance": 0.9223122000694275,
        "dynamic_balance": 1.0,
        "dominant_quadrant": 2
      },
      "layering": {
        "foreground_ratio": 0.32373046875,
        "midground_ratio": 0.3096771240234375,
        "background_ratio": 0.3665924072265625,
        "depth_complexity": 1.2144440040570772
      }
    },
    "spatial_layout": {
      "negative_space_ratio": 0.7389068603515625,
      "subject_isolation": 0.10000228881835938,
      "depth_of_field": {
        "blur_gradient_strength": 582.7769491446417,
        "sharpness_variance": 927740.7030913875,
        "min_sharpness": 121.98000768935024,
        "max_sharpness": 3811.158496732026
      },
      "perspective": {
        "has_vanishing_point": 1,
        "perspective_strength": 0.9999158266871488
      }
    },
    "contrast_color": {
      "high_contrast_ratio": 0.3282051086425781,
      "low_contrast_ratio": 0.6717948913574219,
      "mean_contrast": 18.816120147705078,
      "highlight_ratio": 0.00070953369140625,
      "shadow_ratio": 0.6422233581542969,
      "midtone_ratio": 0.3570671081542969,
      "warm_color_ratio": 0.3850746154785156,
      "cool_color_ratio": 0.002593994140625,
      "complementary_color_score": 2.3333333333333335
    },
    "motion_dynamics": {
      "s_curve_count": 456,
      "motion_blur_score": 4.966991436314781,
      "dominant_direction_deg": -85.0,
      "direction_strength": 0.03893280029282023
    },
    "pattern_rhythm": {
      "repetition_score": 1.0,
      "rhythm_score": 1.0,
      "pattern_breaks": 1
    },
    "visual_mass_focus": {
      "point_of_interest": {
        "x": 0.41796875,
        "y": 0.740234375,
        "strength": 1.0
      },
      "visual_mass_concentration": 0.199310302734375,
      "mean_visual_weight": 0.03599192574620247,
      "face_count": 0,
      "has_directional_cues": 0
    },
    "framing_breathing": {
      "frame_in_frame_count": 0,
      "breathing_space": {
        "top": 0.66015625,
        "bottom": 0.185546875,
        "left": 0.33984375,
        "right": 0.447265625,
        "min_margin": 0.185546875,
        "mean_margin": 0.408203125
      },
      "corner_anchors": {
        "top_left": 0.30749383568763733,
        "top_right": 0.10480261594057083,
        "bottom_left": 0.1103283017873764,
        "bottom_right": 0.1966172158718109,
        "max_corner_weight": 0.30749383568763733,
        "has_corner_subject": 1
      }
    }
  }
}