{
  "meta": {
    "_dataset": "tvm board - Nov 22nd 2025 (5060 images)",
    "_label": "",
    "_relpath": "3960. .jpg",
    "_filename": "3960. .jpg",
    "_width": 735,
    "_height": 554
  },
  "features": {
    "geometric_structural": {
      "leading_lines": {
        "diagonal": 6,
        "vertical": 0,
        "horizontal": 1,
        "curved": 453
      },
      "leading_lines_strength": 0.6774668630338734,
      "symmetry_vertical": 0.5271327038691646,
      "symmetry_horizontal": 0.4786829497560329,
      "symmetry_radial": 0.3964311206389068,
      "rule_of_thirds": {
        "alignment_score": 0,
        "num_salient_objects": 9
      },
      "golden_ratio": {
        "golden_alignment_score": 0
      },
      "balance": {
        "static_balance": 0.9596893787384033,
        "dynamic_balance": 1.0,
        "dominant_quadrant": 3
      },
      "layering": {
        "foreground_ratio": 0.29310969716494845,
        "midground_ratio": 0.3088986561119293,
        "background_ratio": 0.39799164672312226,
        "depth_complexity": 0.46441914513957644
      }
    },
    "spatial_layout": {
      "negative_space_ratio": 0.6609846741531664,
      "subject_isolation": 0.10000057529455081,
      "depth_of_field": {
        "blur_gradient_strength": 556.0653143517284,
        "sharpness_variance": 652166.1770267405,
        "min_sharpness": 0.0,
        "max_sharpness": 3431.930881284976
      },
      "perspective": {
        "has_vanishing_point": 1,
        "perspective_strength": 0.8064516129032258
      }
    },
    "contrast_color": {
      "high_contrast_ratio": 0.3993177006627393,
      "low_contrast_ratio": 0.6006822993372607,
      "mean_contrast": 11.64257526397705,
      "highlight_ratio": 0.0014209775254130363,
      "shadow_ratio": 0.8266407251358032,
      "midtone_ratio": 0.17193830013275146,
      "warm_color_ratio": 0.00039695324005891016,
      "cool_color_ratio": 0.026693667157584682,
      "complementary_color_score": 1.9444444444444444
    },
    "motion_dynamics": {
      "s_curve_count": 290,
      "motion_blur_score": 4.01589734581141,
      "dominant_direction_deg": 4.999999999999995,
      "direction_strength": 0.22781664212011052
    },
    "pattern_rhythm": {
      "repetition_score": 1.0,
      "rhythm_score": 1.0,
      "pattern_breaks": 0
    },
    "visual_mass_focus": {
      "point_of_interest": {
        "x": 0.7172312223858616,
        "y": 0.884765625,
        "strength": 1.0
      },
      "visual_mass_concentration": 0.19862907308541974,
      "mean_visual_weight": 0.018198072910308838,
      "face_count": 0,
      "has_directional_cues": 0
    },
    "framing_breathing": {
      "frame_in_frame_count": 0,
      "breathing_space": {
        "top": 0.904296875,
        "bottom": 0.080078125,
        "left": 0.6539027982326951,
        "right": 0.3284241531664212,
        "min_margin": 0.080078125,
        "mean_margin": 0.49167548784977905
      },
      "corner_anchors": {
        "top_left": 0.08786943554878235,
        "top_right": 0.0420488566160202,
        "bottom_left": 0.0961637943983078,
        "bottom_right": 0.11948604136705399,
        "max_corner_weight": 0.11948604136705399,
        "has_corner_subject": 0
      }
    }
  }
}