{
  "meta": {
    "_dataset": "tvm board - Nov 22nd 2025 (5060 images)",
    "_label": "",
    "_relpath": "3967. Stone Bridge.jpg",
    "_filename": "3967. Stone Bridge.jpg",
    "_width": 480,
    "_height": 640
  },
  "features": {
    "geometric_structural": {
      "leading_lines": {
        "diagonal": 11,
        "vertical": 0,
        "horizontal": 20,
        "curved": 365
      },
      "leading_lines_strength": 0.5797950219619327,
      "symmetry_vertical": 0.3750808074597017,
      "symmetry_horizontal": 0.3680175377888581,
      "symmetry_radial": 0.266899668632605,
      "rule_of_thirds": {
        "alignment_score": 0,
        "num_salient_objects": 15
      },
      "golden_ratio": {
        "golden_alignment_score": 0
      },
      "balance": {
        "static_balance": 0.7912103533744812,
        "dynamic_balance": 1.0,
        "dominant_quadrant": 1
      },
      "layering": {
        "foreground_ratio": 0.30573412335285505,
        "midground_ratio": 0.3239556643484627,
        "background_ratio": 0.3703102122986823,
        "depth_complexity": 0.562432703760412
      }
    },
    "spatial_layout": {
      "negative_space_ratio": 0.7083037838579795,
      "subject_isolation": 0.10000114385065886,
      "depth_of_field": {
        "blur_gradient_strength": 441.07913830658987,
        "sharpness_variance": 512657.98285435984,
        "min_sharpness": 0.8231436139147972,
        "max_sharpness": 3500.8384158874214
      },
      "perspective": {
        "has_vanishing_point": 1,
        "perspective_strength": 0.9989768076398363
      }
    },
    "contrast_color": {
      "high_contrast_ratio": 0.4402938552342606,
      "low_contrast_ratio": 0.5597061447657394,
      "mean_contrast": 16.61176109313965,
      "highlight_ratio": 0.13876338303089142,
      "shadow_ratio": 0.007761026732623577,
      "midtone_ratio": 0.8534756302833557,
      "warm_color_ratio": 0.034366993045388,
      "cool_color_ratio": 0.004180774158125915,
      "complementary_color_score": 2.3333333333333335
    },
    "motion_dynamics": {
      "s_curve_count": 296,
      "motion_blur_score": 12.14134327410344,
      "dominant_direction_deg": 4.999999999999995,
      "direction_strength": 0.04716096266457963
    },
    "pattern_rhythm": {
      "repetition_score": 1.0,
      "rhythm_score": 1.0,
      "pattern_breaks": 2
    },
    "visual_mass_focus": {
      "point_of_interest": {
        "x": 0.7578125,
        "y": 0.060029282576866766,
        "strength": 1.0
      },
      "visual_mass_concentration": 0.19982213122254758,
      "mean_visual_weight": 0.04377632588148117,
      "face_count": 0,
      "has_directional_cues": 0
    },
    "framing_breathing": {
      "frame_in_frame_count": 0,
      "breathing_space": {
        "top": 0.0,
        "bottom": 0.7584187408491947,
        "left": 0.2265625,
        "right": 0.0,
        "min_margin": 0.0,
        "mean_margin": 0.24624531021229867
      },
      "corner_anchors": {
        "top_left": 0.41182875633239746,
        "top_right": 0.8533000946044922,
        "bottom_left": 0.36713793873786926,
        "bottom_right": 0.22960539162158966,
        "max_corner_weight": 0.8533000946044922,
        "has_corner_subject": 1
      }
    }
  }
}