{
  "meta": {
    "_dataset": "tvm board - Nov 22nd 2025 (5060 images)",
    "_label": "",
    "_relpath": "3990. Gothic strasbourg.jpg",
    "_filename": "3990. Gothic strasbourg.jpg",
    "_width": 1200,
    "_height": 1600
  },
  "features": {
    "geometric_structural": {
      "leading_lines": {
        "diagonal": 113,
        "vertical": 22,
        "horizontal": 0,
        "curved": 389
      },
      "leading_lines_strength": 0.767203513909224,
      "symmetry_vertical": 0.37719784113362687,
      "symmetry_horizontal": 0.1936967255420793,
      "symmetry_radial": 0.18740335539943256,
      "rule_of_thirds": {
        "alignment_score": 0,
        "num_salient_objects": 14
      },
      "golden_ratio": {
        "golden_alignment_score": 0
      },
      "balance": {
        "static_balance": 0.8863857984542847,
        "dynamic_balance": 1.0,
        "dominant_quadrant": 2
      },
      "layering": {
        "foreground_ratio": 0.32555991489751096,
        "midground_ratio": 0.17027360907759884,
        "background_ratio": 0.5041664760248902,
        "depth_complexity": 1.778419193895901
      }
    },
    "spatial_layout": {
      "negative_space_ratio": 0.549991993045388,
      "subject_isolation": 0.10000114385065886,
      "depth_of_field": {
        "blur_gradient_strength": 1144.4394702247314,
        "sharpness_variance": 4973186.087457213,
        "min_sharpness": 2.776943656219527,
        "max_sharpness": 10182.960179305834
      },
      "perspective": {
        "has_vanishing_point": 1,
        "perspective_strength": 0.9994333360317332
      }
    },
    "contrast_color": {
      "high_contrast_ratio": 0.49644262445095166,
      "low_contrast_ratio": 0.5035573755490483,
      "mean_contrast": 22.09626007080078,
      "highlight_ratio": 0.0057678669691085815,
      "shadow_ratio": 0.43280163407325745,
      "midtone_ratio": 0.5614304542541504,
      "warm_color_ratio": 0.6351888497437774,
      "cool_color_ratio": 0.000946536420204978,
      "complementary_color_score": 2.8333333333333335
    },
    "motion_dynamics": {
      "s_curve_count": 351,
      "motion_blur_score": 4.2598826218646835,
      "dominant_direction_deg": 4.999999999999995,
      "direction_strength": 0.11885752196159276
    },
    "pattern_rhythm": {
      "repetition_score": 1.0,
      "rhythm_score": 1.0,
      "pattern_breaks": 0
    },
    "visual_mass_focus": {
      "point_of_interest": {
        "x": 0.56640625,
        "y": 0.6134699853587116,
        "strength": 1.0
      },
      "visual_mass_concentration": 0.1999450951683748,
      "mean_visual_weight": 0.08346248418092728,
      "face_count": 0,
      "has_directional_cues": 0
    },
    "framing_breathing": {
      "frame_in_frame_count": 0,
      "breathing_space": {
        "top": 0.6134699853587116,
        "bottom": 0.28989751098096633,
        "left": 0.576171875,
        "right": 0.306640625,
        "min_margin": 0.28989751098096633,
        "mean_margin": 0.44654499908491946
      },
      "corner_anchors": {
        "top_left": 0.09704695641994476,
        "top_right": 0.06261011958122253,
        "bottom_left": 0.3240578770637512,
        "bottom_right": 0.2116442769765854,
        "max_corner_weight": 0.3240578770637512,
        "has_corner_subject": 1
      }
    }
  }
}