{
  "meta": {
    "_dataset": "tvm board - Nov 22nd 2025 (5060 images)",
    "_label": "",
    "_relpath": "4002. .jpg",
    "_filename": "4002. .jpg",
    "_width": 1224,
    "_height": 1632
  },
  "features": {
    "geometric_structural": {
      "leading_lines": {
        "diagonal": 57,
        "vertical": 19,
        "horizontal": 10,
        "curved": 530
      },
      "leading_lines_strength": 0.9019033674963397,
      "symmetry_vertical": 0.16725438408815224,
      "symmetry_horizontal": 0.1722386016194001,
      "symmetry_radial": 0.12064767225440236,
      "rule_of_thirds": {
        "alignment_score": 0,
        "num_salient_objects": 12
      },
      "golden_ratio": {
        "golden_alignment_score": 1
      },
      "balance": {
        "static_balance": 0.9337083697319031,
        "dynamic_balance": 1.0,
        "dominant_quadrant": 3
      },
      "layering": {
        "foreground_ratio": 0.3162861456808199,
        "midground_ratio": 0.324653413250366,
        "background_ratio": 0.3590604410688141,
        "depth_complexity": 1.4566959127325723
      }
    },
    "spatial_layout": {
      "negative_space_ratio": 0.8636873169838946,
      "subject_isolation": 0.10000114385065886,
      "depth_of_field": {
        "blur_gradient_strength": 1204.9407862021105,
        "sharpness_variance": 2918799.770555969,
        "min_sharpness": 1.7489580930411377,
        "max_sharpness": 12888.48735846873
      },
      "perspective": {
        "has_vanishing_point": 1,
        "perspective_strength": 0.9996621336261509
      }
    },
    "contrast_color": {
      "high_contrast_ratio": 0.41561527726939973,
      "low_contrast_ratio": 0.5843847227306003,
      "mean_contrast": 23.616533279418945,
      "highlight_ratio": 0.008084164932370186,
      "shadow_ratio": 0.8168694972991943,
      "midtone_ratio": 0.17504632472991943,
      "warm_color_ratio": 0.629300878477306,
      "cool_color_ratio": 0.023729181918008786,
      "complementary_color_score": 2.2777777777777777
    },
    "motion_dynamics": {
      "s_curve_count": 459,
      "motion_blur_score": 3.1401162942340335,
      "dominant_direction_deg": 4.999999999999995,
      "direction_strength": 0.07520818081969709
    },
    "pattern_rhythm": {
      "repetition_score": 1.0,
      "rhythm_score": 1.0,
      "pattern_breaks": 3
    },
    "visual_mass_focus": {
      "point_of_interest": {
        "x": 0.77734375,
        "y": 0.38945827232796487,
        "strength": 1.0
      },
      "visual_mass_concentration": 0.199967972181552,
      "mean_visual_weight": 0.05093901976943016,
      "face_count": 0,
      "has_directional_cues": 0
    },
    "framing_breathing": {
      "frame_in_frame_count": 0,
      "breathing_space": {
        "top": 0.30453879941434847,
        "bottom": 0.5153733528550513,
        "left": 0.72265625,
        "right": 0.23046875,
        "min_margin": 0.23046875,
        "mean_margin": 0.44325928806734993
      },
      "corner_anchors": {
        "top_left": 0.0977490022778511,
        "top_right": 0.06955622136592865,
        "bottom_left": 0.09957055747509003,
        "bottom_right": 0.08980464935302734,
        "max_corner_weight": 0.09957055747509003,
        "has_corner_subject": 0
      }
    }
  }
}