{
  "meta": {
    "_dataset": "tvm board - Nov 22nd 2025 (5060 images)",
    "_label": "",
    "_relpath": "4006. \u2606.jpg",
    "_filename": "4006. \u2606.jpg",
    "_width": 1080,
    "_height": 1762
  },
  "features": {
    "geometric_structural": {
      "leading_lines": {
        "diagonal": 18,
        "vertical": 19,
        "horizontal": 1,
        "curved": 360
      },
      "leading_lines_strength": 0.47664670658682634,
      "symmetry_vertical": 0.46357237151626135,
      "symmetry_horizontal": 0.2743831370141525,
      "symmetry_radial": 0.2216869799824794,
      "rule_of_thirds": {
        "alignment_score": 0,
        "num_salient_objects": 7
      },
      "golden_ratio": {
        "golden_alignment_score": 0
      },
      "balance": {
        "static_balance": 0.9100779294967651,
        "dynamic_balance": 1.0,
        "dominant_quadrant": 0
      },
      "layering": {
        "foreground_ratio": 0.30508982035928145,
        "midground_ratio": 0.3045284431137725,
        "background_ratio": 0.39038173652694613,
        "depth_complexity": 0.33254103895071463
      }
    },
    "spatial_layout": {
      "negative_space_ratio": 0.4401571856287425,
      "subject_isolation": 0.1,
      "depth_of_field": {
        "blur_gradient_strength": 220.5006369346443,
        "sharpness_variance": 153006.2798644544,
        "min_sharpness": 0.0392156862745098,
        "max_sharpness": 2032.5972854317263
      },
      "perspective": {
        "has_vanishing_point": 1,
        "perspective_strength": 0.9988843813387424
      }
    },
    "contrast_color": {
      "high_contrast_ratio": 0.5407232410179641,
      "low_contrast_ratio": 0.4592767589820359,
      "mean_contrast": 12.55122184753418,
      "highlight_ratio": 0.0,
      "shadow_ratio": 0.668258786201477,
      "midtone_ratio": 0.33174121379852295,
      "warm_color_ratio": 0.49076300523952093,
      "cool_color_ratio": 0.004979883982035928,
      "complementary_color_score": 2.3333333333333335
    },
    "motion_dynamics": {
      "s_curve_count": 367,
      "motion_blur_score": 5.130943399982292,
      "dominant_direction_deg": 4.999999999999995,
      "direction_strength": 0.25185956212515936
    },
    "pattern_rhythm": {
      "repetition_score": 1.0,
      "rhythm_score": 1.0,
      "pattern_breaks": 3
    },
    "visual_mass_focus": {
      "point_of_interest": {
        "x": 0.419921875,
        "y": 0.5916167664670658,
        "strength": 1.0
      },
      "visual_mass_concentration": 0.19666448353293414,
      "mean_visual_weight": 0.03928718715906143,
      "face_count": 0,
      "has_directional_cues": 0
    },
    "framing_breathing": {
      "frame_in_frame_count": 0,
      "breathing_space": {
        "top": 0.12215568862275449,
        "bottom": 0.7089820359281437,
        "left": 0.126953125,
        "right": 0.51953125,
        "min_margin": 0.12215568862275449,
        "mean_margin": 0.36940552488772455
      },
      "corner_anchors": {
        "top_left": 0.2944813072681427,
        "top_right": 0.17684705555438995,
        "bottom_left": 0.4487384259700775,
        "bottom_right": 0.34096112847328186,
        "max_corner_weight": 0.4487384259700775,
        "has_corner_subject": 1
      }
    }
  }
}