{
  "meta": {
    "_dataset": "tvm board - Nov 22nd 2025 (5060 images)",
    "_label": "",
    "_relpath": "4021. .jpg",
    "_filename": "4021. .jpg",
    "_width": 1080,
    "_height": 1920
  },
  "features": {
    "geometric_structural": {
      "leading_lines": {
        "diagonal": 7,
        "vertical": 21,
        "horizontal": 6,
        "curved": 263
      },
      "leading_lines_strength": 0.3263736263736264,
      "symmetry_vertical": 0.5193510385885162,
      "symmetry_horizontal": 0.5249055850671227,
      "symmetry_radial": 0.4645651051959985,
      "rule_of_thirds": {
        "alignment_score": 0,
        "num_salient_objects": 10
      },
      "golden_ratio": {
        "golden_alignment_score": 0
      },
      "balance": {
        "static_balance": 0.9535279870033264,
        "dynamic_balance": 1.0,
        "dominant_quadrant": 0
      },
      "layering": {
        "foreground_ratio": 0.28282752403846156,
        "midground_ratio": 0.10022321428571429,
        "background_ratio": 0.6169492616758242,
        "depth_complexity": 0.7622815267070149
      }
    },
    "spatial_layout": {
      "negative_space_ratio": 0.9070741758241758,
      "subject_isolation": 0.1,
      "depth_of_field": {
        "blur_gradient_strength": 764.7999528376597,
        "sharpness_variance": 2462289.148016378,
        "min_sharpness": 0.0,
        "max_sharpness": 8547.206679890221
      },
      "perspective": {
        "has_vanishing_point": 1,
        "perspective_strength": 0.9991144957053042
      }
    },
    "contrast_color": {
      "high_contrast_ratio": 0.3293677026098901,
      "low_contrast_ratio": 0.6706322973901099,
      "mean_contrast": 9.564971923828125,
      "highlight_ratio": 0.0,
      "shadow_ratio": 0.9489805102348328,
      "midtone_ratio": 0.051019489765167236,
      "warm_color_ratio": 0.3692865728021978,
      "cool_color_ratio": 0.040781679258241756,
      "complementary_color_score": 2.0
    },
    "motion_dynamics": {
      "s_curve_count": 234,
      "motion_blur_score": 2.3382633692897787,
      "dominant_direction_deg": 4.999999999999995,
      "direction_strength": 0.543196256866966
    },
    "pattern_rhythm": {
      "repetition_score": 1.0,
      "rhythm_score": 1.0,
      "pattern_breaks": 1
    },
    "visual_mass_focus": {
      "point_of_interest": {
        "x": 0.40234375,
        "y": 0.5538461538461539,
        "strength": 1.0
      },
      "visual_mass_concentration": 0.19816706730769232,
      "mean_visual_weight": 0.01943391188979149,
      "face_count": 0,
      "has_directional_cues": 0
    },
    "framing_breathing": {
      "frame_in_frame_count": 0,
      "breathing_space": {
        "top": 0.5978021978021978,
        "bottom": 0.3791208791208791,
        "left": 0.421875,
        "right": 0.4453125,
        "min_margin": 0.3791208791208791,
        "mean_margin": 0.46102764423076925
      },
      "corner_anchors": {
        "top_left": 0.05797121301293373,
        "top_right": 0.061906032264232635,
        "bottom_left": 0.06349803507328033,
        "bottom_right": 0.06439193338155746,
        "max_corner_weight": 0.06439193338155746,
        "has_corner_subject": 0
      }
    }
  }
}