{
  "meta": {
    "_dataset": "tvm board - Nov 22nd 2025 (5060 images)",
    "_label": "",
    "_relpath": "4035. .jpg",
    "_filename": "4035. .jpg",
    "_width": 640,
    "_height": 640
  },
  "features": {
    "geometric_structural": {
      "leading_lines": {
        "diagonal": 0,
        "vertical": 0,
        "horizontal": 1,
        "curved": 80
      },
      "leading_lines_strength": 0.158203125,
      "symmetry_vertical": 0.5015505059917436,
      "symmetry_horizontal": 0.5372227512825145,
      "symmetry_radial": 0.5020473291044923,
      "rule_of_thirds": {
        "alignment_score": 0,
        "num_salient_objects": 1
      },
      "golden_ratio": {
        "golden_alignment_score": 0
      },
      "balance": {
        "static_balance": 0.9698739647865295,
        "dynamic_balance": 1.0,
        "dominant_quadrant": 1
      },
      "layering": {
        "foreground_ratio": 0.2679901123046875,
        "midground_ratio": 0.12881088256835938,
        "background_ratio": 0.6031990051269531,
        "depth_complexity": 0.07135006172965222
      }
    },
    "spatial_layout": {
      "negative_space_ratio": 0.44359588623046875,
      "subject_isolation": 0.09999847412109375,
      "depth_of_field": {
        "blur_gradient_strength": 69.28418776065573,
        "sharpness_variance": 13402.906147350626,
        "min_sharpness": 3.3394469728246063,
        "max_sharpness": 752.2807343048639
      },
      "perspective": {
        "has_vanishing_point": 1,
        "perspective_strength": 0.9444444444444444
      }
    },
    "contrast_color": {
      "high_contrast_ratio": 0.5476570129394531,
      "low_contrast_ratio": 0.4523429870605469,
      "mean_contrast": 18.636899948120117,
      "highlight_ratio": 0.08088302612304688,
      "shadow_ratio": 0.005046844482421875,
      "midtone_ratio": 0.9140701293945312,
      "warm_color_ratio": 1.0,
      "cool_color_ratio": 0.0,
      "complementary_color_score": 0.0
    },
    "motion_dynamics": {
      "s_curve_count": 111,
      "motion_blur_score": 16.111578724329334,
      "dominant_direction_deg": 4.999999999999995,
      "direction_strength": 0.09709167480431712
    },
    "pattern_rhythm": {
      "repetition_score": 1.0,
      "rhythm_score": 1.0,
      "pattern_breaks": 1
    },
    "visual_mass_focus": {
      "point_of_interest": {
        "x": 0.017578125,
        "y": 0.921875,
        "strength": 1.0
      },
      "visual_mass_concentration": 0.19783782958984375,
      "mean_visual_weight": 0.6365764141082764,
      "face_count": 0,
      "has_directional_cues": 0
    },
    "framing_breathing": {
      "frame_in_frame_count": 0,
      "breathing_space": {
        "top": 0.822265625,
        "bottom": 0.0,
        "left": 0.0,
        "right": 0.939453125,
        "min_margin": 0.0,
        "mean_margin": 0.4404296875
      },
      "corner_anchors": {
        "top_left": 0.2173122763633728,
        "top_right": 0.23409533500671387,
        "bottom_left": 0.3361576497554779,
        "bottom_right": 0.3175062835216522,
        "max_corner_weight": 0.3361576497554779,
        "has_corner_subject": 1
      }
    }
  }
}