{
  "meta": {
    "_dataset": "tvm board - Nov 22nd 2025 (5060 images)",
    "_label": "",
    "_relpath": "4037. .jpg",
    "_filename": "4037. .jpg",
    "_width": 640,
    "_height": 642
  },
  "features": {
    "geometric_structural": {
      "leading_lines": {
        "diagonal": 0,
        "vertical": 0,
        "horizontal": 0,
        "curved": 26
      },
      "leading_lines_strength": 0.05058365758754864,
      "symmetry_vertical": 0.6498791604187222,
      "symmetry_horizontal": 0.5904050535711729,
      "symmetry_radial": 0.613103319527744,
      "rule_of_thirds": {
        "alignment_score": 1,
        "num_salient_objects": 19
      },
      "golden_ratio": {
        "golden_alignment_score": 2
      },
      "balance": {
        "static_balance": 0.7131801843643188,
        "dynamic_balance": 1.0,
        "dominant_quadrant": 1
      },
      "layering": {
        "foreground_ratio": 0.19021689567120623,
        "midground_ratio": 0.36464919747081714,
        "background_ratio": 0.44513390685797666,
        "depth_complexity": 0.02774400754449881
      }
    },
    "spatial_layout": {
      "negative_space_ratio": 0.29299154912451364,
      "subject_isolation": 0.10000075997081712,
      "depth_of_field": {
        "blur_gradient_strength": 24.038567987623658,
        "sharpness_variance": 1716.4490767215646,
        "min_sharpness": 1.1875,
        "max_sharpness": 222.30517940265187
      },
      "perspective": {
        "has_vanishing_point": 0,
        "perspective_strength": 0.0
      }
    },
    "contrast_color": {
      "high_contrast_ratio": 0.3656865576361868,
      "low_contrast_ratio": 0.6343134423638133,
      "mean_contrast": 14.977063179016113,
      "highlight_ratio": 0.1822638064622879,
      "shadow_ratio": 0.0,
      "midtone_ratio": 0.8177362084388733,
      "warm_color_ratio": 0.2545978234435798,
      "cool_color_ratio": 0.21113889226653695,
      "complementary_color_score": 0.0
    },
    "motion_dynamics": {
      "s_curve_count": 28,
      "motion_blur_score": 22.49065404811315,
      "dominant_direction_deg": 4.999999999999995,
      "direction_strength": 0.09042512767475368
    },
    "pattern_rhythm": {
      "repetition_score": 1.0,
      "rhythm_score": 1.0,
      "pattern_breaks": 7
    },
    "visual_mass_focus": {
      "point_of_interest": {
        "x": 0.755859375,
        "y": 0.2607003891050584,
        "strength": 1.0
      },
      "visual_mass_concentration": 0.19986092534046693,
      "mean_visual_weight": 0.18311505019664764,
      "face_count": 0,
      "has_directional_cues": 0
    },
    "framing_breathing": {
      "frame_in_frame_count": 0,
      "breathing_space": {
        "top": 0.0,
        "bottom": 0.5622568093385214,
        "left": 0.548828125,
        "right": 0.0,
        "min_margin": 0.0,
        "mean_margin": 0.27777123358463035
      },
      "corner_anchors": {
        "top_left": 0.3988662362098694,
        "top_right": 0.6846460700035095,
        "bottom_left": 0.1365416795015335,
        "bottom_right": 0.1655174195766449,
        "max_corner_weight": 0.6846460700035095,
        "has_corner_subject": 1
      }
    }
  }
}