{
  "meta": {
    "_dataset": "tvm board - Nov 22nd 2025 (5060 images)",
    "_label": "",
    "_relpath": "4042. folklore summer.jpg",
    "_filename": "4042. folklore summer.jpg",
    "_width": 736,
    "_height": 736
  },
  "features": {
    "geometric_structural": {
      "leading_lines": {
        "diagonal": 12,
        "vertical": 6,
        "horizontal": 8,
        "curved": 303
      },
      "leading_lines_strength": 0.642578125,
      "symmetry_vertical": 0.24573989211816938,
      "symmetry_horizontal": 0.24405426713038444,
      "symmetry_radial": 0.23587712812569264,
      "rule_of_thirds": {
        "alignment_score": 1,
        "num_salient_objects": 12
      },
      "golden_ratio": {
        "golden_alignment_score": 1
      },
      "balance": {
        "static_balance": 0.77079176902771,
        "dynamic_balance": 1.0,
        "dominant_quadrant": 3
      },
      "layering": {
        "foreground_ratio": 0.31159210205078125,
        "midground_ratio": 0.33020782470703125,
        "background_ratio": 0.3582000732421875,
        "depth_complexity": 1.0366322900725062
      }
    },
    "spatial_layout": {
      "negative_space_ratio": 0.7247161865234375,
      "subject_isolation": 0.10000228881835938,
      "depth_of_field": {
        "blur_gradient_strength": 644.8391339880795,
        "sharpness_variance": 1036552.5901272127,
        "min_sharpness": 4.0,
        "max_sharpness": 4218.067263929039
      },
      "perspective": {
        "has_vanishing_point": 1,
        "perspective_strength": 0.9993380113862042
      }
    },
    "contrast_color": {
      "high_contrast_ratio": 0.4091377258300781,
      "low_contrast_ratio": 0.5908622741699219,
      "mean_contrast": 25.920358657836914,
      "highlight_ratio": 0.03202056884765625,
      "shadow_ratio": 0.05541229248046875,
      "midtone_ratio": 0.912567138671875,
      "warm_color_ratio": 0.9915504455566406,
      "cool_color_ratio": 0.0,
      "complementary_color_score": 0.0
    },
    "motion_dynamics": {
      "s_curve_count": 290,
      "motion_blur_score": 7.3487861952967695,
      "dominant_direction_deg": 4.999999999999995,
      "direction_strength": 0.05213546752909799
    },
    "pattern_rhythm": {
      "repetition_score": 1.0,
      "rhythm_score": 1.0,
      "pattern_breaks": 5
    },
    "visual_mass_focus": {
      "point_of_interest": {
        "x": 0.388671875,
        "y": 0.703125,
        "strength": 1.0
      },
      "visual_mass_concentration": 0.19998550415039062,
      "mean_visual_weight": 0.29134565591812134,
      "face_count": 0,
      "has_directional_cues": 0
    },
    "framing_breathing": {
      "frame_in_frame_count": 0,
      "breathing_space": {
        "top": 0.416015625,
        "bottom": 0.388671875,
        "left": 0.0,
        "right": 0.921875,
        "min_margin": 0.0,
        "mean_margin": 0.431640625
      },
      "corner_anchors": {
        "top_left": 0.08773797005414963,
        "top_right": 0.21392293274402618,
        "bottom_left": 0.15314894914627075,
        "bottom_right": 0.3791539669036865,
        "max_corner_weight": 0.3791539669036865,
        "has_corner_subject": 1
      }
    }
  }
}