{
  "meta": {
    "_dataset": "tvm board - Nov 22nd 2025 (5060 images)",
    "_label": "",
    "_relpath": "4049. .jpg",
    "_filename": "4049. .jpg",
    "_width": 483,
    "_height": 680
  },
  "features": {
    "geometric_structural": {
      "leading_lines": {
        "diagonal": 25,
        "vertical": 1,
        "horizontal": 1,
        "curved": 675
      },
      "leading_lines_strength": 0.9736477115117892,
      "symmetry_vertical": 0.2941114492514668,
      "symmetry_horizontal": 0.28094491349023376,
      "symmetry_radial": 0.22864120508375008,
      "rule_of_thirds": {
        "alignment_score": 0,
        "num_salient_objects": 5
      },
      "golden_ratio": {
        "golden_alignment_score": 0
      },
      "balance": {
        "static_balance": 0.7887803912162781,
        "dynamic_balance": 1.0,
        "dominant_quadrant": 1
      },
      "layering": {
        "foreground_ratio": 0.3159023925104022,
        "midground_ratio": 0.2456847044036061,
        "background_ratio": 0.4384129030859917,
        "depth_complexity": 0.7838140585444635
      }
    },
    "spatial_layout": {
      "negative_space_ratio": 0.6827892033633842,
      "subject_isolation": 0.10000216712898752,
      "depth_of_field": {
        "blur_gradient_strength": 413.13461620158506,
        "sharpness_variance": 409989.0720977772,
        "min_sharpness": 67.86236063052671,
        "max_sharpness": 4287.157076338161
      },
      "perspective": {
        "has_vanishing_point": 1,
        "perspective_strength": 0.9959568733153639
      }
    },
    "contrast_color": {
      "high_contrast_ratio": 0.38075372746185854,
      "low_contrast_ratio": 0.6192462725381415,
      "mean_contrast": 14.904861450195312,
      "highlight_ratio": 0.0006067961221560836,
      "shadow_ratio": 0.36682721972465515,
      "midtone_ratio": 0.632565975189209,
      "warm_color_ratio": 0.9900176621012483,
      "cool_color_ratio": 1.0835644937586685e-05,
      "complementary_color_score": 0.5
    },
    "motion_dynamics": {
      "s_curve_count": 455,
      "motion_blur_score": 7.611839914812866,
      "dominant_direction_deg": -85.0,
      "direction_strength": 0.03168071688618325
    },
    "pattern_rhythm": {
      "repetition_score": 1.0,
      "rhythm_score": 1.0,
      "pattern_breaks": 2
    },
    "visual_mass_focus": {
      "point_of_interest": {
        "x": 0.65625,
        "y": 0.21081830790568654,
        "strength": 1.0
      },
      "visual_mass_concentration": 0.19986347087378642,
      "mean_visual_weight": 0.30003347992897034,
      "face_count": 0,
      "has_directional_cues": 0
    },
    "framing_breathing": {
      "frame_in_frame_count": 0,
      "breathing_space": {
        "top": 0.17891816920943135,
        "bottom": 0.6296809986130375,
        "left": 0.541015625,
        "right": 0.232421875,
        "min_margin": 0.17891816920943135,
        "mean_margin": 0.3955091669556172
      },
      "corner_anchors": {
        "top_left": 0.1973496526479721,
        "top_right": 0.19089755415916443,
        "bottom_left": 0.11446862667798996,
        "bottom_right": 0.20600999891757965,
        "max_corner_weight": 0.20600999891757965,
        "has_corner_subject": 0
      }
    }
  }
}