{
  "meta": {
    "_dataset": "tvm board - Nov 22nd 2025 (5060 images)",
    "_label": "",
    "_relpath": "4069. spacious apartment.png",
    "_filename": "4069. spacious apartment.png",
    "_width": 1024,
    "_height": 1024
  },
  "features": {
    "geometric_structural": {
      "leading_lines": {
        "diagonal": 44,
        "vertical": 6,
        "horizontal": 2,
        "curved": 309
      },
      "leading_lines_strength": 0.705078125,
      "symmetry_vertical": 0.3067189296527767,
      "symmetry_horizontal": 0.26985411111642743,
      "symmetry_radial": 0.25622280469494346,
      "rule_of_thirds": {
        "alignment_score": 2,
        "num_salient_objects": 33
      },
      "golden_ratio": {
        "golden_alignment_score": 5
      },
      "balance": {
        "static_balance": 0.8525497913360596,
        "dynamic_balance": 1.0,
        "dominant_quadrant": 2
      },
      "layering": {
        "foreground_ratio": 0.329620361328125,
        "midground_ratio": 0.2337799072265625,
        "background_ratio": 0.4365997314453125,
        "depth_complexity": 0.8178976186257205
      }
    },
    "spatial_layout": {
      "negative_space_ratio": 0.69036865234375,
      "subject_isolation": 0.10000228881835938,
      "depth_of_field": {
        "blur_gradient_strength": 798.9917329234548,
        "sharpness_variance": 1184227.9420634587,
        "min_sharpness": 16.372708512282195,
        "max_sharpness": 4626.669266145973
      },
      "perspective": {
        "has_vanishing_point": 1,
        "perspective_strength": 0.9991322457480042
      }
    },
    "contrast_color": {
      "high_contrast_ratio": 0.5091361999511719,
      "low_contrast_ratio": 0.4908638000488281,
      "mean_contrast": 27.068334579467773,
      "highlight_ratio": 0.15948104858398438,
      "shadow_ratio": 0.025970458984375,
      "midtone_ratio": 0.8145484924316406,
      "warm_color_ratio": 0.761566162109375,
      "cool_color_ratio": 0.0,
      "complementary_color_score": 0.0
    },
    "motion_dynamics": {
      "s_curve_count": 260,
      "motion_blur_score": 9.993703482771098,
      "dominant_direction_deg": 4.999999999999995,
      "direction_strength": 0.04363632202131791
    },
    "pattern_rhythm": {
      "repetition_score": 1.0,
      "rhythm_score": 1.0,
      "pattern_breaks": 12
    },
    "visual_mass_focus": {
      "point_of_interest": {
        "x": 0.412109375,
        "y": 0.703125,
        "strength": 1.0
      },
      "visual_mass_concentration": 0.19991302490234375,
      "mean_visual_weight": 0.18592722713947296,
      "face_count": 0,
      "has_directional_cues": 0
    },
    "framing_breathing": {
      "frame_in_frame_count": 0,
      "breathing_space": {
        "top": 0.64453125,
        "bottom": 0.0,
        "left": 0.30078125,
        "right": 0.42578125,
        "min_margin": 0.0,
        "mean_margin": 0.3427734375
      },
      "corner_anchors": {
        "top_left": 0.2952246367931366,
        "top_right": 0.3179706931114197,
        "bottom_left": 0.3073057532310486,
        "bottom_right": 0.39409148693084717,
        "max_corner_weight": 0.39409148693084717,
        "has_corner_subject": 1
      }
    }
  }
}