{
  "meta": {
    "_dataset": "tvm board - Nov 22nd 2025 (5060 images)",
    "_label": "",
    "_relpath": "4080. school vibes.jpg",
    "_filename": "4080. school vibes.jpg",
    "_width": 1224,
    "_height": 1632
  },
  "features": {
    "geometric_structural": {
      "leading_lines": {
        "diagonal": 12,
        "vertical": 8,
        "horizontal": 9,
        "curved": 40
      },
      "leading_lines_strength": 0.10102489019033675,
      "symmetry_vertical": 0.4449544761089772,
      "symmetry_horizontal": 0.4949189418406127,
      "symmetry_radial": 0.34712948602858157,
      "rule_of_thirds": {
        "alignment_score": 0,
        "num_salient_objects": 11
      },
      "golden_ratio": {
        "golden_alignment_score": 1
      },
      "balance": {
        "static_balance": 0.9046157598495483,
        "dynamic_balance": 1.0,
        "dominant_quadrant": 3
      },
      "layering": {
        "foreground_ratio": 0.2814616123718887,
        "midground_ratio": 0.3437042459736457,
        "background_ratio": 0.3748341416544656,
        "depth_complexity": 0.22708524895858792
      }
    },
    "spatial_layout": {
      "negative_space_ratio": 0.6805282302342606,
      "subject_isolation": 0.10000114385065886,
      "depth_of_field": {
        "blur_gradient_strength": 218.81409608828648,
        "sharpness_variance": 148474.1698398343,
        "min_sharpness": 0.7,
        "max_sharpness": 2636.0360941234417
      },
      "perspective": {
        "has_vanishing_point": 1,
        "perspective_strength": 0.9987531172069826
      }
    },
    "contrast_color": {
      "high_contrast_ratio": 0.45837813415080525,
      "low_contrast_ratio": 0.5416218658491947,
      "mean_contrast": 22.06863784790039,
      "highlight_ratio": 0.061241764575242996,
      "shadow_ratio": 0.12811127305030823,
      "midtone_ratio": 0.8106470108032227,
      "warm_color_ratio": 0.889973005124451,
      "cool_color_ratio": 0.015519193814055638,
      "complementary_color_score": 2.0
    },
    "motion_dynamics": {
      "s_curve_count": 65,
      "motion_blur_score": 11.779152914391078,
      "dominant_direction_deg": 4.999999999999995,
      "direction_strength": 0.18359374999947498
    },
    "pattern_rhythm": {
      "repetition_score": 1.0,
      "rhythm_score": 1.0,
      "pattern_breaks": 5
    },
    "visual_mass_focus": {
      "point_of_interest": {
        "x": 0.85546875,
        "y": 0.3762811127379209,
        "strength": 1.0
      },
      "visual_mass_concentration": 0.19982785047584187,
      "mean_visual_weight": 0.479780912399292,
      "face_count": 0,
      "has_directional_cues": 0
    },
    "framing_breathing": {
      "frame_in_frame_count": 0,
      "breathing_space": {
        "top": 0.26500732064421667,
        "bottom": 0.493411420204978,
        "left": 0.693359375,
        "right": 0.166015625,
        "min_margin": 0.166015625,
        "mean_margin": 0.4044484352122987
      },
      "corner_anchors": {
        "top_left": 0.215244859457016,
        "top_right": 0.17304226756095886,
        "bottom_left": 0.29003190994262695,
        "bottom_right": 0.3593911826610565,
        "max_corner_weight": 0.3593911826610565,
        "has_corner_subject": 1
      }
    }
  }
}