{
  "meta": {
    "_dataset": "tvm board - Nov 22nd 2025 (5060 images)",
    "_label": "",
    "_relpath": "4087. .jpg",
    "_filename": "4087. .jpg",
    "_width": 736,
    "_height": 981
  },
  "features": {
    "geometric_structural": {
      "leading_lines": {
        "diagonal": 5,
        "vertical": 1,
        "horizontal": 2,
        "curved": 35
      },
      "leading_lines_strength": 0.06304985337243402,
      "symmetry_vertical": 0.5199958818846955,
      "symmetry_horizontal": 0.5670694416388445,
      "symmetry_radial": 0.3773505404126846,
      "rule_of_thirds": {
        "alignment_score": 0,
        "num_salient_objects": 26
      },
      "golden_ratio": {
        "golden_alignment_score": 1
      },
      "balance": {
        "static_balance": 0.9351967573165894,
        "dynamic_balance": 1.0,
        "dominant_quadrant": 0
      },
      "layering": {
        "foreground_ratio": 0.2881603968108504,
        "midground_ratio": 0.1391816348973607,
        "background_ratio": 0.5726579682917888,
        "depth_complexity": 0.058440520982117904
      }
    },
    "spatial_layout": {
      "negative_space_ratio": 0.7275533815982405,
      "subject_isolation": 0.10000171829178886,
      "depth_of_field": {
        "blur_gradient_strength": 46.53434276176465,
        "sharpness_variance": 8321.133394423556,
        "min_sharpness": 2.9023539729270422,
        "max_sharpness": 606.6962022266596
      },
      "perspective": {
        "has_vanishing_point": 1,
        "perspective_strength": 0.9739696312364425
      }
    },
    "contrast_color": {
      "high_contrast_ratio": 0.42458130956744866,
      "low_contrast_ratio": 0.5754186904325513,
      "mean_contrast": 17.524486541748047,
      "highlight_ratio": 0.12103933840990067,
      "shadow_ratio": 0.0048513105139136314,
      "midtone_ratio": 0.8741093873977661,
      "warm_color_ratio": 0.9999914085410557,
      "cool_color_ratio": 0.0,
      "complementary_color_score": 0.0
    },
    "motion_dynamics": {
      "s_curve_count": 87,
      "motion_blur_score": 17.03420868116022,
      "dominant_direction_deg": 4.999999999999995,
      "direction_strength": 0.08648448955253825
    },
    "pattern_rhythm": {
      "repetition_score": 1.0,
      "rhythm_score": 1.0,
      "pattern_breaks": 10
    },
    "visual_mass_focus": {
      "point_of_interest": {
        "x": 0.455078125,
        "y": 0.35043988269794724,
        "strength": 1.0
      },
      "visual_mass_concentration": 0.19992324963343108,
      "mean_visual_weight": 0.522711455821991,
      "face_count": 0,
      "has_directional_cues": 0
    },
    "framing_breathing": {
      "frame_in_frame_count": 0,
      "breathing_space": {
        "top": 0.4310850439882698,
        "bottom": 0.46920821114369504,
        "left": 0.85546875,
        "right": 0.015625,
        "min_margin": 0.015625,
        "mean_margin": 0.4428467512829912
      },
      "corner_anchors": {
        "top_left": 0.3635978400707245,
        "top_right": 0.2624310553073883,
        "bottom_left": 0.25745081901550293,
        "bottom_right": 0.42266273498535156,
        "max_corner_weight": 0.42266273498535156,
        "has_corner_subject": 1
      }
    }
  }
}