{
  "meta": {
    "_dataset": "tvm board - Nov 22nd 2025 (5060 images)",
    "_label": "",
    "_relpath": "4102. .jpg",
    "_filename": "4102. .jpg",
    "_width": 900,
    "_height": 1200
  },
  "features": {
    "geometric_structural": {
      "leading_lines": {
        "diagonal": 7,
        "vertical": 0,
        "horizontal": 10,
        "curved": 43
      },
      "leading_lines_strength": 0.08784773060029283,
      "symmetry_vertical": 0.5233005496493451,
      "symmetry_horizontal": 0.5187775656035628,
      "symmetry_radial": 0.4228754125136532,
      "rule_of_thirds": {
        "alignment_score": 0,
        "num_salient_objects": 8
      },
      "golden_ratio": {
        "golden_alignment_score": 1
      },
      "balance": {
        "static_balance": 0.8557878136634827,
        "dynamic_balance": 1.0,
        "dominant_quadrant": 1
      },
      "layering": {
        "foreground_ratio": 0.31473050878477304,
        "midground_ratio": 0.24264218063689605,
        "background_ratio": 0.4426273105783309,
        "depth_complexity": 0.16767866900264394
      }
    },
    "spatial_layout": {
      "negative_space_ratio": 0.6808542276720352,
      "subject_isolation": 0.10000114385065886,
      "depth_of_field": {
        "blur_gradient_strength": 184.88461890253632,
        "sharpness_variance": 111477.82479565422,
        "min_sharpness": 0.6977906495313296,
        "max_sharpness": 2827.8410560159264
      },
      "perspective": {
        "has_vanishing_point": 1,
        "perspective_strength": 0.9728867623604466
      }
    },
    "contrast_color": {
      "high_contrast_ratio": 0.4766082540263543,
      "low_contrast_ratio": 0.5233917459736457,
      "mean_contrast": 16.928293228149414,
      "highlight_ratio": 0.030852511525154114,
      "shadow_ratio": 0.06273449212312698,
      "midtone_ratio": 0.9064130187034607,
      "warm_color_ratio": 0.7417900118960469,
      "cool_color_ratio": 0.005902269399707174,
      "complementary_color_score": 2.388888888888889
    },
    "motion_dynamics": {
      "s_curve_count": 96,
      "motion_blur_score": 12.921009232849094,
      "dominant_direction_deg": 4.999999999999995,
      "direction_strength": 0.19814067075345973
    },
    "pattern_rhythm": {
      "repetition_score": 1.0,
      "rhythm_score": 1.0,
      "pattern_breaks": 3
    },
    "visual_mass_focus": {
      "point_of_interest": {
        "x": 0.587890625,
        "y": 0.23133235724743778,
        "strength": 1.0
      },
      "visual_mass_concentration": 0.1999622529282577,
      "mean_visual_weight": 0.1473584920167923,
      "face_count": 0,
      "has_directional_cues": 0
    },
    "framing_breathing": {
      "frame_in_frame_count": 0,
      "breathing_space": {
        "top": 0.0,
        "bottom": 0.9092240117130308,
        "left": 0.55859375,
        "right": 0.28515625,
        "min_margin": 0.0,
        "mean_margin": 0.4382435029282577
      },
      "corner_anchors": {
        "top_left": 0.126412495970726,
        "top_right": 0.22950121760368347,
        "bottom_left": 0.11050095409154892,
        "bottom_right": 0.25340157747268677,
        "max_corner_weight": 0.25340157747268677,
        "has_corner_subject": 0
      }
    }
  }
}