{
  "meta": {
    "_dataset": "tvm board - Nov 22nd 2025 (5060 images)",
    "_label": "",
    "_relpath": "4124. .jpg",
    "_filename": "4124. .jpg",
    "_width": 1344,
    "_height": 2016
  },
  "features": {
    "geometric_structural": {
      "leading_lines": {
        "diagonal": 4,
        "vertical": 8,
        "horizontal": 5,
        "curved": 395
      },
      "leading_lines_strength": 0.5364583333333334,
      "symmetry_vertical": 0.4103013206216742,
      "symmetry_horizontal": 0.37253081968305,
      "symmetry_radial": 0.21319806240282083,
      "rule_of_thirds": {
        "alignment_score": 0,
        "num_salient_objects": 4
      },
      "golden_ratio": {
        "golden_alignment_score": 1
      },
      "balance": {
        "static_balance": 0.941573977470398,
        "dynamic_balance": 1.0,
        "dominant_quadrant": 3
      },
      "layering": {
        "foreground_ratio": 0.27098337809244794,
        "midground_ratio": 0.2565104166666667,
        "background_ratio": 0.47250620524088544,
        "depth_complexity": 0.22251533014119682
      }
    },
    "spatial_layout": {
      "negative_space_ratio": 0.7005793253580729,
      "subject_isolation": 0.10000101725260417,
      "depth_of_field": {
        "blur_gradient_strength": 223.24891335489022,
        "sharpness_variance": 245193.19535217105,
        "min_sharpness": 11.264609765474818,
        "max_sharpness": 5490.406478277586
      },
      "perspective": {
        "has_vanishing_point": 1,
        "perspective_strength": 0.9984962406015038
      }
    },
    "contrast_color": {
      "high_contrast_ratio": 0.41192626953125,
      "low_contrast_ratio": 0.58807373046875,
      "mean_contrast": 15.850424766540527,
      "highlight_ratio": 0.007970173843204975,
      "shadow_ratio": 0.6254298090934753,
      "midtone_ratio": 0.36660003662109375,
      "warm_color_ratio": 0.9760055541992188,
      "cool_color_ratio": 0.00322723388671875,
      "complementary_color_score": 2.5555555555555554
    },
    "motion_dynamics": {
      "s_curve_count": 273,
      "motion_blur_score": 6.537307542922864,
      "dominant_direction_deg": 4.999999999999995,
      "direction_strength": 0.035527547200430484
    },
    "pattern_rhythm": {
      "repetition_score": 1.0,
      "rhythm_score": 1.0,
      "pattern_breaks": 2
    },
    "visual_mass_focus": {
      "point_of_interest": {
        "x": 0.53125,
        "y": 0.2799479166666667,
        "strength": 1.0
      },
      "visual_mass_concentration": 0.19994608561197916,
      "mean_visual_weight": 0.25278106331825256,
      "face_count": 0,
      "has_directional_cues": 0
    },
    "framing_breathing": {
      "frame_in_frame_count": 0,
      "breathing_space": {
        "top": 0.17578125,
        "bottom": 0.7239583333333334,
        "left": 0.458984375,
        "right": 0.419921875,
        "min_margin": 0.17578125,
        "mean_margin": 0.44466145833333337
      },
      "corner_anchors": {
        "top_left": 0.16443848609924316,
        "top_right": 0.07290720194578171,
        "bottom_left": 0.11360432952642441,
        "bottom_right": 0.07828798145055771,
        "max_corner_weight": 0.16443848609924316,
        "has_corner_subject": 0
      }
    }
  }
}