{
  "meta": {
    "_dataset": "tvm board - Nov 22nd 2025 (5060 images)",
    "_label": "",
    "_relpath": "4135. .jpg",
    "_filename": "4135. .jpg",
    "_width": 1936,
    "_height": 2592
  },
  "features": {
    "geometric_structural": {
      "leading_lines": {
        "diagonal": 6,
        "vertical": 2,
        "horizontal": 1,
        "curved": 60
      },
      "leading_lines_strength": 0.10072992700729927,
      "symmetry_vertical": 0.4405508652367346,
      "symmetry_horizontal": 0.3240483848845284,
      "symmetry_radial": 0.2853375550020236,
      "rule_of_thirds": {
        "alignment_score": 1,
        "num_salient_objects": 1
      },
      "golden_ratio": {
        "golden_alignment_score": 1
      },
      "balance": {
        "static_balance": 0.8671425580978394,
        "dynamic_balance": 1.0,
        "dominant_quadrant": 1
      },
      "layering": {
        "foreground_ratio": 0.26246578467153286,
        "midground_ratio": 0.31095460766423355,
        "background_ratio": 0.4265796076642336,
        "depth_complexity": 0.1883957626958523
      }
    },
    "spatial_layout": {
      "negative_space_ratio": 0.8864564324817519,
      "subject_isolation": 0.1,
      "depth_of_field": {
        "blur_gradient_strength": 114.60530607393541,
        "sharpness_variance": 31599.62431924783,
        "min_sharpness": 14.37667823912401,
        "max_sharpness": 866.4608980575745
      },
      "perspective": {
        "has_vanishing_point": 1,
        "perspective_strength": 0.9926108374384236
      }
    },
    "contrast_color": {
      "high_contrast_ratio": 0.378515625,
      "low_contrast_ratio": 0.621484375,
      "mean_contrast": 17.170501708984375,
      "highlight_ratio": 0.013446624390780926,
      "shadow_ratio": 0.7797588109970093,
      "midtone_ratio": 0.20679455995559692,
      "warm_color_ratio": 0.931694799270073,
      "cool_color_ratio": 0.003826414233576642,
      "complementary_color_score": 2.9444444444444446
    },
    "motion_dynamics": {
      "s_curve_count": 87,
      "motion_blur_score": 6.329250506453026,
      "dominant_direction_deg": 4.999999999999995,
      "direction_strength": 0.04179117244513632
    },
    "pattern_rhythm": {
      "repetition_score": 1.0,
      "rhythm_score": 1.0,
      "pattern_breaks": 1
    },
    "visual_mass_focus": {
      "point_of_interest": {
        "x": 0.736328125,
        "y": 0.34306569343065696,
        "strength": 1.0
      },
      "visual_mass_concentration": 0.1999087591240876,
      "mean_visual_weight": 0.20849250257015228,
      "face_count": 0,
      "has_directional_cues": 0
    },
    "framing_breathing": {
      "frame_in_frame_count": 0,
      "breathing_space": {
        "top": 0.272992700729927,
        "bottom": 0.545985401459854,
        "left": 0.66015625,
        "right": 0.1875,
        "min_margin": 0.1875,
        "mean_margin": 0.41665858804744527
      },
      "corner_anchors": {
        "top_left": 0.12124408781528473,
        "top_right": 0.1485205441713333,
        "bottom_left": 0.08125415444374084,
        "bottom_right": 0.06264126300811768,
        "max_corner_weight": 0.1485205441713333,
        "has_corner_subject": 0
      }
    }
  }
}