{
  "meta": {
    "_dataset": "tvm board - Nov 22nd 2025 (5060 images)",
    "_label": "",
    "_relpath": "4146. Street Lamp.jpg",
    "_filename": "4146. Street Lamp.jpg",
    "_width": 4000,
    "_height": 6000
  },
  "features": {
    "geometric_structural": {
      "leading_lines": {
        "diagonal": 0,
        "vertical": 0,
        "horizontal": 0,
        "curved": 35
      },
      "leading_lines_strength": 0.045572916666666664,
      "symmetry_vertical": 0.7040530751563698,
      "symmetry_horizontal": 0.4819273219370547,
      "symmetry_radial": 0.4325531054386353,
      "rule_of_thirds": {
        "alignment_score": 0,
        "num_salient_objects": 5
      },
      "golden_ratio": {
        "golden_alignment_score": 0
      },
      "balance": {
        "static_balance": 0.9289798736572266,
        "dynamic_balance": 1.0,
        "dominant_quadrant": 1
      },
      "layering": {
        "foreground_ratio": 0.17731221516927084,
        "midground_ratio": 0.41038767496744794,
        "background_ratio": 0.41230010986328125,
        "depth_complexity": 0.062169440828567735
      }
    },
    "spatial_layout": {
      "negative_space_ratio": 0.9558258056640625,
      "subject_isolation": 0.10000101725260417,
      "depth_of_field": {
        "blur_gradient_strength": 86.01422788323234,
        "sharpness_variance": 36282.113538516656,
        "min_sharpness": 5.220385321884745,
        "max_sharpness": 1451.0936059401633
      },
      "perspective": {
        "has_vanishing_point": 1,
        "perspective_strength": 0.8928571428571429
      }
    },
    "contrast_color": {
      "high_contrast_ratio": 0.28028106689453125,
      "low_contrast_ratio": 0.7197189331054688,
      "mean_contrast": 11.216578483581543,
      "highlight_ratio": 0.020721435546875,
      "shadow_ratio": 0.8458404541015625,
      "midtone_ratio": 0.1334381103515625,
      "warm_color_ratio": 0.9874496459960938,
      "cool_color_ratio": 1.7801920572916668e-05,
      "complementary_color_score": 0.1111111111111111
    },
    "motion_dynamics": {
      "s_curve_count": 43,
      "motion_blur_score": 7.692919915426734,
      "dominant_direction_deg": 4.999999999999995,
      "direction_strength": 0.06628672281884183
    },
    "pattern_rhythm": {
      "repetition_score": 1.0,
      "rhythm_score": 1.0,
      "pattern_breaks": 5
    },
    "visual_mass_focus": {
      "point_of_interest": {
        "x": 0.533203125,
        "y": 0.2682291666666667,
        "strength": 1.0
      },
      "visual_mass_concentration": 0.1985753377278646,
      "mean_visual_weight": 0.22143101692199707,
      "face_count": 0,
      "has_directional_cues": 0
    },
    "framing_breathing": {
      "frame_in_frame_count": 0,
      "breathing_space": {
        "top": 0.14192708333333334,
        "bottom": 0.7174479166666666,
        "left": 0.451171875,
        "right": 0.3671875,
        "min_margin": 0.14192708333333334,
        "mean_margin": 0.41943359375
      },
      "corner_anchors": {
        "top_left": 0.10015662014484406,
        "top_right": 0.0844109058380127,
        "bottom_left": 0.11260310560464859,
        "bottom_right": 0.14559203386306763,
        "max_corner_weight": 0.14559203386306763,
        "has_corner_subject": 0
      }
    }
  }
}