{
  "meta": {
    "_dataset": "tvm board - Nov 22nd 2025 (5060 images)",
    "_label": "",
    "_relpath": "4147. 064.jpg",
    "_filename": "4147. 064.jpg",
    "_width": 900,
    "_height": 1200
  },
  "features": {
    "geometric_structural": {
      "leading_lines": {
        "diagonal": 0,
        "vertical": 1,
        "horizontal": 0,
        "curved": 106
      },
      "leading_lines_strength": 0.15666178623718888,
      "symmetry_vertical": 0.6308224141898287,
      "symmetry_horizontal": 0.4971075448717658,
      "symmetry_radial": 0.40735731928629954,
      "rule_of_thirds": {
        "alignment_score": 0,
        "num_salient_objects": 14
      },
      "golden_ratio": {
        "golden_alignment_score": 0
      },
      "balance": {
        "static_balance": 0.9751650094985962,
        "dynamic_balance": 1.0,
        "dominant_quadrant": 0
      },
      "layering": {
        "foreground_ratio": 0.2732316068814056,
        "midground_ratio": 0.2606606881405564,
        "background_ratio": 0.46610770497803805,
        "depth_complexity": 0.14539900905083422
      }
    },
    "spatial_layout": {
      "negative_space_ratio": 0.8348765785139092,
      "subject_isolation": 0.10000114385065886,
      "depth_of_field": {
        "blur_gradient_strength": 254.2569563718347,
        "sharpness_variance": 168129.88258945828,
        "min_sharpness": 0.5090202050168207,
        "max_sharpness": 3360.620146097655
      },
      "perspective": {
        "has_vanishing_point": 1,
        "perspective_strength": 0.6666666666666666
      }
    },
    "contrast_color": {
      "high_contrast_ratio": 0.38181163067349927,
      "low_contrast_ratio": 0.6181883693265007,
      "mean_contrast": 17.236034393310547,
      "highlight_ratio": 0.01498730294406414,
      "shadow_ratio": 0.7797801494598389,
      "midtone_ratio": 0.20523256063461304,
      "warm_color_ratio": 0.7720848965959004,
      "cool_color_ratio": 0.0036488836017569545,
      "complementary_color_score": 2.111111111111111
    },
    "motion_dynamics": {
      "s_curve_count": 117,
      "motion_blur_score": 5.5928766384458735,
      "dominant_direction_deg": 4.999999999999995,
      "direction_strength": 0.2150982567709808
    },
    "pattern_rhythm": {
      "repetition_score": 1.0,
      "rhythm_score": 1.0,
      "pattern_breaks": 2
    },
    "visual_mass_focus": {
      "point_of_interest": {
        "x": 0.373046875,
        "y": 0.1815519765739385,
        "strength": 1.0
      },
      "visual_mass_concentration": 0.1997849560761347,
      "mean_visual_weight": 0.18601764738559723,
      "face_count": 0,
      "has_directional_cues": 0
    },
    "framing_breathing": {
      "frame_in_frame_count": 0,
      "breathing_space": {
        "top": 0.07613469985358712,
        "bottom": 0.7964860907759883,
        "left": 0.349609375,
        "right": 0.494140625,
        "min_margin": 0.07613469985358712,
        "mean_margin": 0.4290926976573939
      },
      "corner_anchors": {
        "top_left": 0.1280614137649536,
        "top_right": 0.1318068951368332,
        "bottom_left": 0.15873920917510986,
        "bottom_right": 0.1756444126367569,
        "max_corner_weight": 0.1756444126367569,
        "has_corner_subject": 0
      }
    }
  }
}