{
  "meta": {
    "_dataset": "tvm board - Nov 22nd 2025 (5060 images)",
    "_label": "",
    "_relpath": "4153. .jpg",
    "_filename": "4153. .jpg",
    "_width": 736,
    "_height": 981
  },
  "features": {
    "geometric_structural": {
      "leading_lines": {
        "diagonal": 0,
        "vertical": 2,
        "horizontal": 3,
        "curved": 150
      },
      "leading_lines_strength": 0.22727272727272727,
      "symmetry_vertical": 0.45509495332301964,
      "symmetry_horizontal": 0.4241145966566887,
      "symmetry_radial": 0.3217709779174846,
      "rule_of_thirds": {
        "alignment_score": 1,
        "num_salient_objects": 11
      },
      "golden_ratio": {
        "golden_alignment_score": 3
      },
      "balance": {
        "static_balance": 0.9606622457504272,
        "dynamic_balance": 1.0,
        "dominant_quadrant": 0
      },
      "layering": {
        "foreground_ratio": 0.27844059292521994,
        "midground_ratio": 0.27638723423753664,
        "background_ratio": 0.4451721728372434,
        "depth_complexity": 0.26478644434230725
      }
    },
    "spatial_layout": {
      "negative_space_ratio": 0.7352656479105572,
      "subject_isolation": 0.10000171829178886,
      "depth_of_field": {
        "blur_gradient_strength": 546.8936318366591,
        "sharpness_variance": 1517784.2903923423,
        "min_sharpness": 8.376989033623335,
        "max_sharpness": 9375.752883506342
      },
      "perspective": {
        "has_vanishing_point": 1,
        "perspective_strength": 0.973568281938326
      }
    },
    "contrast_color": {
      "high_contrast_ratio": 0.40457180168621704,
      "low_contrast_ratio": 0.595428198313783,
      "mean_contrast": 24.45302391052246,
      "highlight_ratio": 0.05426651984453201,
      "shadow_ratio": 0.5058249831199646,
      "midtone_ratio": 0.439908504486084,
      "warm_color_ratio": 0.9428524789222874,
      "cool_color_ratio": 0.001282991202346041,
      "complementary_color_score": 2.611111111111111
    },
    "motion_dynamics": {
      "s_curve_count": 134,
      "motion_blur_score": 7.613371062006563,
      "dominant_direction_deg": 4.999999999999995,
      "direction_strength": 0.05398013654676623
    },
    "pattern_rhythm": {
      "repetition_score": 1.0,
      "rhythm_score": 1.0,
      "pattern_breaks": 8
    },
    "visual_mass_focus": {
      "point_of_interest": {
        "x": 0.40625,
        "y": 0.3533724340175953,
        "strength": 1.0
      },
      "visual_mass_concentration": 0.19990320289589442,
      "mean_visual_weight": 0.2947309911251068,
      "face_count": 0,
      "has_directional_cues": 0
    },
    "framing_breathing": {
      "frame_in_frame_count": 0,
      "breathing_space": {
        "top": 0.4090909090909091,
        "bottom": 0.4472140762463343,
        "left": 0.431640625,
        "right": 0.357421875,
        "min_margin": 0.357421875,
        "mean_margin": 0.4113418713343109
      },
      "corner_anchors": {
        "top_left": 0.17025692760944366,
        "top_right": 0.2631581723690033,
        "bottom_left": 0.28579604625701904,
        "bottom_right": 0.26935452222824097,
        "max_corner_weight": 0.28579604625701904,
        "has_corner_subject": 0
      }
    }
  }
}