{
  "meta": {
    "_dataset": "tvm board - Nov 22nd 2025 (5060 images)",
    "_label": "",
    "_relpath": "4155. .jpg",
    "_filename": "4155. .jpg",
    "_width": 749,
    "_height": 499
  },
  "features": {
    "geometric_structural": {
      "leading_lines": {
        "diagonal": 3,
        "vertical": 27,
        "horizontal": 7,
        "curved": 184
      },
      "leading_lines_strength": 0.28738621586475943,
      "symmetry_vertical": 0.2539917213990124,
      "symmetry_horizontal": 0.3099343813482456,
      "symmetry_radial": 0.16965815025562803,
      "rule_of_thirds": {
        "alignment_score": 1,
        "num_salient_objects": 32
      },
      "golden_ratio": {
        "golden_alignment_score": 7
      },
      "balance": {
        "static_balance": 0.9446533918380737,
        "dynamic_balance": 1.0,
        "dominant_quadrant": 0
      },
      "layering": {
        "foreground_ratio": 0.3111640523407022,
        "midground_ratio": 0.22493447252925877,
        "background_ratio": 0.463901475130039,
        "depth_complexity": 0.3464691011818968
      }
    },
    "spatial_layout": {
      "negative_space_ratio": 0.7468226796163849,
      "subject_isolation": 0.10000050796488946,
      "depth_of_field": {
        "blur_gradient_strength": 337.53588996848015,
        "sharpness_variance": 285919.4423436286,
        "min_sharpness": 1.0965013456362938,
        "max_sharpness": 3421.8770665128804
      },
      "perspective": {
        "has_vanishing_point": 1,
        "perspective_strength": 0.9098136645962733
      }
    },
    "contrast_color": {
      "high_contrast_ratio": 0.42356652308192455,
      "low_contrast_ratio": 0.5764334769180754,
      "mean_contrast": 31.036710739135742,
      "highlight_ratio": 0.06769902259111404,
      "shadow_ratio": 0.5663935542106628,
      "midtone_ratio": 0.3659074306488037,
      "warm_color_ratio": 0.9596117116384916,
      "cool_color_ratio": 0.00575016254876463,
      "complementary_color_score": 2.0
    },
    "motion_dynamics": {
      "s_curve_count": 213,
      "motion_blur_score": 6.248587400487447,
      "dominant_direction_deg": 4.999999999999995,
      "direction_strength": 0.14890736752237863
    },
    "pattern_rhythm": {
      "repetition_score": 1.0,
      "rhythm_score": 1.0,
      "pattern_breaks": 13
    },
    "visual_mass_focus": {
      "point_of_interest": {
        "x": 0.4577373211963589,
        "y": 0.484375,
        "strength": 1.0
      },
      "visual_mass_concentration": 0.19992228137191156,
      "mean_visual_weight": 0.2859884202480316,
      "face_count": 1,
      "has_directional_cues": 1
    },
    "framing_breathing": {
      "frame_in_frame_count": 0,
      "breathing_space": {
        "top": 0.146484375,
        "bottom": 0.3984375,
        "left": 0.235370611183355,
        "right": 0.6280884265279584,
        "min_margin": 0.146484375,
        "mean_margin": 0.35209522817782835
      },
      "corner_anchors": {
        "top_left": 0.21639087796211243,
        "top_right": 0.2451026290655136,
        "bottom_left": 0.3474334180355072,
        "bottom_right": 0.26068443059921265,
        "max_corner_weight": 0.3474334180355072,
        "has_corner_subject": 1
      }
    }
  }
}