{
  "meta": {
    "_dataset": "tvm board - Nov 22nd 2025 (5060 images)",
    "_label": "",
    "_relpath": "4154. .jpg",
    "_filename": "4154. .jpg",
    "_width": 675,
    "_height": 1200
  },
  "features": {
    "geometric_structural": {
      "leading_lines": {
        "diagonal": 0,
        "vertical": 20,
        "horizontal": 1,
        "curved": 31
      },
      "leading_lines_strength": 0.05714285714285714,
      "symmetry_vertical": 0.47064296994570565,
      "symmetry_horizontal": 0.5690705594998465,
      "symmetry_radial": 0.3060214256515112,
      "rule_of_thirds": {
        "alignment_score": 0,
        "num_salient_objects": 30
      },
      "golden_ratio": {
        "golden_alignment_score": 1
      },
      "balance": {
        "static_balance": 0.9094090461730957,
        "dynamic_balance": 1.0,
        "dominant_quadrant": 0
      },
      "layering": {
        "foreground_ratio": 0.25272149725274723,
        "midground_ratio": 0.3907537774725275,
        "background_ratio": 0.3565247252747253,
        "depth_complexity": 0.07355033994849502
      }
    },
    "spatial_layout": {
      "negative_space_ratio": 0.41627747252747255,
      "subject_isolation": 0.1,
      "depth_of_field": {
        "blur_gradient_strength": 70.9208574048703,
        "sharpness_variance": 11668.03236108154,
        "min_sharpness": 0.7450980392156863,
        "max_sharpness": 1019.0089388696655
      },
      "perspective": {
        "has_vanishing_point": 1,
        "perspective_strength": 0.9739049394221808
      }
    },
    "contrast_color": {
      "high_contrast_ratio": 0.4810804429945055,
      "low_contrast_ratio": 0.5189195570054945,
      "mean_contrast": 17.037044525146484,
      "highlight_ratio": 0.10036487132310867,
      "shadow_ratio": 0.10658267885446548,
      "midtone_ratio": 0.7930524349212646,
      "warm_color_ratio": 0.9314817994505494,
      "cool_color_ratio": 0.0,
      "complementary_color_score": 0.0
    },
    "motion_dynamics": {
      "s_curve_count": 92,
      "motion_blur_score": 20.666579058209944,
      "dominant_direction_deg": 4.999999999999995,
      "direction_strength": 0.2172454498621711
    },
    "pattern_rhythm": {
      "repetition_score": 1.0,
      "rhythm_score": 1.0,
      "pattern_breaks": 13
    },
    "visual_mass_focus": {
      "point_of_interest": {
        "x": 0.24609375,
        "y": 0.45604395604395603,
        "strength": 1.0
      },
      "visual_mass_concentration": 0.19993990384615384,
      "mean_visual_weight": 0.4116945266723633,
      "face_count": 0,
      "has_directional_cues": 0
    },
    "framing_breathing": {
      "frame_in_frame_count": 0,
      "breathing_space": {
        "top": 0.0,
        "bottom": 0.06813186813186813,
        "left": 0.0,
        "right": 0.853515625,
        "min_margin": 0.0,
        "mean_margin": 0.23041187328296703
      },
      "corner_anchors": {
        "top_left": 0.6725283861160278,
        "top_right": 0.2549266517162323,
        "bottom_left": 0.5741652846336365,
        "bottom_right": 0.22965675592422485,
        "max_corner_weight": 0.6725283861160278,
        "has_corner_subject": 1
      }
    }
  }
}