{
  "meta": {
    "_dataset": "tvm board - Nov 22nd 2025 (5060 images)",
    "_label": "",
    "_relpath": "4156. .jpg",
    "_filename": "4156. .jpg",
    "_width": 2448,
    "_height": 3264
  },
  "features": {
    "geometric_structural": {
      "leading_lines": {
        "diagonal": 0,
        "vertical": 77,
        "horizontal": 13,
        "curved": 86
      },
      "leading_lines_strength": 0.25768667642752563,
      "symmetry_vertical": 0.6877444133816634,
      "symmetry_horizontal": 0.548130999861822,
      "symmetry_radial": 0.40310580787917344,
      "rule_of_thirds": {
        "alignment_score": 0,
        "num_salient_objects": 18
      },
      "golden_ratio": {
        "golden_alignment_score": 2
      },
      "balance": {
        "static_balance": 0.9885796308517456,
        "dynamic_balance": 1.0,
        "dominant_quadrant": 3
      },
      "layering": {
        "foreground_ratio": 0.281841942715959,
        "midground_ratio": 0.11549746065153733,
        "background_ratio": 0.6026605966325037,
        "depth_complexity": 0.2817457461303565
      }
    },
    "spatial_layout": {
      "negative_space_ratio": 0.7286300100658858,
      "subject_isolation": 0.10000114385065886,
      "depth_of_field": {
        "blur_gradient_strength": 270.4905551382904,
        "sharpness_variance": 275253.441796991,
        "min_sharpness": 8.755453681272737,
        "max_sharpness": 3264.768133570606
      },
      "perspective": {
        "has_vanishing_point": 1,
        "perspective_strength": 0.9986217759401457
      }
    },
    "contrast_color": {
      "high_contrast_ratio": 0.3793323343704246,
      "low_contrast_ratio": 0.6206676656295754,
      "mean_contrast": 12.635409355163574,
      "highlight_ratio": 0.04050661250948906,
      "shadow_ratio": 0.2031106948852539,
      "midtone_ratio": 0.7563827037811279,
      "warm_color_ratio": 0.9906232842240117,
      "cool_color_ratio": 0.0,
      "complementary_color_score": 0.0
    },
    "motion_dynamics": {
      "s_curve_count": 166,
      "motion_blur_score": 15.637301862136788,
      "dominant_direction_deg": 95.0,
      "direction_strength": 0.06201386346980802
    },
    "pattern_rhythm": {
      "repetition_score": 1.0,
      "rhythm_score": 1.0,
      "pattern_breaks": 1
    },
    "visual_mass_focus": {
      "point_of_interest": {
        "x": 0.51171875,
        "y": 0.3689604685212299,
        "strength": 1.0
      },
      "visual_mass_concentration": 0.199967972181552,
      "mean_visual_weight": 0.3591045141220093,
      "face_count": 0,
      "has_directional_cues": 0
    },
    "framing_breathing": {
      "frame_in_frame_count": 0,
      "breathing_space": {
        "top": 0.3206442166910688,
        "bottom": 0.5710102489019033,
        "left": 0.392578125,
        "right": 0.37890625,
        "min_margin": 0.3206442166910688,
        "mean_margin": 0.41578471014824303
      },
      "corner_anchors": {
        "top_left": 0.15981525182724,
        "top_right": 0.14804284274578094,
        "bottom_left": 0.3639078736305237,
        "bottom_right": 0.36856314539909363,
        "max_corner_weight": 0.36856314539909363,
        "has_corner_subject": 1
      }
    }
  }
}