{
  "meta": {
    "_dataset": "tvm board - Nov 22nd 2025 (5060 images)",
    "_label": "",
    "_relpath": "4168. The Summer.jpg",
    "_filename": "4168. The Summer.jpg",
    "_width": 559,
    "_height": 859
  },
  "features": {
    "geometric_structural": {
      "leading_lines": {
        "diagonal": 0,
        "vertical": 76,
        "horizontal": 0,
        "curved": 47
      },
      "leading_lines_strength": 0.156289707750953,
      "symmetry_vertical": 0.6387747335059403,
      "symmetry_horizontal": 0.4580121617065608,
      "symmetry_radial": 0.2372717244347069,
      "rule_of_thirds": {
        "alignment_score": 4,
        "num_salient_objects": 28
      },
      "golden_ratio": {
        "golden_alignment_score": 4
      },
      "balance": {
        "static_balance": 0.8453611135482788,
        "dynamic_balance": 1.0,
        "dominant_quadrant": 0
      },
      "layering": {
        "foreground_ratio": 0.2691862889135959,
        "midground_ratio": 0.3169423046378653,
        "background_ratio": 0.41387140644853876,
        "depth_complexity": 0.17969274386445103
      }
    },
    "spatial_layout": {
      "negative_space_ratio": 0.7379114715692503,
      "subject_isolation": 0.10000148904066074,
      "depth_of_field": {
        "blur_gradient_strength": 118.86226416003309,
        "sharpness_variance": 56372.74384624919,
        "min_sharpness": 0.19607843137254902,
        "max_sharpness": 886.369277128647
      },
      "perspective": {
        "has_vanishing_point": 1,
        "perspective_strength": 0.9974956957270308
      }
    },
    "contrast_color": {
      "high_contrast_ratio": 0.4131194409148666,
      "low_contrast_ratio": 0.5868805590851334,
      "mean_contrast": 35.314762115478516,
      "highlight_ratio": 0.10131432861089706,
      "shadow_ratio": 0.4891473650932312,
      "midtone_ratio": 0.4095383286476135,
      "warm_color_ratio": 0.29881819806226173,
      "cool_color_ratio": 0.0006129884053367217,
      "complementary_color_score": 1.3888888888888888
    },
    "motion_dynamics": {
      "s_curve_count": 40,
      "motion_blur_score": 13.221595425009912,
      "dominant_direction_deg": 4.999999999999995,
      "direction_strength": 0.2585843194085069
    },
    "pattern_rhythm": {
      "repetition_score": 1.0,
      "rhythm_score": 1.0,
      "pattern_breaks": 7
    },
    "visual_mass_focus": {
      "point_of_interest": {
        "x": 0.46875,
        "y": 0.3278271918678526,
        "strength": 1.0
      },
      "visual_mass_concentration": 0.19947188691232529,
      "mean_visual_weight": 0.07392283529043198,
      "face_count": 3,
      "has_directional_cues": 1
    },
    "framing_breathing": {
      "frame_in_frame_count": 0,
      "breathing_space": {
        "top": 0.12579415501905972,
        "bottom": 0.30749682337992373,
        "left": 0.439453125,
        "right": 0.45703125,
        "min_margin": 0.12579415501905972,
        "mean_margin": 0.3324438383497459
      },
      "corner_anchors": {
        "top_left": 0.37263163924217224,
        "top_right": 0.37936607003211975,
        "bottom_left": 0.15937280654907227,
        "bottom_right": 0.13622328639030457,
        "max_corner_weight": 0.37936607003211975,
        "has_corner_subject": 1
      }
    }
  }
}