{
  "meta": {
    "_dataset": "tvm board - Nov 22nd 2025 (5060 images)",
    "_label": "",
    "_relpath": "4170. .jpg",
    "_filename": "4170. .jpg",
    "_width": 679,
    "_height": 1024
  },
  "features": {
    "geometric_structural": {
      "leading_lines": {
        "diagonal": 1,
        "vertical": 2,
        "horizontal": 1,
        "curved": 175
      },
      "leading_lines_strength": 0.23186528497409326,
      "symmetry_vertical": 0.5871809034248143,
      "symmetry_horizontal": 0.5821086386255678,
      "symmetry_radial": 0.366456552203449,
      "rule_of_thirds": {
        "alignment_score": 1,
        "num_salient_objects": 23
      },
      "golden_ratio": {
        "golden_alignment_score": 5
      },
      "balance": {
        "static_balance": 0.8354019522666931,
        "dynamic_balance": 1.0,
        "dominant_quadrant": 1
      },
      "layering": {
        "foreground_ratio": 0.3309155399935233,
        "midground_ratio": 0.19656988746761658,
        "background_ratio": 0.4725145725388601,
        "depth_complexity": 0.3308072284349112
      }
    },
    "spatial_layout": {
      "negative_space_ratio": 0.857540782869171,
      "subject_isolation": 0.10000151797279792,
      "depth_of_field": {
        "blur_gradient_strength": 236.43397194611853,
        "sharpness_variance": 304055.92359106743,
        "min_sharpness": 18.798914030787852,
        "max_sharpness": 3022.499036170544
      },
      "perspective": {
        "has_vanishing_point": 1,
        "perspective_strength": 0.9655172413793104
      }
    },
    "contrast_color": {
      "high_contrast_ratio": 0.2961185435556995,
      "low_contrast_ratio": 0.7038814564443006,
      "mean_contrast": 16.44657325744629,
      "highlight_ratio": 0.06966482847929001,
      "shadow_ratio": 0.7265043258666992,
      "midtone_ratio": 0.20383083820343018,
      "warm_color_ratio": 0.2770983443976684,
      "cool_color_ratio": 0.43579987046632124,
      "complementary_color_score": 2.1666666666666665
    },
    "motion_dynamics": {
      "s_curve_count": 130,
      "motion_blur_score": 7.88425793552953,
      "dominant_direction_deg": 4.999999999999995,
      "direction_strength": 0.039087799546533235
    },
    "pattern_rhythm": {
      "repetition_score": 1.0,
      "rhythm_score": 1.0,
      "pattern_breaks": 11
    },
    "visual_mass_focus": {
      "point_of_interest": {
        "x": 0.580078125,
        "y": 0.3963730569948187,
        "strength": 1.0
      },
      "visual_mass_concentration": 0.1998689483484456,
      "mean_visual_weight": 0.0809834748506546,
      "face_count": 0,
      "has_directional_cues": 0
    },
    "framing_breathing": {
      "frame_in_frame_count": 0,
      "breathing_space": {
        "top": 0.39896373056994816,
        "bottom": 0.4015544041450777,
        "left": 0.537109375,
        "right": 0.185546875,
        "min_margin": 0.185546875,
        "mean_margin": 0.38079359617875647
      },
      "corner_anchors": {
        "top_left": 0.1638909876346588,
        "top_right": 0.15059201419353485,
        "bottom_left": 0.16769514977931976,
        "bottom_right": 0.16134296357631683,
        "max_corner_weight": 0.16769514977931976,
        "has_corner_subject": 0
      }
    }
  }
}