{
  "meta": {
    "_dataset": "tvm board - Nov 22nd 2025 (5060 images)",
    "_label": "",
    "_relpath": "4169. .jpg",
    "_filename": "4169. .jpg",
    "_width": 736,
    "_height": 736
  },
  "features": {
    "geometric_structural": {
      "leading_lines": {
        "diagonal": 0,
        "vertical": 12,
        "horizontal": 4,
        "curved": 113
      },
      "leading_lines_strength": 0.251953125,
      "symmetry_vertical": 0.22648308631583888,
      "symmetry_horizontal": 0.3518993710030588,
      "symmetry_radial": 0.16853840198264394,
      "rule_of_thirds": {
        "alignment_score": 2,
        "num_salient_objects": 25
      },
      "golden_ratio": {
        "golden_alignment_score": 5
      },
      "balance": {
        "static_balance": 0.9722757339477539,
        "dynamic_balance": 1.0,
        "dominant_quadrant": 2
      },
      "layering": {
        "foreground_ratio": 0.311920166015625,
        "midground_ratio": 0.2625541687011719,
        "background_ratio": 0.4255256652832031,
        "depth_complexity": 0.5846476780073572
      }
    },
    "spatial_layout": {
      "negative_space_ratio": 0.696746826171875,
      "subject_isolation": 0.10000228881835938,
      "depth_of_field": {
        "blur_gradient_strength": 376.40823780602955,
        "sharpness_variance": 399365.4890725637,
        "min_sharpness": 0.0,
        "max_sharpness": 3285.5602197185267
      },
      "perspective": {
        "has_vanishing_point": 1,
        "perspective_strength": 0.9938820912124583
      }
    },
    "contrast_color": {
      "high_contrast_ratio": 0.5262565612792969,
      "low_contrast_ratio": 0.4737434387207031,
      "mean_contrast": 49.19834518432617,
      "highlight_ratio": 0.18405532836914062,
      "shadow_ratio": 0.4980506896972656,
      "midtone_ratio": 0.31789398193359375,
      "warm_color_ratio": 0.8028373718261719,
      "cool_color_ratio": 0.0009002685546875,
      "complementary_color_score": 2.4444444444444446
    },
    "motion_dynamics": {
      "s_curve_count": 142,
      "motion_blur_score": 6.100065196367269,
      "dominant_direction_deg": 4.999999999999995,
      "direction_strength": 0.17566299438409552
    },
    "pattern_rhythm": {
      "repetition_score": 1.0,
      "rhythm_score": 1.0,
      "pattern_breaks": 12
    },
    "visual_mass_focus": {
      "point_of_interest": {
        "x": 0.44140625,
        "y": 0.54296875,
        "strength": 1.0
      },
      "visual_mass_concentration": 0.199951171875,
      "mean_visual_weight": 0.1755458563566208,
      "face_count": 0,
      "has_directional_cues": 0
    },
    "framing_breathing": {
      "frame_in_frame_count": 0,
      "breathing_space": {
        "top": 0.7421875,
        "bottom": 0.0390625,
        "left": 0.28125,
        "right": 0.203125,
        "min_margin": 0.0390625,
        "mean_margin": 0.31640625
      },
      "corner_anchors": {
        "top_left": 0.35812056064605713,
        "top_right": 0.4265848398208618,
        "bottom_left": 0.3795377314090729,
        "bottom_right": 0.4579760432243347,
        "max_corner_weight": 0.4579760432243347,
        "has_corner_subject": 1
      }
    }
  }
}