{
  "meta": {
    "_dataset": "tvm board - Nov 22nd 2025 (5060 images)",
    "_label": "",
    "_relpath": "4172. .jpg",
    "_filename": "4172. .jpg",
    "_width": 690,
    "_height": 884
  },
  "features": {
    "geometric_structural": {
      "leading_lines": {
        "diagonal": 2,
        "vertical": 7,
        "horizontal": 6,
        "curved": 216
      },
      "leading_lines_strength": 0.3521341463414634,
      "symmetry_vertical": 0.35227753986495075,
      "symmetry_horizontal": 0.33946014266859653,
      "symmetry_radial": 0.2686095291237959,
      "rule_of_thirds": {
        "alignment_score": 0,
        "num_salient_objects": 23
      },
      "golden_ratio": {
        "golden_alignment_score": 0
      },
      "balance": {
        "static_balance": 0.9662478566169739,
        "dynamic_balance": 1.0,
        "dominant_quadrant": 2
      },
      "layering": {
        "foreground_ratio": 0.29672017911585363,
        "midground_ratio": 0.22884313071646342,
        "background_ratio": 0.4744366901676829,
        "depth_complexity": 0.3290332652030337
      }
    },
    "spatial_layout": {
      "negative_space_ratio": 0.4964480516387195,
      "subject_isolation": 0.1000023818597561,
      "depth_of_field": {
        "blur_gradient_strength": 293.8400972420665,
        "sharpness_variance": 189465.92813758994,
        "min_sharpness": 0.9450211457131872,
        "max_sharpness": 2047.0750642885555
      },
      "perspective": {
        "has_vanishing_point": 1,
        "perspective_strength": 0.9860237596086653
      }
    },
    "contrast_color": {
      "high_contrast_ratio": 0.3952487852515244,
      "low_contrast_ratio": 0.6047512147484756,
      "mean_contrast": 28.685842514038086,
      "highlight_ratio": 0.09527141600847244,
      "shadow_ratio": 0.15836985409259796,
      "midtone_ratio": 0.7463587522506714,
      "warm_color_ratio": 0.8836312642911586,
      "cool_color_ratio": 0.0001518435594512195,
      "complementary_color_score": 1.2222222222222223
    },
    "motion_dynamics": {
      "s_curve_count": 210,
      "motion_blur_score": 9.144643536991607,
      "dominant_direction_deg": 4.999999999999995,
      "direction_strength": 0.12009336890208147
    },
    "pattern_rhythm": {
      "repetition_score": 1.0,
      "rhythm_score": 1.0,
      "pattern_breaks": 6
    },
    "visual_mass_focus": {
      "point_of_interest": {
        "x": 0.4609375,
        "y": 0.3475609756097561,
        "strength": 1.0
      },
      "visual_mass_concentration": 0.19991246665396342,
      "mean_visual_weight": 0.19136005640029907,
      "face_count": 0,
      "has_directional_cues": 0
    },
    "framing_breathing": {
      "frame_in_frame_count": 0,
      "breathing_space": {
        "top": 0.8216463414634146,
        "bottom": 0.006097560975609756,
        "left": 0.705078125,
        "right": 0.0,
        "min_margin": 0.0,
        "mean_margin": 0.3832055068597561
      },
      "corner_anchors": {
        "top_left": 0.372062087059021,
        "top_right": 0.4594915211200714,
        "bottom_left": 0.5611410737037659,
        "bottom_right": 0.509788990020752,
        "max_corner_weight": 0.5611410737037659,
        "has_corner_subject": 1
      }
    }
  }
}