{
  "meta": {
    "_dataset": "tvm board - Nov 22nd 2025 (5060 images)",
    "_label": "",
    "_relpath": "4171. .jpg",
    "_filename": "4171. .jpg",
    "_width": 690,
    "_height": 891
  },
  "features": {
    "geometric_structural": {
      "leading_lines": {
        "diagonal": 2,
        "vertical": 13,
        "horizontal": 6,
        "curved": 283
      },
      "leading_lines_strength": 0.4599092284417549,
      "symmetry_vertical": 0.2720043573650802,
      "symmetry_horizontal": 0.27641895224181917,
      "symmetry_radial": 0.19165563735342098,
      "rule_of_thirds": {
        "alignment_score": 1,
        "num_salient_objects": 84
      },
      "golden_ratio": {
        "golden_alignment_score": 3
      },
      "balance": {
        "static_balance": 0.9142631888389587,
        "dynamic_balance": 1.0,
        "dominant_quadrant": 1
      },
      "layering": {
        "foreground_ratio": 0.3213319071482602,
        "midground_ratio": 0.29379018532526474,
        "background_ratio": 0.38487790752647505,
        "depth_complexity": 0.6428636557604869
      }
    },
    "spatial_layout": {
      "negative_space_ratio": 0.5135920953101362,
      "subject_isolation": 0.10000236384266263,
      "depth_of_field": {
        "blur_gradient_strength": 588.9890409999753,
        "sharpness_variance": 733186.1793892761,
        "min_sharpness": 4.351403306420607,
        "max_sharpness": 4486.475153953297
      },
      "perspective": {
        "has_vanishing_point": 1,
        "perspective_strength": 0.9289152165864495
      }
    },
    "contrast_color": {
      "high_contrast_ratio": 0.4442369515885023,
      "low_contrast_ratio": 0.5557630484114977,
      "mean_contrast": 36.39933776855469,
      "highlight_ratio": 0.2144448459148407,
      "shadow_ratio": 0.16073834896087646,
      "midtone_ratio": 0.6248167753219604,
      "warm_color_ratio": 0.6689083774583964,
      "cool_color_ratio": 0.0013710287443267776,
      "complementary_color_score": 1.1666666666666667
    },
    "motion_dynamics": {
      "s_curve_count": 263,
      "motion_blur_score": 7.704011942664424,
      "dominant_direction_deg": 4.999999999999995,
      "direction_strength": 0.07108370366847377
    },
    "pattern_rhythm": {
      "repetition_score": 1.0,
      "rhythm_score": 1.0,
      "pattern_breaks": 24
    },
    "visual_mass_focus": {
      "point_of_interest": {
        "x": 0.708984375,
        "y": 0.19969742813918306,
        "strength": 1.0
      },
      "visual_mass_concentration": 0.1999869988653555,
      "mean_visual_weight": 0.22260236740112305,
      "face_count": 0,
      "has_directional_cues": 0
    },
    "framing_breathing": {
      "frame_in_frame_count": 0,
      "breathing_space": {
        "top": 0.0,
        "bottom": 0.060514372163388806,
        "left": 0.802734375,
        "right": 0.0,
        "min_margin": 0.0,
        "mean_margin": 0.2158121867908472
      },
      "corner_anchors": {
        "top_left": 0.5265810489654541,
        "top_right": 0.613152265548706,
        "bottom_left": 0.5558960437774658,
        "bottom_right": 0.5812749862670898,
        "max_corner_weight": 0.613152265548706,
        "has_corner_subject": 1
      }
    }
  }
}