{
  "meta": {
    "_dataset": "tvm board - Nov 22nd 2025 (5060 images)",
    "_label": "",
    "_relpath": "4180. .jpg",
    "_filename": "4180. .jpg",
    "_width": 428,
    "_height": 640
  },
  "features": {
    "geometric_structural": {
      "leading_lines": {
        "diagonal": 24,
        "vertical": 3,
        "horizontal": 0,
        "curved": 183
      },
      "leading_lines_strength": 0.2741514360313316,
      "symmetry_vertical": 0.4120010628811871,
      "symmetry_horizontal": 0.4261232566129809,
      "symmetry_radial": 0.3016017476411815,
      "rule_of_thirds": {
        "alignment_score": 2,
        "num_salient_objects": 34
      },
      "golden_ratio": {
        "golden_alignment_score": 0
      },
      "balance": {
        "static_balance": 0.9337878227233887,
        "dynamic_balance": 1.0,
        "dominant_quadrant": 0
      },
      "layering": {
        "foreground_ratio": 0.3338568864229765,
        "midground_ratio": 0.2786237353133159,
        "background_ratio": 0.3875193782637076,
        "depth_complexity": 0.45102880964612757
      }
    },
    "spatial_layout": {
      "negative_space_ratio": 0.8359782963446475,
      "subject_isolation": 0.10000203981723238,
      "depth_of_field": {
        "blur_gradient_strength": 424.34715046731037,
        "sharpness_variance": 609911.7994303493,
        "min_sharpness": 2.0873702422145333,
        "max_sharpness": 4273.066623149852
      },
      "perspective": {
        "has_vanishing_point": 1,
        "perspective_strength": 0.9940891993551854
      }
    },
    "contrast_color": {
      "high_contrast_ratio": 0.3050699657310705,
      "low_contrast_ratio": 0.6949300342689295,
      "mean_contrast": 16.375680923461914,
      "highlight_ratio": 0.05594198778271675,
      "shadow_ratio": 0.27899855375289917,
      "midtone_ratio": 0.6650594472885132,
      "warm_color_ratio": 0.9796375244778068,
      "cool_color_ratio": 0.0,
      "complementary_color_score": 0.0
    },
    "motion_dynamics": {
      "s_curve_count": 161,
      "motion_blur_score": 8.175817182304382,
      "dominant_direction_deg": 4.999999999999995,
      "direction_strength": 0.053942966710045226
    },
    "pattern_rhythm": {
      "repetition_score": 1.0,
      "rhythm_score": 1.0,
      "pattern_breaks": 15
    },
    "visual_mass_focus": {
      "point_of_interest": {
        "x": 0.326171875,
        "y": 0.41906005221932113,
        "strength": 1.0
      },
      "visual_mass_concentration": 0.1999581837467363,
      "mean_visual_weight": 0.38866204023361206,
      "face_count": 0,
      "has_directional_cues": 0
    },
    "framing_breathing": {
      "frame_in_frame_count": 0,
      "breathing_space": {
        "top": 0.7963446475195822,
        "bottom": 0.12140992167101827,
        "left": 0.6328125,
        "right": 0.02734375,
        "min_margin": 0.02734375,
        "mean_margin": 0.3944777047976501
      },
      "corner_anchors": {
        "top_left": 0.1345338076353073,
        "top_right": 0.16727684438228607,
        "bottom_left": 0.17704926431179047,
        "bottom_right": 0.32257264852523804,
        "max_corner_weight": 0.32257264852523804,
        "has_corner_subject": 1
      }
    }
  }
}