{
  "meta": {
    "_dataset": "tvm board - Nov 22nd 2025 (5060 images)",
    "_label": "",
    "_relpath": "4233. japan tori.jpg",
    "_filename": "4233. japan tori.jpg",
    "_width": 1224,
    "_height": 1632
  },
  "features": {
    "geometric_structural": {
      "leading_lines": {
        "diagonal": 0,
        "vertical": 16,
        "horizontal": 6,
        "curved": 260
      },
      "leading_lines_strength": 0.4128843338213763,
      "symmetry_vertical": 0.20783035823365978,
      "symmetry_horizontal": 0.24909076170163263,
      "symmetry_radial": 0.14690022564643748,
      "rule_of_thirds": {
        "alignment_score": 0,
        "num_salient_objects": 37
      },
      "golden_ratio": {
        "golden_alignment_score": 0
      },
      "balance": {
        "static_balance": 0.9247374534606934,
        "dynamic_balance": 1.0,
        "dominant_quadrant": 1
      },
      "layering": {
        "foreground_ratio": 0.30862234626647145,
        "midground_ratio": 0.29405254849926793,
        "background_ratio": 0.3973251052342606,
        "depth_complexity": 0.43455943059907065
      }
    },
    "spatial_layout": {
      "negative_space_ratio": 0.7802033766471449,
      "subject_isolation": 0.10000114385065886,
      "depth_of_field": {
        "blur_gradient_strength": 493.32426348190074,
        "sharpness_variance": 878568.1178351395,
        "min_sharpness": 0.6862745098039216,
        "max_sharpness": 9570.826989619378
      },
      "perspective": {
        "has_vanishing_point": 1,
        "perspective_strength": 0.9958649207443143
      }
    },
    "contrast_color": {
      "high_contrast_ratio": 0.4465335605783309,
      "low_contrast_ratio": 0.5534664394216691,
      "mean_contrast": 38.49652862548828,
      "highlight_ratio": 0.09671828895807266,
      "shadow_ratio": 0.25385478138923645,
      "midtone_ratio": 0.6494269371032715,
      "warm_color_ratio": 0.9287152269399708,
      "cool_color_ratio": 0.0,
      "complementary_color_score": 0.0
    },
    "motion_dynamics": {
      "s_curve_count": 265,
      "motion_blur_score": 6.583517185540381,
      "dominant_direction_deg": 4.999999999999995,
      "direction_strength": 0.13840878934806686
    },
    "pattern_rhythm": {
      "repetition_score": 1.0,
      "rhythm_score": 1.0,
      "pattern_breaks": 13
    },
    "visual_mass_focus": {
      "point_of_interest": {
        "x": 0.853515625,
        "y": 0.3923865300146413,
        "strength": 1.0
      },
      "visual_mass_concentration": 0.19999656844802344,
      "mean_visual_weight": 0.3911445140838623,
      "face_count": 0,
      "has_directional_cues": 0
    },
    "framing_breathing": {
      "frame_in_frame_count": 0,
      "breathing_space": {
        "top": 0.17276720351390923,
        "bottom": 0.6193265007320644,
        "left": 0.69140625,
        "right": 0.0,
        "min_margin": 0.0,
        "mean_margin": 0.3708749885614934
      },
      "corner_anchors": {
        "top_left": 0.22700969874858856,
        "top_right": 0.5515047907829285,
        "bottom_left": 0.3711892366409302,
        "bottom_right": 0.36659133434295654,
        "max_corner_weight": 0.5515047907829285,
        "has_corner_subject": 1
      }
    }
  }
}