{
  "meta": {
    "_dataset": "tvm board - Nov 22nd 2025 (5060 images)",
    "_label": "",
    "_relpath": "4235. Ultimate Guide.jpg",
    "_filename": "4235. Ultimate Guide.jpg",
    "_width": 1080,
    "_height": 1592
  },
  "features": {
    "geometric_structural": {
      "leading_lines": {
        "diagonal": 51,
        "vertical": 4,
        "horizontal": 17,
        "curved": 224
      },
      "leading_lines_strength": 0.3920529801324503,
      "symmetry_vertical": 0.4041478236169184,
      "symmetry_horizontal": 0.2350810796388982,
      "symmetry_radial": 0.1877100974809591,
      "rule_of_thirds": {
        "alignment_score": 2,
        "num_salient_objects": 74
      },
      "golden_ratio": {
        "golden_alignment_score": 3
      },
      "balance": {
        "static_balance": 0.970443844795227,
        "dynamic_balance": 1.0,
        "dominant_quadrant": 3
      },
      "layering": {
        "foreground_ratio": 0.3132527938741722,
        "midground_ratio": 0.2907828021523179,
        "background_ratio": 0.39596440397350996,
        "depth_complexity": 0.8847052706294637
      }
    },
    "spatial_layout": {
      "negative_space_ratio": 0.4068527524834437,
      "subject_isolation": 0.1,
      "depth_of_field": {
        "blur_gradient_strength": 2372.8776819066975,
        "sharpness_variance": 32110887.610655624,
        "min_sharpness": 0.47635391764413204,
        "max_sharpness": 47298.71044021416
      },
      "perspective": {
        "has_vanishing_point": 1,
        "perspective_strength": 0.9996244366549825
      }
    },
    "contrast_color": {
      "high_contrast_ratio": 0.5209514693708609,
      "low_contrast_ratio": 0.4790485306291391,
      "mean_contrast": 28.416900634765625,
      "highlight_ratio": 0.1155266985297203,
      "shadow_ratio": 0.1821838766336441,
      "midtone_ratio": 0.7022894620895386,
      "warm_color_ratio": 0.18196657698675497,
      "cool_color_ratio": 0.4906741514900662,
      "complementary_color_score": 2.4444444444444446
    },
    "motion_dynamics": {
      "s_curve_count": 242,
      "motion_blur_score": 7.852169375083218,
      "dominant_direction_deg": 4.999999999999995,
      "direction_strength": 0.24445364238347358
    },
    "pattern_rhythm": {
      "repetition_score": 1.0,
      "rhythm_score": 1.0,
      "pattern_breaks": 11
    },
    "visual_mass_focus": {
      "point_of_interest": {
        "x": 0.607421875,
        "y": 0.8543046357615894,
        "strength": 1.0
      },
      "visual_mass_concentration": 0.19947744205298013,
      "mean_visual_weight": 0.19485880434513092,
      "face_count": 0,
      "has_directional_cues": 0
    },
    "framing_breathing": {
      "frame_in_frame_count": 0,
      "breathing_space": {
        "top": 0.22649006622516557,
        "bottom": 0.21456953642384105,
        "left": 0.0,
        "right": 0.810546875,
        "min_margin": 0.0,
        "mean_margin": 0.31290161941225164
      },
      "corner_anchors": {
        "top_left": 0.48147904872894287,
        "top_right": 0.4195834994316101,
        "bottom_left": 0.30474138259887695,
        "bottom_right": 0.5975297093391418,
        "max_corner_weight": 0.5975297093391418,
        "has_corner_subject": 1
      }
    }
  }
}