{
  "meta": {
    "_dataset": "tvm board - Nov 22nd 2025 (5060 images)",
    "_label": "",
    "_relpath": "4234. Chinese Architecture.jpg",
    "_filename": "4234. Chinese Architecture.jpg",
    "_width": 1000,
    "_height": 1500
  },
  "features": {
    "geometric_structural": {
      "leading_lines": {
        "diagonal": 2,
        "vertical": 0,
        "horizontal": 1,
        "curved": 168
      },
      "leading_lines_strength": 0.22265625,
      "symmetry_vertical": 0.4968890404533413,
      "symmetry_horizontal": 0.28774309798922965,
      "symmetry_radial": 0.24624135548349546,
      "rule_of_thirds": {
        "alignment_score": 0,
        "num_salient_objects": 61
      },
      "golden_ratio": {
        "golden_alignment_score": 0
      },
      "balance": {
        "static_balance": 0.9415367841720581,
        "dynamic_balance": 1.0,
        "dominant_quadrant": 1
      },
      "layering": {
        "foreground_ratio": 0.28991953531901044,
        "midground_ratio": 0.3779347737630208,
        "background_ratio": 0.33214569091796875,
        "depth_complexity": 0.22170357238622895
      }
    },
    "spatial_layout": {
      "negative_space_ratio": 0.5892003377278646,
      "subject_isolation": 0.10000101725260417,
      "depth_of_field": {
        "blur_gradient_strength": 210.5946218650536,
        "sharpness_variance": 127191.14762667609,
        "min_sharpness": 0.39215686274509803,
        "max_sharpness": 1847.8773548635138
      },
      "perspective": {
        "has_vanishing_point": 1,
        "perspective_strength": 0.5324298160696999
      }
    },
    "contrast_color": {
      "high_contrast_ratio": 0.325286865234375,
      "low_contrast_ratio": 0.674713134765625,
      "mean_contrast": 19.154138565063477,
      "highlight_ratio": 0.2753397524356842,
      "shadow_ratio": 0.1389872282743454,
      "midtone_ratio": 0.5856730341911316,
      "warm_color_ratio": 0.5357462565104166,
      "cool_color_ratio": 0.21868387858072916,
      "complementary_color_score": 2.1666666666666665
    },
    "motion_dynamics": {
      "s_curve_count": 177,
      "motion_blur_score": 11.516784108091219,
      "dominant_direction_deg": 4.999999999999995,
      "direction_strength": 0.15113321940065733
    },
    "pattern_rhythm": {
      "repetition_score": 1.0,
      "rhythm_score": 1.0,
      "pattern_breaks": 11
    },
    "visual_mass_focus": {
      "point_of_interest": {
        "x": 0.611328125,
        "y": 0.37890625,
        "strength": 1.0
      },
      "visual_mass_concentration": 0.1994196573893229,
      "mean_visual_weight": 0.18283282220363617,
      "face_count": 0,
      "has_directional_cues": 0
    },
    "framing_breathing": {
      "frame_in_frame_count": 0,
      "breathing_space": {
        "top": 0.0,
        "bottom": 0.4192708333333333,
        "left": 0.0,
        "right": 0.0,
        "min_margin": 0.0,
        "mean_margin": 0.10481770833333333
      },
      "corner_anchors": {
        "top_left": 0.5135267972946167,
        "top_right": 0.8030967712402344,
        "bottom_left": 0.6735034584999084,
        "bottom_right": 0.518719494342804,
        "max_corner_weight": 0.8030967712402344,
        "has_corner_subject": 1
      }
    }
  }
}