{
  "meta": {
    "_dataset": "tvm board - Nov 22nd 2025 (5060 images)",
    "_label": "",
    "_relpath": "4270. Desert Sunset.jpg",
    "_filename": "4270. Desert Sunset.jpg",
    "_width": 1024,
    "_height": 1024
  },
  "features": {
    "geometric_structural": {
      "leading_lines": {
        "diagonal": 34,
        "vertical": 0,
        "horizontal": 5,
        "curved": 302
      },
      "leading_lines_strength": 0.666015625,
      "symmetry_vertical": 0.29509806092152036,
      "symmetry_horizontal": 0.2178984249492105,
      "symmetry_radial": 0.23464300047648537,
      "rule_of_thirds": {
        "alignment_score": 0,
        "num_salient_objects": 1
      },
      "golden_ratio": {
        "golden_alignment_score": 0
      },
      "balance": {
        "static_balance": 0.910178005695343,
        "dynamic_balance": 1.0,
        "dominant_quadrant": 0
      },
      "layering": {
        "foreground_ratio": 0.31341552734375,
        "midground_ratio": 0.3447761535644531,
        "background_ratio": 0.3418083190917969,
        "depth_complexity": 1.3621044839320238
      }
    },
    "spatial_layout": {
      "negative_space_ratio": 0.5579719543457031,
      "subject_isolation": 0.10000228881835938,
      "depth_of_field": {
        "blur_gradient_strength": 1244.3324199996914,
        "sharpness_variance": 4012900.0088217203,
        "min_sharpness": 19.88883552757708,
        "max_sharpness": 10384.628219915414
      },
      "perspective": {
        "has_vanishing_point": 1,
        "perspective_strength": 0.9874979163193865
      }
    },
    "contrast_color": {
      "high_contrast_ratio": 0.4492149353027344,
      "low_contrast_ratio": 0.5507850646972656,
      "mean_contrast": 23.593626022338867,
      "highlight_ratio": 0.026149749755859375,
      "shadow_ratio": 0.04434967041015625,
      "midtone_ratio": 0.9295005798339844,
      "warm_color_ratio": 0.7846717834472656,
      "cool_color_ratio": 0.04964447021484375,
      "complementary_color_score": 3.388888888888889
    },
    "motion_dynamics": {
      "s_curve_count": 297,
      "motion_blur_score": 10.922122794901954,
      "dominant_direction_deg": 95.0,
      "direction_strength": 0.06432723998998899
    },
    "pattern_rhythm": {
      "repetition_score": 1.0,
      "rhythm_score": 1.0,
      "pattern_breaks": 0
    },
    "visual_mass_focus": {
      "point_of_interest": {
        "x": 0.544921875,
        "y": 0.404296875,
        "strength": 1.0
      },
      "visual_mass_concentration": 0.19997406005859375,
      "mean_visual_weight": 0.2999938130378723,
      "face_count": 0,
      "has_directional_cues": 0
    },
    "framing_breathing": {
      "frame_in_frame_count": 0,
      "breathing_space": {
        "top": 0.376953125,
        "bottom": 0.578125,
        "left": 0.4921875,
        "right": 0.416015625,
        "min_margin": 0.376953125,
        "mean_margin": 0.4658203125
      },
      "corner_anchors": {
        "top_left": 0.4585774838924408,
        "top_right": 0.25619977712631226,
        "bottom_left": 0.24215812981128693,
        "bottom_right": 0.23827292025089264,
        "max_corner_weight": 0.4585774838924408,
        "has_corner_subject": 1
      }
    }
  }
}