{
  "meta": {
    "_dataset": "tvm board - Nov 22nd 2025 (5060 images)",
    "_label": "",
    "_relpath": "4273. .jpg",
    "_filename": "4273. .jpg",
    "_width": 497,
    "_height": 801
  },
  "features": {
    "geometric_structural": {
      "leading_lines": {
        "diagonal": 30,
        "vertical": 3,
        "horizontal": 1,
        "curved": 489
      },
      "leading_lines_strength": 0.6339393939393939,
      "symmetry_vertical": 0.5793948532943781,
      "symmetry_horizontal": 0.5003877929389122,
      "symmetry_radial": 0.31975707751847676,
      "rule_of_thirds": {
        "alignment_score": 1,
        "num_salient_objects": 44
      },
      "golden_ratio": {
        "golden_alignment_score": 2
      },
      "balance": {
        "static_balance": 0.9243478775024414,
        "dynamic_balance": 1.0,
        "dominant_quadrant": 1
      },
      "layering": {
        "foreground_ratio": 0.2819933712121212,
        "midground_ratio": 0.3703693181818182,
        "background_ratio": 0.3476373106060606,
        "depth_complexity": 0.4577366263818438
      }
    },
    "spatial_layout": {
      "negative_space_ratio": 0.5708309659090909,
      "subject_isolation": 0.1,
      "depth_of_field": {
        "blur_gradient_strength": 348.4786873215538,
        "sharpness_variance": 462694.1589084593,
        "min_sharpness": 0.23529411764705882,
        "max_sharpness": 3073.764349351926
      },
      "perspective": {
        "has_vanishing_point": 1,
        "perspective_strength": 0.9986304780876494
      }
    },
    "contrast_color": {
      "high_contrast_ratio": 0.4256036931818182,
      "low_contrast_ratio": 0.5743963068181819,
      "mean_contrast": 10.809048652648926,
      "highlight_ratio": 0.3663233816623688,
      "shadow_ratio": 0.0,
      "midtone_ratio": 0.6336766481399536,
      "warm_color_ratio": 0.4785345643939394,
      "cool_color_ratio": 0.0,
      "complementary_color_score": 0.0
    },
    "motion_dynamics": {
      "s_curve_count": 360,
      "motion_blur_score": 21.448704744401724,
      "dominant_direction_deg": 4.999999999999995,
      "direction_strength": 0.1420857007572394
    },
    "pattern_rhythm": {
      "repetition_score": 1.0,
      "rhythm_score": 1.0,
      "pattern_breaks": 6
    },
    "visual_mass_focus": {
      "point_of_interest": {
        "x": 0.79296875,
        "y": 0.3624242424242424,
        "strength": 1.0
      },
      "visual_mass_concentration": 0.19999289772727272,
      "mean_visual_weight": 0.17527294158935547,
      "face_count": 0,
      "has_directional_cues": 0
    },
    "framing_breathing": {
      "frame_in_frame_count": 0,
      "breathing_space": {
        "top": 0.09575757575757576,
        "bottom": 0.5709090909090909,
        "left": 0.63671875,
        "right": 0.0,
        "min_margin": 0.0,
        "mean_margin": 0.3258463541666667
      },
      "corner_anchors": {
        "top_left": 0.32712090015411377,
        "top_right": 0.45336005091667175,
        "bottom_left": 0.2788297235965729,
        "bottom_right": 0.4330679476261139,
        "max_corner_weight": 0.45336005091667175,
        "has_corner_subject": 1
      }
    }
  }
}