{
  "meta": {
    "_dataset": "tvm board - Nov 22nd 2025 (5060 images)",
    "_label": "",
    "_relpath": "4284. .jpg",
    "_filename": "4284. .jpg",
    "_width": 736,
    "_height": 1087
  },
  "features": {
    "geometric_structural": {
      "leading_lines": {
        "diagonal": 229,
        "vertical": 39,
        "horizontal": 2,
        "curved": 656
      },
      "leading_lines_strength": 1.2248677248677249,
      "symmetry_vertical": 0.2951027564441633,
      "symmetry_horizontal": 0.2281619531154068,
      "symmetry_radial": 0.13401959911090666,
      "rule_of_thirds": {
        "alignment_score": 0,
        "num_salient_objects": 5
      },
      "golden_ratio": {
        "golden_alignment_score": 1
      },
      "balance": {
        "static_balance": 0.9601372480392456,
        "dynamic_balance": 1.0,
        "dominant_quadrant": 2
      },
      "layering": {
        "foreground_ratio": 0.308645419973545,
        "midground_ratio": 0.3584940269510582,
        "background_ratio": 0.3328605530753968,
        "depth_complexity": 0.6298247139037001
      }
    },
    "spatial_layout": {
      "negative_space_ratio": 0.5206705729166666,
      "subject_isolation": 0.1000020667989418,
      "depth_of_field": {
        "blur_gradient_strength": 313.2795388090531,
        "sharpness_variance": 316373.43170825404,
        "min_sharpness": 0.6666666666666666,
        "max_sharpness": 1962.1045751633987
      },
      "perspective": {
        "has_vanishing_point": 1,
        "perspective_strength": 0.9999177793856475
      }
    },
    "contrast_color": {
      "high_contrast_ratio": 0.5272507440476191,
      "low_contrast_ratio": 0.47274925595238093,
      "mean_contrast": 19.82978057861328,
      "highlight_ratio": 0.007210544776171446,
      "shadow_ratio": 0.04352420195937157,
      "midtone_ratio": 0.9492652416229248,
      "warm_color_ratio": 0.395954757771164,
      "cool_color_ratio": 0.00953052662037037,
      "complementary_color_score": 2.0555555555555554
    },
    "motion_dynamics": {
      "s_curve_count": 491,
      "motion_blur_score": 7.701454937064341,
      "dominant_direction_deg": 4.999999999999995,
      "direction_strength": 0.08191240906063493
    },
    "pattern_rhythm": {
      "repetition_score": 1.0,
      "rhythm_score": 1.0,
      "pattern_breaks": 3
    },
    "visual_mass_focus": {
      "point_of_interest": {
        "x": 0.48828125,
        "y": 0.671957671957672,
        "strength": 1.0
      },
      "visual_mass_concentration": 0.19986720816798942,
      "mean_visual_weight": 0.12856954336166382,
      "face_count": 0,
      "has_directional_cues": 0
    },
    "framing_breathing": {
      "frame_in_frame_count": 0,
      "breathing_space": {
        "top": 0.7804232804232805,
        "bottom": 0.16534391534391535,
        "left": 0.41796875,
        "right": 0.490234375,
        "min_margin": 0.16534391534391535,
        "mean_margin": 0.46349258019179895
      },
      "corner_anchors": {
        "top_left": 0.11428693681955338,
        "top_right": 0.13321416079998016,
        "bottom_left": 0.19372785091400146,
        "bottom_right": 0.14885635673999786,
        "max_corner_weight": 0.19372785091400146,
        "has_corner_subject": 0
      }
    }
  }
}