{
  "meta": {
    "_dataset": "tvm board - Nov 22nd 2025 (5060 images)",
    "_label": "",
    "_relpath": "4279. Small Stream.jpg",
    "_filename": "4279. Small Stream.jpg",
    "_width": 474,
    "_height": 806
  },
  "features": {
    "geometric_structural": {
      "leading_lines": {
        "diagonal": 13,
        "vertical": 2,
        "horizontal": 2,
        "curved": 620
      },
      "leading_lines_strength": 0.7313432835820896,
      "symmetry_vertical": 0.3469974740564267,
      "symmetry_horizontal": 0.2958281052317481,
      "symmetry_radial": 0.22610157402081957,
      "rule_of_thirds": {
        "alignment_score": 3,
        "num_salient_objects": 17
      },
      "golden_ratio": {
        "golden_alignment_score": 6
      },
      "balance": {
        "static_balance": 0.971056342124939,
        "dynamic_balance": 1.0,
        "dominant_quadrant": 1
      },
      "layering": {
        "foreground_ratio": 0.32099643010907003,
        "midground_ratio": 0.2869860433409874,
        "background_ratio": 0.3920175265499426,
        "depth_complexity": 0.37072837158896627
      }
    },
    "spatial_layout": {
      "negative_space_ratio": 0.8125067271814007,
      "subject_isolation": 0.10000179391504019,
      "depth_of_field": {
        "blur_gradient_strength": 283.9537232520564,
        "sharpness_variance": 342337.1507894816,
        "min_sharpness": 1.5686274509803921,
        "max_sharpness": 3732.917134612852
      },
      "perspective": {
        "has_vanishing_point": 1,
        "perspective_strength": 0.9983395599833956
      }
    },
    "contrast_color": {
      "high_contrast_ratio": 0.4390360397531573,
      "low_contrast_ratio": 0.5609639602468427,
      "mean_contrast": 19.678285598754883,
      "highlight_ratio": 0.047561172395944595,
      "shadow_ratio": 0.03705555573105812,
      "midtone_ratio": 0.9153832793235779,
      "warm_color_ratio": 0.15498304750287026,
      "cool_color_ratio": 0.6295946648966705,
      "complementary_color_score": 2.2222222222222223
    },
    "motion_dynamics": {
      "s_curve_count": 506,
      "motion_blur_score": 9.477961261765337,
      "dominant_direction_deg": 4.999999999999995,
      "direction_strength": 0.04660591274386794
    },
    "pattern_rhythm": {
      "repetition_score": 1.0,
      "rhythm_score": 1.0,
      "pattern_breaks": 8
    },
    "visual_mass_focus": {
      "point_of_interest": {
        "x": 0.49609375,
        "y": 0.3249138920780712,
        "strength": 1.0
      },
      "visual_mass_concentration": 0.19960668412743973,
      "mean_visual_weight": 0.21536141633987427,
      "face_count": 0,
      "has_directional_cues": 0
    },
    "framing_breathing": {
      "frame_in_frame_count": 0,
      "breathing_space": {
        "top": 0.4225028702640643,
        "bottom": 0.3099885189437428,
        "left": 0.443359375,
        "right": 0.3515625,
        "min_margin": 0.3099885189437428,
        "mean_margin": 0.3818533160519518
      },
      "corner_anchors": {
        "top_left": 0.16229063272476196,
        "top_right": 0.19933317601680756,
        "bottom_left": 0.19953805208206177,
        "bottom_right": 0.21581672132015228,
        "max_corner_weight": 0.21581672132015228,
        "has_corner_subject": 0
      }
    }
  }
}