{
  "meta": {
    "_dataset": "tvm board - Nov 22nd 2025 (5060 images)",
    "_label": "",
    "_relpath": "4298. .jpg",
    "_filename": "4298. .jpg",
    "_width": 1224,
    "_height": 1632
  },
  "features": {
    "geometric_structural": {
      "leading_lines": {
        "diagonal": 53,
        "vertical": 50,
        "horizontal": 0,
        "curved": 571
      },
      "leading_lines_strength": 0.986822840409956,
      "symmetry_vertical": 0.26796447905408766,
      "symmetry_horizontal": 0.2865099263578106,
      "symmetry_radial": 0.15825288301781162,
      "rule_of_thirds": {
        "alignment_score": 0,
        "num_salient_objects": 29
      },
      "golden_ratio": {
        "golden_alignment_score": 1
      },
      "balance": {
        "static_balance": 0.8875701427459717,
        "dynamic_balance": 1.0,
        "dominant_quadrant": 1
      },
      "layering": {
        "foreground_ratio": 0.33702129849926793,
        "midground_ratio": 0.261501418374817,
        "background_ratio": 0.4014772831259151,
        "depth_complexity": 2.041913314962826
      }
    },
    "spatial_layout": {
      "negative_space_ratio": 0.34708718429721813,
      "subject_isolation": 0.10000114385065886,
      "depth_of_field": {
        "blur_gradient_strength": 1559.5688393735009,
        "sharpness_variance": 6282056.562520346,
        "min_sharpness": 0.46212995001922336,
        "max_sharpness": 12176.14581148439
      },
      "perspective": {
        "has_vanishing_point": 1,
        "perspective_strength": 0.9992771242689098
      }
    },
    "contrast_color": {
      "high_contrast_ratio": 0.46231584004392384,
      "low_contrast_ratio": 0.5376841599560762,
      "mean_contrast": 24.463354110717773,
      "highlight_ratio": 0.021810373291373253,
      "shadow_ratio": 0.11575482785701752,
      "midtone_ratio": 0.8624348044395447,
      "warm_color_ratio": 0.452395795204978,
      "cool_color_ratio": 0.04776148426061493,
      "complementary_color_score": 3.611111111111111
    },
    "motion_dynamics": {
      "s_curve_count": 418,
      "motion_blur_score": 7.9487380489181385,
      "dominant_direction_deg": 4.999999999999995,
      "direction_strength": 0.1600075494138909
    },
    "pattern_rhythm": {
      "repetition_score": 1.0,
      "rhythm_score": 1.0,
      "pattern_breaks": 5
    },
    "visual_mass_focus": {
      "point_of_interest": {
        "x": 0.615234375,
        "y": 0.5329428989751098,
        "strength": 1.0
      },
      "visual_mass_concentration": 0.19998512994143486,
      "mean_visual_weight": 0.1841256469488144,
      "face_count": 0,
      "has_directional_cues": 0
    },
    "framing_breathing": {
      "frame_in_frame_count": 0,
      "breathing_space": {
        "top": 0.2445095168374817,
        "bottom": 0.30307467057101023,
        "left": 0.60546875,
        "right": 0.0,
        "min_margin": 0.0,
        "mean_margin": 0.288263234352123
      },
      "corner_anchors": {
        "top_left": 0.33539706468582153,
        "top_right": 0.43400436639785767,
        "bottom_left": 0.18925227224826813,
        "bottom_right": 0.16829125583171844,
        "max_corner_weight": 0.43400436639785767,
        "has_corner_subject": 1
      }
    }
  }
}