{
  "meta": {
    "_dataset": "tvm board - Nov 22nd 2025 (5060 images)",
    "_label": "",
    "_relpath": "4307. .jpg",
    "_filename": "4307. .jpg",
    "_width": 425,
    "_height": 634
  },
  "features": {
    "geometric_structural": {
      "leading_lines": {
        "diagonal": 252,
        "vertical": 65,
        "horizontal": 2,
        "curved": 569
      },
      "leading_lines_strength": 1.162303664921466,
      "symmetry_vertical": 0.11554607727594578,
      "symmetry_horizontal": 0.09835727976002134,
      "symmetry_radial": 0.059268463967206586,
      "rule_of_thirds": {
        "alignment_score": 0,
        "num_salient_objects": 35
      },
      "golden_ratio": {
        "golden_alignment_score": 0
      },
      "balance": {
        "static_balance": 0.9508854150772095,
        "dynamic_balance": 1.0,
        "dominant_quadrant": 2
      },
      "layering": {
        "foreground_ratio": 0.3293648764725131,
        "midground_ratio": 0.2877408172447644,
        "background_ratio": 0.38289430628272253,
        "depth_complexity": 0.9674674821194647
      }
    },
    "spatial_layout": {
      "negative_space_ratio": 0.35487565445026176,
      "subject_isolation": 0.10000051128926701,
      "depth_of_field": {
        "blur_gradient_strength": 524.164691985254,
        "sharpness_variance": 567514.9341628427,
        "min_sharpness": 7.744713571703191,
        "max_sharpness": 5252.228017171996
      },
      "perspective": {
        "has_vanishing_point": 1,
        "perspective_strength": 0.9997459672297726
      }
    },
    "contrast_color": {
      "high_contrast_ratio": 0.324512741328534,
      "low_contrast_ratio": 0.675487258671466,
      "mean_contrast": 35.31394958496094,
      "highlight_ratio": 0.21133118867874146,
      "shadow_ratio": 0.08827409148216248,
      "midtone_ratio": 0.7003947496414185,
      "warm_color_ratio": 0.0952634162303665,
      "cool_color_ratio": 0.2300622750327225,
      "complementary_color_score": 2.5
    },
    "motion_dynamics": {
      "s_curve_count": 783,
      "motion_blur_score": 7.624023174099142,
      "dominant_direction_deg": 14.999999999999996,
      "direction_strength": 0.06658520124328528
    },
    "pattern_rhythm": {
      "repetition_score": 1.0,
      "rhythm_score": 1.0,
      "pattern_breaks": 9
    },
    "visual_mass_focus": {
      "point_of_interest": {
        "x": 0.326171875,
        "y": 0.9201570680628273,
        "strength": 1.0
      },
      "visual_mass_concentration": 0.19916250818062828,
      "mean_visual_weight": 0.11538974195718765,
      "face_count": 0,
      "has_directional_cues": 0
    },
    "framing_breathing": {
      "frame_in_frame_count": 0,
      "breathing_space": {
        "top": 0.0,
        "bottom": 0.0,
        "left": 0.0,
        "right": 0.0,
        "min_margin": 0.0,
        "mean_margin": 0.0
      },
      "corner_anchors": {
        "top_left": 0.32158362865448,
        "top_right": 0.4712398946285248,
        "bottom_left": 0.6135478615760803,
        "bottom_right": 0.3811750113964081,
        "max_corner_weight": 0.6135478615760803,
        "has_corner_subject": 1
      }
    }
  }
}