{
  "meta": {
    "_dataset": "tvm board - Nov 22nd 2025 (5060 images)",
    "_label": "",
    "_relpath": "4313. .jpg",
    "_filename": "4313. .jpg",
    "_width": 1080,
    "_height": 1080
  },
  "features": {
    "geometric_structural": {
      "leading_lines": {
        "diagonal": 1,
        "vertical": 0,
        "horizontal": 1,
        "curved": 330
      },
      "leading_lines_strength": 0.6484375,
      "symmetry_vertical": 0.2903475114403383,
      "symmetry_horizontal": 0.24826188897406093,
      "symmetry_radial": 0.2618744265796227,
      "rule_of_thirds": {
        "alignment_score": 0,
        "num_salient_objects": 17
      },
      "golden_ratio": {
        "golden_alignment_score": 0
      },
      "balance": {
        "static_balance": 0.7193476557731628,
        "dynamic_balance": 1.0,
        "dominant_quadrant": 0
      },
      "layering": {
        "foreground_ratio": 0.2636566162109375,
        "midground_ratio": 0.311981201171875,
        "background_ratio": 0.4243621826171875,
        "depth_complexity": 0.16766544486382917
      }
    },
    "spatial_layout": {
      "negative_space_ratio": 0.6719322204589844,
      "subject_isolation": 0.10000228881835938,
      "depth_of_field": {
        "blur_gradient_strength": 137.30193741890946,
        "sharpness_variance": 37774.9845969984,
        "min_sharpness": 0.5712897517752983,
        "max_sharpness": 1249.1682281132519
      },
      "perspective": {
        "has_vanishing_point": 1,
        "perspective_strength": 0.8983957219251337
      }
    },
    "contrast_color": {
      "high_contrast_ratio": 0.4071922302246094,
      "low_contrast_ratio": 0.5928077697753906,
      "mean_contrast": 26.794191360473633,
      "highlight_ratio": 0.13762664794921875,
      "shadow_ratio": 0.2931938171386719,
      "midtone_ratio": 0.5691795349121094,
      "warm_color_ratio": 0.2976264953613281,
      "cool_color_ratio": 0.35102081298828125,
      "complementary_color_score": 1.2222222222222223
    },
    "motion_dynamics": {
      "s_curve_count": 270,
      "motion_blur_score": 9.90513134791957,
      "dominant_direction_deg": 4.999999999999995,
      "direction_strength": 0.07899475097626116
    },
    "pattern_rhythm": {
      "repetition_score": 1.0,
      "rhythm_score": 1.0,
      "pattern_breaks": 2
    },
    "visual_mass_focus": {
      "point_of_interest": {
        "x": 0.306640625,
        "y": 0.216796875,
        "strength": 1.0
      },
      "visual_mass_concentration": 0.19986343383789062,
      "mean_visual_weight": 0.13515618443489075,
      "face_count": 0,
      "has_directional_cues": 0
    },
    "framing_breathing": {
      "frame_in_frame_count": 0,
      "breathing_space": {
        "top": 0.0,
        "bottom": 0.564453125,
        "left": 0.0,
        "right": 0.416015625,
        "min_margin": 0.0,
        "mean_margin": 0.2451171875
      },
      "corner_anchors": {
        "top_left": 0.4762926995754242,
        "top_right": 0.4430105686187744,
        "bottom_left": 0.2989773750305176,
        "bottom_right": 0.1629447042942047,
        "max_corner_weight": 0.4762926995754242,
        "has_corner_subject": 1
      }
    }
  }
}