{
  "meta": {
    "_dataset": "tvm board - Nov 22nd 2025 (5060 images)",
    "_label": "",
    "_relpath": "4310. .jpg",
    "_filename": "4310. .jpg",
    "_width": 736,
    "_height": 981
  },
  "features": {
    "geometric_structural": {
      "leading_lines": {
        "diagonal": 90,
        "vertical": 7,
        "horizontal": 7,
        "curved": 816
      },
      "leading_lines_strength": 1.348973607038123,
      "symmetry_vertical": 0.16986637964953363,
      "symmetry_horizontal": 0.14858486076302466,
      "symmetry_radial": 0.12107783947104,
      "rule_of_thirds": {
        "alignment_score": 0,
        "num_salient_objects": 29
      },
      "golden_ratio": {
        "golden_alignment_score": 0
      },
      "balance": {
        "static_balance": 0.8770864009857178,
        "dynamic_balance": 1.0,
        "dominant_quadrant": 1
      },
      "layering": {
        "foreground_ratio": 0.3260888242302053,
        "midground_ratio": 0.25713663856304986,
        "background_ratio": 0.41677453720674484,
        "depth_complexity": 2.1303316661800413
      }
    },
    "spatial_layout": {
      "negative_space_ratio": 0.5354569510630498,
      "subject_isolation": 0.10000171829178886,
      "depth_of_field": {
        "blur_gradient_strength": 1480.649913221928,
        "sharpness_variance": 6961973.662742014,
        "min_sharpness": 1.7054978854286813,
        "max_sharpness": 10666.344251412484
      },
      "perspective": {
        "has_vanishing_point": 1,
        "perspective_strength": 0.9994359955685366
      }
    },
    "contrast_color": {
      "high_contrast_ratio": 0.43246826887829914,
      "low_contrast_ratio": 0.5675317311217009,
      "mean_contrast": 33.09194564819336,
      "highlight_ratio": 0.0755217894911766,
      "shadow_ratio": 0.18754582107067108,
      "midtone_ratio": 0.7369323968887329,
      "warm_color_ratio": 0.01849454728739003,
      "cool_color_ratio": 0.08400155791788856,
      "complementary_color_score": 2.111111111111111
    },
    "motion_dynamics": {
      "s_curve_count": 600,
      "motion_blur_score": 5.793367781977595,
      "dominant_direction_deg": 4.999999999999995,
      "direction_strength": 0.03746162481660826
    },
    "pattern_rhythm": {
      "repetition_score": 1.0,
      "rhythm_score": 1.0,
      "pattern_breaks": 2
    },
    "visual_mass_focus": {
      "point_of_interest": {
        "x": 0.84375,
        "y": 0.5131964809384164,
        "strength": 1.0
      },
      "visual_mass_concentration": 0.19992611345307917,
      "mean_visual_weight": 0.0566183477640152,
      "face_count": 0,
      "has_directional_cues": 0
    },
    "framing_breathing": {
      "frame_in_frame_count": 0,
      "breathing_space": {
        "top": 0.39002932551319647,
        "bottom": 0.3416422287390029,
        "left": 0.75,
        "right": 0.013671875,
        "min_margin": 0.013671875,
        "mean_margin": 0.37383585731304986
      },
      "corner_anchors": {
        "top_left": 0.16266274452209473,
        "top_right": 0.384572297334671,
        "bottom_left": 0.2237958163022995,
        "bottom_right": 0.21132488548755646,
        "max_corner_weight": 0.384572297334671,
        "has_corner_subject": 1
      }
    }
  }
}