{
  "meta": {
    "_dataset": "tvm board - Nov 22nd 2025 (5060 images)",
    "_label": "",
    "_relpath": "4319. .jpg",
    "_filename": "4319. .jpg",
    "_width": 720,
    "_height": 1080
  },
  "features": {
    "geometric_structural": {
      "leading_lines": {
        "diagonal": 37,
        "vertical": 12,
        "horizontal": 8,
        "curved": 726
      },
      "leading_lines_strength": 1.01953125,
      "symmetry_vertical": 0.2640660542072077,
      "symmetry_horizontal": 0.24515921940594632,
      "symmetry_radial": 0.18972927550594457,
      "rule_of_thirds": {
        "alignment_score": 0,
        "num_salient_objects": 44
      },
      "golden_ratio": {
        "golden_alignment_score": 0
      },
      "balance": {
        "static_balance": 0.9823890328407288,
        "dynamic_balance": 1.0,
        "dominant_quadrant": 0
      },
      "layering": {
        "foreground_ratio": 0.2787373860677083,
        "midground_ratio": 0.3403269449869792,
        "background_ratio": 0.3809356689453125,
        "depth_complexity": 0.364329134540626
      }
    },
    "spatial_layout": {
      "negative_space_ratio": 0.5201136271158854,
      "subject_isolation": 0.10000101725260417,
      "depth_of_field": {
        "blur_gradient_strength": 222.7858558798598,
        "sharpness_variance": 111785.42781317077,
        "min_sharpness": 13.514477692532715,
        "max_sharpness": 1871.9930795847752
      },
      "perspective": {
        "has_vanishing_point": 1,
        "perspective_strength": 0.9992869027810791
      }
    },
    "contrast_color": {
      "high_contrast_ratio": 0.4381256103515625,
      "low_contrast_ratio": 0.5618743896484375,
      "mean_contrast": 18.159151077270508,
      "highlight_ratio": 0.1569264680147171,
      "shadow_ratio": 0.07145944982767105,
      "midtone_ratio": 0.7716140747070312,
      "warm_color_ratio": 0.3045552571614583,
      "cool_color_ratio": 3.0517578125e-05,
      "complementary_color_score": 0.0
    },
    "motion_dynamics": {
      "s_curve_count": 538,
      "motion_blur_score": 11.98616274413274,
      "dominant_direction_deg": 95.0,
      "direction_strength": 0.03371938069652883
    },
    "pattern_rhythm": {
      "repetition_score": 1.0,
      "rhythm_score": 1.0,
      "pattern_breaks": 11
    },
    "visual_mass_focus": {
      "point_of_interest": {
        "x": 0.537109375,
        "y": 0.6223958333333334,
        "strength": 1.0
      },
      "visual_mass_concentration": 0.19887542724609375,
      "mean_visual_weight": 0.14939521253108978,
      "face_count": 0,
      "has_directional_cues": 0
    },
    "framing_breathing": {
      "frame_in_frame_count": 0,
      "breathing_space": {
        "top": 0.68359375,
        "bottom": 0.0859375,
        "left": 0.185546875,
        "right": 0.0,
        "min_margin": 0.0,
        "mean_margin": 0.23876953125
      },
      "corner_anchors": {
        "top_left": 0.7311254143714905,
        "top_right": 0.22417350113391876,
        "bottom_left": 0.32271990180015564,
        "bottom_right": 0.4218026399612427,
        "max_corner_weight": 0.7311254143714905,
        "has_corner_subject": 1
      }
    }
  }
}