{
  "meta": {
    "_dataset": "tvm board - Nov 22nd 2025 (5060 images)",
    "_label": "",
    "_relpath": "4366. .png",
    "_filename": "4366. .png",
    "_width": 506,
    "_height": 633
  },
  "features": {
    "geometric_structural": {
      "leading_lines": {
        "diagonal": 0,
        "vertical": 3,
        "horizontal": 1,
        "curved": 66
      },
      "leading_lines_strength": 0.10920436817472699,
      "symmetry_vertical": 0.6432774666267635,
      "symmetry_horizontal": 0.598497289558357,
      "symmetry_radial": 0.5009737671753421,
      "rule_of_thirds": {
        "alignment_score": 0,
        "num_salient_objects": 9
      },
      "golden_ratio": {
        "golden_alignment_score": 0
      },
      "balance": {
        "static_balance": 0.9230082035064697,
        "dynamic_balance": 1.0,
        "dominant_quadrant": 0
      },
      "layering": {
        "foreground_ratio": 0.3082098283931357,
        "midground_ratio": 0.1934690668876755,
        "background_ratio": 0.4983211047191888,
        "depth_complexity": 0.4789440866702196
      }
    },
    "spatial_layout": {
      "negative_space_ratio": 0.857004436427457,
      "subject_isolation": 0.10000243759750391,
      "depth_of_field": {
        "blur_gradient_strength": 820.6088299115886,
        "sharpness_variance": 1218979.456033751,
        "min_sharpness": 3.588235294117647,
        "max_sharpness": 6024.525657404709
      },
      "perspective": {
        "has_vanishing_point": 1,
        "perspective_strength": 0.8823529411764706
      }
    },
    "contrast_color": {
      "high_contrast_ratio": 0.41320019988299533,
      "low_contrast_ratio": 0.5867998001170047,
      "mean_contrast": 20.919706344604492,
      "highlight_ratio": 0.07640649378299713,
      "shadow_ratio": 0.00016758483252488077,
      "midtone_ratio": 0.9234259128570557,
      "warm_color_ratio": 0.7585102622854915,
      "cool_color_ratio": 0.12234911271450859,
      "complementary_color_score": 1.1111111111111112
    },
    "motion_dynamics": {
      "s_curve_count": 71,
      "motion_blur_score": 13.728253939943544,
      "dominant_direction_deg": 4.999999999999995,
      "direction_strength": 0.056799068837580444
    },
    "pattern_rhythm": {
      "repetition_score": 1.0,
      "rhythm_score": 1.0,
      "pattern_breaks": 2
    },
    "visual_mass_focus": {
      "point_of_interest": {
        "x": 0.49609375,
        "y": 0.26521060842433697,
        "strength": 1.0
      },
      "visual_mass_concentration": 0.19995917024180968,
      "mean_visual_weight": 0.21289023756980896,
      "face_count": 0,
      "has_directional_cues": 0
    },
    "framing_breathing": {
      "frame_in_frame_count": 0,
      "breathing_space": {
        "top": 0.0,
        "bottom": 0.45085803432137284,
        "left": 0.375,
        "right": 0.388671875,
        "min_margin": 0.0,
        "mean_margin": 0.3036324773303432
      },
      "corner_anchors": {
        "top_left": 0.3003089129924774,
        "top_right": 0.2761164605617523,
        "bottom_left": 0.26091983914375305,
        "bottom_right": 0.3052557408809662,
        "max_corner_weight": 0.3052557408809662,
        "has_corner_subject": 1
      }
    }
  }
}