{
  "meta": {
    "_dataset": "tvm board - Nov 22nd 2025 (5060 images)",
    "_label": "",
    "_relpath": "4363. .jpg",
    "_filename": "4363. .jpg",
    "_width": 541,
    "_height": 960
  },
  "features": {
    "geometric_structural": {
      "leading_lines": {
        "diagonal": 84,
        "vertical": 158,
        "horizontal": 0,
        "curved": 629
      },
      "leading_lines_strength": 0.9581958195819582,
      "symmetry_vertical": 0.2631646864198054,
      "symmetry_horizontal": 0.08453562965322216,
      "symmetry_radial": 0.05861317379715847,
      "rule_of_thirds": {
        "alignment_score": 0,
        "num_salient_objects": 79
      },
      "golden_ratio": {
        "golden_alignment_score": 0
      },
      "balance": {
        "static_balance": 0.9465833306312561,
        "dynamic_balance": 1.0,
        "dominant_quadrant": 0
      },
      "layering": {
        "foreground_ratio": 0.3310514645214521,
        "midground_ratio": 0.28943206820682066,
        "background_ratio": 0.37951646727172716,
        "depth_complexity": 0.8051034057191887
      }
    },
    "spatial_layout": {
      "negative_space_ratio": 0.5938638785753575,
      "subject_isolation": 0.10000042973047304,
      "depth_of_field": {
        "blur_gradient_strength": 395.3088233924854,
        "sharpness_variance": 507464.20682024775,
        "min_sharpness": 0.9004229142637448,
        "max_sharpness": 3019.410226835833
      },
      "perspective": {
        "has_vanishing_point": 1,
        "perspective_strength": 0.9976925845170305
      }
    },
    "contrast_color": {
      "high_contrast_ratio": 0.5302637685643564,
      "low_contrast_ratio": 0.4697362314356436,
      "mean_contrast": 24.105754852294922,
      "highlight_ratio": 0.2460121065378189,
      "shadow_ratio": 0.2687491476535797,
      "midtone_ratio": 0.4852387607097626,
      "warm_color_ratio": 0.853206219059406,
      "cool_color_ratio": 0.002561193619361936,
      "complementary_color_score": 2.4444444444444446
    },
    "motion_dynamics": {
      "s_curve_count": 466,
      "motion_blur_score": 8.713083201765789,
      "dominant_direction_deg": 4.999999999999995,
      "direction_strength": 0.08809044966977772
    },
    "pattern_rhythm": {
      "repetition_score": 1.0,
      "rhythm_score": 1.0,
      "pattern_breaks": 7
    },
    "visual_mass_focus": {
      "point_of_interest": {
        "x": 0.525390625,
        "y": 0.30583058305830585,
        "strength": 1.0
      },
      "visual_mass_concentration": 0.19993210258525854,
      "mean_visual_weight": 0.2500808835029602,
      "face_count": 0,
      "has_directional_cues": 0
    },
    "framing_breathing": {
      "frame_in_frame_count": 0,
      "breathing_space": {
        "top": 0.0,
        "bottom": 0.7326732673267327,
        "left": 0.0,
        "right": 0.0,
        "min_margin": 0.0,
        "mean_margin": 0.18316831683168316
      },
      "corner_anchors": {
        "top_left": 0.8005287051200867,
        "top_right": 0.802280068397522,
        "bottom_left": 0.4481465518474579,
        "bottom_right": 0.6008254885673523,
        "max_corner_weight": 0.802280068397522,
        "has_corner_subject": 1
      }
    }
  }
}