{
  "meta": {
    "_dataset": "tvm board - Nov 22nd 2025 (5060 images)",
    "_label": "",
    "_relpath": "4380. \ud83c\udf05.jpg",
    "_filename": "4380. \ud83c\udf05.jpg",
    "_width": 1080,
    "_height": 1920
  },
  "features": {
    "geometric_structural": {
      "leading_lines": {
        "diagonal": 1,
        "vertical": 34,
        "horizontal": 0,
        "curved": 262
      },
      "leading_lines_strength": 0.3263736263736264,
      "symmetry_vertical": 0.5376264956402035,
      "symmetry_horizontal": 0.18644200911300585,
      "symmetry_radial": 0.1838773161885842,
      "rule_of_thirds": {
        "alignment_score": 0,
        "num_salient_objects": 1
      },
      "golden_ratio": {
        "golden_alignment_score": 0
      },
      "balance": {
        "static_balance": 0.9723682403564453,
        "dynamic_balance": 1.0,
        "dominant_quadrant": 1
      },
      "layering": {
        "foreground_ratio": 0.3147471668956044,
        "midground_ratio": 0.2799600789835165,
        "background_ratio": 0.4052927541208791,
        "depth_complexity": 0.5871513598889305
      }
    },
    "spatial_layout": {
      "negative_space_ratio": 0.5190161401098901,
      "subject_isolation": 0.1,
      "depth_of_field": {
        "blur_gradient_strength": 405.990271653374,
        "sharpness_variance": 562115.7013028132,
        "min_sharpness": 0.11764705882352941,
        "max_sharpness": 4684.330096918037
      },
      "perspective": {
        "has_vanishing_point": 1,
        "perspective_strength": 0.9011284255776464
      }
    },
    "contrast_color": {
      "high_contrast_ratio": 0.470353279532967,
      "low_contrast_ratio": 0.529646720467033,
      "mean_contrast": 11.847245216369629,
      "highlight_ratio": 0.0013070913264527917,
      "shadow_ratio": 0.38607272505760193,
      "midtone_ratio": 0.6126202344894409,
      "warm_color_ratio": 0.6831172733516484,
      "cool_color_ratio": 0.012034254807692308,
      "complementary_color_score": 1.8333333333333333
    },
    "motion_dynamics": {
      "s_curve_count": 258,
      "motion_blur_score": 13.388943027583725,
      "dominant_direction_deg": 4.999999999999995,
      "direction_strength": 0.2673076923071186
    },
    "pattern_rhythm": {
      "repetition_score": 1.0,
      "rhythm_score": 1.0,
      "pattern_breaks": 1
    },
    "visual_mass_focus": {
      "point_of_interest": {
        "x": 0.7421875,
        "y": 0.43626373626373627,
        "strength": 1.0
      },
      "visual_mass_concentration": 0.19989483173076922,
      "mean_visual_weight": 0.19013585150241852,
      "face_count": 0,
      "has_directional_cues": 0
    },
    "framing_breathing": {
      "frame_in_frame_count": 0,
      "breathing_space": {
        "top": 0.4032967032967033,
        "bottom": 0.5516483516483517,
        "left": 0.6953125,
        "right": 0.21875,
        "min_margin": 0.21875,
        "mean_margin": 0.4672518887362638
      },
      "corner_anchors": {
        "top_left": 0.38370516896247864,
        "top_right": 0.4234561324119568,
        "bottom_left": 0.522922158241272,
        "bottom_right": 0.48836010694503784,
        "max_corner_weight": 0.522922158241272,
        "has_corner_subject": 1
      }
    }
  }
}