{
  "meta": {
    "_dataset": "tvm board - Nov 22nd 2025 (5060 images)",
    "_label": "",
    "_relpath": "4393. rays of.jpg",
    "_filename": "4393. rays of.jpg",
    "_width": 3060,
    "_height": 4080
  },
  "features": {
    "geometric_structural": {
      "leading_lines": {
        "diagonal": 7,
        "vertical": 1,
        "horizontal": 9,
        "curved": 62
      },
      "leading_lines_strength": 0.11566617862371889,
      "symmetry_vertical": 0.5943153290724272,
      "symmetry_horizontal": 0.3918395854501703,
      "symmetry_radial": 0.36254455076602693,
      "rule_of_thirds": {
        "alignment_score": 1,
        "num_salient_objects": 11
      },
      "golden_ratio": {
        "golden_alignment_score": 8
      },
      "balance": {
        "static_balance": 0.9241437911987305,
        "dynamic_balance": 1.0,
        "dominant_quadrant": 0
      },
      "layering": {
        "foreground_ratio": 0.23796097181551976,
        "midground_ratio": 0.11964677891654465,
        "background_ratio": 0.6423922492679356,
        "depth_complexity": 0.5477988649654509
      }
    },
    "spatial_layout": {
      "negative_space_ratio": 0.5579388954978038,
      "subject_isolation": 0.10000114385065886,
      "depth_of_field": {
        "blur_gradient_strength": 410.30928011265706,
        "sharpness_variance": 1120711.2588496252,
        "min_sharpness": 6.925139992145097,
        "max_sharpness": 6870.231832579698
      },
      "perspective": {
        "has_vanishing_point": 1,
        "perspective_strength": 0.9926829268292683
      }
    },
    "contrast_color": {
      "high_contrast_ratio": 0.31982922309663253,
      "low_contrast_ratio": 0.6801707769033675,
      "mean_contrast": 15.349617958068848,
      "highlight_ratio": 0.03520772233605385,
      "shadow_ratio": 0.32622048258781433,
      "midtone_ratio": 0.6385717391967773,
      "warm_color_ratio": 0.946790926976574,
      "cool_color_ratio": 0.009519697108345535,
      "complementary_color_score": 2.7222222222222223
    },
    "motion_dynamics": {
      "s_curve_count": 110,
      "motion_blur_score": 9.777314037226155,
      "dominant_direction_deg": 95.0,
      "direction_strength": 0.05611445369676486
    },
    "pattern_rhythm": {
      "repetition_score": 1.0,
      "rhythm_score": 1.0,
      "pattern_breaks": 7
    },
    "visual_mass_focus": {
      "point_of_interest": {
        "x": 0.5,
        "y": 0.5563689604685212,
        "strength": 1.0
      },
      "visual_mass_concentration": 0.19995367404831627,
      "mean_visual_weight": 0.2931949496269226,
      "face_count": 0,
      "has_directional_cues": 0
    },
    "framing_breathing": {
      "frame_in_frame_count": 0,
      "breathing_space": {
        "top": 0.35724743777452417,
        "bottom": 0.49487554904831627,
        "left": 0.0,
        "right": 0.62109375,
        "min_margin": 0.0,
        "mean_margin": 0.3683041842057101
      },
      "corner_anchors": {
        "top_left": 0.3729032576084137,
        "top_right": 0.35797953605651855,
        "bottom_left": 0.142812579870224,
        "bottom_right": 0.11636169254779816,
        "max_corner_weight": 0.3729032576084137,
        "has_corner_subject": 1
      }
    }
  }
}