{
  "meta": {
    "_dataset": "tvm board - Nov 22nd 2025 (5060 images)",
    "_label": "",
    "_relpath": "4404. .jpg",
    "_filename": "4404. .jpg",
    "_width": 1440,
    "_height": 1800
  },
  "features": {
    "geometric_structural": {
      "leading_lines": {
        "diagonal": 40,
        "vertical": 4,
        "horizontal": 42,
        "curved": 108
      },
      "leading_lines_strength": 0.303125,
      "symmetry_vertical": 0.2900113516076546,
      "symmetry_horizontal": 0.2626007540561306,
      "symmetry_radial": 0.1856629598543054,
      "rule_of_thirds": {
        "alignment_score": 1,
        "num_salient_objects": 10
      },
      "golden_ratio": {
        "golden_alignment_score": 2
      },
      "balance": {
        "static_balance": 0.9550409317016602,
        "dynamic_balance": 1.0,
        "dominant_quadrant": 0
      },
      "layering": {
        "foreground_ratio": 0.2987091064453125,
        "midground_ratio": 0.3072967529296875,
        "background_ratio": 0.393994140625,
        "depth_complexity": 0.5382718981689215
      }
    },
    "spatial_layout": {
      "negative_space_ratio": 0.5735107421875,
      "subject_isolation": 0.1,
      "depth_of_field": {
        "blur_gradient_strength": 373.4888492764381,
        "sharpness_variance": 720078.2561029058,
        "min_sharpness": 7.888853580647945,
        "max_sharpness": 4478.281330296026
      },
      "perspective": {
        "has_vanishing_point": 1,
        "perspective_strength": 0.9971839799749687
      }
    },
    "contrast_color": {
      "high_contrast_ratio": 0.4253631591796875,
      "low_contrast_ratio": 0.5746368408203125,
      "mean_contrast": 25.931381225585938,
      "highlight_ratio": 0.01623230054974556,
      "shadow_ratio": 0.21950379014015198,
      "midtone_ratio": 0.7642638683319092,
      "warm_color_ratio": 0.9212432861328125,
      "cool_color_ratio": 0.0142303466796875,
      "complementary_color_score": 2.2777777777777777
    },
    "motion_dynamics": {
      "s_curve_count": 180,
      "motion_blur_score": 7.064167345492478,
      "dominant_direction_deg": -85.0,
      "direction_strength": 0.06538391113261297
    },
    "pattern_rhythm": {
      "repetition_score": 1.0,
      "rhythm_score": 1.0,
      "pattern_breaks": 3
    },
    "visual_mass_focus": {
      "point_of_interest": {
        "x": 0.65234375,
        "y": 0.5421875,
        "strength": 1.0
      },
      "visual_mass_concentration": 0.1999176025390625,
      "mean_visual_weight": 0.33927252888679504,
      "face_count": 0,
      "has_directional_cues": 0
    },
    "framing_breathing": {
      "frame_in_frame_count": 0,
      "breathing_space": {
        "top": 0.35625,
        "bottom": 0.5484375,
        "left": 0.0703125,
        "right": 0.7578125,
        "min_margin": 0.0703125,
        "mean_margin": 0.433203125
      },
      "corner_anchors": {
        "top_left": 0.28524211049079895,
        "top_right": 0.3234133720397949,
        "bottom_left": 0.17194873094558716,
        "bottom_right": 0.26282209157943726,
        "max_corner_weight": 0.3234133720397949,
        "has_corner_subject": 1
      }
    }
  }
}