{
  "meta": {
    "_dataset": "tvm board - Nov 22nd 2025 (5060 images)",
    "_label": "",
    "_relpath": "4414. .jpg",
    "_filename": "4414. .jpg",
    "_width": 1500,
    "_height": 1062
  },
  "features": {
    "geometric_structural": {
      "leading_lines": {
        "diagonal": 25,
        "vertical": 0,
        "horizontal": 2,
        "curved": 212
      },
      "leading_lines_strength": 0.330567081604426,
      "symmetry_vertical": 0.2594986262747628,
      "symmetry_horizontal": 0.26801728836177907,
      "symmetry_radial": 0.18700677065747415,
      "rule_of_thirds": {
        "alignment_score": 1,
        "num_salient_objects": 18
      },
      "golden_ratio": {
        "golden_alignment_score": 2
      },
      "balance": {
        "static_balance": 0.8985284566879272,
        "dynamic_balance": 1.0,
        "dominant_quadrant": 1
      },
      "layering": {
        "foreground_ratio": 0.30942038381742737,
        "midground_ratio": 0.3344895401106501,
        "background_ratio": 0.35609007607192256,
        "depth_complexity": 0.6651490416076866
      }
    },
    "spatial_layout": {
      "negative_space_ratio": 0.7579664808091287,
      "subject_isolation": 0.10000108056708161,
      "depth_of_field": {
        "blur_gradient_strength": 462.48302379639995,
        "sharpness_variance": 873655.513312706,
        "min_sharpness": 38.26384083044983,
        "max_sharpness": 6030.2959240974515
      },
      "perspective": {
        "has_vanishing_point": 1,
        "perspective_strength": 0.9974034404414152
      }
    },
    "contrast_color": {
      "high_contrast_ratio": 0.4374270617219917,
      "low_contrast_ratio": 0.5625729382780082,
      "mean_contrast": 27.830381393432617,
      "highlight_ratio": 0.02986147068440914,
      "shadow_ratio": 0.5763933658599854,
      "midtone_ratio": 0.39374518394470215,
      "warm_color_ratio": 0.9882407287344398,
      "cool_color_ratio": 0.0,
      "complementary_color_score": 0.0
    },
    "motion_dynamics": {
      "s_curve_count": 223,
      "motion_blur_score": 6.134263858656884,
      "dominant_direction_deg": 4.999999999999995,
      "direction_strength": 0.04562154218521562
    },
    "pattern_rhythm": {
      "repetition_score": 1.0,
      "rhythm_score": 1.0,
      "pattern_breaks": 5
    },
    "visual_mass_focus": {
      "point_of_interest": {
        "x": 0.7344398340248963,
        "y": 0.33984375,
        "strength": 1.0
      },
      "visual_mass_concentration": 0.19954832295988936,
      "mean_visual_weight": 0.2137555181980133,
      "face_count": 0,
      "has_directional_cues": 0
    },
    "framing_breathing": {
      "frame_in_frame_count": 0,
      "breathing_space": {
        "top": 0.185546875,
        "bottom": 0.54296875,
        "left": 0.8713692946058091,
        "right": 0.04564315352697095,
        "min_margin": 0.04564315352697095,
        "mean_margin": 0.41138201828319504
      },
      "corner_anchors": {
        "top_left": 0.2199225127696991,
        "top_right": 0.19252032041549683,
        "bottom_left": 0.2234538495540619,
        "bottom_right": 0.14987406134605408,
        "max_corner_weight": 0.2234538495540619,
        "has_corner_subject": 0
      }
    }
  }
}