{
  "meta": {
    "_dataset": "tvm board - Nov 22nd 2025 (5060 images)",
    "_label": "",
    "_relpath": "4423. .jpg",
    "_filename": "4423. .jpg",
    "_width": 500,
    "_height": 750
  },
  "features": {
    "geometric_structural": {
      "leading_lines": {
        "diagonal": 0,
        "vertical": 0,
        "horizontal": 0,
        "curved": 71
      },
      "leading_lines_strength": 0.09244791666666667,
      "symmetry_vertical": 0.5348822313230868,
      "symmetry_horizontal": 0.3284679380232369,
      "symmetry_radial": 0.2822629065755893,
      "rule_of_thirds": {
        "alignment_score": 1,
        "num_salient_objects": 71
      },
      "golden_ratio": {
        "golden_alignment_score": 1
      },
      "balance": {
        "static_balance": 0.9621453285217285,
        "dynamic_balance": 1.0,
        "dominant_quadrant": 0
      },
      "layering": {
        "foreground_ratio": 0.2927602132161458,
        "midground_ratio": 0.36736297607421875,
        "background_ratio": 0.33987681070963544,
        "depth_complexity": 0.16013418810798444
      }
    },
    "spatial_layout": {
      "negative_space_ratio": 0.5907160441080729,
      "subject_isolation": 0.10000101725260417,
      "depth_of_field": {
        "blur_gradient_strength": 149.59058686527015,
        "sharpness_variance": 43625.33095941111,
        "min_sharpness": 0.25912873837747025,
        "max_sharpness": 1338.0784387633125
      },
      "perspective": {
        "has_vanishing_point": 1,
        "perspective_strength": 0.9591836734693877
      }
    },
    "contrast_color": {
      "high_contrast_ratio": 0.3717193603515625,
      "low_contrast_ratio": 0.6282806396484375,
      "mean_contrast": 16.762548446655273,
      "highlight_ratio": 0.3069407045841217,
      "shadow_ratio": 0.22998809814453125,
      "midtone_ratio": 0.46307122707366943,
      "warm_color_ratio": 0.9578984578450521,
      "cool_color_ratio": 0.0010553995768229167,
      "complementary_color_score": 2.3333333333333335
    },
    "motion_dynamics": {
      "s_curve_count": 88,
      "motion_blur_score": 14.684530714567188,
      "dominant_direction_deg": 4.999999999999995,
      "direction_strength": 0.17553456624304317
    },
    "pattern_rhythm": {
      "repetition_score": 1.0,
      "rhythm_score": 1.0,
      "pattern_breaks": 14
    },
    "visual_mass_focus": {
      "point_of_interest": {
        "x": 0.521484375,
        "y": 0.34375,
        "strength": 1.0
      },
      "visual_mass_concentration": 0.1959660847981771,
      "mean_visual_weight": 0.2433333843946457,
      "face_count": 1,
      "has_directional_cues": 1
    },
    "framing_breathing": {
      "frame_in_frame_count": 0,
      "breathing_space": {
        "top": 0.0,
        "bottom": 0.6575520833333334,
        "left": 0.0,
        "right": 0.0,
        "min_margin": 0.0,
        "mean_margin": 0.16438802083333334
      },
      "corner_anchors": {
        "top_left": 0.8570414185523987,
        "top_right": 0.7424375414848328,
        "bottom_left": 0.7947995066642761,
        "bottom_right": 0.696569561958313,
        "max_corner_weight": 0.8570414185523987,
        "has_corner_subject": 1
      }
    }
  }
}