{
  "meta": {
    "_dataset": "tvm board - Nov 22nd 2025 (5060 images)",
    "_label": "",
    "_relpath": "4425. Beautiful castle.jpg",
    "_filename": "4425. Beautiful castle.jpg",
    "_width": 2048,
    "_height": 2048
  },
  "features": {
    "geometric_structural": {
      "leading_lines": {
        "diagonal": 14,
        "vertical": 9,
        "horizontal": 4,
        "curved": 291
      },
      "leading_lines_strength": 0.62109375,
      "symmetry_vertical": 0.18649265020700967,
      "symmetry_horizontal": 0.17722209873198608,
      "symmetry_radial": 0.15487554956249897,
      "rule_of_thirds": {
        "alignment_score": 0,
        "num_salient_objects": 4
      },
      "golden_ratio": {
        "golden_alignment_score": 0
      },
      "balance": {
        "static_balance": 0.8513025045394897,
        "dynamic_balance": 1.0,
        "dominant_quadrant": 1
      },
      "layering": {
        "foreground_ratio": 0.3383827209472656,
        "midground_ratio": 0.33017730712890625,
        "background_ratio": 0.3314399719238281,
        "depth_complexity": 1.8524258151055402
      }
    },
    "spatial_layout": {
      "negative_space_ratio": 0.6283760070800781,
      "subject_isolation": 0.10000228881835938,
      "depth_of_field": {
        "blur_gradient_strength": 1383.48262093055,
        "sharpness_variance": 3562738.1070440244,
        "min_sharpness": 5.058439061899271,
        "max_sharpness": 8140.479590480755
      },
      "perspective": {
        "has_vanishing_point": 1,
        "perspective_strength": 0.9973107952362659
      }
    },
    "contrast_color": {
      "high_contrast_ratio": 0.43773651123046875,
      "low_contrast_ratio": 0.5622634887695312,
      "mean_contrast": 28.672693252563477,
      "highlight_ratio": 0.104736328125,
      "shadow_ratio": 0.40186309814453125,
      "midtone_ratio": 0.49340057373046875,
      "warm_color_ratio": 0.2754173278808594,
      "cool_color_ratio": 0.21773529052734375,
      "complementary_color_score": 1.7222222222222223
    },
    "motion_dynamics": {
      "s_curve_count": 266,
      "motion_blur_score": 6.4460789519448864,
      "dominant_direction_deg": 95.0,
      "direction_strength": 0.05274963378886127
    },
    "pattern_rhythm": {
      "repetition_score": 1.0,
      "rhythm_score": 1.0,
      "pattern_breaks": 1
    },
    "visual_mass_focus": {
      "point_of_interest": {
        "x": 0.849609375,
        "y": 0.33984375,
        "strength": 1.0
      },
      "visual_mass_concentration": 0.199951171875,
      "mean_visual_weight": 0.09714294970035553,
      "face_count": 0,
      "has_directional_cues": 0
    },
    "framing_breathing": {
      "frame_in_frame_count": 0,
      "breathing_space": {
        "top": 0.1171875,
        "bottom": 0.453125,
        "left": 0.591796875,
        "right": 0.0,
        "min_margin": 0.0,
        "mean_margin": 0.29052734375
      },
      "corner_anchors": {
        "top_left": 0.2021743506193161,
        "top_right": 0.5328567624092102,
        "bottom_left": 0.4729347825050354,
        "bottom_right": 0.3542734682559967,
        "max_corner_weight": 0.5328567624092102,
        "has_corner_subject": 1
      }
    }
  }
}