{
  "meta": {
    "_dataset": "tvm board - Nov 22nd 2025 (5060 images)",
    "_label": "",
    "_relpath": "4424. .jpg",
    "_filename": "4424. .jpg",
    "_width": 676,
    "_height": 1200
  },
  "features": {
    "geometric_structural": {
      "leading_lines": {
        "diagonal": 7,
        "vertical": 8,
        "horizontal": 4,
        "curved": 441
      },
      "leading_lines_strength": 0.506050605060506,
      "symmetry_vertical": 0.335023802682502,
      "symmetry_horizontal": 0.2261596192227632,
      "symmetry_radial": 0.17420808513600364,
      "rule_of_thirds": {
        "alignment_score": 0,
        "num_salient_objects": 14
      },
      "golden_ratio": {
        "golden_alignment_score": 0
      },
      "balance": {
        "static_balance": 0.930354118347168,
        "dynamic_balance": 1.0,
        "dominant_quadrant": 0
      },
      "layering": {
        "foreground_ratio": 0.3040923232948295,
        "midground_ratio": 0.19010416666666666,
        "background_ratio": 0.5058035100385039,
        "depth_complexity": 0.5274274088385389
      }
    },
    "spatial_layout": {
      "negative_space_ratio": 0.7094076595159516,
      "subject_isolation": 0.10000042973047304,
      "depth_of_field": {
        "blur_gradient_strength": 1188.375915230983,
        "sharpness_variance": 8326297.123448243,
        "min_sharpness": 1.3794404630401964,
        "max_sharpness": 28552.608612072283
      },
      "perspective": {
        "has_vanishing_point": 1,
        "perspective_strength": 0.9957378795950985
      }
    },
    "contrast_color": {
      "high_contrast_ratio": 0.43788675742574257,
      "low_contrast_ratio": 0.5621132425742574,
      "mean_contrast": 22.054954528808594,
      "highlight_ratio": 0.02465793490409851,
      "shadow_ratio": 0.5122107863426208,
      "midtone_ratio": 0.46313124895095825,
      "warm_color_ratio": 0.7741658931518152,
      "cool_color_ratio": 0.038675742574257425,
      "complementary_color_score": 2.388888888888889
    },
    "motion_dynamics": {
      "s_curve_count": 298,
      "motion_blur_score": 6.205428668069741,
      "dominant_direction_deg": 4.999999999999995,
      "direction_strength": 0.09630259900969407
    },
    "pattern_rhythm": {
      "repetition_score": 1.0,
      "rhythm_score": 1.0,
      "pattern_breaks": 2
    },
    "visual_mass_focus": {
      "point_of_interest": {
        "x": 0.298828125,
        "y": 0.3179317931793179,
        "strength": 1.0
      },
      "visual_mass_concentration": 0.19979029152915292,
      "mean_visual_weight": 0.20347703993320465,
      "face_count": 0,
      "has_directional_cues": 0
    },
    "framing_breathing": {
      "frame_in_frame_count": 0,
      "breathing_space": {
        "top": 0.11001100110011001,
        "bottom": 0.6688668866886689,
        "left": 0.244140625,
        "right": 0.15234375,
        "min_margin": 0.11001100110011001,
        "mean_margin": 0.29384056569719474
      },
      "corner_anchors": {
        "top_left": 0.25821974873542786,
        "top_right": 0.2319433093070984,
        "bottom_left": 0.336394727230072,
        "bottom_right": 0.34931156039237976,
        "max_corner_weight": 0.34931156039237976,
        "has_corner_subject": 1
      }
    }
  }
}