{
  "meta": {
    "_dataset": "tvm board - Nov 22nd 2025 (5060 images)",
    "_label": "",
    "_relpath": "4440. .jpg",
    "_filename": "4440. .jpg",
    "_width": 1080,
    "_height": 1335
  },
  "features": {
    "geometric_structural": {
      "leading_lines": {
        "diagonal": 0,
        "vertical": 0,
        "horizontal": 0,
        "curved": 55
      },
      "leading_lines_strength": 0.08688783570300158,
      "symmetry_vertical": 0.6545560522502167,
      "symmetry_horizontal": 0.5137486720502897,
      "symmetry_radial": 0.4495820667194658,
      "rule_of_thirds": {
        "alignment_score": 1,
        "num_salient_objects": 17
      },
      "golden_ratio": {
        "golden_alignment_score": 1
      },
      "balance": {
        "static_balance": 0.9892568588256836,
        "dynamic_balance": 1.0,
        "dominant_quadrant": 3
      },
      "layering": {
        "foreground_ratio": 0.2747920369273302,
        "midground_ratio": 0.29145376678515006,
        "background_ratio": 0.43375419628751977,
        "depth_complexity": 0.2066580700284151
      }
    },
    "spatial_layout": {
      "negative_space_ratio": 0.44669789198262244,
      "subject_isolation": 0.10000123420221169,
      "depth_of_field": {
        "blur_gradient_strength": 229.44723268952382,
        "sharpness_variance": 159806.89872706227,
        "min_sharpness": 0.5294117647058824,
        "max_sharpness": 2245.661159808851
      },
      "perspective": {
        "has_vanishing_point": 1,
        "perspective_strength": 0.7
      }
    },
    "contrast_color": {
      "high_contrast_ratio": 0.41511774289099523,
      "low_contrast_ratio": 0.5848822571090048,
      "mean_contrast": 18.384384155273438,
      "highlight_ratio": 0.31858769059181213,
      "shadow_ratio": 0.14309649169445038,
      "midtone_ratio": 0.5383158326148987,
      "warm_color_ratio": 0.9997253900078988,
      "cool_color_ratio": 0.0,
      "complementary_color_score": 0.0
    },
    "motion_dynamics": {
      "s_curve_count": 69,
      "motion_blur_score": 17.52339409480949,
      "dominant_direction_deg": 4.999999999999995,
      "direction_strength": 0.20751875987297738
    },
    "pattern_rhythm": {
      "repetition_score": 1.0,
      "rhythm_score": 1.0,
      "pattern_breaks": 4
    },
    "visual_mass_focus": {
      "point_of_interest": {
        "x": 0.5390625,
        "y": 0.7788309636650869,
        "strength": 1.0
      },
      "visual_mass_concentration": 0.1999685278436019,
      "mean_visual_weight": 0.4655773639678955,
      "face_count": 0,
      "has_directional_cues": 0
    },
    "framing_breathing": {
      "frame_in_frame_count": 0,
      "breathing_space": {
        "top": 0.6129541864139021,
        "bottom": 0.01263823064770932,
        "left": 0.078125,
        "right": 0.0,
        "min_margin": 0.0,
        "mean_margin": 0.17592935426540285
      },
      "corner_anchors": {
        "top_left": 0.47423210740089417,
        "top_right": 0.5537471771240234,
        "bottom_left": 0.28982043266296387,
        "bottom_right": 0.3692060112953186,
        "max_corner_weight": 0.5537471771240234,
        "has_corner_subject": 1
      }
    }
  }
}