{
  "meta": {
    "_dataset": "tvm board - Nov 22nd 2025 (5060 images)",
    "_label": "",
    "_relpath": "4461. Magical forest.jpg",
    "_filename": "4461. Magical forest.jpg",
    "_width": 800,
    "_height": 1200
  },
  "features": {
    "geometric_structural": {
      "leading_lines": {
        "diagonal": 252,
        "vertical": 54,
        "horizontal": 14,
        "curved": 1029
      },
      "leading_lines_strength": 1.7565104166666667,
      "symmetry_vertical": 0.17781118623782552,
      "symmetry_horizontal": 0.18138782185813607,
      "symmetry_radial": 0.09932196219192775,
      "rule_of_thirds": {
        "alignment_score": 0,
        "num_salient_objects": 26
      },
      "golden_ratio": {
        "golden_alignment_score": 1
      },
      "balance": {
        "static_balance": 0.9672912359237671,
        "dynamic_balance": 1.0,
        "dominant_quadrant": 2
      },
      "layering": {
        "foreground_ratio": 0.32315826416015625,
        "midground_ratio": 0.28665924072265625,
        "background_ratio": 0.3901824951171875,
        "depth_complexity": 1.529459228301395
      }
    },
    "spatial_layout": {
      "negative_space_ratio": 0.6845474243164062,
      "subject_isolation": 0.10000101725260417,
      "depth_of_field": {
        "blur_gradient_strength": 843.4578747380638,
        "sharpness_variance": 1914143.430451323,
        "min_sharpness": 0.0,
        "max_sharpness": 5765.298502439174
      },
      "perspective": {
        "has_vanishing_point": 1,
        "perspective_strength": 0.9998137257510844
      }
    },
    "contrast_color": {
      "high_contrast_ratio": 0.49610137939453125,
      "low_contrast_ratio": 0.5038986206054688,
      "mean_contrast": 24.529539108276367,
      "highlight_ratio": 0.0222345981746912,
      "shadow_ratio": 0.4521280825138092,
      "midtone_ratio": 0.5256372690200806,
      "warm_color_ratio": 0.82244873046875,
      "cool_color_ratio": 0.010159810384114584,
      "complementary_color_score": 2.611111111111111
    },
    "motion_dynamics": {
      "s_curve_count": 699,
      "motion_blur_score": 5.43176334507499,
      "dominant_direction_deg": -85.0,
      "direction_strength": 0.03781636555979966
    },
    "pattern_rhythm": {
      "repetition_score": 1.0,
      "rhythm_score": 1.0,
      "pattern_breaks": 4
    },
    "visual_mass_focus": {
      "point_of_interest": {
        "x": 0.498046875,
        "y": 0.48828125,
        "strength": 1.0
      },
      "visual_mass_concentration": 0.19990030924479166,
      "mean_visual_weight": 0.2872474193572998,
      "face_count": 0,
      "has_directional_cues": 0
    },
    "framing_breathing": {
      "frame_in_frame_count": 0,
      "breathing_space": {
        "top": 0.3203125,
        "bottom": 0.5494791666666666,
        "left": 0.4375,
        "right": 0.236328125,
        "min_margin": 0.236328125,
        "mean_margin": 0.38590494791666663
      },
      "corner_anchors": {
        "top_left": 0.28943172097206116,
        "top_right": 0.27925074100494385,
        "bottom_left": 0.2930092215538025,
        "bottom_right": 0.2897307574748993,
        "max_corner_weight": 0.2930092215538025,
        "has_corner_subject": 0
      }
    }
  }
}