{
  "meta": {
    "_dataset": "tvm board - Nov 22nd 2025 (5060 images)",
    "_label": "",
    "_relpath": "4471. Ancient Redwood.jpg",
    "_filename": "4471. Ancient Redwood.jpg",
    "_width": 768,
    "_height": 1368
  },
  "features": {
    "geometric_structural": {
      "leading_lines": {
        "diagonal": 2,
        "vertical": 9,
        "horizontal": 0,
        "curved": 412
      },
      "leading_lines_strength": 0.46381578947368424,
      "symmetry_vertical": 0.26614974643427763,
      "symmetry_horizontal": 0.2931807916664031,
      "symmetry_radial": 0.18866019211318366,
      "rule_of_thirds": {
        "alignment_score": 0,
        "num_salient_objects": 19
      },
      "golden_ratio": {
        "golden_alignment_score": 2
      },
      "balance": {
        "static_balance": 0.8367288112640381,
        "dynamic_balance": 1.0,
        "dominant_quadrant": 1
      },
      "layering": {
        "foreground_ratio": 0.30463181880482454,
        "midground_ratio": 0.3593150356359649,
        "background_ratio": 0.3360531455592105,
        "depth_complexity": 0.25271034819175275
      }
    },
    "spatial_layout": {
      "negative_space_ratio": 0.7662910327576754,
      "subject_isolation": 0.1000012849506579,
      "depth_of_field": {
        "blur_gradient_strength": 188.3220774432405,
        "sharpness_variance": 62210.915763556855,
        "min_sharpness": 23.73370665557461,
        "max_sharpness": 1311.6051691590537
      },
      "perspective": {
        "has_vanishing_point": 1,
        "perspective_strength": 0.987846049966239
      }
    },
    "contrast_color": {
      "high_contrast_ratio": 0.4625501130756579,
      "low_contrast_ratio": 0.537449886924342,
      "mean_contrast": 25.847551345825195,
      "highlight_ratio": 0.03327379748225212,
      "shadow_ratio": 0.4457579553127289,
      "midtone_ratio": 0.5209681987762451,
      "warm_color_ratio": 0.7574312979714912,
      "cool_color_ratio": 0.0008652001096491228,
      "complementary_color_score": 2.611111111111111
    },
    "motion_dynamics": {
      "s_curve_count": 432,
      "motion_blur_score": 7.5386395435465,
      "dominant_direction_deg": 4.999999999999995,
      "direction_strength": 0.054325572231243305
    },
    "pattern_rhythm": {
      "repetition_score": 1.0,
      "rhythm_score": 1.0,
      "pattern_breaks": 7
    },
    "visual_mass_focus": {
      "point_of_interest": {
        "x": 0.623046875,
        "y": 0.1787280701754386,
        "strength": 1.0
      },
      "visual_mass_concentration": 0.19978198670504385,
      "mean_visual_weight": 0.11950000375509262,
      "face_count": 0,
      "has_directional_cues": 0
    },
    "framing_breathing": {
      "frame_in_frame_count": 0,
      "breathing_space": {
        "top": 0.0,
        "bottom": 0.6381578947368421,
        "left": 0.478515625,
        "right": 0.3671875,
        "min_margin": 0.0,
        "mean_margin": 0.3709652549342105
      },
      "corner_anchors": {
        "top_left": 0.20778265595436096,
        "top_right": 0.17218473553657532,
        "bottom_left": 0.2121274620294571,
        "bottom_right": 0.2196301966905594,
        "max_corner_weight": 0.2196301966905594,
        "has_corner_subject": 0
      }
    }
  }
}