{
  "meta": {
    "_dataset": "tvm board - Nov 22nd 2025 (5060 images)",
    "_label": "",
    "_relpath": "4475. .jpg",
    "_filename": "4475. .jpg",
    "_width": 1080,
    "_height": 1920
  },
  "features": {
    "geometric_structural": {
      "leading_lines": {
        "diagonal": 15,
        "vertical": 47,
        "horizontal": 2,
        "curved": 1054
      },
      "leading_lines_strength": 1.2285714285714286,
      "symmetry_vertical": 0.20841039455021085,
      "symmetry_horizontal": 0.18961022337732553,
      "symmetry_radial": 0.15303947633072737,
      "rule_of_thirds": {
        "alignment_score": 0,
        "num_salient_objects": 18
      },
      "golden_ratio": {
        "golden_alignment_score": 0
      },
      "balance": {
        "static_balance": 0.9915422201156616,
        "dynamic_balance": 1.0,
        "dominant_quadrant": 2
      },
      "layering": {
        "foreground_ratio": 0.32652386675824174,
        "midground_ratio": 0.2789599072802198,
        "background_ratio": 0.39451622596153846,
        "depth_complexity": 0.9693540473541592
      }
    },
    "spatial_layout": {
      "negative_space_ratio": 0.5763886504120879,
      "subject_isolation": 0.1,
      "depth_of_field": {
        "blur_gradient_strength": 645.7576846759305,
        "sharpness_variance": 770077.0788499124,
        "min_sharpness": 14.601612575886511,
        "max_sharpness": 4954.225908439379
      },
      "perspective": {
        "has_vanishing_point": 1,
        "perspective_strength": 0.9988999706658844
      }
    },
    "contrast_color": {
      "high_contrast_ratio": 0.47571686126373625,
      "low_contrast_ratio": 0.5242831387362638,
      "mean_contrast": 26.872684478759766,
      "highlight_ratio": 0.006898180115967989,
      "shadow_ratio": 0.324731707572937,
      "midtone_ratio": 0.6683701276779175,
      "warm_color_ratio": 0.3454090831043956,
      "cool_color_ratio": 0.4099287431318681,
      "complementary_color_score": 2.3333333333333335
    },
    "motion_dynamics": {
      "s_curve_count": 645,
      "motion_blur_score": 5.485669643542991,
      "dominant_direction_deg": 4.999999999999995,
      "direction_strength": 0.05457160027460815
    },
    "pattern_rhythm": {
      "repetition_score": 1.0,
      "rhythm_score": 1.0,
      "pattern_breaks": 1
    },
    "visual_mass_focus": {
      "point_of_interest": {
        "x": 0.490234375,
        "y": 0.12637362637362637,
        "strength": 1.0
      },
      "visual_mass_concentration": 0.1999248798076923,
      "mean_visual_weight": 0.14511185884475708,
      "face_count": 0,
      "has_directional_cues": 0
    },
    "framing_breathing": {
      "frame_in_frame_count": 0,
      "breathing_space": {
        "top": 0.23076923076923078,
        "bottom": 0.5681318681318681,
        "left": 0.5546875,
        "right": 0.248046875,
        "min_margin": 0.23076923076923078,
        "mean_margin": 0.40040886847527474
      },
      "corner_anchors": {
        "top_left": 0.20260687172412872,
        "top_right": 0.19784340262413025,
        "bottom_left": 0.3858036398887634,
        "bottom_right": 0.32773956656455994,
        "max_corner_weight": 0.3858036398887634,
        "has_corner_subject": 1
      }
    }
  }
}