{
  "meta": {
    "_dataset": "tvm board - Nov 22nd 2025 (5060 images)",
    "_label": "",
    "_relpath": "4474. \ud83c\udf33\ud83c\udf3f.jpg",
    "_filename": "4474. \ud83c\udf33\ud83c\udf3f.jpg",
    "_width": 1080,
    "_height": 1920
  },
  "features": {
    "geometric_structural": {
      "leading_lines": {
        "diagonal": 19,
        "vertical": 41,
        "horizontal": 0,
        "curved": 786
      },
      "leading_lines_strength": 0.9296703296703297,
      "symmetry_vertical": 0.21550051741343976,
      "symmetry_horizontal": 0.19945642770620642,
      "symmetry_radial": 0.13739996545921104,
      "rule_of_thirds": {
        "alignment_score": 0,
        "num_salient_objects": 10
      },
      "golden_ratio": {
        "golden_alignment_score": 0
      },
      "balance": {
        "static_balance": 0.9053609371185303,
        "dynamic_balance": 1.0,
        "dominant_quadrant": 3
      },
      "layering": {
        "foreground_ratio": 0.3361607142857143,
        "midground_ratio": 0.22115384615384615,
        "background_ratio": 0.44268543956043954,
        "depth_complexity": 0.3424347037484084
      }
    },
    "spatial_layout": {
      "negative_space_ratio": 0.6314474587912088,
      "subject_isolation": 0.1,
      "depth_of_field": {
        "blur_gradient_strength": 231.00577748775854,
        "sharpness_variance": 135234.13985551608,
        "min_sharpness": 0.9508842752787391,
        "max_sharpness": 2144.0237007000974
      },
      "perspective": {
        "has_vanishing_point": 1,
        "perspective_strength": 0.9996411011018196
      }
    },
    "contrast_color": {
      "high_contrast_ratio": 0.4570741758241758,
      "low_contrast_ratio": 0.5429258241758241,
      "mean_contrast": 25.959707260131836,
      "highlight_ratio": 0.013354224152863026,
      "shadow_ratio": 0.22236649692058563,
      "midtone_ratio": 0.7642792463302612,
      "warm_color_ratio": 0.7258821256868132,
      "cool_color_ratio": 4.507211538461539e-05,
      "complementary_color_score": 0.7777777777777778
    },
    "motion_dynamics": {
      "s_curve_count": 612,
      "motion_blur_score": 7.125918449354977,
      "dominant_direction_deg": 4.999999999999995,
      "direction_strength": 0.054623111263619024
    },
    "pattern_rhythm": {
      "repetition_score": 1.0,
      "rhythm_score": 1.0,
      "pattern_breaks": 2
    },
    "visual_mass_focus": {
      "point_of_interest": {
        "x": 0.611328125,
        "y": 0.24945054945054945,
        "strength": 1.0
      },
      "visual_mass_concentration": 0.1998304429945055,
      "mean_visual_weight": 0.14908015727996826,
      "face_count": 0,
      "has_directional_cues": 0
    },
    "framing_breathing": {
      "frame_in_frame_count": 0,
      "breathing_space": {
        "top": 0.5604395604395604,
        "bottom": 0.35384615384615387,
        "left": 0.578125,
        "right": 0.314453125,
        "min_margin": 0.314453125,
        "mean_margin": 0.4517159598214286
      },
      "corner_anchors": {
        "top_left": 0.21254023909568787,
        "top_right": 0.19903762638568878,
        "bottom_left": 0.28506073355674744,
        "bottom_right": 0.2969556748867035,
        "max_corner_weight": 0.2969556748867035,
        "has_corner_subject": 0
      }
    }
  }
}