{
  "meta": {
    "_dataset": "tvm board - Nov 22nd 2025 (5060 images)",
    "_label": "",
    "_relpath": "4472. .jpg",
    "_filename": "4472. .jpg",
    "_width": 853,
    "_height": 1280
  },
  "features": {
    "geometric_structural": {
      "leading_lines": {
        "diagonal": 13,
        "vertical": 10,
        "horizontal": 3,
        "curved": 911
      },
      "leading_lines_strength": 1.2200520833333333,
      "symmetry_vertical": 0.2234701912393265,
      "symmetry_horizontal": 0.21376093236298382,
      "symmetry_radial": 0.1542283936915639,
      "rule_of_thirds": {
        "alignment_score": 1,
        "num_salient_objects": 26
      },
      "golden_ratio": {
        "golden_alignment_score": 0
      },
      "balance": {
        "static_balance": 0.8654214143753052,
        "dynamic_balance": 1.0,
        "dominant_quadrant": 1
      },
      "layering": {
        "foreground_ratio": 0.32140858968098956,
        "midground_ratio": 0.27366892496744794,
        "background_ratio": 0.4049224853515625,
        "depth_complexity": 1.0848824346634403
      }
    },
    "spatial_layout": {
      "negative_space_ratio": 0.7376352945963541,
      "subject_isolation": 0.10000101725260417,
      "depth_of_field": {
        "blur_gradient_strength": 670.1739912267486,
        "sharpness_variance": 955946.5399174294,
        "min_sharpness": 5.472222222222221,
        "max_sharpness": 5199.402542215671
      },
      "perspective": {
        "has_vanishing_point": 1,
        "perspective_strength": 0.9986254295532646
      }
    },
    "contrast_color": {
      "high_contrast_ratio": 0.47664642333984375,
      "low_contrast_ratio": 0.5233535766601562,
      "mean_contrast": 24.844778060913086,
      "highlight_ratio": 0.0262273158878088,
      "shadow_ratio": 0.42338815331459045,
      "midtone_ratio": 0.550384521484375,
      "warm_color_ratio": 0.06037139892578125,
      "cool_color_ratio": 0.6695632934570312,
      "complementary_color_score": 1.1666666666666667
    },
    "motion_dynamics": {
      "s_curve_count": 611,
      "motion_blur_score": 5.68974228894279,
      "dominant_direction_deg": 4.999999999999995,
      "direction_strength": 0.04047139485666791
    },
    "pattern_rhythm": {
      "repetition_score": 1.0,
      "rhythm_score": 1.0,
      "pattern_breaks": 4
    },
    "visual_mass_focus": {
      "point_of_interest": {
        "x": 0.578125,
        "y": 0.20052083333333334,
        "strength": 1.0
      },
      "visual_mass_concentration": 0.19977569580078125,
      "mean_visual_weight": 0.11544189602136612,
      "face_count": 0,
      "has_directional_cues": 0
    },
    "framing_breathing": {
      "frame_in_frame_count": 0,
      "breathing_space": {
        "top": 0.016927083333333332,
        "bottom": 0.62890625,
        "left": 0.43359375,
        "right": 0.28125,
        "min_margin": 0.016927083333333332,
        "mean_margin": 0.34016927083333337
      },
      "corner_anchors": {
        "top_left": 0.14572162926197052,
        "top_right": 0.20500420033931732,
        "bottom_left": 0.2493671178817749,
        "bottom_right": 0.27533161640167236,
        "max_corner_weight": 0.27533161640167236,
        "has_corner_subject": 0
      }
    }
  }
}