{
  "meta": {
    "_dataset": "tvm board - Nov 22nd 2025 (5060 images)",
    "_label": "",
    "_relpath": "4511. .jpg",
    "_filename": "4511. .jpg",
    "_width": 720,
    "_height": 1072
  },
  "features": {
    "geometric_structural": {
      "leading_lines": {
        "diagonal": 1,
        "vertical": 0,
        "horizontal": 0,
        "curved": 45
      },
      "leading_lines_strength": 0.06036745406824147,
      "symmetry_vertical": 0.8460663789282733,
      "symmetry_horizontal": 0.4900685114525194,
      "symmetry_radial": 0.4626401473027841,
      "rule_of_thirds": {
        "alignment_score": 0,
        "num_salient_objects": 16
      },
      "golden_ratio": {
        "golden_alignment_score": 1
      },
      "balance": {
        "static_balance": 0.9675400257110596,
        "dynamic_balance": 1.0,
        "dominant_quadrant": 2
      },
      "layering": {
        "foreground_ratio": 0.3080785556102362,
        "midground_ratio": 0.0,
        "background_ratio": 0.6919214443897638,
        "depth_complexity": 0.04705369965982701
      }
    },
    "spatial_layout": {
      "negative_space_ratio": 0.3703171136811024,
      "subject_isolation": 0.10000153789370078,
      "depth_of_field": {
        "blur_gradient_strength": 55.136416916751664,
        "sharpness_variance": 18400.47604070909,
        "min_sharpness": 0.3464050809429018,
        "max_sharpness": 1143.3223447462979
      },
      "perspective": {
        "has_vanishing_point": 1,
        "perspective_strength": 0.75
      }
    },
    "contrast_color": {
      "high_contrast_ratio": 0.3536002091535433,
      "low_contrast_ratio": 0.6463997908464567,
      "mean_contrast": 9.245978355407715,
      "highlight_ratio": 0.01703217253088951,
      "shadow_ratio": 0.25005894899368286,
      "midtone_ratio": 0.7329089045524597,
      "warm_color_ratio": 0.9959912237532809,
      "cool_color_ratio": 3.075787401574803e-05,
      "complementary_color_score": 0.9444444444444444
    },
    "motion_dynamics": {
      "s_curve_count": 45,
      "motion_blur_score": 20.798818837497446,
      "dominant_direction_deg": 4.999999999999995,
      "direction_strength": 0.3032393167643146
    },
    "pattern_rhythm": {
      "repetition_score": 1.0,
      "rhythm_score": 1.0,
      "pattern_breaks": 4
    },
    "visual_mass_focus": {
      "point_of_interest": {
        "x": 0.5390625,
        "y": 0.8490813648293963,
        "strength": 1.0
      },
      "visual_mass_concentration": 0.19575848917322836,
      "mean_visual_weight": 0.5996899604797363,
      "face_count": 0,
      "has_directional_cues": 0
    },
    "framing_breathing": {
      "frame_in_frame_count": 0,
      "breathing_space": {
        "top": 0.5931758530183727,
        "bottom": 0.0,
        "left": 0.0,
        "right": 0.0,
        "min_margin": 0.0,
        "mean_margin": 0.14829396325459318
      },
      "corner_anchors": {
        "top_left": 0.39876505732536316,
        "top_right": 0.4063791334629059,
        "bottom_left": 0.7663450241088867,
        "bottom_right": 0.8748348951339722,
        "max_corner_weight": 0.8748348951339722,
        "has_corner_subject": 1
      }
    }
  }
}