{
  "meta": {
    "_dataset": "tvm board - Nov 22nd 2025 (5060 images)",
    "_label": "",
    "_relpath": "4519. Golden Sunrise.jpg",
    "_filename": "4519. Golden Sunrise.jpg",
    "_width": 1200,
    "_height": 800
  },
  "features": {
    "geometric_structural": {
      "leading_lines": {
        "diagonal": 0,
        "vertical": 0,
        "horizontal": 0,
        "curved": 0
      },
      "leading_lines_strength": 0.0,
      "symmetry_vertical": 0.8911869311248267,
      "symmetry_horizontal": 0.5231772096611812,
      "symmetry_radial": 0.4702887633555218,
      "rule_of_thirds": {
        "alignment_score": 0,
        "num_salient_objects": 1
      },
      "golden_ratio": {
        "golden_alignment_score": 1
      },
      "balance": {
        "static_balance": 0.9598802328109741,
        "dynamic_balance": 1.0,
        "dominant_quadrant": 1
      },
      "layering": {
        "foreground_ratio": 0.2781575520833333,
        "midground_ratio": 0.0,
        "background_ratio": 0.7218424479166666,
        "depth_complexity": 0.006123974846203858
      }
    },
    "spatial_layout": {
      "negative_space_ratio": 0.4642842610677083,
      "subject_isolation": 0.10000101725260417,
      "depth_of_field": {
        "blur_gradient_strength": 5.232870454060712,
        "sharpness_variance": 176.32144538018608,
        "min_sharpness": 0.0,
        "max_sharpness": 90.56278978259478
      },
      "perspective": {
        "has_vanishing_point": 0,
        "perspective_strength": 0.0
      }
    },
    "contrast_color": {
      "high_contrast_ratio": 0.3509674072265625,
      "low_contrast_ratio": 0.6490325927734375,
      "mean_contrast": 6.400579929351807,
      "highlight_ratio": 0.013453166000545025,
      "shadow_ratio": 0.3783925473690033,
      "midtone_ratio": 0.608154296875,
      "warm_color_ratio": 0.9999821980794271,
      "cool_color_ratio": 0.0,
      "complementary_color_score": 0.0
    },
    "motion_dynamics": {
      "s_curve_count": 1,
      "motion_blur_score": 26.61902656909444,
      "dominant_direction_deg": 4.999999999999995,
      "direction_strength": 0.40223948160705
    },
    "pattern_rhythm": {
      "repetition_score": 1.0,
      "rhythm_score": 1.0,
      "pattern_breaks": 1
    },
    "visual_mass_focus": {
      "point_of_interest": {
        "x": 0.5625,
        "y": 0.373046875,
        "strength": 1.0
      },
      "visual_mass_concentration": 0.1999231974283854,
      "mean_visual_weight": 0.44786354899406433,
      "face_count": 0,
      "has_directional_cues": 0
    },
    "framing_breathing": {
      "frame_in_frame_count": 0,
      "breathing_space": {
        "top": 0.318359375,
        "bottom": 0.515625,
        "left": 0.4986979166666667,
        "right": 0.3684895833333333,
        "min_margin": 0.318359375,
        "mean_margin": 0.42529296875
      },
      "corner_anchors": {
        "top_left": 0.07906445115804672,
        "top_right": 0.154245987534523,
        "bottom_left": 0.41931942105293274,
        "bottom_right": 0.36463746428489685,
        "max_corner_weight": 0.41931942105293274,
        "has_corner_subject": 1
      }
    }
  }
}