{
  "meta": {
    "_dataset": "tvm board - Nov 22nd 2025 (5060 images)",
    "_label": "",
    "_relpath": "4529. .jpg",
    "_filename": "4529. .jpg",
    "_width": 1080,
    "_height": 1920
  },
  "features": {
    "geometric_structural": {
      "leading_lines": {
        "diagonal": 0,
        "vertical": 0,
        "horizontal": 2,
        "curved": 39
      },
      "leading_lines_strength": 0.045054945054945054,
      "symmetry_vertical": 0.8002087873730483,
      "symmetry_horizontal": 0.5944666425584648,
      "symmetry_radial": 0.4774323382329892,
      "rule_of_thirds": {
        "alignment_score": 0,
        "num_salient_objects": 1
      },
      "golden_ratio": {
        "golden_alignment_score": 0
      },
      "balance": {
        "static_balance": 0.924996018409729,
        "dynamic_balance": 1.0,
        "dominant_quadrant": 0
      },
      "layering": {
        "foreground_ratio": 0.22266698145604397,
        "midground_ratio": 0.4039641998626374,
        "background_ratio": 0.37336881868131866,
        "depth_complexity": 0.043812360459336785
      }
    },
    "spatial_layout": {
      "negative_space_ratio": 0.642651098901099,
      "subject_isolation": 0.1,
      "depth_of_field": {
        "blur_gradient_strength": 40.730423280385686,
        "sharpness_variance": 4414.3950029129965,
        "min_sharpness": 4.5223989649383665,
        "max_sharpness": 411.2004539111255
      },
      "perspective": {
        "has_vanishing_point": 1,
        "perspective_strength": 0.42857142857142855
      }
    },
    "contrast_color": {
      "high_contrast_ratio": 0.35279232486263734,
      "low_contrast_ratio": 0.6472076751373627,
      "mean_contrast": 10.768436431884766,
      "highlight_ratio": 0.0002468235034029931,
      "shadow_ratio": 0.20673291385173798,
      "midtone_ratio": 0.7930202484130859,
      "warm_color_ratio": 0.6204326923076923,
      "cool_color_ratio": 0.013573145604395605,
      "complementary_color_score": 2.8333333333333335
    },
    "motion_dynamics": {
      "s_curve_count": 42,
      "motion_blur_score": 20.531980963110914,
      "dominant_direction_deg": 95.0,
      "direction_strength": 0.07173549107127461
    },
    "pattern_rhythm": {
      "repetition_score": 1.0,
      "rhythm_score": 1.0,
      "pattern_breaks": 0
    },
    "visual_mass_focus": {
      "point_of_interest": {
        "x": 0.494140625,
        "y": 0.34835164835164834,
        "strength": 1.0
      },
      "visual_mass_concentration": 0.19989697802197803,
      "mean_visual_weight": 0.31543347239494324,
      "face_count": 0,
      "has_directional_cues": 0
    },
    "framing_breathing": {
      "frame_in_frame_count": 0,
      "breathing_space": {
        "top": 0.1043956043956044,
        "bottom": 0.6417582417582418,
        "left": 0.17578125,
        "right": 0.208984375,
        "min_margin": 0.1043956043956044,
        "mean_margin": 0.28272986778846154
      },
      "corner_anchors": {
        "top_left": 0.47644975781440735,
        "top_right": 0.43861138820648193,
        "bottom_left": 0.3603813052177429,
        "bottom_right": 0.36445140838623047,
        "max_corner_weight": 0.47644975781440735,
        "has_corner_subject": 1
      }
    }
  }
}