{
  "meta": {
    "_dataset": "tvm board - Nov 22nd 2025 (5060 images)",
    "_label": "",
    "_relpath": "4537. .jpg",
    "_filename": "4537. .jpg",
    "_width": 1307,
    "_height": 1920
  },
  "features": {
    "geometric_structural": {
      "leading_lines": {
        "diagonal": 6,
        "vertical": 0,
        "horizontal": 45,
        "curved": 309
      },
      "leading_lines_strength": 0.4787234042553192,
      "symmetry_vertical": 0.4826530896163702,
      "symmetry_horizontal": 0.4302176257589309,
      "symmetry_radial": 0.3628540411911869,
      "rule_of_thirds": {
        "alignment_score": 0,
        "num_salient_objects": 2
      },
      "golden_ratio": {
        "golden_alignment_score": 0
      },
      "balance": {
        "static_balance": 0.9383548498153687,
        "dynamic_balance": 1.0,
        "dominant_quadrant": 0
      },
      "layering": {
        "foreground_ratio": 0.32269416971409576,
        "midground_ratio": 0.13304365442154256,
        "background_ratio": 0.5442621758643617,
        "depth_complexity": 0.4349688659316277
      }
    },
    "spatial_layout": {
      "negative_space_ratio": 0.59228515625,
      "subject_isolation": 0.10000155834441489,
      "depth_of_field": {
        "blur_gradient_strength": 460.5936397229778,
        "sharpness_variance": 1100405.575798478,
        "min_sharpness": 3.6531624115824495,
        "max_sharpness": 6718.811322568244
      },
      "perspective": {
        "has_vanishing_point": 1,
        "perspective_strength": 0.9986915276414786
      }
    },
    "contrast_color": {
      "high_contrast_ratio": 0.44539301446143614,
      "low_contrast_ratio": 0.5546069855385638,
      "mean_contrast": 18.44286346435547,
      "highlight_ratio": 0.030291618779301643,
      "shadow_ratio": 0.14085616171360016,
      "midtone_ratio": 0.8288522362709045,
      "warm_color_ratio": 0.9939276512632979,
      "cool_color_ratio": 0.0,
      "complementary_color_score": 0.0
    },
    "motion_dynamics": {
      "s_curve_count": 247,
      "motion_blur_score": 11.867863888462463,
      "dominant_direction_deg": 95.0,
      "direction_strength": 0.08308572972052888
    },
    "pattern_rhythm": {
      "repetition_score": 1.0,
      "rhythm_score": 1.0,
      "pattern_breaks": 1
    },
    "visual_mass_focus": {
      "point_of_interest": {
        "x": 0.34765625,
        "y": 0.0598404255319149,
        "strength": 1.0
      },
      "visual_mass_concentration": 0.19997194980053193,
      "mean_visual_weight": 0.5684897899627686,
      "face_count": 0,
      "has_directional_cues": 0
    },
    "framing_breathing": {
      "frame_in_frame_count": 0,
      "breathing_space": {
        "top": 0.017287234042553192,
        "bottom": 0.8936170212765957,
        "left": 0.11328125,
        "right": 0.41796875,
        "min_margin": 0.017287234042553192,
        "mean_margin": 0.3605385638297872
      },
      "corner_anchors": {
        "top_left": 0.37277260422706604,
        "top_right": 0.2689895033836365,
        "bottom_left": 0.2768489420413971,
        "bottom_right": 0.21273969113826752,
        "max_corner_weight": 0.37277260422706604,
        "has_corner_subject": 1
      }
    }
  }
}