{
  "meta": {
    "_dataset": "tvm board - Nov 22nd 2025 (5060 images)",
    "_label": "",
    "_relpath": "4544. .jpg",
    "_filename": "4544. .jpg",
    "_width": 704,
    "_height": 1200
  },
  "features": {
    "geometric_structural": {
      "leading_lines": {
        "diagonal": 8,
        "vertical": 4,
        "horizontal": 13,
        "curved": 162
      },
      "leading_lines_strength": 0.21420389461626574,
      "symmetry_vertical": 0.5854842507746881,
      "symmetry_horizontal": 0.44563849911892534,
      "symmetry_radial": 0.3317531344716005,
      "rule_of_thirds": {
        "alignment_score": 0,
        "num_salient_objects": 10
      },
      "golden_ratio": {
        "golden_alignment_score": 2
      },
      "balance": {
        "static_balance": 0.9873321056365967,
        "dynamic_balance": 1.0,
        "dominant_quadrant": 3
      },
      "layering": {
        "foreground_ratio": 0.26530954682130586,
        "midground_ratio": 0.15373756085337914,
        "background_ratio": 0.580952892325315,
        "depth_complexity": 0.14570711477520193
      }
    },
    "spatial_layout": {
      "negative_space_ratio": 0.6768282860824743,
      "subject_isolation": 0.1000008949026346,
      "depth_of_field": {
        "blur_gradient_strength": 982.9587224259172,
        "sharpness_variance": 7687590.712658297,
        "min_sharpness": 1.3584220187988505,
        "max_sharpness": 23021.823529411766
      },
      "perspective": {
        "has_vanishing_point": 1,
        "perspective_strength": 0.967989756722151
      }
    },
    "contrast_color": {
      "high_contrast_ratio": 0.33933365549828176,
      "low_contrast_ratio": 0.6606663445017182,
      "mean_contrast": 17.511384963989258,
      "highlight_ratio": 0.1000344529747963,
      "shadow_ratio": 0.3806893527507782,
      "midtone_ratio": 0.5192761421203613,
      "warm_color_ratio": 0.9475721291523482,
      "cool_color_ratio": 0.0,
      "complementary_color_score": 0.0
    },
    "motion_dynamics": {
      "s_curve_count": 170,
      "motion_blur_score": 12.768203797732184,
      "dominant_direction_deg": 4.999999999999995,
      "direction_strength": 0.05372100515451899
    },
    "pattern_rhythm": {
      "repetition_score": 1.0,
      "rhythm_score": 1.0,
      "pattern_breaks": 4
    },
    "visual_mass_focus": {
      "point_of_interest": {
        "x": 0.474609375,
        "y": 0.4066437571592211,
        "strength": 1.0
      },
      "visual_mass_concentration": 0.1994044422966781,
      "mean_visual_weight": 0.3788345456123352,
      "face_count": 0,
      "has_directional_cues": 0
    },
    "framing_breathing": {
      "frame_in_frame_count": 0,
      "breathing_space": {
        "top": 0.0,
        "bottom": 0.8052691867124857,
        "left": 0.1875,
        "right": 0.404296875,
        "min_margin": 0.0,
        "mean_margin": 0.3492665154281214
      },
      "corner_anchors": {
        "top_left": 0.22603115439414978,
        "top_right": 0.22936299443244934,
        "bottom_left": 0.24499931931495667,
        "bottom_right": 0.3460146486759186,
        "max_corner_weight": 0.3460146486759186,
        "has_corner_subject": 1
      }
    }
  }
}