{
  "meta": {
    "_dataset": "tvm board - Nov 22nd 2025 (5060 images)",
    "_label": "",
    "_relpath": "4545. .jpg",
    "_filename": "4545. .jpg",
    "_width": 473,
    "_height": 575
  },
  "features": {
    "geometric_structural": {
      "leading_lines": {
        "diagonal": 0,
        "vertical": 0,
        "horizontal": 1,
        "curved": 157
      },
      "leading_lines_strength": 0.2540192926045016,
      "symmetry_vertical": 0.39718474041922264,
      "symmetry_horizontal": 0.4670939374656259,
      "symmetry_radial": 0.36129811329089656,
      "rule_of_thirds": {
        "alignment_score": 0,
        "num_salient_objects": 37
      },
      "golden_ratio": {
        "golden_alignment_score": 0
      },
      "balance": {
        "static_balance": 0.9535808563232422,
        "dynamic_balance": 1.0,
        "dominant_quadrant": 3
      },
      "layering": {
        "foreground_ratio": 0.2840540846061093,
        "midground_ratio": 0.1516309535771704,
        "background_ratio": 0.5643149618167203,
        "depth_complexity": 0.06441337409387102
      }
    },
    "spatial_layout": {
      "negative_space_ratio": 0.49680968649517687,
      "subject_isolation": 0.10000188404340836,
      "depth_of_field": {
        "blur_gradient_strength": 42.891243511054086,
        "sharpness_variance": 4116.553823826299,
        "min_sharpness": 2.3941138023836985,
        "max_sharpness": 337.813414071511
      },
      "perspective": {
        "has_vanishing_point": 0,
        "perspective_strength": 0.0
      }
    },
    "contrast_color": {
      "high_contrast_ratio": 0.49148098372186494,
      "low_contrast_ratio": 0.508519016278135,
      "mean_contrast": 17.3664608001709,
      "highlight_ratio": 0.05740052089095116,
      "shadow_ratio": 0.05902079865336418,
      "midtone_ratio": 0.8835786581039429,
      "warm_color_ratio": 0.997447121181672,
      "cool_color_ratio": 0.0,
      "complementary_color_score": 0.0
    },
    "motion_dynamics": {
      "s_curve_count": 160,
      "motion_blur_score": 15.103935794860044,
      "dominant_direction_deg": -85.0,
      "direction_strength": 0.07496294714606686
    },
    "pattern_rhythm": {
      "repetition_score": 1.0,
      "rhythm_score": 1.0,
      "pattern_breaks": 6
    },
    "visual_mass_focus": {
      "point_of_interest": {
        "x": 0.25390625,
        "y": 0.4742765273311897,
        "strength": 1.0
      },
      "visual_mass_concentration": 0.19975256229903537,
      "mean_visual_weight": 0.4318590462207794,
      "face_count": 0,
      "has_directional_cues": 0
    },
    "framing_breathing": {
      "frame_in_frame_count": 0,
      "breathing_space": {
        "top": 0.0,
        "bottom": 0.8665594855305466,
        "left": 0.13671875,
        "right": 0.53125,
        "min_margin": 0.0,
        "mean_margin": 0.38363205888263663
      },
      "corner_anchors": {
        "top_left": 0.20612318813800812,
        "top_right": 0.2958962917327881,
        "bottom_left": 0.2665925920009613,
        "bottom_right": 0.4848020672798157,
        "max_corner_weight": 0.4848020672798157,
        "has_corner_subject": 1
      }
    }
  }
}