{
  "meta": {
    "_dataset": "tvm board - Nov 22nd 2025 (5060 images)",
    "_label": "",
    "_relpath": "4559. Golden Hour.jpg",
    "_filename": "4559. Golden Hour.jpg",
    "_width": 961,
    "_height": 1200
  },
  "features": {
    "geometric_structural": {
      "leading_lines": {
        "diagonal": 1,
        "vertical": 1,
        "horizontal": 6,
        "curved": 186
      },
      "leading_lines_strength": 0.30359937402190923,
      "symmetry_vertical": 0.6884063785909252,
      "symmetry_horizontal": 0.4618009217213711,
      "symmetry_radial": 0.399567297016282,
      "rule_of_thirds": {
        "alignment_score": 0,
        "num_salient_objects": 38
      },
      "golden_ratio": {
        "golden_alignment_score": 8
      },
      "balance": {
        "static_balance": 0.9517122507095337,
        "dynamic_balance": 1.0,
        "dominant_quadrant": 2
      },
      "layering": {
        "foreground_ratio": 0.3135117126369327,
        "midground_ratio": 0.23099753032081377,
        "background_ratio": 0.4554907570422535,
        "depth_complexity": 0.24309935147794623
      }
    },
    "spatial_layout": {
      "negative_space_ratio": 0.4435977846244131,
      "subject_isolation": 0.10000061130672927,
      "depth_of_field": {
        "blur_gradient_strength": 1598.2890120100874,
        "sharpness_variance": 16536567.499945223,
        "min_sharpness": 0.8191193742619832,
        "max_sharpness": 24688.65676662822
      },
      "perspective": {
        "has_vanishing_point": 1,
        "perspective_strength": 0.9956958393113343
      }
    },
    "contrast_color": {
      "high_contrast_ratio": 0.41293463908450706,
      "low_contrast_ratio": 0.587065360915493,
      "mean_contrast": 17.002492904663086,
      "highlight_ratio": 0.17425909638404846,
      "shadow_ratio": 0.09965216368436813,
      "midtone_ratio": 0.7260887622833252,
      "warm_color_ratio": 0.8169197476525821,
      "cool_color_ratio": 0.0,
      "complementary_color_score": 0.0
    },
    "motion_dynamics": {
      "s_curve_count": 165,
      "motion_blur_score": 17.312632404174078,
      "dominant_direction_deg": 4.999999999999995,
      "direction_strength": 0.15469422437354907
    },
    "pattern_rhythm": {
      "repetition_score": 1.0,
      "rhythm_score": 1.0,
      "pattern_breaks": 14
    },
    "visual_mass_focus": {
      "point_of_interest": {
        "x": 0.474609375,
        "y": 0.5101721439749609,
        "strength": 1.0
      },
      "visual_mass_concentration": 0.19944187695618154,
      "mean_visual_weight": 0.2023407369852066,
      "face_count": 0,
      "has_directional_cues": 0
    },
    "framing_breathing": {
      "frame_in_frame_count": 0,
      "breathing_space": {
        "top": 0.3395931142410016,
        "bottom": 0.215962441314554,
        "left": 0.271484375,
        "right": 0.333984375,
        "min_margin": 0.215962441314554,
        "mean_margin": 0.2902560763888889
      },
      "corner_anchors": {
        "top_left": 0.17479144036769867,
        "top_right": 0.2413482666015625,
        "bottom_left": 0.7373021245002747,
        "bottom_right": 0.7195953130722046,
        "max_corner_weight": 0.7373021245002747,
        "has_corner_subject": 1
      }
    }
  }
}