{
  "meta": {
    "_dataset": "tvm board - Nov 22nd 2025 (5060 images)",
    "_label": "",
    "_relpath": "4616. Manhawa.jpg",
    "_filename": "4616. Manhawa.jpg",
    "_width": 800,
    "_height": 800
  },
  "features": {
    "geometric_structural": {
      "leading_lines": {
        "diagonal": 0,
        "vertical": 17,
        "horizontal": 0,
        "curved": 50
      },
      "leading_lines_strength": 0.130859375,
      "symmetry_vertical": 0.5053319971388276,
      "symmetry_horizontal": 0.43812420061285184,
      "symmetry_radial": 0.44161582967323215,
      "rule_of_thirds": {
        "alignment_score": 0,
        "num_salient_objects": 6
      },
      "golden_ratio": {
        "golden_alignment_score": 0
      },
      "balance": {
        "static_balance": 0.94617760181427,
        "dynamic_balance": 1.0,
        "dominant_quadrant": 0
      },
      "layering": {
        "foreground_ratio": 0.327789306640625,
        "midground_ratio": 0.2754478454589844,
        "background_ratio": 0.3967628479003906,
        "depth_complexity": 0.09030949777341447
      }
    },
    "spatial_layout": {
      "negative_space_ratio": 0.3369636535644531,
      "subject_isolation": 0.10000228881835938,
      "depth_of_field": {
        "blur_gradient_strength": 97.8628027476095,
        "sharpness_variance": 19103.18099123525,
        "min_sharpness": 4.411764705882353,
        "max_sharpness": 1280.1550365244138
      },
      "perspective": {
        "has_vanishing_point": 1,
        "perspective_strength": 0.8031145717463849
      }
    },
    "contrast_color": {
      "high_contrast_ratio": 0.4499931335449219,
      "low_contrast_ratio": 0.5500068664550781,
      "mean_contrast": 15.627705574035645,
      "highlight_ratio": 0.7404022216796875,
      "shadow_ratio": 0.0,
      "midtone_ratio": 0.2595977783203125,
      "warm_color_ratio": 0.6992530822753906,
      "cool_color_ratio": 0.0,
      "complementary_color_score": 0.0
    },
    "motion_dynamics": {
      "s_curve_count": 102,
      "motion_blur_score": 27.4980453390327,
      "dominant_direction_deg": 4.999999999999995,
      "direction_strength": 0.08922576904262838
    },
    "pattern_rhythm": {
      "repetition_score": 1.0,
      "rhythm_score": 1.0,
      "pattern_breaks": 2
    },
    "visual_mass_focus": {
      "point_of_interest": {
        "x": 0.916015625,
        "y": 0.873046875,
        "strength": 1.0
      },
      "visual_mass_concentration": 0.1999359130859375,
      "mean_visual_weight": 0.32403597235679626,
      "face_count": 0,
      "has_directional_cues": 0
    },
    "framing_breathing": {
      "frame_in_frame_count": 0,
      "breathing_space": {
        "top": 0.90625,
        "bottom": 0.0,
        "left": 0.9140625,
        "right": 0.0,
        "min_margin": 0.0,
        "mean_margin": 0.455078125
      },
      "corner_anchors": {
        "top_left": 0.41520407795906067,
        "top_right": 0.41558942198753357,
        "bottom_left": 0.2506827414035797,
        "bottom_right": 0.35051384568214417,
        "max_corner_weight": 0.41558942198753357,
        "has_corner_subject": 1
      }
    }
  }
}