{
  "meta": {
    "_dataset": "tvm board - Nov 22nd 2025 (5060 images)",
    "_label": "",
    "_relpath": "4625. Photographic Print.jpg",
    "_filename": "4625. Photographic Print.jpg",
    "_width": 366,
    "_height": 488
  },
  "features": {
    "geometric_structural": {
      "leading_lines": {
        "diagonal": 55,
        "vertical": 16,
        "horizontal": 0,
        "curved": 196
      },
      "leading_lines_strength": 0.39092240117130306,
      "symmetry_vertical": 0.23277771283941937,
      "symmetry_horizontal": 0.23665194643800955,
      "symmetry_radial": 0.1791807582036992,
      "rule_of_thirds": {
        "alignment_score": 1,
        "num_salient_objects": 9
      },
      "golden_ratio": {
        "golden_alignment_score": 1
      },
      "balance": {
        "static_balance": 0.9396626949310303,
        "dynamic_balance": 1.0,
        "dominant_quadrant": 1
      },
      "layering": {
        "foreground_ratio": 0.3143701958272328,
        "midground_ratio": 0.27178749542459735,
        "background_ratio": 0.41384230874816985,
        "depth_complexity": 0.4985548446675243
      }
    },
    "spatial_layout": {
      "negative_space_ratio": 0.7865088534040996,
      "subject_isolation": 0.10000114385065886,
      "depth_of_field": {
        "blur_gradient_strength": 353.75343507638354,
        "sharpness_variance": 261330.21182092745,
        "min_sharpness": 5.362648981161091,
        "max_sharpness": 2485.6034701703616
      },
      "perspective": {
        "has_vanishing_point": 1,
        "perspective_strength": 0.9993021145927838
      }
    },
    "contrast_color": {
      "high_contrast_ratio": 0.4029585697291362,
      "low_contrast_ratio": 0.5970414302708638,
      "mean_contrast": 22.593318939208984,
      "highlight_ratio": 0.03209073096513748,
      "shadow_ratio": 0.11781661957502365,
      "midtone_ratio": 0.8500926494598389,
      "warm_color_ratio": 0.9908177388360175,
      "cool_color_ratio": 3.4315519765739386e-05,
      "complementary_color_score": 0.0
    },
    "motion_dynamics": {
      "s_curve_count": 307,
      "motion_blur_score": 7.873581502624716,
      "dominant_direction_deg": 4.999999999999995,
      "direction_strength": 0.06221975658840187
    },
    "pattern_rhythm": {
      "repetition_score": 1.0,
      "rhythm_score": 1.0,
      "pattern_breaks": 6
    },
    "visual_mass_focus": {
      "point_of_interest": {
        "x": 0.544921875,
        "y": 0.17569546120058566,
        "strength": 1.0
      },
      "visual_mass_concentration": 0.19963339586383602,
      "mean_visual_weight": 0.2794558107852936,
      "face_count": 0,
      "has_directional_cues": 0
    },
    "framing_breathing": {
      "frame_in_frame_count": 0,
      "breathing_space": {
        "top": 0.0746705710102489,
        "bottom": 0.7759882869692533,
        "left": 0.419921875,
        "right": 0.306640625,
        "min_margin": 0.0746705710102489,
        "mean_margin": 0.39430533949487556
      },
      "corner_anchors": {
        "top_left": 0.18667496740818024,
        "top_right": 0.11671656370162964,
        "bottom_left": 0.17965731024742126,
        "bottom_right": 0.12867534160614014,
        "max_corner_weight": 0.18667496740818024,
        "has_corner_subject": 0
      }
    }
  }
}