{
  "meta": {
    "_dataset": "tvm board - Nov 22nd 2025 (5060 images)",
    "_label": "",
    "_relpath": "4629. .jpg",
    "_filename": "4629. .jpg",
    "_width": 645,
    "_height": 1024
  },
  "features": {
    "geometric_structural": {
      "leading_lines": {
        "diagonal": 38,
        "vertical": 97,
        "horizontal": 0,
        "curved": 364
      },
      "leading_lines_strength": 0.6137761377613776,
      "symmetry_vertical": 0.24297629802183363,
      "symmetry_horizontal": 0.1779204996077478,
      "symmetry_radial": 0.13066843023373378,
      "rule_of_thirds": {
        "alignment_score": 1,
        "num_salient_objects": 32
      },
      "golden_ratio": {
        "golden_alignment_score": 3
      },
      "balance": {
        "static_balance": 0.9128719568252563,
        "dynamic_balance": 1.0,
        "dominant_quadrant": 1
      },
      "layering": {
        "foreground_ratio": 0.3246944188191882,
        "midground_ratio": 0.3185131265375154,
        "background_ratio": 0.35679245464329645,
        "depth_complexity": 0.389785378685786
      }
    },
    "spatial_layout": {
      "negative_space_ratio": 0.42123116543665434,
      "subject_isolation": 0.10000096094710947,
      "depth_of_field": {
        "blur_gradient_strength": 202.88680762274697,
        "sharpness_variance": 101125.31404265104,
        "min_sharpness": 10.568242983467893,
        "max_sharpness": 1218.3960745586126
      },
      "perspective": {
        "has_vanishing_point": 1,
        "perspective_strength": 0.9996292657608393
      }
    },
    "contrast_color": {
      "high_contrast_ratio": 0.4495286554428044,
      "low_contrast_ratio": 0.5504713445571956,
      "mean_contrast": 24.169071197509766,
      "highlight_ratio": 0.008862334303557873,
      "shadow_ratio": 0.13969288766384125,
      "midtone_ratio": 0.8514447808265686,
      "warm_color_ratio": 0.5745286554428044,
      "cool_color_ratio": 0.003649196648216482,
      "complementary_color_score": 2.0
    },
    "motion_dynamics": {
      "s_curve_count": 325,
      "motion_blur_score": 9.710665092221015,
      "dominant_direction_deg": 4.999999999999995,
      "direction_strength": 0.04964493004293116
    },
    "pattern_rhythm": {
      "repetition_score": 1.0,
      "rhythm_score": 1.0,
      "pattern_breaks": 6
    },
    "visual_mass_focus": {
      "point_of_interest": {
        "x": 0.31640625,
        "y": 0.2816728167281673,
        "strength": 1.0
      },
      "visual_mass_concentration": 0.19980012300123,
      "mean_visual_weight": 0.13672782480716705,
      "face_count": 1,
      "has_directional_cues": 1
    },
    "framing_breathing": {
      "frame_in_frame_count": 0,
      "breathing_space": {
        "top": 0.0,
        "bottom": 0.6002460024600246,
        "left": 0.08203125,
        "right": 0.751953125,
        "min_margin": 0.0,
        "mean_margin": 0.3585575943650061
      },
      "corner_anchors": {
        "top_left": 0.482573539018631,
        "top_right": 0.5906051993370056,
        "bottom_left": 0.3217701315879822,
        "bottom_right": 0.15716232359409332,
        "max_corner_weight": 0.5906051993370056,
        "has_corner_subject": 1
      }
    }
  }
}