{
  "meta": {
    "_dataset": "tvm board - Nov 22nd 2025 (5060 images)",
    "_label": "",
    "_relpath": "4658. .jpg",
    "_filename": "4658. .jpg",
    "_width": 1280,
    "_height": 1600
  },
  "features": {
    "geometric_structural": {
      "leading_lines": {
        "diagonal": 0,
        "vertical": 1,
        "horizontal": 1,
        "curved": 33
      },
      "leading_lines_strength": 0.0546875,
      "symmetry_vertical": 0.5339360555305293,
      "symmetry_horizontal": 0.5315803007058665,
      "symmetry_radial": 0.43836004814070634,
      "rule_of_thirds": {
        "alignment_score": 0,
        "num_salient_objects": 3
      },
      "golden_ratio": {
        "golden_alignment_score": 2
      },
      "balance": {
        "static_balance": 0.9110804796218872,
        "dynamic_balance": 1.0,
        "dominant_quadrant": 1
      },
      "layering": {
        "foreground_ratio": 0.2509124755859375,
        "midground_ratio": 0.2607452392578125,
        "background_ratio": 0.48834228515625,
        "depth_complexity": 0.14244645032911563
      }
    },
    "spatial_layout": {
      "negative_space_ratio": 0.914996337890625,
      "subject_isolation": 0.1,
      "depth_of_field": {
        "blur_gradient_strength": 39.21994929911515,
        "sharpness_variance": 4022.330757293956,
        "min_sharpness": 58.56708958093041,
        "max_sharpness": 434.7667136571403
      },
      "perspective": {
        "has_vanishing_point": 1,
        "perspective_strength": 0.9487179487179487
      }
    },
    "contrast_color": {
      "high_contrast_ratio": 0.2901123046875,
      "low_contrast_ratio": 0.7098876953125,
      "mean_contrast": 11.282232284545898,
      "highlight_ratio": 0.004061889834702015,
      "shadow_ratio": 0.889678955078125,
      "midtone_ratio": 0.10625916719436646,
      "warm_color_ratio": 0.5454864501953125,
      "cool_color_ratio": 0.4319183349609375,
      "complementary_color_score": 2.388888888888889
    },
    "motion_dynamics": {
      "s_curve_count": 49,
      "motion_blur_score": 5.329691081511579,
      "dominant_direction_deg": -85.0,
      "direction_strength": 0.03366394042958477
    },
    "pattern_rhythm": {
      "repetition_score": 1.0,
      "rhythm_score": 1.0,
      "pattern_breaks": 2
    },
    "visual_mass_focus": {
      "point_of_interest": {
        "x": 0.62109375,
        "y": 0.4859375,
        "strength": 1.0
      },
      "visual_mass_concentration": 0.1999664306640625,
      "mean_visual_weight": 0.07991741597652435,
      "face_count": 0,
      "has_directional_cues": 0
    },
    "framing_breathing": {
      "frame_in_frame_count": 0,
      "breathing_space": {
        "top": 0.4328125,
        "bottom": 0.4703125,
        "left": 0.55859375,
        "right": 0.330078125,
        "min_margin": 0.330078125,
        "mean_margin": 0.44794921875
      },
      "corner_anchors": {
        "top_left": 0.07661277055740356,
        "top_right": 0.07449096441268921,
        "bottom_left": 0.07252977788448334,
        "bottom_right": 0.07583625614643097,
        "max_corner_weight": 0.07661277055740356,
        "has_corner_subject": 0
      }
    }
  }
}