{
  "meta": {
    "_dataset": "tvm board - Nov 22nd 2025 (5060 images)",
    "_label": "",
    "_relpath": "4675. .jpg",
    "_filename": "4675. .jpg",
    "_width": 375,
    "_height": 500
  },
  "features": {
    "geometric_structural": {
      "leading_lines": {
        "diagonal": 0,
        "vertical": 1,
        "horizontal": 1,
        "curved": 71
      },
      "leading_lines_strength": 0.10688140556368961,
      "symmetry_vertical": 0.6065445325172171,
      "symmetry_horizontal": 0.5798485721922649,
      "symmetry_radial": 0.41303415939107185,
      "rule_of_thirds": {
        "alignment_score": 0,
        "num_salient_objects": 4
      },
      "golden_ratio": {
        "golden_alignment_score": 1
      },
      "balance": {
        "static_balance": 0.8791714906692505,
        "dynamic_balance": 1.0,
        "dominant_quadrant": 1
      },
      "layering": {
        "foreground_ratio": 0.27841039073938506,
        "midground_ratio": 0.18469184663250365,
        "background_ratio": 0.5368977626281113,
        "depth_complexity": 0.10264129691863824
      }
    },
    "spatial_layout": {
      "negative_space_ratio": 0.7249010569180088,
      "subject_isolation": 0.10000114385065886,
      "depth_of_field": {
        "blur_gradient_strength": 74.3345988228316,
        "sharpness_variance": 26156.932753354427,
        "min_sharpness": 6.6975,
        "max_sharpness": 941.7903175382373
      },
      "perspective": {
        "has_vanishing_point": 1,
        "perspective_strength": 0.9786096256684492
      }
    },
    "contrast_color": {
      "high_contrast_ratio": 0.4611491123718887,
      "low_contrast_ratio": 0.5388508876281113,
      "mean_contrast": 14.305865287780762,
      "highlight_ratio": 0.0017529511824250221,
      "shadow_ratio": 0.6493526101112366,
      "midtone_ratio": 0.3488944172859192,
      "warm_color_ratio": 0.0697462939238653,
      "cool_color_ratio": 0.3587287243777452,
      "complementary_color_score": 1.1111111111111112
    },
    "motion_dynamics": {
      "s_curve_count": 85,
      "motion_blur_score": 8.572164362979263,
      "dominant_direction_deg": 4.999999999999995,
      "direction_strength": 0.05412415355035767
    },
    "pattern_rhythm": {
      "repetition_score": 1.0,
      "rhythm_score": 1.0,
      "pattern_breaks": 2
    },
    "visual_mass_focus": {
      "point_of_interest": {
        "x": 0.677734375,
        "y": 0.5285505124450952,
        "strength": 1.0
      },
      "visual_mass_concentration": 0.19993651628843337,
      "mean_visual_weight": 0.15295900404453278,
      "face_count": 0,
      "has_directional_cues": 0
    },
    "framing_breathing": {
      "frame_in_frame_count": 0,
      "breathing_space": {
        "top": 0.2240117130307467,
        "bottom": 0.5490483162518301,
        "left": 0.240234375,
        "right": 0.21484375,
        "min_margin": 0.21484375,
        "mean_margin": 0.3070345385706442
      },
      "corner_anchors": {
        "top_left": 0.19276902079582214,
        "top_right": 0.187856525182724,
        "bottom_left": 0.19056494534015656,
        "bottom_right": 0.17901290953159332,
        "max_corner_weight": 0.19276902079582214,
        "has_corner_subject": 0
      }
    }
  }
}