{
  "meta": {
    "_dataset": "tvm board - Nov 22nd 2025 (5060 images)",
    "_label": "",
    "_relpath": "4670. Moody portraits.jpg",
    "_filename": "4670. Moody portraits.jpg",
    "_width": 720,
    "_height": 900
  },
  "features": {
    "geometric_structural": {
      "leading_lines": {
        "diagonal": 0,
        "vertical": 0,
        "horizontal": 0,
        "curved": 47
      },
      "leading_lines_strength": 0.0734375,
      "symmetry_vertical": 0.6677911756128588,
      "symmetry_horizontal": 0.7289366575022318,
      "symmetry_radial": 0.5757790684403764,
      "rule_of_thirds": {
        "alignment_score": 1,
        "num_salient_objects": 4
      },
      "golden_ratio": {
        "golden_alignment_score": 1
      },
      "balance": {
        "static_balance": 0.9012978672981262,
        "dynamic_balance": 1.0,
        "dominant_quadrant": 1
      },
      "layering": {
        "foreground_ratio": 0.20548095703125,
        "midground_ratio": 0.3103668212890625,
        "background_ratio": 0.4841522216796875,
        "depth_complexity": 0.03318054036494343
      }
    },
    "spatial_layout": {
      "negative_space_ratio": 0.7195068359375,
      "subject_isolation": 0.1,
      "depth_of_field": {
        "blur_gradient_strength": 31.043876959321505,
        "sharpness_variance": 4435.087067099465,
        "min_sharpness": 0.22829131652661064,
        "max_sharpness": 553.2965444781315
      },
      "perspective": {
        "has_vanishing_point": 0,
        "perspective_strength": 0.0
      }
    },
    "contrast_color": {
      "high_contrast_ratio": 0.4368804931640625,
      "low_contrast_ratio": 0.5631195068359375,
      "mean_contrast": 7.6828436851501465,
      "highlight_ratio": 0.0,
      "shadow_ratio": 0.4350341856479645,
      "midtone_ratio": 0.5649658441543579,
      "warm_color_ratio": 0.07852783203125,
      "cool_color_ratio": 0.27501220703125,
      "complementary_color_score": 1.2777777777777777
    },
    "motion_dynamics": {
      "s_curve_count": 32,
      "motion_blur_score": 22.507447005773916,
      "dominant_direction_deg": 4.999999999999995,
      "direction_strength": 0.21595458984309096
    },
    "pattern_rhythm": {
      "repetition_score": 1.0,
      "rhythm_score": 1.0,
      "pattern_breaks": 2
    },
    "visual_mass_focus": {
      "point_of_interest": {
        "x": 0.6796875,
        "y": 0.3,
        "strength": 1.0
      },
      "visual_mass_concentration": 0.199981689453125,
      "mean_visual_weight": 0.06513635814189911,
      "face_count": 0,
      "has_directional_cues": 0
    },
    "framing_breathing": {
      "frame_in_frame_count": 0,
      "breathing_space": {
        "top": 0.0796875,
        "bottom": 0.43125,
        "left": 0.4609375,
        "right": 0.087890625,
        "min_margin": 0.0796875,
        "mean_margin": 0.26494140625
      },
      "corner_anchors": {
        "top_left": 0.34633728861808777,
        "top_right": 0.3382589817047119,
        "bottom_left": 0.46564093232154846,
        "bottom_right": 0.26659855246543884,
        "max_corner_weight": 0.46564093232154846,
        "has_corner_subject": 1
      }
    }
  }
}