{
  "meta": {
    "_dataset": "tvm board - Nov 22nd 2025 (5060 images)",
    "_label": "",
    "_relpath": "4680. .jpg",
    "_filename": "4680. .jpg",
    "_width": 971,
    "_height": 1200
  },
  "features": {
    "geometric_structural": {
      "leading_lines": {
        "diagonal": 0,
        "vertical": 0,
        "horizontal": 0,
        "curved": 0
      },
      "leading_lines_strength": 0.0,
      "symmetry_vertical": 0.9613262474198842,
      "symmetry_horizontal": 0.7524930587419352,
      "symmetry_radial": 0.7146959242075477,
      "rule_of_thirds": {
        "alignment_score": 0,
        "num_salient_objects": 8
      },
      "golden_ratio": {
        "golden_alignment_score": 0
      },
      "balance": {
        "static_balance": 0.977625846862793,
        "dynamic_balance": 1.0,
        "dominant_quadrant": 0
      },
      "layering": {
        "foreground_ratio": 0.25128974131121645,
        "midground_ratio": 0.0,
        "background_ratio": 0.7487102586887836,
        "depth_complexity": 0.003616660556098372
      }
    },
    "spatial_layout": {
      "negative_space_ratio": 0.5479117298578199,
      "subject_isolation": 0.10000123420221169,
      "depth_of_field": {
        "blur_gradient_strength": 75.67078975130637,
        "sharpness_variance": 34896.62607828828,
        "min_sharpness": 0.7865915587726069,
        "max_sharpness": 1108.9900999615534
      },
      "perspective": {
        "has_vanishing_point": 0,
        "perspective_strength": 0.0
      }
    },
    "contrast_color": {
      "high_contrast_ratio": 0.22046245556872038,
      "low_contrast_ratio": 0.7795375444312796,
      "mean_contrast": 3.7355496883392334,
      "highlight_ratio": 0.0,
      "shadow_ratio": 0.21894438564777374,
      "midtone_ratio": 0.7810556292533875,
      "warm_color_ratio": 0.0,
      "cool_color_ratio": 1.0,
      "complementary_color_score": 0.0
    },
    "motion_dynamics": {
      "s_curve_count": 0,
      "motion_blur_score": 46.33774759322246,
      "dominant_direction_deg": 4.999999999999995,
      "direction_strength": 0.3367767575029103
    },
    "pattern_rhythm": {
      "repetition_score": 1.0,
      "rhythm_score": 1.0,
      "pattern_breaks": 4
    },
    "visual_mass_focus": {
      "point_of_interest": {
        "x": 0.4609375,
        "y": 0.1484992101105845,
        "strength": 1.0
      },
      "visual_mass_concentration": 0.19981116706161137,
      "mean_visual_weight": 0.20704597234725952,
      "face_count": 0,
      "has_directional_cues": 0
    },
    "framing_breathing": {
      "frame_in_frame_count": 0,
      "breathing_space": {
        "top": 0.0,
        "bottom": 0.7014218009478673,
        "left": 0.01953125,
        "right": 0.052734375,
        "min_margin": 0.0,
        "mean_margin": 0.19342185648696683
      },
      "corner_anchors": {
        "top_left": 0.6646261811256409,
        "top_right": 0.5168706178665161,
        "bottom_left": 0.5254775285720825,
        "bottom_right": 0.6948100924491882,
        "max_corner_weight": 0.6948100924491882,
        "has_corner_subject": 1
      }
    }
  }
}