{
  "meta": {
    "_dataset": "tvm board - Nov 22nd 2025 (5060 images)",
    "_label": "",
    "_relpath": "4685. .jpg",
    "_filename": "4685. .jpg",
    "_width": 748,
    "_height": 1009
  },
  "features": {
    "geometric_structural": {
      "leading_lines": {
        "diagonal": 0,
        "vertical": 6,
        "horizontal": 8,
        "curved": 116
      },
      "leading_lines_strength": 0.18813314037626627,
      "symmetry_vertical": 0.37149402410679033,
      "symmetry_horizontal": 0.38496773966212217,
      "symmetry_radial": 0.27707734294004105,
      "rule_of_thirds": {
        "alignment_score": 1,
        "num_salient_objects": 5
      },
      "golden_ratio": {
        "golden_alignment_score": 3
      },
      "balance": {
        "static_balance": 0.976600706577301,
        "dynamic_balance": 1.0,
        "dominant_quadrant": 1
      },
      "layering": {
        "foreground_ratio": 0.3283200298480463,
        "midground_ratio": 0.3205894989146165,
        "background_ratio": 0.35109047123733717,
        "depth_complexity": 0.24411970037093994
      }
    },
    "spatial_layout": {
      "negative_space_ratio": 0.5830063992402316,
      "subject_isolation": 0.10000226121562952,
      "depth_of_field": {
        "blur_gradient_strength": 280.4440285983541,
        "sharpness_variance": 258501.1887461743,
        "min_sharpness": 37.44319525761319,
        "max_sharpness": 4114.290474148514
      },
      "perspective": {
        "has_vanishing_point": 1,
        "perspective_strength": 0.8551136363636364
      }
    },
    "contrast_color": {
      "high_contrast_ratio": 0.419339611975398,
      "low_contrast_ratio": 0.580660388024602,
      "mean_contrast": 24.29071617126465,
      "highlight_ratio": 0.02681519091129303,
      "shadow_ratio": 0.46731412410736084,
      "midtone_ratio": 0.5058706998825073,
      "warm_color_ratio": 0.1999621246382055,
      "cool_color_ratio": 0.19816728473227208,
      "complementary_color_score": 2.4444444444444446
    },
    "motion_dynamics": {
      "s_curve_count": 126,
      "motion_blur_score": 8.976314004405245,
      "dominant_direction_deg": 95.0,
      "direction_strength": 0.036267072177900386
    },
    "pattern_rhythm": {
      "repetition_score": 1.0,
      "rhythm_score": 1.0,
      "pattern_breaks": 4
    },
    "visual_mass_focus": {
      "point_of_interest": {
        "x": 0.4609375,
        "y": 0.35021707670043417,
        "strength": 1.0
      },
      "visual_mass_concentration": 0.19995929811866858,
      "mean_visual_weight": 0.07364575564861298,
      "face_count": 0,
      "has_directional_cues": 0
    },
    "framing_breathing": {
      "frame_in_frame_count": 0,
      "breathing_space": {
        "top": 0.33719247467438496,
        "bottom": 0.532561505065123,
        "left": 0.33984375,
        "right": 0.41015625,
        "min_margin": 0.33719247467438496,
        "mean_margin": 0.404938494934877
      },
      "corner_anchors": {
        "top_left": 0.18944856524467468,
        "top_right": 0.28321680426597595,
        "bottom_left": 0.234860360622406,
        "bottom_right": 0.3095615804195404,
        "max_corner_weight": 0.3095615804195404,
        "has_corner_subject": 1
      }
    }
  }
}