{
  "meta": {
    "_dataset": "tvm board - Nov 22nd 2025 (5060 images)",
    "_label": "",
    "_relpath": "4697. .jpg",
    "_filename": "4697. .jpg",
    "_width": 960,
    "_height": 1200
  },
  "features": {
    "geometric_structural": {
      "leading_lines": {
        "diagonal": 0,
        "vertical": 0,
        "horizontal": 0,
        "curved": 32
      },
      "leading_lines_strength": 0.05,
      "symmetry_vertical": 0.7465664808021076,
      "symmetry_horizontal": 0.5579516680907964,
      "symmetry_radial": 0.5432093452430955,
      "rule_of_thirds": {
        "alignment_score": 0,
        "num_salient_objects": 8
      },
      "golden_ratio": {
        "golden_alignment_score": 0
      },
      "balance": {
        "static_balance": 0.9624382257461548,
        "dynamic_balance": 1.0,
        "dominant_quadrant": 1
      },
      "layering": {
        "foreground_ratio": 0.2655609130859375,
        "midground_ratio": 0.3166595458984375,
        "background_ratio": 0.417779541015625,
        "depth_complexity": 0.07988470042957924
      }
    },
    "spatial_layout": {
      "negative_space_ratio": 0.5305084228515625,
      "subject_isolation": 0.1,
      "depth_of_field": {
        "blur_gradient_strength": 106.99451228616716,
        "sharpness_variance": 81615.48128426136,
        "min_sharpness": 2.1787346746977656,
        "max_sharpness": 2744.763846715157
      },
      "perspective": {
        "has_vanishing_point": 0,
        "perspective_strength": 0.0
      }
    },
    "contrast_color": {
      "high_contrast_ratio": 0.4487091064453125,
      "low_contrast_ratio": 0.5512908935546875,
      "mean_contrast": 6.856378078460693,
      "highlight_ratio": 0.0,
      "shadow_ratio": 0.3046936094760895,
      "midtone_ratio": 0.6953064203262329,
      "warm_color_ratio": 6.103515625e-06,
      "cool_color_ratio": 0.70931396484375,
      "complementary_color_score": 1.5555555555555556
    },
    "motion_dynamics": {
      "s_curve_count": 29,
      "motion_blur_score": 19.257854883924615,
      "dominant_direction_deg": 4.999999999999995,
      "direction_strength": 0.15054626464797807
    },
    "pattern_rhythm": {
      "repetition_score": 1.0,
      "rhythm_score": 1.0,
      "pattern_breaks": 3
    },
    "visual_mass_focus": {
      "point_of_interest": {
        "x": 0.720703125,
        "y": 0.35625,
        "strength": 1.0
      },
      "visual_mass_concentration": 0.195819091796875,
      "mean_visual_weight": 0.08012960106134415,
      "face_count": 0,
      "has_directional_cues": 0
    },
    "framing_breathing": {
      "frame_in_frame_count": 0,
      "breathing_space": {
        "top": 0.0,
        "bottom": 0.5828125,
        "left": 0.3515625,
        "right": 0.0,
        "min_margin": 0.0,
        "mean_margin": 0.23359375
      },
      "corner_anchors": {
        "top_left": 0.30326932668685913,
        "top_right": 0.8580452799797058,
        "bottom_left": 0.6802077889442444,
        "bottom_right": 0.7099027037620544,
        "max_corner_weight": 0.8580452799797058,
        "has_corner_subject": 1
      }
    }
  }
}