{
  "meta": {
    "_dataset": "tvm board - Nov 22nd 2025 (5060 images)",
    "_label": "",
    "_relpath": "4706. .jpg",
    "_filename": "4706. .jpg",
    "_width": 750,
    "_height": 932
  },
  "features": {
    "geometric_structural": {
      "leading_lines": {
        "diagonal": 68,
        "vertical": 10,
        "horizontal": 13,
        "curved": 710
      },
      "leading_lines_strength": 1.259433962264151,
      "symmetry_vertical": 0.21510433996171724,
      "symmetry_horizontal": 0.160693990310955,
      "symmetry_radial": 0.15408099099600506,
      "rule_of_thirds": {
        "alignment_score": 0,
        "num_salient_objects": 28
      },
      "golden_ratio": {
        "golden_alignment_score": 0
      },
      "balance": {
        "static_balance": 0.869942307472229,
        "dynamic_balance": 1.0,
        "dominant_quadrant": 0
      },
      "layering": {
        "foreground_ratio": 0.297873059158805,
        "midground_ratio": 0.30332092669025157,
        "background_ratio": 0.3988060141509434,
        "depth_complexity": 0.8803550968733367
      }
    },
    "spatial_layout": {
      "negative_space_ratio": 0.8108601120283019,
      "subject_isolation": 0.10000245676100629,
      "depth_of_field": {
        "blur_gradient_strength": 451.8622400855669,
        "sharpness_variance": 812682.229558111,
        "min_sharpness": 60.103806228373706,
        "max_sharpness": 4241.819305590477
      },
      "perspective": {
        "has_vanishing_point": 1,
        "perspective_strength": 0.999914695177434
      }
    },
    "contrast_color": {
      "high_contrast_ratio": 0.3530181308962264,
      "low_contrast_ratio": 0.6469818691037736,
      "mean_contrast": 20.21939468383789,
      "highlight_ratio": 0.00032552084303461015,
      "shadow_ratio": 0.4032343327999115,
      "midtone_ratio": 0.5964401960372925,
      "warm_color_ratio": 0.041288939661949686,
      "cool_color_ratio": 0.06725690349842767,
      "complementary_color_score": 2.0555555555555554
    },
    "motion_dynamics": {
      "s_curve_count": 548,
      "motion_blur_score": 5.4945074590038905,
      "dominant_direction_deg": -85.0,
      "direction_strength": 0.035908633058065825
    },
    "pattern_rhythm": {
      "repetition_score": 1.0,
      "rhythm_score": 1.0,
      "pattern_breaks": 6
    },
    "visual_mass_focus": {
      "point_of_interest": {
        "x": 0.54296875,
        "y": 0.15723270440251572,
        "strength": 1.0
      },
      "visual_mass_concentration": 0.19945521324685533,
      "mean_visual_weight": 0.0385136641561985,
      "face_count": 0,
      "has_directional_cues": 0
    },
    "framing_breathing": {
      "frame_in_frame_count": 0,
      "breathing_space": {
        "top": 0.0031446540880503146,
        "bottom": 0.8349056603773585,
        "left": 0.166015625,
        "right": 0.572265625,
        "min_margin": 0.0031446540880503146,
        "mean_margin": 0.3940828911163522
      },
      "corner_anchors": {
        "top_left": 0.41429755091667175,
        "top_right": 0.15948984026908875,
        "bottom_left": 0.3556384742259979,
        "bottom_right": 0.22292731702327728,
        "max_corner_weight": 0.41429755091667175,
        "has_corner_subject": 1
      }
    }
  }
}