{
  "meta": {
    "_dataset": "tvm board - Nov 22nd 2025 (5060 images)",
    "_label": "",
    "_relpath": "4722. .jpg",
    "_filename": "4722. .jpg",
    "_width": 750,
    "_height": 1176
  },
  "features": {
    "geometric_structural": {
      "leading_lines": {
        "diagonal": 0,
        "vertical": 0,
        "horizontal": 2,
        "curved": 36
      },
      "leading_lines_strength": 0.047322540473225407,
      "symmetry_vertical": 0.6692993831199066,
      "symmetry_horizontal": 0.6670970191269028,
      "symmetry_radial": 0.579292569367024,
      "rule_of_thirds": {
        "alignment_score": 0,
        "num_salient_objects": 1
      },
      "golden_ratio": {
        "golden_alignment_score": 0
      },
      "balance": {
        "static_balance": 0.6424127817153931,
        "dynamic_balance": 1.0,
        "dominant_quadrant": 1
      },
      "layering": {
        "foreground_ratio": 0.2048373287671233,
        "midground_ratio": 0.0,
        "background_ratio": 0.7951626712328768,
        "depth_complexity": 0.037532028164284276
      }
    },
    "spatial_layout": {
      "negative_space_ratio": 0.8861885118306351,
      "subject_isolation": 0.10000097291407223,
      "depth_of_field": {
        "blur_gradient_strength": 52.525727172551115,
        "sharpness_variance": 26802.447337595037,
        "min_sharpness": 0.0,
        "max_sharpness": 1884.0348388761838
      },
      "perspective": {
        "has_vanishing_point": 1,
        "perspective_strength": 0.8888888888888888
      }
    },
    "contrast_color": {
      "high_contrast_ratio": 0.24772094878580322,
      "low_contrast_ratio": 0.7522790512141968,
      "mean_contrast": 5.571496486663818,
      "highlight_ratio": 0.008320847526192665,
      "shadow_ratio": 0.8898710012435913,
      "midtone_ratio": 0.10180813074111938,
      "warm_color_ratio": 0.3423052226027397,
      "cool_color_ratio": 0.19361233265877958,
      "complementary_color_score": 2.611111111111111
    },
    "motion_dynamics": {
      "s_curve_count": 33,
      "motion_blur_score": 7.645555656109225,
      "dominant_direction_deg": 4.999999999999995,
      "direction_strength": 0.6914257082797628
    },
    "pattern_rhythm": {
      "repetition_score": 1.0,
      "rhythm_score": 1.0,
      "pattern_breaks": 1
    },
    "visual_mass_focus": {
      "point_of_interest": {
        "x": 0.77734375,
        "y": 0.2577833125778331,
        "strength": 1.0
      },
      "visual_mass_concentration": 0.19971736846201743,
      "mean_visual_weight": 0.023503679782152176,
      "face_count": 0,
      "has_directional_cues": 0
    },
    "framing_breathing": {
      "frame_in_frame_count": 0,
      "breathing_space": {
        "top": 0.2191780821917808,
        "bottom": 0.6799501867995019,
        "left": 0.697265625,
        "right": 0.140625,
        "min_margin": 0.140625,
        "mean_margin": 0.4342547234978207
      },
      "corner_anchors": {
        "top_left": 0.05664969980716705,
        "top_right": 0.056647852063179016,
        "bottom_left": 0.05972577631473541,
        "bottom_right": 0.05972577631473541,
        "max_corner_weight": 0.05972577631473541,
        "has_corner_subject": 0
      }
    }
  }
}