{
  "meta": {
    "_dataset": "tvm board - Nov 22nd 2025 (5060 images)",
    "_label": "",
    "_relpath": "4719. .jpg",
    "_filename": "4719. .jpg",
    "_width": 500,
    "_height": 500
  },
  "features": {
    "geometric_structural": {
      "leading_lines": {
        "diagonal": 0,
        "vertical": 0,
        "horizontal": 0,
        "curved": 34
      },
      "leading_lines_strength": 0.06640625,
      "symmetry_vertical": 0.713352884586288,
      "symmetry_horizontal": 0.3653457833234531,
      "symmetry_radial": 0.41090600234181274,
      "rule_of_thirds": {
        "alignment_score": 0,
        "num_salient_objects": 39
      },
      "golden_ratio": {
        "golden_alignment_score": 0
      },
      "balance": {
        "static_balance": 0.9309254288673401,
        "dynamic_balance": 1.0,
        "dominant_quadrant": 2
      },
      "layering": {
        "foreground_ratio": 0.25518798828125,
        "midground_ratio": 0.375152587890625,
        "background_ratio": 0.369659423828125,
        "depth_complexity": 0.03310423571498541
      }
    },
    "spatial_layout": {
      "negative_space_ratio": 0.3625144958496094,
      "subject_isolation": 0.09761810302734375,
      "depth_of_field": {
        "blur_gradient_strength": 36.5528839685285,
        "sharpness_variance": 3121.552616174376,
        "min_sharpness": 0.0,
        "max_sharpness": 376.0159075835293
      },
      "perspective": {
        "has_vanishing_point": 1,
        "perspective_strength": 0.8
      }
    },
    "contrast_color": {
      "high_contrast_ratio": 0.337738037109375,
      "low_contrast_ratio": 0.662261962890625,
      "mean_contrast": 6.248143672943115,
      "highlight_ratio": 0.0,
      "shadow_ratio": 0.4079933166503906,
      "midtone_ratio": 0.5920066833496094,
      "warm_color_ratio": 0.0,
      "cool_color_ratio": 0.0,
      "complementary_color_score": 0.0
    },
    "motion_dynamics": {
      "s_curve_count": 31,
      "motion_blur_score": 15.867440786534134,
      "dominant_direction_deg": 4.999999999999995,
      "direction_strength": 0.12719345092724918
    },
    "pattern_rhythm": {
      "repetition_score": 1.0,
      "rhythm_score": 1.0,
      "pattern_breaks": 3
    },
    "visual_mass_focus": {
      "point_of_interest": {
        "x": 0.47265625,
        "y": 0.736328125,
        "strength": 1.0
      },
      "visual_mass_concentration": 0.0,
      "mean_visual_weight": 0.0,
      "face_count": 0,
      "has_directional_cues": 0
    },
    "framing_breathing": {
      "frame_in_frame_count": 0,
      "breathing_space": {
        "top": 0.38671875,
        "bottom": 0.0,
        "left": 0.0,
        "right": 0.0,
        "min_margin": 0.0,
        "mean_margin": 0.0966796875
      },
      "corner_anchors": {
        "top_left": 0.607528030872345,
        "top_right": 0.49358081817626953,
        "bottom_left": 0.8536105155944824,
        "bottom_right": 0.802487850189209,
        "max_corner_weight": 0.8536105155944824,
        "has_corner_subject": 1
      }
    }
  }
}