{
  "meta": {
    "_dataset": "tvm board - Nov 22nd 2025 (5060 images)",
    "_label": "",
    "_relpath": "4742. .jpg",
    "_filename": "4742. .jpg",
    "_width": 720,
    "_height": 939
  },
  "features": {
    "geometric_structural": {
      "leading_lines": {
        "diagonal": 6,
        "vertical": 3,
        "horizontal": 2,
        "curved": 348
      },
      "leading_lines_strength": 0.5374251497005988,
      "symmetry_vertical": 0.32912942115252264,
      "symmetry_horizontal": 0.34723306809796745,
      "symmetry_radial": 0.2800581071514808,
      "rule_of_thirds": {
        "alignment_score": 1,
        "num_salient_objects": 38
      },
      "golden_ratio": {
        "golden_alignment_score": 1
      },
      "balance": {
        "static_balance": 0.8713369965553284,
        "dynamic_balance": 1.0,
        "dominant_quadrant": 0
      },
      "layering": {
        "foreground_ratio": 0.2870245836452096,
        "midground_ratio": 0.24942107971556887,
        "background_ratio": 0.4635543366392216,
        "depth_complexity": 0.6701637027227137
      }
    },
    "spatial_layout": {
      "negative_space_ratio": 0.5145431792664671,
      "subject_isolation": 0.10000116953592815,
      "depth_of_field": {
        "blur_gradient_strength": 633.9016506886136,
        "sharpness_variance": 976584.7212727686,
        "min_sharpness": 2.88159938485198,
        "max_sharpness": 6479.124249523406
      },
      "perspective": {
        "has_vanishing_point": 1,
        "perspective_strength": 0.881559220389805
      }
    },
    "contrast_color": {
      "high_contrast_ratio": 0.3888940868263473,
      "low_contrast_ratio": 0.6111059131736527,
      "mean_contrast": 23.269733428955078,
      "highlight_ratio": 0.03129385784268379,
      "shadow_ratio": 0.25326007604599,
      "midtone_ratio": 0.7154460549354553,
      "warm_color_ratio": 0.08370076253742514,
      "cool_color_ratio": 0.0002923839820359281,
      "complementary_color_score": 2.111111111111111
    },
    "motion_dynamics": {
      "s_curve_count": 272,
      "motion_blur_score": 8.514934184374743,
      "dominant_direction_deg": 4.999999999999995,
      "direction_strength": 0.07307260479020551
    },
    "pattern_rhythm": {
      "repetition_score": 1.0,
      "rhythm_score": 1.0,
      "pattern_breaks": 8
    },
    "visual_mass_focus": {
      "point_of_interest": {
        "x": 0.373046875,
        "y": 0.39520958083832336,
        "strength": 1.0
      },
      "visual_mass_concentration": 0.19954037238023953,
      "mean_visual_weight": 0.019551800563931465,
      "face_count": 0,
      "has_directional_cues": 0
    },
    "framing_breathing": {
      "frame_in_frame_count": 0,
      "breathing_space": {
        "top": 0.0,
        "bottom": 0.0,
        "left": 0.0,
        "right": 0.7578125,
        "min_margin": 0.0,
        "mean_margin": 0.189453125
      },
      "corner_anchors": {
        "top_left": 0.5832632780075073,
        "top_right": 0.44893357157707214,
        "bottom_left": 0.7162651419639587,
        "bottom_right": 0.3641190826892853,
        "max_corner_weight": 0.7162651419639587,
        "has_corner_subject": 1
      }
    }
  }
}