{
  "meta": {
    "_dataset": "tvm board - Nov 22nd 2025 (5060 images)",
    "_label": "",
    "_relpath": "4750. .jpg",
    "_filename": "4750. .jpg",
    "_width": 736,
    "_height": 1308
  },
  "features": {
    "geometric_structural": {
      "leading_lines": {
        "diagonal": 0,
        "vertical": 1,
        "horizontal": 1,
        "curved": 6
      },
      "leading_lines_strength": 0.008791208791208791,
      "symmetry_vertical": 0.9099819616768277,
      "symmetry_horizontal": 0.8936681444974626,
      "symmetry_radial": 0.6177514736918716,
      "rule_of_thirds": {
        "alignment_score": 1,
        "num_salient_objects": 4
      },
      "golden_ratio": {
        "golden_alignment_score": 0
      },
      "balance": {
        "static_balance": 0.7838707566261292,
        "dynamic_balance": 1.0,
        "dominant_quadrant": 2
      },
      "layering": {
        "foreground_ratio": 0.28160413804945056,
        "midground_ratio": 0.0,
        "background_ratio": 0.7183958619505495,
        "depth_complexity": 0.025696509387542938
      }
    },
    "spatial_layout": {
      "negative_space_ratio": 0.14251802884615383,
      "subject_isolation": 0.1,
      "depth_of_field": {
        "blur_gradient_strength": 224.7894405227484,
        "sharpness_variance": 184177.86055064437,
        "min_sharpness": 0.0,
        "max_sharpness": 2101.073553272039
      },
      "perspective": {
        "has_vanishing_point": 1,
        "perspective_strength": 0.8
      }
    },
    "contrast_color": {
      "high_contrast_ratio": 0.3323982657967033,
      "low_contrast_ratio": 0.6676017342032967,
      "mean_contrast": 4.217132568359375,
      "highlight_ratio": 0.6980876326560974,
      "shadow_ratio": 6.438873697334202e-06,
      "midtone_ratio": 0.30190593004226685,
      "warm_color_ratio": 0.586029790521978,
      "cool_color_ratio": 0.0,
      "complementary_color_score": 0.0
    },
    "motion_dynamics": {
      "s_curve_count": 7,
      "motion_blur_score": 58.99124258470875,
      "dominant_direction_deg": 4.999999999999995,
      "direction_strength": 0.510297905218685
    },
    "pattern_rhythm": {
      "repetition_score": 1.0,
      "rhythm_score": 1.0,
      "pattern_breaks": 2
    },
    "visual_mass_focus": {
      "point_of_interest": {
        "x": 0.103515625,
        "y": 0.7406593406593407,
        "strength": 1.0
      },
      "visual_mass_concentration": 0.19933464972527473,
      "mean_visual_weight": 0.21756400167942047,
      "face_count": 0,
      "has_directional_cues": 0
    },
    "framing_breathing": {
      "frame_in_frame_count": 0,
      "breathing_space": {
        "top": 0.6780219780219781,
        "bottom": 0.14725274725274726,
        "left": 0.0,
        "right": 0.626953125,
        "min_margin": 0.0,
        "mean_margin": 0.36305696256868136
      },
      "corner_anchors": {
        "top_left": 0.12368912994861603,
        "top_right": 0.12339473515748978,
        "bottom_left": 0.2936447560787201,
        "bottom_right": 0.07225053012371063,
        "max_corner_weight": 0.2936447560787201,
        "has_corner_subject": 0
      }
    }
  }
}