{
  "meta": {
    "_dataset": "tvm board - Nov 22nd 2025 (5060 images)",
    "_label": "",
    "_relpath": "4765. .jpg",
    "_filename": "4765. .jpg",
    "_width": 1080,
    "_height": 1622
  },
  "features": {
    "geometric_structural": {
      "leading_lines": {
        "diagonal": 31,
        "vertical": 55,
        "horizontal": 0,
        "curved": 359
      },
      "leading_lines_strength": 0.5786736020806242,
      "symmetry_vertical": 0.28981952021504287,
      "symmetry_horizontal": 0.20239651930415567,
      "symmetry_radial": 0.13588600542341409,
      "rule_of_thirds": {
        "alignment_score": 0,
        "num_salient_objects": 3
      },
      "golden_ratio": {
        "golden_alignment_score": 0
      },
      "balance": {
        "static_balance": 0.8195059299468994,
        "dynamic_balance": 1.0,
        "dominant_quadrant": 0
      },
      "layering": {
        "foreground_ratio": 0.29969420513654094,
        "midground_ratio": 0.3307994351430429,
        "background_ratio": 0.3695063597204161,
        "depth_complexity": 0.7091962234180289
      }
    },
    "spatial_layout": {
      "negative_space_ratio": 0.8039611102080624,
      "subject_isolation": 0.10000050796488946,
      "depth_of_field": {
        "blur_gradient_strength": 403.4835581261508,
        "sharpness_variance": 464011.458159163,
        "min_sharpness": 0.9880602217140332,
        "max_sharpness": 2916.2342966602173
      },
      "perspective": {
        "has_vanishing_point": 1,
        "perspective_strength": 0.9996872895217935
      }
    },
    "contrast_color": {
      "high_contrast_ratio": 0.37654675308842656,
      "low_contrast_ratio": 0.6234532469115734,
      "mean_contrast": 24.330869674682617,
      "highlight_ratio": 0.16038736701011658,
      "shadow_ratio": 0.3465971350669861,
      "midtone_ratio": 0.49301546812057495,
      "warm_color_ratio": 0.7590900316970091,
      "cool_color_ratio": 0.05041297545513654,
      "complementary_color_score": 1.8333333333333333
    },
    "motion_dynamics": {
      "s_curve_count": 432,
      "motion_blur_score": 7.992989354145431,
      "dominant_direction_deg": 4.999999999999995,
      "direction_strength": 0.089457696683778
    },
    "pattern_rhythm": {
      "repetition_score": 1.0,
      "rhythm_score": 1.0,
      "pattern_breaks": 1
    },
    "visual_mass_focus": {
      "point_of_interest": {
        "x": 0.46875,
        "y": 0.1625487646293888,
        "strength": 1.0
      },
      "visual_mass_concentration": 0.1997013166449935,
      "mean_visual_weight": 0.20052526891231537,
      "face_count": 0,
      "has_directional_cues": 0
    },
    "framing_breathing": {
      "frame_in_frame_count": 0,
      "breathing_space": {
        "top": 0.0,
        "bottom": 0.5019505851755527,
        "left": 0.10546875,
        "right": 0.251953125,
        "min_margin": 0.0,
        "mean_margin": 0.21484311504388817
      },
      "corner_anchors": {
        "top_left": 0.3961591124534607,
        "top_right": 0.4001779854297638,
        "bottom_left": 0.2488984763622284,
        "bottom_right": 0.24469296634197235,
        "max_corner_weight": 0.4001779854297638,
        "has_corner_subject": 1
      }
    }
  }
}