{
  "meta": {
    "_dataset": "tvm board - Nov 22nd 2025 (5060 images)",
    "_label": "",
    "_relpath": "4757. .jpg",
    "_filename": "4757. .jpg",
    "_width": 827,
    "_height": 1025
  },
  "features": {
    "geometric_structural": {
      "leading_lines": {
        "diagonal": 3,
        "vertical": 0,
        "horizontal": 0,
        "curved": 25
      },
      "leading_lines_strength": 0.04409448818897638,
      "symmetry_vertical": 0.7627724490633065,
      "symmetry_horizontal": 0.6530968144873232,
      "symmetry_radial": 0.5882922258852193,
      "rule_of_thirds": {
        "alignment_score": 0,
        "num_salient_objects": 3
      },
      "golden_ratio": {
        "golden_alignment_score": 0
      },
      "balance": {
        "static_balance": 0.9005274772644043,
        "dynamic_balance": 1.0,
        "dominant_quadrant": 0
      },
      "layering": {
        "foreground_ratio": 0.17643946850393702,
        "midground_ratio": 0.1886872539370079,
        "background_ratio": 0.6348732775590551,
        "depth_complexity": 0.11319554208398244
      }
    },
    "spatial_layout": {
      "negative_space_ratio": 0.5843134842519685,
      "subject_isolation": 0.1,
      "depth_of_field": {
        "blur_gradient_strength": 128.72508623160766,
        "sharpness_variance": 46858.33223494321,
        "min_sharpness": 4.754036908881201,
        "max_sharpness": 1263.0901789909863
      },
      "perspective": {
        "has_vanishing_point": 1,
        "perspective_strength": 0.9852941176470589
      }
    },
    "contrast_color": {
      "high_contrast_ratio": 0.35357406496062993,
      "low_contrast_ratio": 0.6464259350393701,
      "mean_contrast": 10.972947120666504,
      "highlight_ratio": 0.3643054962158203,
      "shadow_ratio": 0.0023345225490629673,
      "midtone_ratio": 0.633359968662262,
      "warm_color_ratio": 0.7635949803149606,
      "cool_color_ratio": 0.0,
      "complementary_color_score": 0.0
    },
    "motion_dynamics": {
      "s_curve_count": 29,
      "motion_blur_score": 25.540106690973715,
      "dominant_direction_deg": -85.0,
      "direction_strength": 0.048766609251818506
    },
    "pattern_rhythm": {
      "repetition_score": 1.0,
      "rhythm_score": 1.0,
      "pattern_breaks": 1
    },
    "visual_mass_focus": {
      "point_of_interest": {
        "x": 0.501953125,
        "y": 0.7007874015748031,
        "strength": 1.0
      },
      "visual_mass_concentration": 0.19881274606299212,
      "mean_visual_weight": 0.2016601860523224,
      "face_count": 0,
      "has_directional_cues": 0
    },
    "framing_breathing": {
      "frame_in_frame_count": 0,
      "breathing_space": {
        "top": 0.14330708661417324,
        "bottom": 0.8110236220472441,
        "left": 0.130859375,
        "right": 0.39453125,
        "min_margin": 0.130859375,
        "mean_margin": 0.3699303334153543
      },
      "corner_anchors": {
        "top_left": 0.5712552666664124,
        "top_right": 0.41138261556625366,
        "bottom_left": 0.2732667922973633,
        "bottom_right": 0.29655319452285767,
        "max_corner_weight": 0.5712552666664124,
        "has_corner_subject": 1
      }
    }
  }
}