{
  "meta": {
    "_dataset": "tvm board - Nov 22nd 2025 (5060 images)",
    "_label": "",
    "_relpath": "4768. .jpg",
    "_filename": "4768. .jpg",
    "_width": 1024,
    "_height": 1024
  },
  "features": {
    "geometric_structural": {
      "leading_lines": {
        "diagonal": 0,
        "vertical": 0,
        "horizontal": 10,
        "curved": 202
      },
      "leading_lines_strength": 0.4140625,
      "symmetry_vertical": 0.43271022801047176,
      "symmetry_horizontal": 0.35889213517979845,
      "symmetry_radial": 0.3581581739412832,
      "rule_of_thirds": {
        "alignment_score": 0,
        "num_salient_objects": 6
      },
      "golden_ratio": {
        "golden_alignment_score": 0
      },
      "balance": {
        "static_balance": 0.8424091339111328,
        "dynamic_balance": 1.0,
        "dominant_quadrant": 0
      },
      "layering": {
        "foreground_ratio": 0.3024406433105469,
        "midground_ratio": 0.2958106994628906,
        "background_ratio": 0.4017486572265625,
        "depth_complexity": 0.278446239948491
      }
    },
    "spatial_layout": {
      "negative_space_ratio": 0.7458610534667969,
      "subject_isolation": 0.10000228881835938,
      "depth_of_field": {
        "blur_gradient_strength": 112.83042400817139,
        "sharpness_variance": 40970.22939503419,
        "min_sharpness": 0.40753024189525194,
        "max_sharpness": 845.8162245290273
      },
      "perspective": {
        "has_vanishing_point": 1,
        "perspective_strength": 0.9778225806451613
      }
    },
    "contrast_color": {
      "high_contrast_ratio": 0.35836029052734375,
      "low_contrast_ratio": 0.6416397094726562,
      "mean_contrast": 17.97748374938965,
      "highlight_ratio": 0.04340362548828125,
      "shadow_ratio": 0.007843017578125,
      "midtone_ratio": 0.9487533569335938,
      "warm_color_ratio": 0.9829902648925781,
      "cool_color_ratio": 0.0001678466796875,
      "complementary_color_score": 0.2222222222222222
    },
    "motion_dynamics": {
      "s_curve_count": 220,
      "motion_blur_score": 15.390051394724118,
      "dominant_direction_deg": 4.999999999999995,
      "direction_strength": 0.10501861572225563
    },
    "pattern_rhythm": {
      "repetition_score": 1.0,
      "rhythm_score": 1.0,
      "pattern_breaks": 2
    },
    "visual_mass_focus": {
      "point_of_interest": {
        "x": 0.416015625,
        "y": 0.205078125,
        "strength": 1.0
      },
      "visual_mass_concentration": 0.19991683959960938,
      "mean_visual_weight": 0.21815559267997742,
      "face_count": 0,
      "has_directional_cues": 0
    },
    "framing_breathing": {
      "frame_in_frame_count": 0,
      "breathing_space": {
        "top": 0.0,
        "bottom": 0.662109375,
        "left": 0.0,
        "right": 0.0,
        "min_margin": 0.0,
        "mean_margin": 0.16552734375
      },
      "corner_anchors": {
        "top_left": 0.8024360537528992,
        "top_right": 0.3995543420314789,
        "bottom_left": 0.2996155619621277,
        "bottom_right": 0.5335702896118164,
        "max_corner_weight": 0.8024360537528992,
        "has_corner_subject": 1
      }
    }
  }
}