{
  "meta": {
    "_dataset": "tvm board - Nov 22nd 2025 (5060 images)",
    "_label": "",
    "_relpath": "4785. robin wright.jpg",
    "_filename": "4785. robin wright.jpg",
    "_width": 1200,
    "_height": 1200
  },
  "features": {
    "geometric_structural": {
      "leading_lines": {
        "diagonal": 232,
        "vertical": 12,
        "horizontal": 33,
        "curved": 402
      },
      "leading_lines_strength": 1.326171875,
      "symmetry_vertical": 0.2158283505622111,
      "symmetry_horizontal": 0.15948751463269992,
      "symmetry_radial": 0.13972061576157635,
      "rule_of_thirds": {
        "alignment_score": 0,
        "num_salient_objects": 33
      },
      "golden_ratio": {
        "golden_alignment_score": 4
      },
      "balance": {
        "static_balance": 0.8282262682914734,
        "dynamic_balance": 1.0,
        "dominant_quadrant": 3
      },
      "layering": {
        "foreground_ratio": 0.3268394470214844,
        "midground_ratio": 0.3345794677734375,
        "background_ratio": 0.3385810852050781,
        "depth_complexity": 3.862974231259839
      }
    },
    "spatial_layout": {
      "negative_space_ratio": 0.5070457458496094,
      "subject_isolation": 0.10000228881835938,
      "depth_of_field": {
        "blur_gradient_strength": 1541.8389932019886,
        "sharpness_variance": 9205501.764964826,
        "min_sharpness": 1.7035742175287916,
        "max_sharpness": 9410.029015841512
      },
      "perspective": {
        "has_vanishing_point": 1,
        "perspective_strength": 0.9993749139182303
      }
    },
    "contrast_color": {
      "high_contrast_ratio": 0.5964889526367188,
      "low_contrast_ratio": 0.40351104736328125,
      "mean_contrast": 29.805273056030273,
      "highlight_ratio": 0.3213081359863281,
      "shadow_ratio": 0.044097900390625,
      "midtone_ratio": 0.6345939636230469,
      "warm_color_ratio": 0.007152557373046875,
      "cool_color_ratio": 0.00160980224609375,
      "complementary_color_score": 3.2777777777777777
    },
    "motion_dynamics": {
      "s_curve_count": 270,
      "motion_blur_score": 8.874691229516063,
      "dominant_direction_deg": 4.999999999999995,
      "direction_strength": 0.06526565551732916
    },
    "pattern_rhythm": {
      "repetition_score": 1.0,
      "rhythm_score": 1.0,
      "pattern_breaks": 9
    },
    "visual_mass_focus": {
      "point_of_interest": {
        "x": 0.75,
        "y": 0.52734375,
        "strength": 1.0
      },
      "visual_mass_concentration": 0.1979827880859375,
      "mean_visual_weight": 0.01582764834165573,
      "face_count": 0,
      "has_directional_cues": 0
    },
    "framing_breathing": {
      "frame_in_frame_count": 0,
      "breathing_space": {
        "top": 0.30859375,
        "bottom": 0.1875,
        "left": 0.380859375,
        "right": 0.0,
        "min_margin": 0.0,
        "mean_margin": 0.21923828125
      },
      "corner_anchors": {
        "top_left": 0.1888798028230667,
        "top_right": 0.5080963373184204,
        "bottom_left": 0.5745432376861572,
        "bottom_right": 0.5303823947906494,
        "max_corner_weight": 0.5745432376861572,
        "has_corner_subject": 1
      }
    }
  }
}