{
  "meta": {
    "_dataset": "tvm board - Nov 22nd 2025 (5060 images)",
    "_label": "",
    "_relpath": "4793. \u2727\uff65\uff9f   \u2727.jpg",
    "_filename": "4793. \u2727\uff65\uff9f   \u2727.jpg",
    "_width": 491,
    "_height": 476
  },
  "features": {
    "geometric_structural": {
      "leading_lines": {
        "diagonal": 4,
        "vertical": 0,
        "horizontal": 37,
        "curved": 193
      },
      "leading_lines_strength": 0.4431818181818182,
      "symmetry_vertical": 0.4613039136551299,
      "symmetry_horizontal": 0.421451213648603,
      "symmetry_radial": 0.41358255989233134,
      "rule_of_thirds": {
        "alignment_score": 0,
        "num_salient_objects": 23
      },
      "golden_ratio": {
        "golden_alignment_score": 0
      },
      "balance": {
        "static_balance": 0.9422619938850403,
        "dynamic_balance": 1.0,
        "dominant_quadrant": 0
      },
      "layering": {
        "foreground_ratio": 0.2894952947443182,
        "midground_ratio": 0.22089547821969696,
        "background_ratio": 0.48960922703598486,
        "depth_complexity": 0.4235958145689372
      }
    },
    "spatial_layout": {
      "negative_space_ratio": 0.5747662168560606,
      "subject_isolation": 0.10000147964015152,
      "depth_of_field": {
        "blur_gradient_strength": 326.2294605878247,
        "sharpness_variance": 779478.7957546145,
        "min_sharpness": 1.1787295011633803,
        "max_sharpness": 4900.848509896454
      },
      "perspective": {
        "has_vanishing_point": 1,
        "perspective_strength": 0.9761129207383279
      }
    },
    "contrast_color": {
      "high_contrast_ratio": 0.4723899147727273,
      "low_contrast_ratio": 0.5276100852272727,
      "mean_contrast": 14.668683052062988,
      "highlight_ratio": 0.05351118743419647,
      "shadow_ratio": 0.0069247158244252205,
      "midtone_ratio": 0.9395641088485718,
      "warm_color_ratio": 0.0,
      "cool_color_ratio": 0.0,
      "complementary_color_score": 0.0
    },
    "motion_dynamics": {
      "s_curve_count": 170,
      "motion_blur_score": 13.664485646494509,
      "dominant_direction_deg": 4.999999999999995,
      "direction_strength": 0.07061952533117816
    },
    "pattern_rhythm": {
      "repetition_score": 1.0,
      "rhythm_score": 1.0,
      "pattern_breaks": 4
    },
    "visual_mass_focus": {
      "point_of_interest": {
        "x": 0.45075757575757575,
        "y": 0.26171875,
        "strength": 1.0
      },
      "visual_mass_concentration": 0.1995220762310606,
      "mean_visual_weight": 0.014312061481177807,
      "face_count": 0,
      "has_directional_cues": 0
    },
    "framing_breathing": {
      "frame_in_frame_count": 0,
      "breathing_space": {
        "top": 0.0,
        "bottom": 0.615234375,
        "left": 0.1856060606060606,
        "right": 0.375,
        "min_margin": 0.0,
        "mean_margin": 0.29396010890151514
      },
      "corner_anchors": {
        "top_left": 0.36066657304763794,
        "top_right": 0.45151785016059875,
        "bottom_left": 0.45685210824012756,
        "bottom_right": 0.37664875388145447,
        "max_corner_weight": 0.45685210824012756,
        "has_corner_subject": 1
      }
    }
  }
}