{
  "meta": {
    "_dataset": "tvm board - Nov 22nd 2025 (5060 images)",
    "_label": "",
    "_relpath": "4795. snowy christmas.jpg",
    "_filename": "4795. snowy christmas.jpg",
    "_width": 750,
    "_height": 1069
  },
  "features": {
    "geometric_structural": {
      "leading_lines": {
        "diagonal": 0,
        "vertical": 0,
        "horizontal": 0,
        "curved": 29
      },
      "leading_lines_strength": 0.03972602739726028,
      "symmetry_vertical": 0.682173038284052,
      "symmetry_horizontal": 0.6799529256627358,
      "symmetry_radial": 0.5261695202059673,
      "rule_of_thirds": {
        "alignment_score": 0,
        "num_salient_objects": 7
      },
      "golden_ratio": {
        "golden_alignment_score": 1
      },
      "balance": {
        "static_balance": 0.9644283056259155,
        "dynamic_balance": 1.0,
        "dominant_quadrant": 1
      },
      "layering": {
        "foreground_ratio": 0.24338077910958905,
        "midground_ratio": 0.3294145976027397,
        "background_ratio": 0.4272046232876712,
        "depth_complexity": 0.0431710876931856
      }
    },
    "spatial_layout": {
      "negative_space_ratio": 0.4902209974315068,
      "subject_isolation": 0.1,
      "depth_of_field": {
        "blur_gradient_strength": 33.76956312097304,
        "sharpness_variance": 5843.764626420003,
        "min_sharpness": 1.0196078431372548,
        "max_sharpness": 453.2182697897668
      },
      "perspective": {
        "has_vanishing_point": 1,
        "perspective_strength": 0.7333333333333333
      }
    },
    "contrast_color": {
      "high_contrast_ratio": 0.3987104023972603,
      "low_contrast_ratio": 0.6012895976027397,
      "mean_contrast": 10.943081855773926,
      "highlight_ratio": 0.0,
      "shadow_ratio": 0.002905607922002673,
      "midtone_ratio": 0.9970943927764893,
      "warm_color_ratio": 2.4079623287671232e-05,
      "cool_color_ratio": 0.0,
      "complementary_color_score": 0.0
    },
    "motion_dynamics": {
      "s_curve_count": 45,
      "motion_blur_score": 23.172220545838734,
      "dominant_direction_deg": 4.999999999999995,
      "direction_strength": 0.12180008561611247
    },
    "pattern_rhythm": {
      "repetition_score": 1.0,
      "rhythm_score": 1.0,
      "pattern_breaks": 1
    },
    "visual_mass_focus": {
      "point_of_interest": {
        "x": 0.6796875,
        "y": 0.4178082191780822,
        "strength": 1.0
      },
      "visual_mass_concentration": 0.1981886772260274,
      "mean_visual_weight": 0.028735743835568428,
      "face_count": 0,
      "has_directional_cues": 0
    },
    "framing_breathing": {
      "frame_in_frame_count": 0,
      "breathing_space": {
        "top": 0.21095890410958903,
        "bottom": 0.4643835616438356,
        "left": 0.53125,
        "right": 0.181640625,
        "min_margin": 0.181640625,
        "mean_margin": 0.34705827268835615
      },
      "corner_anchors": {
        "top_left": 0.33567947149276733,
        "top_right": 0.3361991345882416,
        "bottom_left": 0.19546060264110565,
        "bottom_right": 0.20674742758274078,
        "max_corner_weight": 0.3361991345882416,
        "has_corner_subject": 1
      }
    }
  }
}