{
  "meta": {
    "_dataset": "tvm board - Nov 22nd 2025 (5060 images)",
    "_label": "",
    "_relpath": "4801. .jpg",
    "_filename": "4801. .jpg",
    "_width": 236,
    "_height": 325
  },
  "features": {
    "geometric_structural": {
      "leading_lines": {
        "diagonal": 6,
        "vertical": 156,
        "horizontal": 21,
        "curved": 1224
      },
      "leading_lines_strength": 1.995744680851064,
      "symmetry_vertical": 0.14757508365280114,
      "symmetry_horizontal": 0.15377639989130873,
      "symmetry_radial": 0.11317136079538713,
      "rule_of_thirds": {
        "alignment_score": 0,
        "num_salient_objects": 7
      },
      "golden_ratio": {
        "golden_alignment_score": 0
      },
      "balance": {
        "static_balance": 0.9188511371612549,
        "dynamic_balance": 1.0,
        "dominant_quadrant": 1
      },
      "layering": {
        "foreground_ratio": 0.3397052304964539,
        "midground_ratio": 0.3022661790780142,
        "background_ratio": 0.3580285904255319,
        "depth_complexity": 0.6347315824468085
      }
    },
    "spatial_layout": {
      "negative_space_ratio": 0.5084358377659575,
      "subject_isolation": 0.1,
      "depth_of_field": {
        "blur_gradient_strength": 398.09393999214205,
        "sharpness_variance": 292118.1585947054,
        "min_sharpness": 0.0,
        "max_sharpness": 3172.82748435708
      },
      "perspective": {
        "has_vanishing_point": 1,
        "perspective_strength": 0.999105292898851
      }
    },
    "contrast_color": {
      "high_contrast_ratio": 0.4522689494680851,
      "low_contrast_ratio": 0.5477310505319148,
      "mean_contrast": 24.518917083740234,
      "highlight_ratio": 0.03833388909697533,
      "shadow_ratio": 0.07933565974235535,
      "midtone_ratio": 0.8823304176330566,
      "warm_color_ratio": 0.07484485815602837,
      "cool_color_ratio": 0.0009557845744680851,
      "complementary_color_score": 1.7222222222222223
    },
    "motion_dynamics": {
      "s_curve_count": 842,
      "motion_blur_score": 7.4182840258343745,
      "dominant_direction_deg": 4.999999999999995,
      "direction_strength": 0.050088652482130736
    },
    "pattern_rhythm": {
      "repetition_score": 1.0,
      "rhythm_score": 1.0,
      "pattern_breaks": 3
    },
    "visual_mass_focus": {
      "point_of_interest": {
        "x": 0.904296875,
        "y": 0.0851063829787234,
        "strength": 1.0
      },
      "visual_mass_concentration": 0.1996121453900709,
      "mean_visual_weight": 0.12285329401493073,
      "face_count": 0,
      "has_directional_cues": 0
    },
    "framing_breathing": {
      "frame_in_frame_count": 0,
      "breathing_space": {
        "top": 0.0,
        "bottom": 0.7900709219858156,
        "left": 0.80859375,
        "right": 0.0,
        "min_margin": 0.0,
        "mean_margin": 0.39966616799645394
      },
      "corner_anchors": {
        "top_left": 0.18927259743213654,
        "top_right": 0.7139835953712463,
        "bottom_left": 0.2843207120895386,
        "bottom_right": 0.23543581366539001,
        "max_corner_weight": 0.7139835953712463,
        "has_corner_subject": 1
      }
    }
  }
}