{
  "meta": {
    "_dataset": "tvm board - Nov 22nd 2025 (5060 images)",
    "_label": "",
    "_relpath": "4816. .jpg",
    "_filename": "4816. .jpg",
    "_width": 627,
    "_height": 627
  },
  "features": {
    "geometric_structural": {
      "leading_lines": {
        "diagonal": 19,
        "vertical": 0,
        "horizontal": 26,
        "curved": 551
      },
      "leading_lines_strength": 1.1640625,
      "symmetry_vertical": 0.40178469624957924,
      "symmetry_horizontal": 0.24555619139827384,
      "symmetry_radial": 0.2554989142624031,
      "rule_of_thirds": {
        "alignment_score": 0,
        "num_salient_objects": 1
      },
      "golden_ratio": {
        "golden_alignment_score": 0
      },
      "balance": {
        "static_balance": 0.8337026834487915,
        "dynamic_balance": 1.0,
        "dominant_quadrant": 0
      },
      "layering": {
        "foreground_ratio": 0.3185005187988281,
        "midground_ratio": 0.2872581481933594,
        "background_ratio": 0.3942413330078125,
        "depth_complexity": 0.7979250106713153
      }
    },
    "spatial_layout": {
      "negative_space_ratio": 0.711822509765625,
      "subject_isolation": 0.10000228881835938,
      "depth_of_field": {
        "blur_gradient_strength": 487.6028691671092,
        "sharpness_variance": 672005.0274663572,
        "min_sharpness": 0.39215686274509803,
        "max_sharpness": 3115.03989401054
      },
      "perspective": {
        "has_vanishing_point": 1,
        "perspective_strength": 0.9978586723768736
      }
    },
    "contrast_color": {
      "high_contrast_ratio": 0.5762557983398438,
      "low_contrast_ratio": 0.42374420166015625,
      "mean_contrast": 14.73122501373291,
      "highlight_ratio": 0.06425857543945312,
      "shadow_ratio": 0.13426971435546875,
      "midtone_ratio": 0.8014717102050781,
      "warm_color_ratio": 0.00011444091796875,
      "cool_color_ratio": 0.001705169677734375,
      "complementary_color_score": 1.7222222222222223
    },
    "motion_dynamics": {
      "s_curve_count": 367,
      "motion_blur_score": 11.493188335206607,
      "dominant_direction_deg": 4.999999999999995,
      "direction_strength": 0.09519958496057435
    },
    "pattern_rhythm": {
      "repetition_score": 1.0,
      "rhythm_score": 1.0,
      "pattern_breaks": 1
    },
    "visual_mass_focus": {
      "point_of_interest": {
        "x": 0.46875,
        "y": 0.091796875,
        "strength": 1.0
      },
      "visual_mass_concentration": 0.19916915893554688,
      "mean_visual_weight": 0.029747003689408302,
      "face_count": 0,
      "has_directional_cues": 0
    },
    "framing_breathing": {
      "frame_in_frame_count": 0,
      "breathing_space": {
        "top": 0.0,
        "bottom": 0.71875,
        "left": 0.0,
        "right": 0.0,
        "min_margin": 0.0,
        "mean_margin": 0.1796875
      },
      "corner_anchors": {
        "top_left": 0.86290043592453,
        "top_right": 0.8140459656715393,
        "bottom_left": 0.527837872505188,
        "bottom_right": 0.3966226875782013,
        "max_corner_weight": 0.86290043592453,
        "has_corner_subject": 1
      }
    }
  }
}