{
  "meta": {
    "_dataset": "tvm board - Nov 22nd 2025 (5060 images)",
    "_label": "",
    "_relpath": "4841. Amsterdam train.jpg",
    "_filename": "4841. Amsterdam train.jpg",
    "_width": 500,
    "_height": 750
  },
  "features": {
    "geometric_structural": {
      "leading_lines": {
        "diagonal": 3,
        "vertical": 11,
        "horizontal": 14,
        "curved": 290
      },
      "leading_lines_strength": 0.4140625,
      "symmetry_vertical": 0.14953803569822335,
      "symmetry_horizontal": 0.08512339471825367,
      "symmetry_radial": 0.07663759234251076,
      "rule_of_thirds": {
        "alignment_score": 7,
        "num_salient_objects": 145
      },
      "golden_ratio": {
        "golden_alignment_score": 8
      },
      "balance": {
        "static_balance": 0.8810899257659912,
        "dynamic_balance": 1.0,
        "dominant_quadrant": 1
      },
      "layering": {
        "foreground_ratio": 0.32771046956380206,
        "midground_ratio": 0.3191782633463542,
        "background_ratio": 0.35311126708984375,
        "depth_complexity": 0.8711860953767059
      }
    },
    "spatial_layout": {
      "negative_space_ratio": 0.76190185546875,
      "subject_isolation": 0.10000101725260417,
      "depth_of_field": {
        "blur_gradient_strength": 609.9350237352097,
        "sharpness_variance": 1080954.0104715175,
        "min_sharpness": 18.9549321594436,
        "max_sharpness": 7735.916666666667
      },
      "perspective": {
        "has_vanishing_point": 1,
        "perspective_strength": 0.9979616795760293
      }
    },
    "contrast_color": {
      "high_contrast_ratio": 0.4254150390625,
      "low_contrast_ratio": 0.5745849609375,
      "mean_contrast": 52.12095642089844,
      "highlight_ratio": 0.1160888671875,
      "shadow_ratio": 0.48103079199790955,
      "midtone_ratio": 0.40288034081459045,
      "warm_color_ratio": 0.8280385335286459,
      "cool_color_ratio": 0.024515787760416668,
      "complementary_color_score": 2.3333333333333335
    },
    "motion_dynamics": {
      "s_curve_count": 307,
      "motion_blur_score": 4.422778959682307,
      "dominant_direction_deg": 4.999999999999995,
      "direction_strength": 0.0704421997068521
    },
    "pattern_rhythm": {
      "repetition_score": 1.0,
      "rhythm_score": 1.0,
      "pattern_breaks": 55
    },
    "visual_mass_focus": {
      "point_of_interest": {
        "x": 0.56640625,
        "y": 0.25390625,
        "strength": 1.0
      },
      "visual_mass_concentration": 0.1998316446940104,
      "mean_visual_weight": 0.13983312249183655,
      "face_count": 1,
      "has_directional_cues": 1
    },
    "framing_breathing": {
      "frame_in_frame_count": 0,
      "breathing_space": {
        "top": 0.10026041666666667,
        "bottom": 0.8229166666666666,
        "left": 0.361328125,
        "right": 0.537109375,
        "min_margin": 0.10026041666666667,
        "mean_margin": 0.4554036458333333
      },
      "corner_anchors": {
        "top_left": 0.3545357584953308,
        "top_right": 0.33298227190971375,
        "bottom_left": 0.3681396245956421,
        "bottom_right": 0.252012699842453,
        "max_corner_weight": 0.3681396245956421,
        "has_corner_subject": 1
      }
    }
  }
}