{
  "meta": {
    "_dataset": "tvm board - Nov 22nd 2025 (5060 images)",
    "_label": "",
    "_relpath": "4838. Misty skyscrapers.jpg",
    "_filename": "4838. Misty skyscrapers.jpg",
    "_width": 816,
    "_height": 1456
  },
  "features": {
    "geometric_structural": {
      "leading_lines": {
        "diagonal": 8,
        "vertical": 59,
        "horizontal": 0,
        "curved": 177
      },
      "leading_lines_strength": 0.26695842450765866,
      "symmetry_vertical": 0.5113270314082391,
      "symmetry_horizontal": 0.3263491175308011,
      "symmetry_radial": 0.239392153559824,
      "rule_of_thirds": {
        "alignment_score": 2,
        "num_salient_objects": 10
      },
      "golden_ratio": {
        "golden_alignment_score": 3
      },
      "balance": {
        "static_balance": 0.9358074069023132,
        "dynamic_balance": 1.0,
        "dominant_quadrant": 1
      },
      "layering": {
        "foreground_ratio": 0.28469895377461707,
        "midground_ratio": 0.23395616794310722,
        "background_ratio": 0.48134487828227573,
        "depth_complexity": 0.695668819948833
      }
    },
    "spatial_layout": {
      "negative_space_ratio": 0.5339424917943107,
      "subject_isolation": 0.10000042737964988,
      "depth_of_field": {
        "blur_gradient_strength": 983.2717934067583,
        "sharpness_variance": 4512074.681369706,
        "min_sharpness": 21.240614136963558,
        "max_sharpness": 20590.719338715884
      },
      "perspective": {
        "has_vanishing_point": 1,
        "perspective_strength": 0.9982708577780522
      }
    },
    "contrast_color": {
      "high_contrast_ratio": 0.36814055661925604,
      "low_contrast_ratio": 0.631859443380744,
      "mean_contrast": 20.186677932739258,
      "highlight_ratio": 0.032916780561208725,
      "shadow_ratio": 0.34265804290771484,
      "midtone_ratio": 0.6244251728057861,
      "warm_color_ratio": 8.761282822757112e-05,
      "cool_color_ratio": 0.7347553678884027,
      "complementary_color_score": 1.8888888888888888
    },
    "motion_dynamics": {
      "s_curve_count": 181,
      "motion_blur_score": 10.196558887115136,
      "dominant_direction_deg": 4.999999999999995,
      "direction_strength": 0.0468514941191559
    },
    "pattern_rhythm": {
      "repetition_score": 1.0,
      "rhythm_score": 1.0,
      "pattern_breaks": 5
    },
    "visual_mass_focus": {
      "point_of_interest": {
        "x": 0.615234375,
        "y": 0.25820568927789933,
        "strength": 1.0
      },
      "visual_mass_concentration": 0.19978930183260393,
      "mean_visual_weight": 0.10235495865345001,
      "face_count": 0,
      "has_directional_cues": 0
    },
    "framing_breathing": {
      "frame_in_frame_count": 0,
      "breathing_space": {
        "top": 0.0,
        "bottom": 0.4365426695842451,
        "left": 0.41796875,
        "right": 0.025390625,
        "min_margin": 0.0,
        "mean_margin": 0.2199755111460613
      },
      "corner_anchors": {
        "top_left": 0.42456379532814026,
        "top_right": 0.2986254394054413,
        "bottom_left": 0.5759764313697815,
        "bottom_right": 0.5090274810791016,
        "max_corner_weight": 0.5759764313697815,
        "has_corner_subject": 1
      }
    }
  }
}