{
  "meta": {
    "_dataset": "tvm board - Nov 22nd 2025 (5060 images)",
    "_label": "",
    "_relpath": "4845. .jpg",
    "_filename": "4845. .jpg",
    "_width": 564,
    "_height": 846
  },
  "features": {
    "geometric_structural": {
      "leading_lines": {
        "diagonal": 12,
        "vertical": 7,
        "horizontal": 6,
        "curved": 151
      },
      "leading_lines_strength": 0.22916666666666666,
      "symmetry_vertical": 0.1802587573976136,
      "symmetry_horizontal": 0.15556967168097863,
      "symmetry_radial": 0.1533098209843152,
      "rule_of_thirds": {
        "alignment_score": 5,
        "num_salient_objects": 78
      },
      "golden_ratio": {
        "golden_alignment_score": 11
      },
      "balance": {
        "static_balance": 0.9331871271133423,
        "dynamic_balance": 1.0,
        "dominant_quadrant": 1
      },
      "layering": {
        "foreground_ratio": 0.32663218180338544,
        "midground_ratio": 0.2700042724609375,
        "background_ratio": 0.40336354573567706,
        "depth_complexity": 0.5718943797730734
      }
    },
    "spatial_layout": {
      "negative_space_ratio": 0.6722564697265625,
      "subject_isolation": 0.10000101725260417,
      "depth_of_field": {
        "blur_gradient_strength": 481.66150466632376,
        "sharpness_variance": 882642.5632670071,
        "min_sharpness": 0.13022672940537908,
        "max_sharpness": 6078.76718725726
      },
      "perspective": {
        "has_vanishing_point": 1,
        "perspective_strength": 0.9991491172091045
      }
    },
    "contrast_color": {
      "high_contrast_ratio": 0.3971405029296875,
      "low_contrast_ratio": 0.6028594970703125,
      "mean_contrast": 27.706512451171875,
      "highlight_ratio": 0.13908131420612335,
      "shadow_ratio": 0.4596913754940033,
      "midtone_ratio": 0.40122732520103455,
      "warm_color_ratio": 0.456268310546875,
      "cool_color_ratio": 0.0039520263671875,
      "complementary_color_score": 2.5
    },
    "motion_dynamics": {
      "s_curve_count": 215,
      "motion_blur_score": 7.636800948145013,
      "dominant_direction_deg": 4.999999999999995,
      "direction_strength": 0.09740447998022103
    },
    "pattern_rhythm": {
      "repetition_score": 1.0,
      "rhythm_score": 1.0,
      "pattern_breaks": 28
    },
    "visual_mass_focus": {
      "point_of_interest": {
        "x": 0.46875,
        "y": 0.5091145833333334,
        "strength": 1.0
      },
      "visual_mass_concentration": 0.19999186197916666,
      "mean_visual_weight": 0.08413035422563553,
      "face_count": 0,
      "has_directional_cues": 0
    },
    "framing_breathing": {
      "frame_in_frame_count": 0,
      "breathing_space": {
        "top": 0.546875,
        "bottom": 0.1328125,
        "left": 0.048828125,
        "right": 0.501953125,
        "min_margin": 0.048828125,
        "mean_margin": 0.3076171875
      },
      "corner_anchors": {
        "top_left": 0.5154638290405273,
        "top_right": 0.3279775083065033,
        "bottom_left": 0.30616503953933716,
        "bottom_right": 0.3490748405456543,
        "max_corner_weight": 0.5154638290405273,
        "has_corner_subject": 1
      }
    }
  }
}