{
  "meta": {
    "_dataset": "tvm board - Nov 22nd 2025 (5060 images)",
    "_label": "",
    "_relpath": "4851. .jpg",
    "_filename": "4851. .jpg",
    "_width": 864,
    "_height": 1080
  },
  "features": {
    "geometric_structural": {
      "leading_lines": {
        "diagonal": 38,
        "vertical": 3,
        "horizontal": 7,
        "curved": 221
      },
      "leading_lines_strength": 0.4203125,
      "symmetry_vertical": 0.22692298962038834,
      "symmetry_horizontal": 0.267660638333784,
      "symmetry_radial": 0.1560618675510481,
      "rule_of_thirds": {
        "alignment_score": 0,
        "num_salient_objects": 34
      },
      "golden_ratio": {
        "golden_alignment_score": 1
      },
      "balance": {
        "static_balance": 0.9190930724143982,
        "dynamic_balance": 1.0,
        "dominant_quadrant": 3
      },
      "layering": {
        "foreground_ratio": 0.307147216796875,
        "midground_ratio": 0.30328369140625,
        "background_ratio": 0.389569091796875,
        "depth_complexity": 1.2201469396591187
      }
    },
    "spatial_layout": {
      "negative_space_ratio": 0.6181427001953125,
      "subject_isolation": 0.1,
      "depth_of_field": {
        "blur_gradient_strength": 1045.071683000801,
        "sharpness_variance": 3932825.9213534626,
        "min_sharpness": 6.6966551326412915,
        "max_sharpness": 10598.828088330265
      },
      "perspective": {
        "has_vanishing_point": 1,
        "perspective_strength": 0.9992548435171386
      }
    },
    "contrast_color": {
      "high_contrast_ratio": 0.424273681640625,
      "low_contrast_ratio": 0.575726318359375,
      "mean_contrast": 25.190759658813477,
      "highlight_ratio": 0.20277710258960724,
      "shadow_ratio": 0.389373779296875,
      "midtone_ratio": 0.40784913301467896,
      "warm_color_ratio": 0.186212158203125,
      "cool_color_ratio": 0.0774444580078125,
      "complementary_color_score": 2.611111111111111
    },
    "motion_dynamics": {
      "s_curve_count": 285,
      "motion_blur_score": 8.452937999820193,
      "dominant_direction_deg": 4.999999999999995,
      "direction_strength": 0.06424560546855394
    },
    "pattern_rhythm": {
      "repetition_score": 1.0,
      "rhythm_score": 1.0,
      "pattern_breaks": 6
    },
    "visual_mass_focus": {
      "point_of_interest": {
        "x": 0.712890625,
        "y": 0.528125,
        "strength": 1.0
      },
      "visual_mass_concentration": 0.1991607666015625,
      "mean_visual_weight": 0.058782268315553665,
      "face_count": 0,
      "has_directional_cues": 0
    },
    "framing_breathing": {
      "frame_in_frame_count": 0,
      "breathing_space": {
        "top": 0.16875,
        "bottom": 0.1390625,
        "left": 0.39453125,
        "right": 0.0,
        "min_margin": 0.0,
        "mean_margin": 0.1755859375
      },
      "corner_anchors": {
        "top_left": 0.6471768021583557,
        "top_right": 0.33015257120132446,
        "bottom_left": 0.5058760046958923,
        "bottom_right": 0.2737818658351898,
        "max_corner_weight": 0.6471768021583557,
        "has_corner_subject": 1
      }
    }
  }
}