{
  "meta": {
    "_dataset": "tvm board - Nov 22nd 2025 (5060 images)",
    "_label": "",
    "_relpath": "4864. .jpg",
    "_filename": "4864. .jpg",
    "_width": 500,
    "_height": 750
  },
  "features": {
    "geometric_structural": {
      "leading_lines": {
        "diagonal": 0,
        "vertical": 0,
        "horizontal": 0,
        "curved": 10
      },
      "leading_lines_strength": 0.013020833333333334,
      "symmetry_vertical": 0.7319156477064105,
      "symmetry_horizontal": 0.5998523426550375,
      "symmetry_radial": 0.47322892099722313,
      "rule_of_thirds": {
        "alignment_score": 0,
        "num_salient_objects": 1
      },
      "golden_ratio": {
        "golden_alignment_score": 0
      },
      "balance": {
        "static_balance": 0.9188311100006104,
        "dynamic_balance": 1.0,
        "dominant_quadrant": 0
      },
      "layering": {
        "foreground_ratio": 0.3165384928385417,
        "midground_ratio": 0.34099578857421875,
        "background_ratio": 0.34246571858723956,
        "depth_complexity": 0.018704203146095912
      }
    },
    "spatial_layout": {
      "negative_space_ratio": 0.7555592854817709,
      "subject_isolation": 0.10000101725260417,
      "depth_of_field": {
        "blur_gradient_strength": 10.53414555837181,
        "sharpness_variance": 329.6336138153613,
        "min_sharpness": 0.19607843137254902,
        "max_sharpness": 131.72487144136588
      },
      "perspective": {
        "has_vanishing_point": 0,
        "perspective_strength": 0.0
      }
    },
    "contrast_color": {
      "high_contrast_ratio": 0.4184112548828125,
      "low_contrast_ratio": 0.5815887451171875,
      "mean_contrast": 9.005688667297363,
      "highlight_ratio": 0.13171131908893585,
      "shadow_ratio": 0.00014495849609375,
      "midtone_ratio": 0.8681437373161316,
      "warm_color_ratio": 0.0004730224609375,
      "cool_color_ratio": 0.0,
      "complementary_color_score": 0.0
    },
    "motion_dynamics": {
      "s_curve_count": 16,
      "motion_blur_score": 27.310406856296133,
      "dominant_direction_deg": 4.999999999999995,
      "direction_strength": 0.13580576578741504
    },
    "pattern_rhythm": {
      "repetition_score": 1.0,
      "rhythm_score": 1.0,
      "pattern_breaks": 1
    },
    "visual_mass_focus": {
      "point_of_interest": {
        "x": 0.435546875,
        "y": 0.07552083333333333,
        "strength": 1.0
      },
      "visual_mass_concentration": 0.19981892903645834,
      "mean_visual_weight": 0.05790333077311516,
      "face_count": 0,
      "has_directional_cues": 0
    },
    "framing_breathing": {
      "frame_in_frame_count": 0,
      "breathing_space": {
        "top": 0.0,
        "bottom": 0.7278645833333334,
        "left": 0.0,
        "right": 0.0,
        "min_margin": 0.0,
        "mean_margin": 0.18196614583333334
      },
      "corner_anchors": {
        "top_left": 0.8109028339385986,
        "top_right": 0.5406635999679565,
        "bottom_left": 0.4297231137752533,
        "bottom_right": 0.4951120615005493,
        "max_corner_weight": 0.8109028339385986,
        "has_corner_subject": 1
      }
    }
  }
}