{
  "meta": {
    "_dataset": "tvm board - Nov 22nd 2025 (5060 images)",
    "_label": "",
    "_relpath": "4872. Castle.jpg",
    "_filename": "4872. Castle.jpg",
    "_width": 676,
    "_height": 1200
  },
  "features": {
    "geometric_structural": {
      "leading_lines": {
        "diagonal": 5,
        "vertical": 6,
        "horizontal": 0,
        "curved": 321
      },
      "leading_lines_strength": 0.36523652365236525,
      "symmetry_vertical": 0.4994779010604343,
      "symmetry_horizontal": 0.15882060113227497,
      "symmetry_radial": 0.1938456454287751,
      "rule_of_thirds": {
        "alignment_score": 0,
        "num_salient_objects": 48
      },
      "golden_ratio": {
        "golden_alignment_score": 2
      },
      "balance": {
        "static_balance": 0.9837679862976074,
        "dynamic_balance": 1.0,
        "dominant_quadrant": 3
      },
      "layering": {
        "foreground_ratio": 0.32586461771177117,
        "midground_ratio": 0.24356048886138615,
        "background_ratio": 0.4305748934268427,
        "depth_complexity": 0.2563568609874224
      }
    },
    "spatial_layout": {
      "negative_space_ratio": 0.5342237348734874,
      "subject_isolation": 0.10000042973047304,
      "depth_of_field": {
        "blur_gradient_strength": 5456.595231696157,
        "sharpness_variance": 219295295.62441173,
        "min_sharpness": 0.021530180699730873,
        "max_sharpness": 76509.34304113804
      },
      "perspective": {
        "has_vanishing_point": 1,
        "perspective_strength": 0.991396968455551
      }
    },
    "contrast_color": {
      "high_contrast_ratio": 0.40501237623762376,
      "low_contrast_ratio": 0.5949876237623762,
      "mean_contrast": 15.011123657226562,
      "highlight_ratio": 0.41762712597846985,
      "shadow_ratio": 0.35486283898353577,
      "midtone_ratio": 0.22751006484031677,
      "warm_color_ratio": 0.17857020077007701,
      "cool_color_ratio": 0.032762651265126515,
      "complementary_color_score": 2.111111111111111
    },
    "motion_dynamics": {
      "s_curve_count": 289,
      "motion_blur_score": 13.398915017169902,
      "dominant_direction_deg": 4.999999999999995,
      "direction_strength": 0.2842753025296422
    },
    "pattern_rhythm": {
      "repetition_score": 1.0,
      "rhythm_score": 1.0,
      "pattern_breaks": 6
    },
    "visual_mass_focus": {
      "point_of_interest": {
        "x": 0.517578125,
        "y": 0.5225522552255225,
        "strength": 1.0
      },
      "visual_mass_concentration": 0.1996893048679868,
      "mean_visual_weight": 0.0362098291516304,
      "face_count": 0,
      "has_directional_cues": 0
    },
    "framing_breathing": {
      "frame_in_frame_count": 0,
      "breathing_space": {
        "top": 0.0,
        "bottom": 0.39933993399339934,
        "left": 0.0,
        "right": 0.00390625,
        "min_margin": 0.0,
        "mean_margin": 0.10081154599834984
      },
      "corner_anchors": {
        "top_left": 0.7259464859962463,
        "top_right": 0.7540623545646667,
        "bottom_left": 0.9250386953353882,
        "bottom_right": 0.942939281463623,
        "max_corner_weight": 0.942939281463623,
        "has_corner_subject": 1
      }
    }
  }
}