{
  "meta": {
    "_dataset": "tvm board - Nov 22nd 2025 (5060 images)",
    "_label": "",
    "_relpath": "4879. Misty Ruins.jpg",
    "_filename": "4879. Misty Ruins.jpg",
    "_width": 816,
    "_height": 1456
  },
  "features": {
    "geometric_structural": {
      "leading_lines": {
        "diagonal": 5,
        "vertical": 0,
        "horizontal": 0,
        "curved": 334
      },
      "leading_lines_strength": 0.37089715536105033,
      "symmetry_vertical": 0.561703793708412,
      "symmetry_horizontal": 0.3733298265264027,
      "symmetry_radial": 0.25836650552980694,
      "rule_of_thirds": {
        "alignment_score": 2,
        "num_salient_objects": 48
      },
      "golden_ratio": {
        "golden_alignment_score": 6
      },
      "balance": {
        "static_balance": 0.9795781373977661,
        "dynamic_balance": 1.0,
        "dominant_quadrant": 2
      },
      "layering": {
        "foreground_ratio": 0.31386120418490154,
        "midground_ratio": 0.1243546567286652,
        "background_ratio": 0.5617841390864332,
        "depth_complexity": 0.3520752563660677
      }
    },
    "spatial_layout": {
      "negative_space_ratio": 0.497433585202407,
      "subject_isolation": 0.10000042737964988,
      "depth_of_field": {
        "blur_gradient_strength": 225.00392363871953,
        "sharpness_variance": 245146.48847649776,
        "min_sharpness": 0.0784313725490196,
        "max_sharpness": 3540.7727397899935
      },
      "perspective": {
        "has_vanishing_point": 1,
        "perspective_strength": 0.9606741573033708
      }
    },
    "contrast_color": {
      "high_contrast_ratio": 0.40639317218271337,
      "low_contrast_ratio": 0.5936068278172866,
      "mean_contrast": 11.517115592956543,
      "highlight_ratio": 0.2689265012741089,
      "shadow_ratio": 0.20935192704200745,
      "midtone_ratio": 0.521721601486206,
      "warm_color_ratio": 0.022292122538293217,
      "cool_color_ratio": 0.252839937773523,
      "complementary_color_score": 2.388888888888889
    },
    "motion_dynamics": {
      "s_curve_count": 247,
      "motion_blur_score": 18.05183671747075,
      "dominant_direction_deg": 4.999999999999995,
      "direction_strength": 0.13024394830387923
    },
    "pattern_rhythm": {
      "repetition_score": 1.0,
      "rhythm_score": 1.0,
      "pattern_breaks": 12
    },
    "visual_mass_focus": {
      "point_of_interest": {
        "x": 0.3828125,
        "y": 0.5153172866520788,
        "strength": 1.0
      },
      "visual_mass_concentration": 0.199332005607221,
      "mean_visual_weight": 0.08378353714942932,
      "face_count": 0,
      "has_directional_cues": 0
    },
    "framing_breathing": {
      "frame_in_frame_count": 0,
      "breathing_space": {
        "top": 0.0,
        "bottom": 0.5590809628008753,
        "left": 0.0,
        "right": 0.0,
        "min_margin": 0.0,
        "mean_margin": 0.13977024070021882
      },
      "corner_anchors": {
        "top_left": 0.7309398651123047,
        "top_right": 0.7403174042701721,
        "bottom_left": 0.931770920753479,
        "bottom_right": 0.5367236733436584,
        "max_corner_weight": 0.931770920753479,
        "has_corner_subject": 1
      }
    }
  }
}