{
  "meta": {
    "_dataset": "tvm board - Nov 22nd 2025 (5060 images)",
    "_label": "",
    "_relpath": "4885. .jpg",
    "_filename": "4885. .jpg",
    "_width": 614,
    "_height": 768
  },
  "features": {
    "geometric_structural": {
      "leading_lines": {
        "diagonal": 11,
        "vertical": 5,
        "horizontal": 3,
        "curved": 252
      },
      "leading_lines_strength": 0.4234375,
      "symmetry_vertical": 0.3842147987713167,
      "symmetry_horizontal": 0.40347597840298605,
      "symmetry_radial": 0.34096086993462765,
      "rule_of_thirds": {
        "alignment_score": 2,
        "num_salient_objects": 12
      },
      "golden_ratio": {
        "golden_alignment_score": 3
      },
      "balance": {
        "static_balance": 0.9480273723602295,
        "dynamic_balance": 1.0,
        "dominant_quadrant": 1
      },
      "layering": {
        "foreground_ratio": 0.272137451171875,
        "midground_ratio": 0.362530517578125,
        "background_ratio": 0.36533203125,
        "depth_complexity": 0.19506933212280272
      }
    },
    "spatial_layout": {
      "negative_space_ratio": 0.57191162109375,
      "subject_isolation": 0.1,
      "depth_of_field": {
        "blur_gradient_strength": 133.6477786093828,
        "sharpness_variance": 46109.77624841373,
        "min_sharpness": 4.901576316801231,
        "max_sharpness": 1289.9189052919492
      },
      "perspective": {
        "has_vanishing_point": 1,
        "perspective_strength": 0.9979353062629044
      }
    },
    "contrast_color": {
      "high_contrast_ratio": 0.4530670166015625,
      "low_contrast_ratio": 0.5469329833984375,
      "mean_contrast": 16.718013763427734,
      "highlight_ratio": 2.441406286379788e-05,
      "shadow_ratio": 0.2873382568359375,
      "midtone_ratio": 0.7126373052597046,
      "warm_color_ratio": 0.1087921142578125,
      "cool_color_ratio": 2.13623046875e-05,
      "complementary_color_score": 0.0
    },
    "motion_dynamics": {
      "s_curve_count": 235,
      "motion_blur_score": 10.378915751644417,
      "dominant_direction_deg": 4.999999999999995,
      "direction_strength": 0.05109863281234406
    },
    "pattern_rhythm": {
      "repetition_score": 1.0,
      "rhythm_score": 1.0,
      "pattern_breaks": 3
    },
    "visual_mass_focus": {
      "point_of_interest": {
        "x": 0.662109375,
        "y": 0.3328125,
        "strength": 1.0
      },
      "visual_mass_concentration": 0.1998992919921875,
      "mean_visual_weight": 0.026198124513030052,
      "face_count": 0,
      "has_directional_cues": 0
    },
    "framing_breathing": {
      "frame_in_frame_count": 0,
      "breathing_space": {
        "top": 0.2015625,
        "bottom": 0.4078125,
        "left": 0.53515625,
        "right": 0.185546875,
        "min_margin": 0.185546875,
        "mean_margin": 0.33251953125
      },
      "corner_anchors": {
        "top_left": 0.1681978553533554,
        "top_right": 0.2637728750705719,
        "bottom_left": 0.49541768431663513,
        "bottom_right": 0.3684874475002289,
        "max_corner_weight": 0.49541768431663513,
        "has_corner_subject": 1
      }
    }
  }
}