{
  "meta": {
    "_dataset": "tvm board - Nov 22nd 2025 (5060 images)",
    "_label": "",
    "_relpath": "4903. .jpg",
    "_filename": "4903. .jpg",
    "_width": 500,
    "_height": 497
  },
  "features": {
    "geometric_structural": {
      "leading_lines": {
        "diagonal": 0,
        "vertical": 1,
        "horizontal": 0,
        "curved": 57
      },
      "leading_lines_strength": 0.11262135922330097,
      "symmetry_vertical": 0.6264972470180947,
      "symmetry_horizontal": 0.6332362368283881,
      "symmetry_radial": 0.5823669125318979,
      "rule_of_thirds": {
        "alignment_score": 0,
        "num_salient_objects": 10
      },
      "golden_ratio": {
        "golden_alignment_score": 0
      },
      "balance": {
        "static_balance": 0.9346132278442383,
        "dynamic_balance": 1.0,
        "dominant_quadrant": 0
      },
      "layering": {
        "foreground_ratio": 0.22127958131067962,
        "midground_ratio": 0.15587075242718446,
        "background_ratio": 0.6228496662621359,
        "depth_complexity": 0.04428330914343748
      }
    },
    "spatial_layout": {
      "negative_space_ratio": 0.691163531553398,
      "subject_isolation": 0.1,
      "depth_of_field": {
        "blur_gradient_strength": 42.394731847100566,
        "sharpness_variance": 7273.646754652702,
        "min_sharpness": 3.102868127643214,
        "max_sharpness": 659.3297461524055
      },
      "perspective": {
        "has_vanishing_point": 1,
        "perspective_strength": 0.8636363636363636
      }
    },
    "contrast_color": {
      "high_contrast_ratio": 0.36497648665048543,
      "low_contrast_ratio": 0.6350235133495146,
      "mean_contrast": 9.251733779907227,
      "highlight_ratio": 0.0,
      "shadow_ratio": 0.705571174621582,
      "midtone_ratio": 0.29442882537841797,
      "warm_color_ratio": 0.45319705703883495,
      "cool_color_ratio": 0.00041717233009708736,
      "complementary_color_score": 0.0
    },
    "motion_dynamics": {
      "s_curve_count": 64,
      "motion_blur_score": 8.552190968309217,
      "dominant_direction_deg": 4.999999999999995,
      "direction_strength": 0.08407539441715688
    },
    "pattern_rhythm": {
      "repetition_score": 1.0,
      "rhythm_score": 1.0,
      "pattern_breaks": 4
    },
    "visual_mass_focus": {
      "point_of_interest": {
        "x": 0.287378640776699,
        "y": 0.052734375,
        "strength": 1.0
      },
      "visual_mass_concentration": 0.1989798240291262,
      "mean_visual_weight": 0.04703362658619881,
      "face_count": 0,
      "has_directional_cues": 0
    },
    "framing_breathing": {
      "frame_in_frame_count": 0,
      "breathing_space": {
        "top": 0.0,
        "bottom": 0.880859375,
        "left": 0.22718446601941747,
        "right": 0.6485436893203883,
        "min_margin": 0.0,
        "mean_margin": 0.4391468825849515
      },
      "corner_anchors": {
        "top_left": 0.15040166676044464,
        "top_right": 0.2516224980354309,
        "bottom_left": 0.22911487519741058,
        "bottom_right": 0.25259751081466675,
        "max_corner_weight": 0.25259751081466675,
        "has_corner_subject": 0
      }
    }
  }
}