{
  "meta": {
    "_dataset": "tvm board - Nov 22nd 2025 (5060 images)",
    "_label": "",
    "_relpath": "4906. .jpg",
    "_filename": "4906. .jpg",
    "_width": 425,
    "_height": 754
  },
  "features": {
    "geometric_structural": {
      "leading_lines": {
        "diagonal": 51,
        "vertical": 35,
        "horizontal": 1,
        "curved": 1032
      },
      "leading_lines_strength": 1.2323788546255507,
      "symmetry_vertical": 0.16580632279960408,
      "symmetry_horizontal": 0.18594835324785228,
      "symmetry_radial": 0.1301130679019318,
      "rule_of_thirds": {
        "alignment_score": 0,
        "num_salient_objects": 9
      },
      "golden_ratio": {
        "golden_alignment_score": 0
      },
      "balance": {
        "static_balance": 0.9068639874458313,
        "dynamic_balance": 1.0,
        "dominant_quadrant": 0
      },
      "layering": {
        "foreground_ratio": 0.3186088931718062,
        "midground_ratio": 0.2920545670429515,
        "background_ratio": 0.3893365397852423,
        "depth_complexity": 2.6134227801013084
      }
    },
    "spatial_layout": {
      "negative_space_ratio": 0.5320587830396476,
      "subject_isolation": 0.10000086040748898,
      "depth_of_field": {
        "blur_gradient_strength": 2112.81403212274,
        "sharpness_variance": 5984023.446502929,
        "min_sharpness": 18.11607844319777,
        "max_sharpness": 11149.924841518648
      },
      "perspective": {
        "has_vanishing_point": 1,
        "perspective_strength": 0.9990214413082242
      }
    },
    "contrast_color": {
      "high_contrast_ratio": 0.4864184677863436,
      "low_contrast_ratio": 0.5135815322136563,
      "mean_contrast": 25.80834197998047,
      "highlight_ratio": 0.014820518903434277,
      "shadow_ratio": 0.42043381929397583,
      "midtone_ratio": 0.5647456645965576,
      "warm_color_ratio": 0.1193428207599119,
      "cool_color_ratio": 0.0002452161343612335,
      "complementary_color_score": 2.3333333333333335
    },
    "motion_dynamics": {
      "s_curve_count": 705,
      "motion_blur_score": 5.006477957838831,
      "dominant_direction_deg": 4.999999999999995,
      "direction_strength": 0.03685340377194716
    },
    "pattern_rhythm": {
      "repetition_score": 1.0,
      "rhythm_score": 1.0,
      "pattern_breaks": 3
    },
    "visual_mass_focus": {
      "point_of_interest": {
        "x": 0.10546875,
        "y": 0.0881057268722467,
        "strength": 1.0
      },
      "visual_mass_concentration": 0.19940803964757708,
      "mean_visual_weight": 0.021323122084140778,
      "face_count": 0,
      "has_directional_cues": 0
    },
    "framing_breathing": {
      "frame_in_frame_count": 0,
      "breathing_space": {
        "top": 0.06607929515418502,
        "bottom": 0.8513215859030837,
        "left": 0.103515625,
        "right": 0.76953125,
        "min_margin": 0.06607929515418502,
        "mean_margin": 0.4476119390143172
      },
      "corner_anchors": {
        "top_left": 0.41605648398399353,
        "top_right": 0.17630602419376373,
        "bottom_left": 0.20047445595264435,
        "bottom_right": 0.20560917258262634,
        "max_corner_weight": 0.41605648398399353,
        "has_corner_subject": 1
      }
    }
  }
}