{
  "meta": {
    "_dataset": "tvm board - Nov 22nd 2025 (5060 images)",
    "_label": "",
    "_relpath": "4922. Sea.jpg",
    "_filename": "4922. Sea.jpg",
    "_width": 1224,
    "_height": 1632
  },
  "features": {
    "geometric_structural": {
      "leading_lines": {
        "diagonal": 0,
        "vertical": 0,
        "horizontal": 4,
        "curved": 90
      },
      "leading_lines_strength": 0.1376281112737921,
      "symmetry_vertical": 0.5311216026840453,
      "symmetry_horizontal": 0.36273334888507835,
      "symmetry_radial": 0.3144651744099402,
      "rule_of_thirds": {
        "alignment_score": 0,
        "num_salient_objects": 2
      },
      "golden_ratio": {
        "golden_alignment_score": 2
      },
      "balance": {
        "static_balance": 0.9564335942268372,
        "dynamic_balance": 1.0,
        "dominant_quadrant": 1
      },
      "layering": {
        "foreground_ratio": 0.2975298545021962,
        "midground_ratio": 0.18122597913616398,
        "background_ratio": 0.5212441663616398,
        "depth_complexity": 0.2517061299524176
      }
    },
    "spatial_layout": {
      "negative_space_ratio": 0.5602208775622255,
      "subject_isolation": 0.10000114385065886,
      "depth_of_field": {
        "blur_gradient_strength": 183.54977571737152,
        "sharpness_variance": 187931.74842777217,
        "min_sharpness": 0.5428628062935602,
        "max_sharpness": 2339.737827745251
      },
      "perspective": {
        "has_vanishing_point": 1,
        "perspective_strength": 0.8455882352941176
      }
    },
    "contrast_color": {
      "high_contrast_ratio": 0.37029019491215226,
      "low_contrast_ratio": 0.6297098050878478,
      "mean_contrast": 14.184515953063965,
      "highlight_ratio": 0.0659630075097084,
      "shadow_ratio": 0.012559480033814907,
      "midtone_ratio": 0.9214774966239929,
      "warm_color_ratio": 0.008784773060029283,
      "cool_color_ratio": 0.00056048682284041,
      "complementary_color_score": 2.611111111111111
    },
    "motion_dynamics": {
      "s_curve_count": 219,
      "motion_blur_score": 18.291788203164963,
      "dominant_direction_deg": -85.0,
      "direction_strength": 0.10468807192503006
    },
    "pattern_rhythm": {
      "repetition_score": 1.0,
      "rhythm_score": 1.0,
      "pattern_breaks": 1
    },
    "visual_mass_focus": {
      "point_of_interest": {
        "x": 0.505859375,
        "y": 0.6120058565153733,
        "strength": 1.0
      },
      "visual_mass_concentration": 0.19992793740849193,
      "mean_visual_weight": 0.03381290286779404,
      "face_count": 0,
      "has_directional_cues": 0
    },
    "framing_breathing": {
      "frame_in_frame_count": 0,
      "breathing_space": {
        "top": 0.5314787701317716,
        "bottom": 0.29428989751098095,
        "left": 0.443359375,
        "right": 0.427734375,
        "min_margin": 0.29428989751098095,
        "mean_margin": 0.4242156044106881
      },
      "corner_anchors": {
        "top_left": 0.4075942635536194,
        "top_right": 0.2927071750164032,
        "bottom_left": 0.18367013335227966,
        "bottom_right": 0.2395711988210678,
        "max_corner_weight": 0.4075942635536194,
        "has_corner_subject": 1
      }
    }
  }
}