{
  "meta": {
    "_dataset": "tvm board - Nov 22nd 2025 (5060 images)",
    "_label": "",
    "_relpath": "4917. Ocean aesthetic\ud83c\udf0a.jpg",
    "_filename": "4917. Ocean aesthetic\ud83c\udf0a.jpg",
    "_width": 1280,
    "_height": 1600
  },
  "features": {
    "geometric_structural": {
      "leading_lines": {
        "diagonal": 0,
        "vertical": 0,
        "horizontal": 4,
        "curved": 98
      },
      "leading_lines_strength": 0.159375,
      "symmetry_vertical": 0.667666759298263,
      "symmetry_horizontal": 0.44907737900682204,
      "symmetry_radial": 0.4550054233402614,
      "rule_of_thirds": {
        "alignment_score": 0,
        "num_salient_objects": 18
      },
      "golden_ratio": {
        "golden_alignment_score": 0
      },
      "balance": {
        "static_balance": 0.9693164825439453,
        "dynamic_balance": 1.0,
        "dominant_quadrant": 3
      },
      "layering": {
        "foreground_ratio": 0.309625244140625,
        "midground_ratio": 0.1670928955078125,
        "background_ratio": 0.5232818603515625,
        "depth_complexity": 0.1851721355098393
      }
    },
    "spatial_layout": {
      "negative_space_ratio": 0.316943359375,
      "subject_isolation": 0.1,
      "depth_of_field": {
        "blur_gradient_strength": 110.44163627686693,
        "sharpness_variance": 64899.861354288936,
        "min_sharpness": 0.24134567472570287,
        "max_sharpness": 1009.7431130279793
      },
      "perspective": {
        "has_vanishing_point": 1,
        "perspective_strength": 0.9578544061302682
      }
    },
    "contrast_color": {
      "high_contrast_ratio": 0.410125732421875,
      "low_contrast_ratio": 0.589874267578125,
      "mean_contrast": 8.094894409179688,
      "highlight_ratio": 0.0,
      "shadow_ratio": 0.07847289741039276,
      "midtone_ratio": 0.921527087688446,
      "warm_color_ratio": 9.765625e-05,
      "cool_color_ratio": 0.323486328125,
      "complementary_color_score": 0.0
    },
    "motion_dynamics": {
      "s_curve_count": 182,
      "motion_blur_score": 16.54966561586172,
      "dominant_direction_deg": 4.999999999999995,
      "direction_strength": 0.3577575683582832
    },
    "pattern_rhythm": {
      "repetition_score": 1.0,
      "rhythm_score": 1.0,
      "pattern_breaks": 4
    },
    "visual_mass_focus": {
      "point_of_interest": {
        "x": 0.728515625,
        "y": 0.9234375,
        "strength": 1.0
      },
      "visual_mass_concentration": 0.19840087890625,
      "mean_visual_weight": 0.04802461713552475,
      "face_count": 0,
      "has_directional_cues": 0
    },
    "framing_breathing": {
      "frame_in_frame_count": 0,
      "breathing_space": {
        "top": 0.890625,
        "bottom": 0.00625,
        "left": 0.19921875,
        "right": 0.0,
        "min_margin": 0.0,
        "mean_margin": 0.2740234375
      },
      "corner_anchors": {
        "top_left": 0.41647031903266907,
        "top_right": 0.40469592809677124,
        "bottom_left": 0.30823659896850586,
        "bottom_right": 0.46911486983299255,
        "max_corner_weight": 0.46911486983299255,
        "has_corner_subject": 1
      }
    }
  }
}