{
  "meta": {
    "_dataset": "tvm board - Nov 22nd 2025 (5060 images)",
    "_label": "",
    "_relpath": "4933. .jpg",
    "_filename": "4933. .jpg",
    "_width": 497,
    "_height": 750
  },
  "features": {
    "geometric_structural": {
      "leading_lines": {
        "diagonal": 0,
        "vertical": 0,
        "horizontal": 0,
        "curved": 1
      },
      "leading_lines_strength": 0.00129366106080207,
      "symmetry_vertical": 0.9536288158166523,
      "symmetry_horizontal": 0.8423445755454076,
      "symmetry_radial": 0.7085944758271365,
      "rule_of_thirds": {
        "alignment_score": 0,
        "num_salient_objects": 4
      },
      "golden_ratio": {
        "golden_alignment_score": 0
      },
      "balance": {
        "static_balance": 0.8909546136856079,
        "dynamic_balance": 1.0,
        "dominant_quadrant": 2
      },
      "layering": {
        "foreground_ratio": 0.2922814925614489,
        "midground_ratio": 0.0,
        "background_ratio": 0.7077185074385511,
        "depth_complexity": 0.007707013393607982
      }
    },
    "spatial_layout": {
      "negative_space_ratio": 0.1672334856080207,
      "subject_isolation": 0.10000101067270376,
      "depth_of_field": {
        "blur_gradient_strength": 9.678477315263684,
        "sharpness_variance": 758.4472489796317,
        "min_sharpness": 0.16147635524798154,
        "max_sharpness": 237.54007249747644
      },
      "perspective": {
        "has_vanishing_point": 0,
        "perspective_strength": 0.0
      }
    },
    "contrast_color": {
      "high_contrast_ratio": 0.28426685802069857,
      "low_contrast_ratio": 0.7157331419793014,
      "mean_contrast": 4.05474853515625,
      "highlight_ratio": 0.7616707682609558,
      "shadow_ratio": 0.0025544753298163414,
      "midtone_ratio": 0.23577475547790527,
      "warm_color_ratio": 0.00010106727037516171,
      "cool_color_ratio": 0.02727047622897801,
      "complementary_color_score": 0.0
    },
    "motion_dynamics": {
      "s_curve_count": 1,
      "motion_blur_score": 64.64783475692771,
      "dominant_direction_deg": 4.999999999999995,
      "direction_strength": 0.4281108505810658
    },
    "pattern_rhythm": {
      "repetition_score": 1.0,
      "rhythm_score": 1.0,
      "pattern_breaks": 1
    },
    "visual_mass_focus": {
      "point_of_interest": {
        "x": 0.533203125,
        "y": 0.9780077619663649,
        "strength": 1.0
      },
      "visual_mass_concentration": 0.1994815249029754,
      "mean_visual_weight": 0.023583166301250458,
      "face_count": 0,
      "has_directional_cues": 0
    },
    "framing_breathing": {
      "frame_in_frame_count": 0,
      "breathing_space": {
        "top": 0.8706338939197931,
        "bottom": 0.0,
        "left": 0.0,
        "right": 0.0,
        "min_margin": 0.0,
        "mean_margin": 0.21765847347994827
      },
      "corner_anchors": {
        "top_left": 0.2092582881450653,
        "top_right": 0.15751993656158447,
        "bottom_left": 0.572197675704956,
        "bottom_right": 0.6000214219093323,
        "max_corner_weight": 0.6000214219093323,
        "has_corner_subject": 1
      }
    }
  }
}