{
  "meta": {
    "_dataset": "tvm board - Nov 22nd 2025 (5060 images)",
    "_label": "",
    "_relpath": "4942. .jpg",
    "_filename": "4942. .jpg",
    "_width": 800,
    "_height": 1200
  },
  "features": {
    "geometric_structural": {
      "leading_lines": {
        "diagonal": 19,
        "vertical": 0,
        "horizontal": 13,
        "curved": 193
      },
      "leading_lines_strength": 0.29296875,
      "symmetry_vertical": 0.45294134276076814,
      "symmetry_horizontal": 0.34340928480196914,
      "symmetry_radial": 0.24929680912401483,
      "rule_of_thirds": {
        "alignment_score": 0,
        "num_salient_objects": 4
      },
      "golden_ratio": {
        "golden_alignment_score": 0
      },
      "balance": {
        "static_balance": 0.925109326839447,
        "dynamic_balance": 1.0,
        "dominant_quadrant": 0
      },
      "layering": {
        "foreground_ratio": 0.3059590657552083,
        "midground_ratio": 0.11480712890625,
        "background_ratio": 0.5792338053385416,
        "depth_complexity": 0.28458600591862343
      }
    },
    "spatial_layout": {
      "negative_space_ratio": 0.5821711222330729,
      "subject_isolation": 0.10000101725260417,
      "depth_of_field": {
        "blur_gradient_strength": 229.28212950893578,
        "sharpness_variance": 255120.24479437323,
        "min_sharpness": 0.9704921184159943,
        "max_sharpness": 2661.9972302375054
      },
      "perspective": {
        "has_vanishing_point": 1,
        "perspective_strength": 0.9941543257989088
      }
    },
    "contrast_color": {
      "high_contrast_ratio": 0.45771026611328125,
      "low_contrast_ratio": 0.5422897338867188,
      "mean_contrast": 16.42148208618164,
      "highlight_ratio": 0.05706024169921875,
      "shadow_ratio": 0.19042713940143585,
      "midtone_ratio": 0.7525126338005066,
      "warm_color_ratio": 0.26111602783203125,
      "cool_color_ratio": 0.04007720947265625,
      "complementary_color_score": 0.5555555555555556
    },
    "motion_dynamics": {
      "s_curve_count": 239,
      "motion_blur_score": 13.028597041976319,
      "dominant_direction_deg": -85.0,
      "direction_strength": 0.07036336263002939
    },
    "pattern_rhythm": {
      "repetition_score": 1.0,
      "rhythm_score": 1.0,
      "pattern_breaks": 2
    },
    "visual_mass_focus": {
      "point_of_interest": {
        "x": 0.158203125,
        "y": 0.4908854166666667,
        "strength": 1.0
      },
      "visual_mass_concentration": 0.1953760782877604,
      "mean_visual_weight": 0.06871377676725388,
      "face_count": 0,
      "has_directional_cues": 0
    },
    "framing_breathing": {
      "frame_in_frame_count": 0,
      "breathing_space": {
        "top": 0.3294270833333333,
        "bottom": 0.4583333333333333,
        "left": 0.0,
        "right": 0.48828125,
        "min_margin": 0.0,
        "mean_margin": 0.31901041666666663
      },
      "corner_anchors": {
        "top_left": 0.47620150446891785,
        "top_right": 0.19186820089817047,
        "bottom_left": 0.3490437865257263,
        "bottom_right": 0.4238589406013489,
        "max_corner_weight": 0.47620150446891785,
        "has_corner_subject": 1
      }
    }
  }
}