{
  "meta": {
    "_dataset": "tvm board - Nov 22nd 2025 (5060 images)",
    "_label": "",
    "_relpath": "4946. .jpg",
    "_filename": "4946. .jpg",
    "_width": 513,
    "_height": 640
  },
  "features": {
    "geometric_structural": {
      "leading_lines": {
        "diagonal": 4,
        "vertical": 0,
        "horizontal": 6,
        "curved": 415
      },
      "leading_lines_strength": 0.6651017214397497,
      "symmetry_vertical": 0.43830759291979804,
      "symmetry_horizontal": 0.23356935903928952,
      "symmetry_radial": 0.23588696523534705,
      "rule_of_thirds": {
        "alignment_score": 0,
        "num_salient_objects": 3
      },
      "golden_ratio": {
        "golden_alignment_score": 0
      },
      "balance": {
        "static_balance": 0.8380053043365479,
        "dynamic_balance": 1.0,
        "dominant_quadrant": 0
      },
      "layering": {
        "foreground_ratio": 0.2771970363849765,
        "midground_ratio": 0.25260111013302033,
        "background_ratio": 0.4702018534820031,
        "depth_complexity": 0.3536782351118339
      }
    },
    "spatial_layout": {
      "negative_space_ratio": 0.6686992615414711,
      "subject_isolation": 0.10000061130672927,
      "depth_of_field": {
        "blur_gradient_strength": 288.44187257390325,
        "sharpness_variance": 152901.06506085198,
        "min_sharpness": 1.395214717197612,
        "max_sharpness": 1833.5417147251055
      },
      "perspective": {
        "has_vanishing_point": 1,
        "perspective_strength": 0.9935064935064936
      }
    },
    "contrast_color": {
      "high_contrast_ratio": 0.2913457306338028,
      "low_contrast_ratio": 0.7086542693661972,
      "mean_contrast": 15.671303749084473,
      "highlight_ratio": 0.2968108057975769,
      "shadow_ratio": 0.5059419274330139,
      "midtone_ratio": 0.19724726676940918,
      "warm_color_ratio": 0.37394549589201875,
      "cool_color_ratio": 0.0,
      "complementary_color_score": 0.0
    },
    "motion_dynamics": {
      "s_curve_count": 289,
      "motion_blur_score": 11.00378433696731,
      "dominant_direction_deg": 4.999999999999995,
      "direction_strength": 0.0989644464003235
    },
    "pattern_rhythm": {
      "repetition_score": 1.0,
      "rhythm_score": 1.0,
      "pattern_breaks": 1
    },
    "visual_mass_focus": {
      "point_of_interest": {
        "x": 0.322265625,
        "y": 0.17370892018779344,
        "strength": 1.0
      },
      "visual_mass_concentration": 0.19931350254303598,
      "mean_visual_weight": 0.05324362963438034,
      "face_count": 0,
      "has_directional_cues": 0
    },
    "framing_breathing": {
      "frame_in_frame_count": 0,
      "breathing_space": {
        "top": 0.0,
        "bottom": 0.5242566510172144,
        "left": 0.0,
        "right": 0.0,
        "min_margin": 0.0,
        "mean_margin": 0.1310641627543036
      },
      "corner_anchors": {
        "top_left": 0.8913207650184631,
        "top_right": 0.7031821012496948,
        "bottom_left": 0.42033737897872925,
        "bottom_right": 0.47055119276046753,
        "max_corner_weight": 0.8913207650184631,
        "has_corner_subject": 1
      }
    }
  }
}