{
  "meta": {
    "_dataset": "tvm board - Nov 22nd 2025 (5060 images)",
    "_label": "",
    "_relpath": "4951. .jpg",
    "_filename": "4951. .jpg",
    "_width": 667,
    "_height": 1000
  },
  "features": {
    "geometric_structural": {
      "leading_lines": {
        "diagonal": 6,
        "vertical": 3,
        "horizontal": 1,
        "curved": 452
      },
      "leading_lines_strength": 0.6015625,
      "symmetry_vertical": 0.44714100277608093,
      "symmetry_horizontal": 0.26197511689245756,
      "symmetry_radial": 0.24105437495206872,
      "rule_of_thirds": {
        "alignment_score": 0,
        "num_salient_objects": 56
      },
      "golden_ratio": {
        "golden_alignment_score": 6
      },
      "balance": {
        "static_balance": 0.9459553956985474,
        "dynamic_balance": 1.0,
        "dominant_quadrant": 0
      },
      "layering": {
        "foreground_ratio": 0.3202107747395833,
        "midground_ratio": 0.1843134562174479,
        "background_ratio": 0.49547576904296875,
        "depth_complexity": 0.24972340640782048
      }
    },
    "spatial_layout": {
      "negative_space_ratio": 0.5253194173177084,
      "subject_isolation": 0.10000101725260417,
      "depth_of_field": {
        "blur_gradient_strength": 196.2254286416395,
        "sharpness_variance": 96370.83834109838,
        "min_sharpness": 0.1295618563291763,
        "max_sharpness": 1576.2919818642492
      },
      "perspective": {
        "has_vanishing_point": 1,
        "perspective_strength": 0.9978331527627302
      }
    },
    "contrast_color": {
      "high_contrast_ratio": 0.5119247436523438,
      "low_contrast_ratio": 0.48807525634765625,
      "mean_contrast": 17.526201248168945,
      "highlight_ratio": 0.30202993750572205,
      "shadow_ratio": 0.14594776928424835,
      "midtone_ratio": 0.5520222783088684,
      "warm_color_ratio": 0.00199127197265625,
      "cool_color_ratio": 0.2774556477864583,
      "complementary_color_score": 0.9444444444444444
    },
    "motion_dynamics": {
      "s_curve_count": 377,
      "motion_blur_score": 14.182287624289131,
      "dominant_direction_deg": 4.999999999999995,
      "direction_strength": 0.1425272623694292
    },
    "pattern_rhythm": {
      "repetition_score": 1.0,
      "rhythm_score": 1.0,
      "pattern_breaks": 15
    },
    "visual_mass_focus": {
      "point_of_interest": {
        "x": 0.443359375,
        "y": 0.4479166666666667,
        "strength": 1.0
      },
      "visual_mass_concentration": 0.19934844970703125,
      "mean_visual_weight": 0.06124049425125122,
      "face_count": 0,
      "has_directional_cues": 0
    },
    "framing_breathing": {
      "frame_in_frame_count": 0,
      "breathing_space": {
        "top": 0.0,
        "bottom": 0.53515625,
        "left": 0.0,
        "right": 0.0,
        "min_margin": 0.0,
        "mean_margin": 0.1337890625
      },
      "corner_anchors": {
        "top_left": 0.8975326418876648,
        "top_right": 0.796593427658081,
        "bottom_left": 0.7674522995948792,
        "bottom_right": 0.8540314435958862,
        "max_corner_weight": 0.8975326418876648,
        "has_corner_subject": 1
      }
    }
  }
}