{
  "meta": {
    "_dataset": "tvm board - Nov 22nd 2025 (5060 images)",
    "_label": "",
    "_relpath": "4962. hoax.jpg",
    "_filename": "4962. hoax.jpg",
    "_width": 749,
    "_height": 1145
  },
  "features": {
    "geometric_structural": {
      "leading_lines": {
        "diagonal": 0,
        "vertical": 0,
        "horizontal": 0,
        "curved": 19
      },
      "leading_lines_strength": 0.024265644955300127,
      "symmetry_vertical": 0.6508174525318201,
      "symmetry_horizontal": 0.5965112166306664,
      "symmetry_radial": 0.4293594411817021,
      "rule_of_thirds": {
        "alignment_score": 0,
        "num_salient_objects": 16
      },
      "golden_ratio": {
        "golden_alignment_score": 0
      },
      "balance": {
        "static_balance": 0.851164698600769,
        "dynamic_balance": 1.0,
        "dominant_quadrant": 3
      },
      "layering": {
        "foreground_ratio": 0.3006739902618135,
        "midground_ratio": 0.35918293023627074,
        "background_ratio": 0.3401430795019157,
        "depth_complexity": 0.03367932759376081
      }
    },
    "spatial_layout": {
      "negative_space_ratio": 0.5208757383461047,
      "subject_isolation": 0.10000099776500639,
      "depth_of_field": {
        "blur_gradient_strength": 19.475573123910166,
        "sharpness_variance": 1446.467473181986,
        "min_sharpness": 2.3443670040254534,
        "max_sharpness": 203.8135269003833
      },
      "perspective": {
        "has_vanishing_point": 1,
        "perspective_strength": 0.3333333333333333
      }
    },
    "contrast_color": {
      "high_contrast_ratio": 0.321217971743295,
      "low_contrast_ratio": 0.678782028256705,
      "mean_contrast": 5.910397529602051,
      "highlight_ratio": 0.0011923292186111212,
      "shadow_ratio": 0.228932186961174,
      "midtone_ratio": 0.7698754668235779,
      "warm_color_ratio": 0.0,
      "cool_color_ratio": 0.0,
      "complementary_color_score": 0.0
    },
    "motion_dynamics": {
      "s_curve_count": 17,
      "motion_blur_score": 26.82435310752567,
      "dominant_direction_deg": 4.999999999999995,
      "direction_strength": 0.08739423690910511
    },
    "pattern_rhythm": {
      "repetition_score": 1.0,
      "rhythm_score": 1.0,
      "pattern_breaks": 3
    },
    "visual_mass_focus": {
      "point_of_interest": {
        "x": 0.603515625,
        "y": 0.3831417624521073,
        "strength": 1.0
      },
      "visual_mass_concentration": 0.1936736709770115,
      "mean_visual_weight": 0.004232149571180344,
      "face_count": 0,
      "has_directional_cues": 0
    },
    "framing_breathing": {
      "frame_in_frame_count": 0,
      "breathing_space": {
        "top": 0.0,
        "bottom": 0.5951468710089399,
        "left": 0.0,
        "right": 0.0,
        "min_margin": 0.0,
        "mean_margin": 0.14878671775223498
      },
      "corner_anchors": {
        "top_left": 0.8669207692146301,
        "top_right": 0.7562462687492371,
        "bottom_left": 0.1710502803325653,
        "bottom_right": 0.8567759990692139,
        "max_corner_weight": 0.8669207692146301,
        "has_corner_subject": 1
      }
    }
  }
}