{
  "meta": {
    "_dataset": "tvm board - Nov 22nd 2025 (5060 images)",
    "_label": "",
    "_relpath": "4982. california sunset.jpg",
    "_filename": "4982. california sunset.jpg",
    "_width": 800,
    "_height": 1200
  },
  "features": {
    "geometric_structural": {
      "leading_lines": {
        "diagonal": 0,
        "vertical": 0,
        "horizontal": 7,
        "curved": 63
      },
      "leading_lines_strength": 0.09114583333333333,
      "symmetry_vertical": 0.6571446555779051,
      "symmetry_horizontal": 0.4130047061295363,
      "symmetry_radial": 0.3830310472995886,
      "rule_of_thirds": {
        "alignment_score": 0,
        "num_salient_objects": 1
      },
      "golden_ratio": {
        "golden_alignment_score": 0
      },
      "balance": {
        "static_balance": 0.9580845832824707,
        "dynamic_balance": 1.0,
        "dominant_quadrant": 3
      },
      "layering": {
        "foreground_ratio": 0.27818552652994794,
        "midground_ratio": 0.30309295654296875,
        "background_ratio": 0.4187215169270833,
        "depth_complexity": 0.22623578494165691
      }
    },
    "spatial_layout": {
      "negative_space_ratio": 0.47112782796223956,
      "subject_isolation": 0.10000101725260417,
      "depth_of_field": {
        "blur_gradient_strength": 104.29225677196105,
        "sharpness_variance": 115912.32187164476,
        "min_sharpness": 20.9958607290456,
        "max_sharpness": 1647.8677431757017
      },
      "perspective": {
        "has_vanishing_point": 1,
        "perspective_strength": 0.8842975206611571
      }
    },
    "contrast_color": {
      "high_contrast_ratio": 0.46497344970703125,
      "low_contrast_ratio": 0.5350265502929688,
      "mean_contrast": 10.246533393859863,
      "highlight_ratio": 0.0042088828049600124,
      "shadow_ratio": 0.13385772705078125,
      "midtone_ratio": 0.8619334101676941,
      "warm_color_ratio": 0.9971644083658854,
      "cool_color_ratio": 0.0,
      "complementary_color_score": 0.0
    },
    "motion_dynamics": {
      "s_curve_count": 193,
      "motion_blur_score": 21.89181058963856,
      "dominant_direction_deg": -85.0,
      "direction_strength": 0.057380676269385325
    },
    "pattern_rhythm": {
      "repetition_score": 1.0,
      "rhythm_score": 1.0,
      "pattern_breaks": 1
    },
    "visual_mass_focus": {
      "point_of_interest": {
        "x": 0.513671875,
        "y": 0.5169270833333334,
        "strength": 1.0
      },
      "visual_mass_concentration": 0.19996134440104166,
      "mean_visual_weight": 0.5259239077568054,
      "face_count": 0,
      "has_directional_cues": 0
    },
    "framing_breathing": {
      "frame_in_frame_count": 0,
      "breathing_space": {
        "top": 0.4765625,
        "bottom": 0.4583333333333333,
        "left": 0.474609375,
        "right": 0.4453125,
        "min_margin": 0.4453125,
        "mean_margin": 0.4637044270833333
      },
      "corner_anchors": {
        "top_left": 0.0758051797747612,
        "top_right": 0.08174259960651398,
        "bottom_left": 0.2755291759967804,
        "bottom_right": 0.2829623818397522,
        "max_corner_weight": 0.2829623818397522,
        "has_corner_subject": 0
      }
    }
  }
}