{
  "meta": {
    "_dataset": "tvm board - Nov 22nd 2025 (5060 images)",
    "_label": "",
    "_relpath": "4991. aesthetic blurry.jpg",
    "_filename": "4991. aesthetic blurry.jpg",
    "_width": 1224,
    "_height": 1632
  },
  "features": {
    "geometric_structural": {
      "leading_lines": {
        "diagonal": 0,
        "vertical": 0,
        "horizontal": 0,
        "curved": 454
      },
      "leading_lines_strength": 0.664714494875549,
      "symmetry_vertical": 0.2979808847926781,
      "symmetry_horizontal": 0.17677741212308815,
      "symmetry_radial": 0.16870993665882814,
      "rule_of_thirds": {
        "alignment_score": 0,
        "num_salient_objects": 1
      },
      "golden_ratio": {
        "golden_alignment_score": 0
      },
      "balance": {
        "static_balance": 0.9671369194984436,
        "dynamic_balance": 1.0,
        "dominant_quadrant": 1
      },
      "layering": {
        "foreground_ratio": 0.2997489247803807,
        "midground_ratio": 0.32867404831625185,
        "background_ratio": 0.37157702690336747,
        "depth_complexity": 1.1207813488697251
      }
    },
    "spatial_layout": {
      "negative_space_ratio": 0.5300003431551976,
      "subject_isolation": 0.10000114385065886,
      "depth_of_field": {
        "blur_gradient_strength": 134.30642087618173,
        "sharpness_variance": 83873.13147164347,
        "min_sharpness": 552.1880382545174,
        "max_sharpness": 1658.217320261438
      },
      "perspective": {
        "has_vanishing_point": 0,
        "perspective_strength": 0.0
      }
    },
    "contrast_color": {
      "high_contrast_ratio": 0.4155008922035139,
      "low_contrast_ratio": 0.5844991077964861,
      "mean_contrast": 11.128936767578125,
      "highlight_ratio": 0.00018873535736929625,
      "shadow_ratio": 0.5091822743415833,
      "midtone_ratio": 0.49062901735305786,
      "warm_color_ratio": 0.8773963671303074,
      "cool_color_ratio": 9.722730600292826e-05,
      "complementary_color_score": 1.8888888888888888
    },
    "motion_dynamics": {
      "s_curve_count": 281,
      "motion_blur_score": 11.558716343002327,
      "dominant_direction_deg": -85.0,
      "direction_strength": 0.030426427525535246
    },
    "pattern_rhythm": {
      "repetition_score": 1.0,
      "rhythm_score": 1.0,
      "pattern_breaks": 0
    },
    "visual_mass_focus": {
      "point_of_interest": {
        "x": 0.572265625,
        "y": 0.43045387994143486,
        "strength": 1.0
      },
      "visual_mass_concentration": 0.19965913250366032,
      "mean_visual_weight": 0.15200360119342804,
      "face_count": 0,
      "has_directional_cues": 0
    },
    "framing_breathing": {
      "frame_in_frame_count": 0,
      "breathing_space": {
        "top": 0.3850658857979502,
        "bottom": 0.5578330893118595,
        "left": 0.544921875,
        "right": 0.384765625,
        "min_margin": 0.384765625,
        "mean_margin": 0.46814661877745245
      },
      "corner_anchors": {
        "top_left": 0.15829971432685852,
        "top_right": 0.08764506131410599,
        "bottom_left": 0.14833050966262817,
        "bottom_right": 0.18476685881614685,
        "max_corner_weight": 0.18476685881614685,
        "has_corner_subject": 0
      }
    }
  }
}