{
  "meta": {
    "_dataset": "tvm board - Nov 22nd 2025 (5060 images)",
    "_label": "",
    "_relpath": "4996. Lovely.jpg",
    "_filename": "4996. Lovely.jpg",
    "_width": 901,
    "_height": 1200
  },
  "features": {
    "geometric_structural": {
      "leading_lines": {
        "diagonal": 0,
        "vertical": 1,
        "horizontal": 1,
        "curved": 44
      },
      "leading_lines_strength": 0.06744868035190615,
      "symmetry_vertical": 0.5674371816999035,
      "symmetry_horizontal": 0.5424039236113499,
      "symmetry_radial": 0.40466845976901716,
      "rule_of_thirds": {
        "alignment_score": 0,
        "num_salient_objects": 1
      },
      "golden_ratio": {
        "golden_alignment_score": 1
      },
      "balance": {
        "static_balance": 0.8929507732391357,
        "dynamic_balance": 1.0,
        "dominant_quadrant": 1
      },
      "layering": {
        "foreground_ratio": 0.2610629353005865,
        "midground_ratio": 0.3728063141495601,
        "background_ratio": 0.3661307505498534,
        "depth_complexity": 0.04417081980790925
      }
    },
    "spatial_layout": {
      "negative_space_ratio": 0.7055076979472141,
      "subject_isolation": 0.10000171829178886,
      "depth_of_field": {
        "blur_gradient_strength": 64.22342241225522,
        "sharpness_variance": 7794.224746297543,
        "min_sharpness": 2.724441164223008,
        "max_sharpness": 336.3822568242983
      },
      "perspective": {
        "has_vanishing_point": 1,
        "perspective_strength": 0.9259259259259259
      }
    },
    "contrast_color": {
      "high_contrast_ratio": 0.3724397452346041,
      "low_contrast_ratio": 0.6275602547653959,
      "mean_contrast": 13.944938659667969,
      "highlight_ratio": 0.0010452942224219441,
      "shadow_ratio": 0.6932648420333862,
      "midtone_ratio": 0.30568987131118774,
      "warm_color_ratio": 0.8527452575146628,
      "cool_color_ratio": 0.14455416055718476,
      "complementary_color_score": 0.8888888888888888
    },
    "motion_dynamics": {
      "s_curve_count": 69,
      "motion_blur_score": 9.571856004262505,
      "dominant_direction_deg": 4.999999999999995,
      "direction_strength": 0.094033518144892
    },
    "pattern_rhythm": {
      "repetition_score": 1.0,
      "rhythm_score": 1.0,
      "pattern_breaks": 1
    },
    "visual_mass_focus": {
      "point_of_interest": {
        "x": 0.646484375,
        "y": 0.5703812316715543,
        "strength": 1.0
      },
      "visual_mass_concentration": 0.19979437774926687,
      "mean_visual_weight": 0.1560397446155548,
      "face_count": 0,
      "has_directional_cues": 0
    },
    "framing_breathing": {
      "frame_in_frame_count": 0,
      "breathing_space": {
        "top": 0.45161290322580644,
        "bottom": 0.3812316715542522,
        "left": 0.451171875,
        "right": 0.23046875,
        "min_margin": 0.23046875,
        "mean_margin": 0.37862129994501464
      },
      "corner_anchors": {
        "top_left": 0.1653175801038742,
        "top_right": 0.18339654803276062,
        "bottom_left": 0.19860965013504028,
        "bottom_right": 0.16736453771591187,
        "max_corner_weight": 0.19860965013504028,
        "has_corner_subject": 0
      }
    }
  }
}