{
  "meta": {
    "_dataset": "tvm board - Nov 22nd 2025 (5060 images)",
    "_label": "",
    "_relpath": "5001. .jpg",
    "_filename": "5001. .jpg",
    "_width": 663,
    "_height": 662
  },
  "features": {
    "geometric_structural": {
      "leading_lines": {
        "diagonal": 0,
        "vertical": 2,
        "horizontal": 5,
        "curved": 23
      },
      "leading_lines_strength": 0.05847953216374269,
      "symmetry_vertical": 0.7632408635909474,
      "symmetry_horizontal": 0.7411642290256495,
      "symmetry_radial": 0.7352708852232203,
      "rule_of_thirds": {
        "alignment_score": 0,
        "num_salient_objects": 8
      },
      "golden_ratio": {
        "golden_alignment_score": 2
      },
      "balance": {
        "static_balance": 0.8454327583312988,
        "dynamic_balance": 1.0,
        "dominant_quadrant": 2
      },
      "layering": {
        "foreground_ratio": 0.3230841861598441,
        "midground_ratio": 0.0,
        "background_ratio": 0.676915813840156,
        "depth_complexity": 0.1763179416670047
      }
    },
    "spatial_layout": {
      "negative_space_ratio": 0.11773574561403509,
      "subject_isolation": 0.10000152290448343,
      "depth_of_field": {
        "blur_gradient_strength": 4207.255952205412,
        "sharpness_variance": 63296114.848964065,
        "min_sharpness": 7.06458684671749,
        "max_sharpness": 38797.87168396771
      },
      "perspective": {
        "has_vanishing_point": 1,
        "perspective_strength": 0.9302325581395349
      }
    },
    "contrast_color": {
      "high_contrast_ratio": 0.24739583333333334,
      "low_contrast_ratio": 0.7526041666666666,
      "mean_contrast": 8.955816268920898,
      "highlight_ratio": 0.0,
      "shadow_ratio": 0.007953369058668613,
      "midtone_ratio": 0.9920466542243958,
      "warm_color_ratio": 0.9996573464912281,
      "cool_color_ratio": 3.807261208576998e-06,
      "complementary_color_score": 0.4444444444444444
    },
    "motion_dynamics": {
      "s_curve_count": 21,
      "motion_blur_score": 21.674174835592037,
      "dominant_direction_deg": -85.0,
      "direction_strength": 0.06186799463914067
    },
    "pattern_rhythm": {
      "repetition_score": 1.0,
      "rhythm_score": 1.0,
      "pattern_breaks": 2
    },
    "visual_mass_focus": {
      "point_of_interest": {
        "x": 0.4853801169590643,
        "y": 0.720703125,
        "strength": 1.0
      },
      "visual_mass_concentration": 0.19280732212475635,
      "mean_visual_weight": 0.6393433809280396,
      "face_count": 0,
      "has_directional_cues": 0
    },
    "framing_breathing": {
      "frame_in_frame_count": 0,
      "breathing_space": {
        "top": 0.61328125,
        "bottom": 0.26953125,
        "left": 0.5009746588693957,
        "right": 0.46393762183235865,
        "min_margin": 0.26953125,
        "mean_margin": 0.46193119517543857
      },
      "corner_anchors": {
        "top_left": 0.05970614403486252,
        "top_right": 0.04691208526492119,
        "bottom_left": 0.2185365855693817,
        "bottom_right": 0.051732223480939865,
        "max_corner_weight": 0.2185365855693817,
        "has_corner_subject": 0
      }
    }
  }
}