{
  "meta": {
    "_dataset": "tvm board - Nov 22nd 2025 (5060 images)",
    "_label": "",
    "_relpath": "5008. .jpg",
    "_filename": "5008. .jpg",
    "_width": 683,
    "_height": 1024
  },
  "features": {
    "geometric_structural": {
      "leading_lines": {
        "diagonal": 12,
        "vertical": 7,
        "horizontal": 0,
        "curved": 17
      },
      "leading_lines_strength": 0.046875,
      "symmetry_vertical": 0.4977821705927962,
      "symmetry_horizontal": 0.27728802959847976,
      "symmetry_radial": 0.24443763622187906,
      "rule_of_thirds": {
        "alignment_score": 0,
        "num_salient_objects": 29
      },
      "golden_ratio": {
        "golden_alignment_score": 0
      },
      "balance": {
        "static_balance": 0.7787250876426697,
        "dynamic_balance": 1.0,
        "dominant_quadrant": 0
      },
      "layering": {
        "foreground_ratio": 0.16881306966145834,
        "midground_ratio": 0.17322540283203125,
        "background_ratio": 0.6579615275065104,
        "depth_complexity": 0.34585377234530285
      }
    },
    "spatial_layout": {
      "negative_space_ratio": 0.6379470825195312,
      "subject_isolation": 0.09999847412109375,
      "depth_of_field": {
        "blur_gradient_strength": 287.305501623132,
        "sharpness_variance": 613125.9410945376,
        "min_sharpness": 0.0,
        "max_sharpness": 3918.397513983693
      },
      "perspective": {
        "has_vanishing_point": 1,
        "perspective_strength": 0.9930434782608696
      }
    },
    "contrast_color": {
      "high_contrast_ratio": 0.31114959716796875,
      "low_contrast_ratio": 0.6888504028320312,
      "mean_contrast": 16.06108283996582,
      "highlight_ratio": 0.25039926171302795,
      "shadow_ratio": 0.3914235532283783,
      "midtone_ratio": 0.35817721486091614,
      "warm_color_ratio": 0.017606099446614582,
      "cool_color_ratio": 0.47831980387369794,
      "complementary_color_score": 2.5
    },
    "motion_dynamics": {
      "s_curve_count": 42,
      "motion_blur_score": 11.78888497071506,
      "dominant_direction_deg": 4.999999999999995,
      "direction_strength": 0.40033467610575274
    },
    "pattern_rhythm": {
      "repetition_score": 1.0,
      "rhythm_score": 1.0,
      "pattern_breaks": 14
    },
    "visual_mass_focus": {
      "point_of_interest": {
        "x": 0.255859375,
        "y": 0.19010416666666666,
        "strength": 1.0
      },
      "visual_mass_concentration": 0.1999053955078125,
      "mean_visual_weight": 0.07975120097398758,
      "face_count": 0,
      "has_directional_cues": 0
    },
    "framing_breathing": {
      "frame_in_frame_count": 0,
      "breathing_space": {
        "top": 0.0,
        "bottom": 0.4700520833333333,
        "left": 0.0,
        "right": 0.431640625,
        "min_margin": 0.0,
        "mean_margin": 0.22542317708333331
      },
      "corner_anchors": {
        "top_left": 0.8942350149154663,
        "top_right": 0.6752464771270752,
        "bottom_left": 0.3657971918582916,
        "bottom_right": 0.4371046721935272,
        "max_corner_weight": 0.8942350149154663,
        "has_corner_subject": 1
      }
    }
  }
}