{
  "meta": {
    "_dataset": "tvm board - Nov 22nd 2025 (5060 images)",
    "_label": "",
    "_relpath": "5023. .jpg",
    "_filename": "5023. .jpg",
    "_width": 1080,
    "_height": 1920
  },
  "features": {
    "geometric_structural": {
      "leading_lines": {
        "diagonal": 22,
        "vertical": 1,
        "horizontal": 6,
        "curved": 308
      },
      "leading_lines_strength": 0.37032967032967035,
      "symmetry_vertical": 0.44445295927525563,
      "symmetry_horizontal": 0.3647948362709397,
      "symmetry_radial": 0.22713784482475563,
      "rule_of_thirds": {
        "alignment_score": 1,
        "num_salient_objects": 14
      },
      "golden_ratio": {
        "golden_alignment_score": 1
      },
      "balance": {
        "static_balance": 0.8329761028289795,
        "dynamic_balance": 1.0,
        "dominant_quadrant": 0
      },
      "layering": {
        "foreground_ratio": 0.27565247252747255,
        "midground_ratio": 0.28988238324175825,
        "background_ratio": 0.4344651442307692,
        "depth_complexity": 0.19513590270515174
      }
    },
    "spatial_layout": {
      "negative_space_ratio": 0.7442801339285714,
      "subject_isolation": 0.1,
      "depth_of_field": {
        "blur_gradient_strength": 173.7824731413649,
        "sharpness_variance": 87783.53673433712,
        "min_sharpness": 0.04152249134948097,
        "max_sharpness": 1701.1881024673178
      },
      "perspective": {
        "has_vanishing_point": 1,
        "perspective_strength": 0.998995983935743
      }
    },
    "contrast_color": {
      "high_contrast_ratio": 0.43565418956043955,
      "low_contrast_ratio": 0.5643458104395604,
      "mean_contrast": 20.174057006835938,
      "highlight_ratio": 0.11734846979379654,
      "shadow_ratio": 0.4148051142692566,
      "midtone_ratio": 0.4678463935852051,
      "warm_color_ratio": 0.23748712225274726,
      "cool_color_ratio": 0.17649167239010988,
      "complementary_color_score": 2.1666666666666665
    },
    "motion_dynamics": {
      "s_curve_count": 251,
      "motion_blur_score": 9.592155561220007,
      "dominant_direction_deg": 4.999999999999995,
      "direction_strength": 0.25694539835109687
    },
    "pattern_rhythm": {
      "repetition_score": 1.0,
      "rhythm_score": 1.0,
      "pattern_breaks": 2
    },
    "visual_mass_focus": {
      "point_of_interest": {
        "x": 0.5234375,
        "y": 0.08681318681318681,
        "strength": 1.0
      },
      "visual_mass_concentration": 0.19863710508241758,
      "mean_visual_weight": 0.06297112256288528,
      "face_count": 0,
      "has_directional_cues": 0
    },
    "framing_breathing": {
      "frame_in_frame_count": 0,
      "breathing_space": {
        "top": 0.0,
        "bottom": 0.7021978021978021,
        "left": 0.134765625,
        "right": 0.0,
        "min_margin": 0.0,
        "mean_margin": 0.20924085679945054
      },
      "corner_anchors": {
        "top_left": 0.33463719487190247,
        "top_right": 0.831883430480957,
        "bottom_left": 0.4301545023918152,
        "bottom_right": 0.19552947580814362,
        "max_corner_weight": 0.831883430480957,
        "has_corner_subject": 1
      }
    }
  }
}