{
  "meta": {
    "_dataset": "tvm board - Nov 22nd 2025 (5060 images)",
    "_label": "",
    "_relpath": "5055. .jpg",
    "_filename": "5055. .jpg",
    "_width": 736,
    "_height": 920
  },
  "features": {
    "geometric_structural": {
      "leading_lines": {
        "diagonal": 0,
        "vertical": 5,
        "horizontal": 1,
        "curved": 25
      },
      "leading_lines_strength": 0.0484375,
      "symmetry_vertical": 0.41109763577398506,
      "symmetry_horizontal": 0.49693308580259604,
      "symmetry_radial": 0.38551923881269223,
      "rule_of_thirds": {
        "alignment_score": 1,
        "num_salient_objects": 26
      },
      "golden_ratio": {
        "golden_alignment_score": 3
      },
      "balance": {
        "static_balance": 0.751783013343811,
        "dynamic_balance": 1.0,
        "dominant_quadrant": 1
      },
      "layering": {
        "foreground_ratio": 0.2189697265625,
        "midground_ratio": 0.1887969970703125,
        "background_ratio": 0.5922332763671875,
        "depth_complexity": 0.09939146738491021
      }
    },
    "spatial_layout": {
      "negative_space_ratio": 0.7933135986328125,
      "subject_isolation": 0.1,
      "depth_of_field": {
        "blur_gradient_strength": 142.45191348855863,
        "sharpness_variance": 49145.769007356525,
        "min_sharpness": 0.0,
        "max_sharpness": 1120.4411313130238
      },
      "perspective": {
        "has_vanishing_point": 1,
        "perspective_strength": 0.9354838709677419
      }
    },
    "contrast_color": {
      "high_contrast_ratio": 0.3101898193359375,
      "low_contrast_ratio": 0.6898101806640625,
      "mean_contrast": 16.311473846435547,
      "highlight_ratio": 0.07429198920726776,
      "shadow_ratio": 0.742236316204071,
      "midtone_ratio": 0.1834716796875,
      "warm_color_ratio": 0.2081787109375,
      "cool_color_ratio": 0.004986572265625,
      "complementary_color_score": 2.2777777777777777
    },
    "motion_dynamics": {
      "s_curve_count": 42,
      "motion_blur_score": 8.710991057204769,
      "dominant_direction_deg": 4.999999999999995,
      "direction_strength": 0.4745452880844893
    },
    "pattern_rhythm": {
      "repetition_score": 1.0,
      "rhythm_score": 1.0,
      "pattern_breaks": 9
    },
    "visual_mass_focus": {
      "point_of_interest": {
        "x": 0.8125,
        "y": 0.36875,
        "strength": 1.0
      },
      "visual_mass_concentration": 0.199932861328125,
      "mean_visual_weight": 0.01761859655380249,
      "face_count": 0,
      "has_directional_cues": 0
    },
    "framing_breathing": {
      "frame_in_frame_count": 0,
      "breathing_space": {
        "top": 0.1796875,
        "bottom": 0.315625,
        "left": 0.646484375,
        "right": 0.015625,
        "min_margin": 0.015625,
        "mean_margin": 0.28935546875
      },
      "corner_anchors": {
        "top_left": 0.2456580549478531,
        "top_right": 0.28530117869377136,
        "bottom_left": 0.23906801640987396,
        "bottom_right": 0.2412518411874771,
        "max_corner_weight": 0.28530117869377136,
        "has_corner_subject": 0
      }
    }
  }
}