{
  "meta": {
    "_dataset": "tvm board - Nov 22nd 2025 (5060 images)",
    "_label": "",
    "_relpath": "5057. .jpg",
    "_filename": "5057. .jpg",
    "_width": 500,
    "_height": 750
  },
  "features": {
    "geometric_structural": {
      "leading_lines": {
        "diagonal": 10,
        "vertical": 10,
        "horizontal": 0,
        "curved": 249
      },
      "leading_lines_strength": 0.3502604166666667,
      "symmetry_vertical": 0.2794011815414858,
      "symmetry_horizontal": 0.2824441551959263,
      "symmetry_radial": 0.25428272566370796,
      "rule_of_thirds": {
        "alignment_score": 0,
        "num_salient_objects": 5
      },
      "golden_ratio": {
        "golden_alignment_score": 0
      },
      "balance": {
        "static_balance": 0.8471860289573669,
        "dynamic_balance": 1.0,
        "dominant_quadrant": 1
      },
      "layering": {
        "foreground_ratio": 0.3095804850260417,
        "midground_ratio": 0.22890218098958334,
        "background_ratio": 0.461517333984375,
        "depth_complexity": 0.2608745087350447
      }
    },
    "spatial_layout": {
      "negative_space_ratio": 0.786346435546875,
      "subject_isolation": 0.10000101725260417,
      "depth_of_field": {
        "blur_gradient_strength": 240.3317160463079,
        "sharpness_variance": 177080.00767158475,
        "min_sharpness": 1.2941176470588236,
        "max_sharpness": 2846.4890740127307
      },
      "perspective": {
        "has_vanishing_point": 1,
        "perspective_strength": 0.9725121781489213
      }
    },
    "contrast_color": {
      "high_contrast_ratio": 0.3836517333984375,
      "low_contrast_ratio": 0.6163482666015625,
      "mean_contrast": 15.184738159179688,
      "highlight_ratio": 0.01913960836827755,
      "shadow_ratio": 0.7395527958869934,
      "midtone_ratio": 0.24130761623382568,
      "warm_color_ratio": 0.5211537679036459,
      "cool_color_ratio": 0.2686309814453125,
      "complementary_color_score": 2.5
    },
    "motion_dynamics": {
      "s_curve_count": 245,
      "motion_blur_score": 6.756694619479161,
      "dominant_direction_deg": 4.999999999999995,
      "direction_strength": 0.08853149414039985
    },
    "pattern_rhythm": {
      "repetition_score": 1.0,
      "rhythm_score": 1.0,
      "pattern_breaks": 1
    },
    "visual_mass_focus": {
      "point_of_interest": {
        "x": 0.66015625,
        "y": 0.25,
        "strength": 1.0
      },
      "visual_mass_concentration": 0.19994354248046875,
      "mean_visual_weight": 0.058123648166656494,
      "face_count": 0,
      "has_directional_cues": 0
    },
    "framing_breathing": {
      "frame_in_frame_count": 0,
      "breathing_space": {
        "top": 0.10546875,
        "bottom": 0.5885416666666666,
        "left": 0.529296875,
        "right": 0.275390625,
        "min_margin": 0.10546875,
        "mean_margin": 0.37467447916666663
      },
      "corner_anchors": {
        "top_left": 0.17429101467132568,
        "top_right": 0.13909903168678284,
        "bottom_left": 0.1325092911720276,
        "bottom_right": 0.1806955486536026,
        "max_corner_weight": 0.1806955486536026,
        "has_corner_subject": 0
      }
    }
  }
}