{
  "meta": {
    "_dataset": "tvm board - Nov 22nd 2025 (5060 images)",
    "_label": "",
    "_relpath": "5060. .jpg",
    "_filename": "5060. .jpg",
    "_width": 500,
    "_height": 500
  },
  "features": {
    "geometric_structural": {
      "leading_lines": {
        "diagonal": 27,
        "vertical": 6,
        "horizontal": 0,
        "curved": 183
      },
      "leading_lines_strength": 0.421875,
      "symmetry_vertical": 0.35115482083690636,
      "symmetry_horizontal": 0.41339707223896793,
      "symmetry_radial": 0.3562336107809077,
      "rule_of_thirds": {
        "alignment_score": 0,
        "num_salient_objects": 42
      },
      "golden_ratio": {
        "golden_alignment_score": 0
      },
      "balance": {
        "static_balance": 0.8734769821166992,
        "dynamic_balance": 1.0,
        "dominant_quadrant": 0
      },
      "layering": {
        "foreground_ratio": 0.3310279846191406,
        "midground_ratio": 0.26238250732421875,
        "background_ratio": 0.4065895080566406,
        "depth_complexity": 0.681169009201214
      }
    },
    "spatial_layout": {
      "negative_space_ratio": 0.1316375732421875,
      "subject_isolation": 0.10000228881835938,
      "depth_of_field": {
        "blur_gradient_strength": 393.0256941750422,
        "sharpness_variance": 497498.2805068798,
        "min_sharpness": 0.0,
        "max_sharpness": 2721.8556238018646
      },
      "perspective": {
        "has_vanishing_point": 1,
        "perspective_strength": 0.9830166470489322
      }
    },
    "contrast_color": {
      "high_contrast_ratio": 0.47625732421875,
      "low_contrast_ratio": 0.52374267578125,
      "mean_contrast": 14.972474098205566,
      "highlight_ratio": 0.0,
      "shadow_ratio": 0.102325439453125,
      "midtone_ratio": 0.897674560546875,
      "warm_color_ratio": 0.0,
      "cool_color_ratio": 0.0,
      "complementary_color_score": 0.0
    },
    "motion_dynamics": {
      "s_curve_count": 137,
      "motion_blur_score": 6.869891732029186,
      "dominant_direction_deg": 4.999999999999995,
      "direction_strength": 0.3324050903307632
    },
    "pattern_rhythm": {
      "repetition_score": 1.0,
      "rhythm_score": 1.0,
      "pattern_breaks": 6
    },
    "visual_mass_focus": {
      "point_of_interest": {
        "x": 0.181640625,
        "y": 0.294921875,
        "strength": 1.0
      },
      "visual_mass_concentration": 0.0,
      "mean_visual_weight": 0.0,
      "face_count": 0,
      "has_directional_cues": 0
    },
    "framing_breathing": {
      "frame_in_frame_count": 0,
      "breathing_space": {
        "top": 0.365234375,
        "bottom": 0.345703125,
        "left": 0.0,
        "right": 0.79296875,
        "min_margin": 0.0,
        "mean_margin": 0.3759765625
      },
      "corner_anchors": {
        "top_left": 0.22035929560661316,
        "top_right": 0.12303431332111359,
        "bottom_left": 0.09849971532821655,
        "bottom_right": 0.1400904804468155,
        "max_corner_weight": 0.22035929560661316,
        "has_corner_subject": 0
      }
    }
  }
}