{
  "meta": {
    "_dataset": "tvm_data",
    "_label": "testImages_artphoto",
    "_relpath": "testImages_artphoto/contentment_0080.jpg",
    "_filename": "contentment_0080.jpg",
    "_width": 405,
    "_height": 494
  },
  "features": {
    "geometric_structural": {
      "leading_lines": {
        "diagonal": 6,
        "vertical": 3,
        "horizontal": 0,
        "curved": 324
      },
      "leading_lines_strength": 0.5328,
      "symmetry_vertical": 0.2236715739269076,
      "symmetry_horizontal": 0.1701160857149952,
      "symmetry_radial": 0.13512253371906974,
      "rule_of_thirds": {
        "alignment_score": 1,
        "num_salient_objects": 19
      },
      "golden_ratio": {
        "golden_alignment_score": 4
      },
      "balance": {
        "static_balance": 0.868000864982605,
        "dynamic_balance": 1.0,
        "dominant_quadrant": 0
      },
      "layering": {
        "foreground_ratio": 0.299490625,
        "midground_ratio": 0.263359375,
        "background_ratio": 0.43715,
        "depth_complexity": 0.09946749140527344
      }
    },
    "spatial_layout": {
      "negative_space_ratio": 0.7358625,
      "subject_isolation": 0.1,
      "depth_of_field": {
        "blur_gradient_strength": 66.09651090897702,
        "sharpness_variance": 7936.937186548808,
        "min_sharpness": 3.5937622548095765,
        "max_sharpness": 575.8531558781476
      },
      "perspective": {
        "has_vanishing_point": 1,
        "perspective_strength": 0.9917638984214139
      }
    },
    "contrast_color": {
      "high_contrast_ratio": 0.408478125,
      "low_contrast_ratio": 0.591521875,
      "mean_contrast": 30.110065460205078,
      "highlight_ratio": 0.15360938012599945,
      "shadow_ratio": 0.47756561636924744,
      "midtone_ratio": 0.3688249886035919,
      "warm_color_ratio": 0.2257875,
      "cool_color_ratio": 0.0216375,
      "complementary_color_score": 1.2777777777777777
    },
    "motion_dynamics": {
      "s_curve_count": 384,
      "motion_blur_score": 8.203786731548297,
      "dominant_direction_deg": 4.999999999999995,
      "direction_strength": 0.06978437499978192
    },
    "pattern_rhythm": {
      "repetition_score": 1.0,
      "rhythm_score": 1.0,
      "pattern_breaks": 7
    },
    "visual_mass_focus": {
      "point_of_interest": {
        "x": 0.40625,
        "y": 0.3008,
        "strength": 1.0
      },
      "visual_mass_concentration": 0.199978125,
      "mean_visual_weight": 0.17274750769138336,
      "face_count": 0,
      "has_directional_cues": 0
    },
    "framing_breathing": {
      "frame_in_frame_count": 0,
      "breathing_space": {
        "top": 0.0192,
        "bottom": 0.3728,
        "left": 0.0,
        "right": 0.294921875,
        "min_margin": 0.0,
        "mean_margin": 0.17173046875
      },
      "corner_anchors": {
        "top_left": 0.24330127239227295,
        "top_right": 0.32639357447624207,
        "bottom_left": 0.37986427545547485,
        "bottom_right": 0.3100877106189728,
        "max_corner_weight": 0.37986427545547485,
        "has_corner_subject": 1
      }
    }
  }
}