{
  "meta": {
    "_dataset": "tvm_data",
    "_label": "testImages_artphoto",
    "_relpath": "testImages_artphoto/fear_0926.jpg",
    "_filename": "fear_0926.jpg",
    "_width": 437,
    "_height": 457
  },
  "features": {
    "geometric_structural": {
      "leading_lines": {
        "diagonal": 29,
        "vertical": 14,
        "horizontal": 1,
        "curved": 363
      },
      "leading_lines_strength": 0.7607476635514019,
      "symmetry_vertical": 0.1462527482673467,
      "symmetry_horizontal": 0.17353399809701117,
      "symmetry_radial": 0.1293027425238396,
      "rule_of_thirds": {
        "alignment_score": 1,
        "num_salient_objects": 11
      },
      "golden_ratio": {
        "golden_alignment_score": 1
      },
      "balance": {
        "static_balance": 0.8625359535217285,
        "dynamic_balance": 1.0,
        "dominant_quadrant": 3
      },
      "layering": {
        "foreground_ratio": 0.3324364778037383,
        "midground_ratio": 0.2853862441588785,
        "background_ratio": 0.38217727803738316,
        "depth_complexity": 0.4417957139415743
      }
    },
    "spatial_layout": {
      "negative_space_ratio": 0.6931439836448599,
      "subject_isolation": 0.1,
      "depth_of_field": {
        "blur_gradient_strength": 404.3472559554836,
        "sharpness_variance": 329940.64153319475,
        "min_sharpness": 10.864992777006922,
        "max_sharpness": 3177.7779660944293
      },
      "perspective": {
        "has_vanishing_point": 1,
        "perspective_strength": 0.9991126885536823
      }
    },
    "contrast_color": {
      "high_contrast_ratio": 0.4241311331775701,
      "low_contrast_ratio": 0.5758688668224299,
      "mean_contrast": 32.62202453613281,
      "highlight_ratio": 0.05029935762286186,
      "shadow_ratio": 0.43712398409843445,
      "midtone_ratio": 0.512576699256897,
      "warm_color_ratio": 0.6001423773364486,
      "cool_color_ratio": 0.014573598130841121,
      "complementary_color_score": 2.4444444444444446
    },
    "motion_dynamics": {
      "s_curve_count": 363,
      "motion_blur_score": 5.896445667909562,
      "dominant_direction_deg": 4.999999999999995,
      "direction_strength": 0.04687499999982887
    },
    "pattern_rhythm": {
      "repetition_score": 1.0,
      "rhythm_score": 1.0,
      "pattern_breaks": 4
    },
    "visual_mass_focus": {
      "point_of_interest": {
        "x": 0.150390625,
        "y": 0.7813084112149533,
        "strength": 1.0
      },
      "visual_mass_concentration": 0.19995984228971964,
      "mean_visual_weight": 0.20065847039222717,
      "face_count": 1,
      "has_directional_cues": 1
    },
    "framing_breathing": {
      "frame_in_frame_count": 0,
      "breathing_space": {
        "top": 0.36261682242990656,
        "bottom": 0.31588785046728973,
        "left": 0.513671875,
        "right": 0.130859375,
        "min_margin": 0.130859375,
        "mean_margin": 0.3307589807242991
      },
      "corner_anchors": {
        "top_left": 0.22203578054904938,
        "top_right": 0.2609032988548279,
        "bottom_left": 0.5058117508888245,
        "bottom_right": 0.2721779942512512,
        "max_corner_weight": 0.5058117508888245,
        "has_corner_subject": 1
      }
    }
  }
}