{
  "meta": {
    "_dataset": "tvm_data",
    "_label": "testImages_artphoto",
    "_relpath": "testImages_artphoto/fear_0708.jpg",
    "_filename": "fear_0708.jpg",
    "_width": 368,
    "_height": 543
  },
  "features": {
    "geometric_structural": {
      "leading_lines": {
        "diagonal": 7,
        "vertical": 1,
        "horizontal": 1,
        "curved": 149
      },
      "leading_lines_strength": 0.20927152317880796,
      "symmetry_vertical": 0.28949825818252023,
      "symmetry_horizontal": 0.26861055693062863,
      "symmetry_radial": 0.21219883828894848,
      "rule_of_thirds": {
        "alignment_score": 0,
        "num_salient_objects": 36
      },
      "golden_ratio": {
        "golden_alignment_score": 6
      },
      "balance": {
        "static_balance": 0.8399983644485474,
        "dynamic_balance": 1.0,
        "dominant_quadrant": 2
      },
      "layering": {
        "foreground_ratio": 0.3331177566225166,
        "midground_ratio": 0.28015573261589405,
        "background_ratio": 0.3867265107615894,
        "depth_complexity": 0.0918592539800886
      }
    },
    "spatial_layout": {
      "negative_space_ratio": 0.5730158319536424,
      "subject_isolation": 0.1,
      "depth_of_field": {
        "blur_gradient_strength": 109.13669150949828,
        "sharpness_variance": 20839.579931495744,
        "min_sharpness": 4.901960784313726,
        "max_sharpness": 1173.8024798154554
      },
      "perspective": {
        "has_vanishing_point": 1,
        "perspective_strength": 0.9870689655172413
      }
    },
    "contrast_color": {
      "high_contrast_ratio": 0.44100010347682117,
      "low_contrast_ratio": 0.5589998965231788,
      "mean_contrast": 31.742700576782227,
      "highlight_ratio": 0.09462955594062805,
      "shadow_ratio": 0.07721440494060516,
      "midtone_ratio": 0.828156054019928,
      "warm_color_ratio": 0.0005639486754966887,
      "cool_color_ratio": 0.9268211920529801,
      "complementary_color_score": 2.7222222222222223
    },
    "motion_dynamics": {
      "s_curve_count": 307,
      "motion_blur_score": 10.994210349606561,
      "dominant_direction_deg": 4.999999999999995,
      "direction_strength": 0.06823778973492281
    },
    "pattern_rhythm": {
      "repetition_score": 1.0,
      "rhythm_score": 1.0,
      "pattern_breaks": 13
    },
    "visual_mass_focus": {
      "point_of_interest": {
        "x": 0.357421875,
        "y": 0.856953642384106,
        "strength": 1.0
      },
      "visual_mass_concentration": 0.19963524420529802,
      "mean_visual_weight": 0.24240237474441528,
      "face_count": 0,
      "has_directional_cues": 0
    },
    "framing_breathing": {
      "frame_in_frame_count": 0,
      "breathing_space": {
        "top": 0.713907284768212,
        "bottom": 0.0,
        "left": 0.041015625,
        "right": 0.62109375,
        "min_margin": 0.0,
        "mean_margin": 0.344004164942053
      },
      "corner_anchors": {
        "top_left": 0.19231465458869934,
        "top_right": 0.19009633362293243,
        "bottom_left": 0.762991726398468,
        "bottom_right": 0.3458692729473114,
        "max_corner_weight": 0.762991726398468,
        "has_corner_subject": 1
      }
    }
  }
}