{
  "meta": {
    "_dataset": "tvm_data",
    "_label": "testImages_artphoto",
    "_relpath": "testImages_artphoto/fear_0970.jpg",
    "_filename": "fear_0970.jpg",
    "_width": 547,
    "_height": 365
  },
  "features": {
    "geometric_structural": {
      "leading_lines": {
        "diagonal": 109,
        "vertical": 0,
        "horizontal": 10,
        "curved": 697
      },
      "leading_lines_strength": 1.0638852672750978,
      "symmetry_vertical": 0.1383108350078983,
      "symmetry_horizontal": 0.12373363271684776,
      "symmetry_radial": 0.08898300201240354,
      "rule_of_thirds": {
        "alignment_score": 2,
        "num_salient_objects": 32
      },
      "golden_ratio": {
        "golden_alignment_score": 3
      },
      "balance": {
        "static_balance": 0.9342035055160522,
        "dynamic_balance": 1.0,
        "dominant_quadrant": 2
      },
      "layering": {
        "foreground_ratio": 0.30638343383311606,
        "midground_ratio": 0.2654161913298566,
        "background_ratio": 0.4282003748370274,
        "depth_complexity": 0.569905008065616
      }
    },
    "spatial_layout": {
      "negative_space_ratio": 0.6883988958604954,
      "subject_isolation": 0.10000152786831812,
      "depth_of_field": {
        "blur_gradient_strength": 435.817876262987,
        "sharpness_variance": 872311.8737091483,
        "min_sharpness": 0.0,
        "max_sharpness": 5249.589778337702
      },
      "perspective": {
        "has_vanishing_point": 1,
        "perspective_strength": 0.998719110865881
      }
    },
    "contrast_color": {
      "high_contrast_ratio": 0.49752739977183835,
      "low_contrast_ratio": 0.5024726002281616,
      "mean_contrast": 31.11553192138672,
      "highlight_ratio": 0.08188864588737488,
      "shadow_ratio": 0.5478095412254333,
      "midtone_ratio": 0.3703017830848694,
      "warm_color_ratio": 0.07349810544328553,
      "cool_color_ratio": 0.5695409264993481,
      "complementary_color_score": 2.388888888888889
    },
    "motion_dynamics": {
      "s_curve_count": 519,
      "motion_blur_score": 5.383332438499722,
      "dominant_direction_deg": 4.999999999999995,
      "direction_strength": 0.06448622881339511
    },
    "pattern_rhythm": {
      "repetition_score": 1.0,
      "rhythm_score": 1.0,
      "pattern_breaks": 8
    },
    "visual_mass_focus": {
      "point_of_interest": {
        "x": 0.45371577574967403,
        "y": 0.740234375,
        "strength": 1.0
      },
      "visual_mass_concentration": 0.19989610495436766,
      "mean_visual_weight": 0.07928434759378433,
      "face_count": 0,
      "has_directional_cues": 0
    },
    "framing_breathing": {
      "frame_in_frame_count": 0,
      "breathing_space": {
        "top": 0.603515625,
        "bottom": 0.015625,
        "left": 0.43546284224250326,
        "right": 0.2907431551499348,
        "min_margin": 0.015625,
        "mean_margin": 0.33633665559810955
      },
      "corner_anchors": {
        "top_left": 0.22932913899421692,
        "top_right": 0.2741895914077759,
        "bottom_left": 0.37714093923568726,
        "bottom_right": 0.22144213318824768,
        "max_corner_weight": 0.37714093923568726,
        "has_corner_subject": 1
      }
    }
  }
}