{
  "meta": {
    "_dataset": "tvm_data",
    "_label": "testImages_artphoto",
    "_relpath": "testImages_artphoto/fear_0918.jpg",
    "_filename": "fear_0918.jpg",
    "_width": 453,
    "_height": 441
  },
  "features": {
    "geometric_structural": {
      "leading_lines": {
        "diagonal": 0,
        "vertical": 1,
        "horizontal": 0,
        "curved": 149
      },
      "leading_lines_strength": 0.28517110266159695,
      "symmetry_vertical": 0.42961356793976185,
      "symmetry_horizontal": 0.3713600178702517,
      "symmetry_radial": 0.3715021451772503,
      "rule_of_thirds": {
        "alignment_score": 3,
        "num_salient_objects": 34
      },
      "golden_ratio": {
        "golden_alignment_score": 4
      },
      "balance": {
        "static_balance": 0.9346727132797241,
        "dynamic_balance": 1.0,
        "dominant_quadrant": 1
      },
      "layering": {
        "foreground_ratio": 0.313569391634981,
        "midground_ratio": 0.3280952946768061,
        "background_ratio": 0.3583353136882129,
        "depth_complexity": 0.08761249613103197
      }
    },
    "spatial_layout": {
      "negative_space_ratio": 0.3211702412072243,
      "subject_isolation": 0.1000029705323194,
      "depth_of_field": {
        "blur_gradient_strength": 126.43202402115921,
        "sharpness_variance": 53343.8044741401,
        "min_sharpness": 0.9522478341737373,
        "max_sharpness": 2078.8292964244524
      },
      "perspective": {
        "has_vanishing_point": 1,
        "perspective_strength": 0.9952380952380953
      }
    },
    "contrast_color": {
      "high_contrast_ratio": 0.4766479028041825,
      "low_contrast_ratio": 0.5233520971958174,
      "mean_contrast": 31.18474769592285,
      "highlight_ratio": 0.05379633978009224,
      "shadow_ratio": 0.11464398354291916,
      "midtone_ratio": 0.8315596580505371,
      "warm_color_ratio": 0.8470398645437263,
      "cool_color_ratio": 0.0014258555133079848,
      "complementary_color_score": 2.5555555555555554
    },
    "motion_dynamics": {
      "s_curve_count": 146,
      "motion_blur_score": 10.13000160324552,
      "dominant_direction_deg": 4.999999999999995,
      "direction_strength": 0.139641011168683
    },
    "pattern_rhythm": {
      "repetition_score": 1.0,
      "rhythm_score": 1.0,
      "pattern_breaks": 13
    },
    "visual_mass_focus": {
      "point_of_interest": {
        "x": 0.5171102661596958,
        "y": 0.52734375,
        "strength": 1.0
      },
      "visual_mass_concentration": 0.19914077352661597,
      "mean_visual_weight": 0.16119085252285004,
      "face_count": 0,
      "has_directional_cues": 0
    },
    "framing_breathing": {
      "frame_in_frame_count": 0,
      "breathing_space": {
        "top": 0.19140625,
        "bottom": 0.404296875,
        "left": 0.42015209125475284,
        "right": 0.32129277566539927,
        "min_margin": 0.19140625,
        "mean_margin": 0.334286997980038
      },
      "corner_anchors": {
        "top_left": 0.08964312821626663,
        "top_right": 0.21327221393585205,
        "bottom_left": 0.243037149310112,
        "bottom_right": 0.3966582417488098,
        "max_corner_weight": 0.3966582417488098,
        "has_corner_subject": 1
      }
    }
  }
}