{
  "meta": {
    "_dataset": "tvm_data",
    "_label": "testImages_artphoto",
    "_relpath": "testImages_artphoto/fear_0943.jpg",
    "_filename": "fear_0943.jpg",
    "_width": 446,
    "_height": 449
  },
  "features": {
    "geometric_structural": {
      "leading_lines": {
        "diagonal": 0,
        "vertical": 3,
        "horizontal": 4,
        "curved": 138
      },
      "leading_lines_strength": 0.2815533980582524,
      "symmetry_vertical": 0.2810353732816595,
      "symmetry_horizontal": 0.38447288614145264,
      "symmetry_radial": 0.2665780140221317,
      "rule_of_thirds": {
        "alignment_score": 0,
        "num_salient_objects": 14
      },
      "golden_ratio": {
        "golden_alignment_score": 3
      },
      "balance": {
        "static_balance": 0.9769667387008667,
        "dynamic_balance": 1.0,
        "dominant_quadrant": 3
      },
      "layering": {
        "foreground_ratio": 0.2811020934466019,
        "midground_ratio": 0.26058859223300973,
        "background_ratio": 0.45830931432038835,
        "depth_complexity": 0.13849193693366868
      }
    },
    "spatial_layout": {
      "negative_space_ratio": 0.43056735436893206,
      "subject_isolation": 0.1,
      "depth_of_field": {
        "blur_gradient_strength": 129.6109142125791,
        "sharpness_variance": 43580.94025595434,
        "min_sharpness": 0.0,
        "max_sharpness": 995.6719266729843
      },
      "perspective": {
        "has_vanishing_point": 1,
        "perspective_strength": 0.9675977653631285
      }
    },
    "contrast_color": {
      "high_contrast_ratio": 0.3756143810679612,
      "low_contrast_ratio": 0.6243856189320388,
      "mean_contrast": 18.721900939941406,
      "highlight_ratio": 0.0,
      "shadow_ratio": 0.31156325340270996,
      "midtone_ratio": 0.68843674659729,
      "warm_color_ratio": 0.0,
      "cool_color_ratio": 0.0,
      "complementary_color_score": 0.0
    },
    "motion_dynamics": {
      "s_curve_count": 115,
      "motion_blur_score": 10.749146548284989,
      "dominant_direction_deg": 4.999999999999995,
      "direction_strength": 0.11091474514521042
    },
    "pattern_rhythm": {
      "repetition_score": 1.0,
      "rhythm_score": 1.0,
      "pattern_breaks": 5
    },
    "visual_mass_focus": {
      "point_of_interest": {
        "x": 0.7578125,
        "y": 0.5320388349514563,
        "strength": 1.0
      },
      "visual_mass_concentration": 0.0,
      "mean_visual_weight": 0.0,
      "face_count": 0,
      "has_directional_cues": 0
    },
    "framing_breathing": {
      "frame_in_frame_count": 0,
      "breathing_space": {
        "top": 0.2757281553398058,
        "bottom": 0.0,
        "left": 0.0,
        "right": 0.0,
        "min_margin": 0.0,
        "mean_margin": 0.06893203883495146
      },
      "corner_anchors": {
        "top_left": 0.3320767283439636,
        "top_right": 0.22924627363681793,
        "bottom_left": 0.31181833148002625,
        "bottom_right": 0.6030285358428955,
        "max_corner_weight": 0.6030285358428955,
        "has_corner_subject": 1
      }
    }
  }
}