{
  "meta": {
    "_dataset": "tvm_data",
    "_label": "testImages_artphoto",
    "_relpath": "testImages_artphoto/fear_0928.jpg",
    "_filename": "fear_0928.jpg",
    "_width": 520,
    "_height": 385
  },
  "features": {
    "geometric_structural": {
      "leading_lines": {
        "diagonal": 2,
        "vertical": 0,
        "horizontal": 0,
        "curved": 121
      },
      "leading_lines_strength": 0.1777456647398844,
      "symmetry_vertical": 0.293182383240635,
      "symmetry_horizontal": 0.30811002850889696,
      "symmetry_radial": 0.17227069344416157,
      "rule_of_thirds": {
        "alignment_score": 2,
        "num_salient_objects": 18
      },
      "golden_ratio": {
        "golden_alignment_score": 6
      },
      "balance": {
        "static_balance": 0.8871698379516602,
        "dynamic_balance": 1.0,
        "dominant_quadrant": 3
      },
      "layering": {
        "foreground_ratio": 0.24291568822254336,
        "midground_ratio": 0.1308452628251445,
        "background_ratio": 0.6262390489523122,
        "depth_complexity": 0.1172399916129632
      }
    },
    "spatial_layout": {
      "negative_space_ratio": 0.6799217621026011,
      "subject_isolation": 0.10000169346098266,
      "depth_of_field": {
        "blur_gradient_strength": 108.13897687025803,
        "sharpness_variance": 44712.702501904896,
        "min_sharpness": 0.10880415822087178,
        "max_sharpness": 1137.5128121100909
      },
      "perspective": {
        "has_vanishing_point": 1,
        "perspective_strength": 0.9705882352941176
      }
    },
    "contrast_color": {
      "high_contrast_ratio": 0.33063978955924855,
      "low_contrast_ratio": 0.6693602104407514,
      "mean_contrast": 24.1343994140625,
      "highlight_ratio": 0.03309022635221481,
      "shadow_ratio": 0.4691790044307709,
      "midtone_ratio": 0.4977307617664337,
      "warm_color_ratio": 0.16777964685693642,
      "cool_color_ratio": 0.5126275740606936,
      "complementary_color_score": 2.2777777777777777
    },
    "motion_dynamics": {
      "s_curve_count": 150,
      "motion_blur_score": 6.607526598569214,
      "dominant_direction_deg": 4.999999999999995,
      "direction_strength": 0.11645648934215685
    },
    "pattern_rhythm": {
      "repetition_score": 1.0,
      "rhythm_score": 1.0,
      "pattern_breaks": 6
    },
    "visual_mass_focus": {
      "point_of_interest": {
        "x": 0.6098265895953757,
        "y": 0.626953125,
        "strength": 1.0
      },
      "visual_mass_concentration": 0.1998650876083815,
      "mean_visual_weight": 0.1097194030880928,
      "face_count": 0,
      "has_directional_cues": 0
    },
    "framing_breathing": {
      "frame_in_frame_count": 0,
      "breathing_space": {
        "top": 0.2734375,
        "bottom": 0.455078125,
        "left": 0.5563583815028902,
        "right": 0.2976878612716763,
        "min_margin": 0.2734375,
        "mean_margin": 0.3956404669436416
      },
      "corner_anchors": {
        "top_left": 0.1254877746105194,
        "top_right": 0.07008335739374161,
        "bottom_left": 0.2538085877895355,
        "bottom_right": 0.4421432614326477,
        "max_corner_weight": 0.4421432614326477,
        "has_corner_subject": 1
      }
    }
  }
}