{
  "meta": {
    "_dataset": "tvm_data",
    "_label": "testImages_artphoto",
    "_relpath": "testImages_artphoto/fear_0968.jpg",
    "_filename": "fear_0968.jpg",
    "_width": 543,
    "_height": 368
  },
  "features": {
    "geometric_structural": {
      "leading_lines": {
        "diagonal": 0,
        "vertical": 0,
        "horizontal": 0,
        "curved": 103
      },
      "leading_lines_strength": 0.13642384105960265,
      "symmetry_vertical": 0.413628733170595,
      "symmetry_horizontal": 0.4578938683762612,
      "symmetry_radial": 0.2784467772315569,
      "rule_of_thirds": {
        "alignment_score": 0,
        "num_salient_objects": 22
      },
      "golden_ratio": {
        "golden_alignment_score": 1
      },
      "balance": {
        "static_balance": 0.9046841859817505,
        "dynamic_balance": 1.0,
        "dominant_quadrant": 1
      },
      "layering": {
        "foreground_ratio": 0.3090904387417219,
        "midground_ratio": 0.2824115273178808,
        "background_ratio": 0.40849803394039735,
        "depth_complexity": 0.04574986176276593
      }
    },
    "spatial_layout": {
      "negative_space_ratio": 0.5824891349337749,
      "subject_isolation": 0.1,
      "depth_of_field": {
        "blur_gradient_strength": 69.10005000725708,
        "sharpness_variance": 15435.912845854427,
        "min_sharpness": 0.37254901960784315,
        "max_sharpness": 1224.632545174933
      },
      "perspective": {
        "has_vanishing_point": 0,
        "perspective_strength": 0.0
      }
    },
    "contrast_color": {
      "high_contrast_ratio": 0.3884105960264901,
      "low_contrast_ratio": 0.6115894039735099,
      "mean_contrast": 21.595672607421875,
      "highlight_ratio": 0.02158009074628353,
      "shadow_ratio": 0.5091965198516846,
      "midtone_ratio": 0.46922338008880615,
      "warm_color_ratio": 0.8816483857615894,
      "cool_color_ratio": 0.0028042218543046357,
      "complementary_color_score": 1.4444444444444444
    },
    "motion_dynamics": {
      "s_curve_count": 127,
      "motion_blur_score": 10.468771508215774,
      "dominant_direction_deg": 4.999999999999995,
      "direction_strength": 0.1532103683770871
    },
    "pattern_rhythm": {
      "repetition_score": 1.0,
      "rhythm_score": 1.0,
      "pattern_breaks": 4
    },
    "visual_mass_focus": {
      "point_of_interest": {
        "x": 0.49801324503311256,
        "y": 0.373046875,
        "strength": 1.0
      },
      "visual_mass_concentration": 0.19992756622516555,
      "mean_visual_weight": 0.14299294352531433,
      "face_count": 0,
      "has_directional_cues": 0
    },
    "framing_breathing": {
      "frame_in_frame_count": 0,
      "breathing_space": {
        "top": 0.166015625,
        "bottom": 0.431640625,
        "left": 0.3629139072847682,
        "right": 0.17880794701986755,
        "min_margin": 0.166015625,
        "mean_margin": 0.28484452607615895
      },
      "corner_anchors": {
        "top_left": 0.33617138862609863,
        "top_right": 0.38747262954711914,
        "bottom_left": 0.25997599959373474,
        "bottom_right": 0.3818266987800598,
        "max_corner_weight": 0.38747262954711914,
        "has_corner_subject": 1
      }
    }
  }
}