{
  "meta": {
    "_dataset": "tvm_data",
    "_label": "testImages_artphoto",
    "_relpath": "testImages_artphoto/fear_0691.jpg",
    "_filename": "fear_0691.jpg",
    "_width": 548,
    "_height": 365
  },
  "features": {
    "geometric_structural": {
      "leading_lines": {
        "diagonal": 23,
        "vertical": 0,
        "horizontal": 0,
        "curved": 130
      },
      "leading_lines_strength": 0.19895968790637192,
      "symmetry_vertical": 0.4089400777508735,
      "symmetry_horizontal": 0.2031471653047474,
      "symmetry_radial": 0.2873956239637671,
      "rule_of_thirds": {
        "alignment_score": 1,
        "num_salient_objects": 18
      },
      "golden_ratio": {
        "golden_alignment_score": 2
      },
      "balance": {
        "static_balance": 0.7576240301132202,
        "dynamic_balance": 1.0,
        "dominant_quadrant": 3
      },
      "layering": {
        "foreground_ratio": 0.24972061931079323,
        "midground_ratio": 0.16937581274382316,
        "background_ratio": 0.5809035679453837,
        "depth_complexity": 0.4059493634975386
      }
    },
    "spatial_layout": {
      "negative_space_ratio": 0.8398793075422627,
      "subject_isolation": 0.10000050796488946,
      "depth_of_field": {
        "blur_gradient_strength": 429.9123539371729,
        "sharpness_variance": 801789.2611208324,
        "min_sharpness": 0.0,
        "max_sharpness": 5800.675502176506
      },
      "perspective": {
        "has_vanishing_point": 1,
        "perspective_strength": 0.9984101748807631
      }
    },
    "contrast_color": {
      "high_contrast_ratio": 0.32447527226918077,
      "low_contrast_ratio": 0.6755247277308192,
      "mean_contrast": 16.210546493530273,
      "highlight_ratio": 0.07425938546657562,
      "shadow_ratio": 0.7653354406356812,
      "midtone_ratio": 0.16040515899658203,
      "warm_color_ratio": 0.279296875,
      "cool_color_ratio": 0.014454140929778933,
      "complementary_color_score": 2.0555555555555554
    },
    "motion_dynamics": {
      "s_curve_count": 138,
      "motion_blur_score": 5.861707644877586,
      "dominant_direction_deg": 4.999999999999995,
      "direction_strength": 0.43564338832789223
    },
    "pattern_rhythm": {
      "repetition_score": 1.0,
      "rhythm_score": 1.0,
      "pattern_breaks": 4
    },
    "visual_mass_focus": {
      "point_of_interest": {
        "x": 0.8010403120936281,
        "y": 0.900390625,
        "strength": 1.0
      },
      "visual_mass_concentration": 0.1999984761053316,
      "mean_visual_weight": 0.028770631179213524,
      "face_count": 0,
      "has_directional_cues": 0
    },
    "framing_breathing": {
      "frame_in_frame_count": 0,
      "breathing_space": {
        "top": 0.8125,
        "bottom": 0.0,
        "left": 0.494148244473342,
        "right": 0.0,
        "min_margin": 0.0,
        "mean_margin": 0.3266620611183355
      },
      "corner_anchors": {
        "top_left": 0.19484472274780273,
        "top_right": 0.1931096762418747,
        "bottom_left": 0.09085069596767426,
        "bottom_right": 0.8514296412467957,
        "max_corner_weight": 0.8514296412467957,
        "has_corner_subject": 1
      }
    }
  }
}