{
  "meta": {
    "_dataset": "tvm_data",
    "_label": "testImages_artphoto",
    "_relpath": "testImages_artphoto/fear_0950.jpg",
    "_filename": "fear_0950.jpg",
    "_width": 554,
    "_height": 361
  },
  "features": {
    "geometric_structural": {
      "leading_lines": {
        "diagonal": 10,
        "vertical": 0,
        "horizontal": 90,
        "curved": 498
      },
      "leading_lines_strength": 0.7608142493638677,
      "symmetry_vertical": 0.18466812338206634,
      "symmetry_horizontal": 0.19820650755608754,
      "symmetry_radial": 0.10606097603659008,
      "rule_of_thirds": {
        "alignment_score": 1,
        "num_salient_objects": 22
      },
      "golden_ratio": {
        "golden_alignment_score": 2
      },
      "balance": {
        "static_balance": 0.8658225536346436,
        "dynamic_balance": 1.0,
        "dominant_quadrant": 1
      },
      "layering": {
        "foreground_ratio": 0.3320436744592875,
        "midground_ratio": 0.3295438732506361,
        "background_ratio": 0.3384124522900763,
        "depth_complexity": 0.226522919196036
      }
    },
    "spatial_layout": {
      "negative_space_ratio": 0.5490641897264631,
      "subject_isolation": 0.10000198791348601,
      "depth_of_field": {
        "blur_gradient_strength": 175.66417001560913,
        "sharpness_variance": 117044.11358294576,
        "min_sharpness": 3.92204114761373,
        "max_sharpness": 2102.514017839233
      },
      "perspective": {
        "has_vanishing_point": 1,
        "perspective_strength": 0.9973408498643833
      }
    },
    "contrast_color": {
      "high_contrast_ratio": 0.40122554866412213,
      "low_contrast_ratio": 0.5987744513358779,
      "mean_contrast": 26.906522750854492,
      "highlight_ratio": 0.07450450956821442,
      "shadow_ratio": 0.30553483963012695,
      "midtone_ratio": 0.6199606657028198,
      "warm_color_ratio": 0.0066719346374045805,
      "cool_color_ratio": 0.2018254015585242,
      "complementary_color_score": 2.1666666666666665
    },
    "motion_dynamics": {
      "s_curve_count": 472,
      "motion_blur_score": 8.39645331955481,
      "dominant_direction_deg": 4.999999999999995,
      "direction_strength": 0.04617923027978347
    },
    "pattern_rhythm": {
      "repetition_score": 1.0,
      "rhythm_score": 1.0,
      "pattern_breaks": 2
    },
    "visual_mass_focus": {
      "point_of_interest": {
        "x": 0.6043256997455471,
        "y": 0.38671875,
        "strength": 1.0
      },
      "visual_mass_concentration": 0.19986482188295165,
      "mean_visual_weight": 0.03767376020550728,
      "face_count": 0,
      "has_directional_cues": 0
    },
    "framing_breathing": {
      "frame_in_frame_count": 0,
      "breathing_space": {
        "top": 0.1953125,
        "bottom": 0.205078125,
        "left": 0.30407124681933845,
        "right": 0.14249363867684478,
        "min_margin": 0.14249363867684478,
        "mean_margin": 0.2117388776240458
      },
      "corner_anchors": {
        "top_left": 0.35028377175331116,
        "top_right": 0.3888707160949707,
        "bottom_left": 0.31122103333473206,
        "bottom_right": 0.21984051167964935,
        "max_corner_weight": 0.3888707160949707,
        "has_corner_subject": 1
      }
    }
  }
}