{
  "meta": {
    "_dataset": "tvm_data",
    "_label": "testImages_artphoto",
    "_relpath": "testImages_artphoto/fear_0947.jpg",
    "_filename": "fear_0947.jpg",
    "_width": 387,
    "_height": 516
  },
  "features": {
    "geometric_structural": {
      "leading_lines": {
        "diagonal": 9,
        "vertical": 8,
        "horizontal": 0,
        "curved": 242
      },
      "leading_lines_strength": 0.37920937042459735,
      "symmetry_vertical": 0.4003922120895458,
      "symmetry_horizontal": 0.24730798052675548,
      "symmetry_radial": 0.21781840042887066,
      "rule_of_thirds": {
        "alignment_score": 1,
        "num_salient_objects": 20
      },
      "golden_ratio": {
        "golden_alignment_score": 2
      },
      "balance": {
        "static_balance": 0.9468885064125061,
        "dynamic_balance": 1.0,
        "dominant_quadrant": 1
      },
      "layering": {
        "foreground_ratio": 0.2596826958272328,
        "midground_ratio": 0.2324790675329429,
        "background_ratio": 0.5078382366398243,
        "depth_complexity": 0.13229350643046298
      }
    },
    "spatial_layout": {
      "negative_space_ratio": 0.5835525713762811,
      "subject_isolation": 0.10000114385065886,
      "depth_of_field": {
        "blur_gradient_strength": 123.74194650809255,
        "sharpness_variance": 33655.54374634486,
        "min_sharpness": 4.116963561023538,
        "max_sharpness": 1185.8647777057918
      },
      "perspective": {
        "has_vanishing_point": 1,
        "perspective_strength": 0.9970149253731343
      }
    },
    "contrast_color": {
      "high_contrast_ratio": 0.4093755719253294,
      "low_contrast_ratio": 0.5906244280746706,
      "mean_contrast": 19.8012638092041,
      "highlight_ratio": 0.021595900878310204,
      "shadow_ratio": 0.49752357602119446,
      "midtone_ratio": 0.4808805286884308,
      "warm_color_ratio": 0.0,
      "cool_color_ratio": 0.0,
      "complementary_color_score": 0.0
    },
    "motion_dynamics": {
      "s_curve_count": 224,
      "motion_blur_score": 11.41787842649142,
      "dominant_direction_deg": 4.999999999999995,
      "direction_strength": 0.059671829245803006
    },
    "pattern_rhythm": {
      "repetition_score": 1.0,
      "rhythm_score": 1.0,
      "pattern_breaks": 3
    },
    "visual_mass_focus": {
      "point_of_interest": {
        "x": 0.35546875,
        "y": 0.37042459736456806,
        "strength": 1.0
      },
      "visual_mass_concentration": 0.0,
      "mean_visual_weight": 0.0,
      "face_count": 0,
      "has_directional_cues": 0
    },
    "framing_breathing": {
      "frame_in_frame_count": 0,
      "breathing_space": {
        "top": 0.17715959004392387,
        "bottom": 0.40702781844802344,
        "left": 0.619140625,
        "right": 0.017578125,
        "min_margin": 0.017578125,
        "mean_margin": 0.30522653962298685
      },
      "corner_anchors": {
        "top_left": 0.31564033031463623,
        "top_right": 0.41389185190200806,
        "bottom_left": 0.2170945256948471,
        "bottom_right": 0.11178135126829147,
        "max_corner_weight": 0.41389185190200806,
        "has_corner_subject": 1
      }
    }
  }
}