{
  "meta": {
    "_dataset": "tvm_data",
    "_label": "testImages_artphoto",
    "_relpath": "testImages_artphoto/fear_0710.jpg",
    "_filename": "fear_0710.jpg",
    "_width": 354,
    "_height": 564
  },
  "features": {
    "geometric_structural": {
      "leading_lines": {
        "diagonal": 0,
        "vertical": 1,
        "horizontal": 0,
        "curved": 59
      },
      "leading_lines_strength": 0.07352941176470588,
      "symmetry_vertical": 0.4948058182966931,
      "symmetry_horizontal": 0.3823818375503041,
      "symmetry_radial": 0.2881638503107719,
      "rule_of_thirds": {
        "alignment_score": 0,
        "num_salient_objects": 4
      },
      "golden_ratio": {
        "golden_alignment_score": 1
      },
      "balance": {
        "static_balance": 0.9082698225975037,
        "dynamic_balance": 1.0,
        "dominant_quadrant": 2
      },
      "layering": {
        "foreground_ratio": 0.2198199103860294,
        "midground_ratio": 0.19189453125,
        "background_ratio": 0.5882855583639706,
        "depth_complexity": 0.04293234432387564
      }
    },
    "spatial_layout": {
      "negative_space_ratio": 0.7891965379901961,
      "subject_isolation": 0.10000191482843138,
      "depth_of_field": {
        "blur_gradient_strength": 47.05888025224306,
        "sharpness_variance": 7093.79246960473,
        "min_sharpness": 0.0,
        "max_sharpness": 428.83554708869707
      },
      "perspective": {
        "has_vanishing_point": 1,
        "perspective_strength": 0.9775280898876404
      }
    },
    "contrast_color": {
      "high_contrast_ratio": 0.311279296875,
      "low_contrast_ratio": 0.688720703125,
      "mean_contrast": 14.668591499328613,
      "highlight_ratio": 0.007455863058567047,
      "shadow_ratio": 0.7792513966560364,
      "midtone_ratio": 0.21329271793365479,
      "warm_color_ratio": 0.3113367417279412,
      "cool_color_ratio": 0.03718118106617647,
      "complementary_color_score": 2.4444444444444446
    },
    "motion_dynamics": {
      "s_curve_count": 103,
      "motion_blur_score": 5.817576081006374,
      "dominant_direction_deg": 4.999999999999995,
      "direction_strength": 0.42020191865708245
    },
    "pattern_rhythm": {
      "repetition_score": 1.0,
      "rhythm_score": 1.0,
      "pattern_breaks": 2
    },
    "visual_mass_focus": {
      "point_of_interest": {
        "x": 0.5546875,
        "y": 0.7745098039215687,
        "strength": 1.0
      },
      "visual_mass_concentration": 0.19999425551470587,
      "mean_visual_weight": 0.16514094173908234,
      "face_count": 0,
      "has_directional_cues": 0
    },
    "framing_breathing": {
      "frame_in_frame_count": 0,
      "breathing_space": {
        "top": 0.8651960784313726,
        "bottom": 0.08823529411764706,
        "left": 0.4140625,
        "right": 0.294921875,
        "min_margin": 0.08823529411764706,
        "mean_margin": 0.41560393688725494
      },
      "corner_anchors": {
        "top_left": 0.12265728414058685,
        "top_right": 0.1229567900300026,
        "bottom_left": 0.11494230479001999,
        "bottom_right": 0.09230010956525803,
        "max_corner_weight": 0.1229567900300026,
        "has_corner_subject": 0
      }
    }
  }
}