{
  "meta": {
    "_dataset": "tvm_data",
    "_label": "testImages_artphoto",
    "_relpath": "testImages_artphoto/fear_0907.jpg",
    "_filename": "fear_0907.jpg",
    "_width": 573,
    "_height": 349
  },
  "features": {
    "geometric_structural": {
      "leading_lines": {
        "diagonal": 3,
        "vertical": 4,
        "horizontal": 1,
        "curved": 217
      },
      "leading_lines_strength": 0.267538644470868,
      "symmetry_vertical": 0.2964954269330953,
      "symmetry_horizontal": 0.3555695812419074,
      "symmetry_radial": 0.19136809281310233,
      "rule_of_thirds": {
        "alignment_score": 1,
        "num_salient_objects": 37
      },
      "golden_ratio": {
        "golden_alignment_score": 2
      },
      "balance": {
        "static_balance": 0.8942558765411377,
        "dynamic_balance": 1.0,
        "dominant_quadrant": 3
      },
      "layering": {
        "foreground_ratio": 0.2987120057966706,
        "midground_ratio": 0.2705066513079667,
        "background_ratio": 0.4307813428953627,
        "depth_complexity": 0.07785954564357563
      }
    },
    "spatial_layout": {
      "negative_space_ratio": 0.38768950653983353,
      "subject_isolation": 0.09999721313912009,
      "depth_of_field": {
        "blur_gradient_strength": 70.1106406546945,
        "sharpness_variance": 11852.933883310554,
        "min_sharpness": 0.0,
        "max_sharpness": 819.0826945126981
      },
      "perspective": {
        "has_vanishing_point": 1,
        "perspective_strength": 0.9658119658119658
      }
    },
    "contrast_color": {
      "high_contrast_ratio": 0.45564478671224734,
      "low_contrast_ratio": 0.5443552132877527,
      "mean_contrast": 30.030227661132812,
      "highlight_ratio": 0.11911740154027939,
      "shadow_ratio": 0.23093554377555847,
      "midtone_ratio": 0.6499470472335815,
      "warm_color_ratio": 0.16183765606420927,
      "cool_color_ratio": 0.13936626783590964,
      "complementary_color_score": 2.1666666666666665
    },
    "motion_dynamics": {
      "s_curve_count": 252,
      "motion_blur_score": 12.247480216524536,
      "dominant_direction_deg": 4.999999999999995,
      "direction_strength": 0.08198247993441127
    },
    "pattern_rhythm": {
      "repetition_score": 1.0,
      "rhythm_score": 1.0,
      "pattern_breaks": 9
    },
    "visual_mass_focus": {
      "point_of_interest": {
        "x": 0.539833531510107,
        "y": 0.65234375,
        "strength": 1.0
      },
      "visual_mass_concentration": 0.19985740561831153,
      "mean_visual_weight": 0.10745859146118164,
      "face_count": 1,
      "has_directional_cues": 1
    },
    "framing_breathing": {
      "frame_in_frame_count": 0,
      "breathing_space": {
        "top": 0.0,
        "bottom": 0.0,
        "left": 0.0,
        "right": 0.0,
        "min_margin": 0.0,
        "mean_margin": 0.0
      },
      "corner_anchors": {
        "top_left": 0.4664056599140167,
        "top_right": 0.33667805790901184,
        "bottom_left": 0.4909098446369171,
        "bottom_right": 0.4290275275707245,
        "max_corner_weight": 0.4909098446369171,
        "has_corner_subject": 1
      }
    }
  }
}