{
  "meta": {
    "_dataset": "tvm_data",
    "_label": "testImages_artphoto",
    "_relpath": "testImages_artphoto/fear_0953.jpg",
    "_filename": "fear_0953.jpg",
    "_width": 365,
    "_height": 547
  },
  "features": {
    "geometric_structural": {
      "leading_lines": {
        "diagonal": 0,
        "vertical": 0,
        "horizontal": 0,
        "curved": 67
      },
      "leading_lines_strength": 0.08735332464146023,
      "symmetry_vertical": 0.5430684222216066,
      "symmetry_horizontal": 0.3423096372334921,
      "symmetry_radial": 0.3331043187197341,
      "rule_of_thirds": {
        "alignment_score": 0,
        "num_salient_objects": 19
      },
      "golden_ratio": {
        "golden_alignment_score": 0
      },
      "balance": {
        "static_balance": 0.8161225318908691,
        "dynamic_balance": 1.0,
        "dominant_quadrant": 1
      },
      "layering": {
        "foreground_ratio": 0.19835805084745764,
        "midground_ratio": 0.17735240792046936,
        "background_ratio": 0.624289541232073,
        "depth_complexity": 0.03607294057917257
      }
    },
    "spatial_layout": {
      "negative_space_ratio": 0.7022311970338984,
      "subject_isolation": 0.10000152786831812,
      "depth_of_field": {
        "blur_gradient_strength": 29.749169458145822,
        "sharpness_variance": 3848.546602454373,
        "min_sharpness": 3.5579584775086506,
        "max_sharpness": 476.1445591934371
      },
      "perspective": {
        "has_vanishing_point": 1,
        "perspective_strength": 0.8
      }
    },
    "contrast_color": {
      "high_contrast_ratio": 0.30597090938722293,
      "low_contrast_ratio": 0.6940290906127771,
      "mean_contrast": 19.03028106689453,
      "highlight_ratio": 0.14154426753520966,
      "shadow_ratio": 0.6803088188171387,
      "midtone_ratio": 0.17814689874649048,
      "warm_color_ratio": 0.26318550358539766,
      "cool_color_ratio": 0.572540641297262,
      "complementary_color_score": 2.2777777777777777
    },
    "motion_dynamics": {
      "s_curve_count": 73,
      "motion_blur_score": 10.665236366371227,
      "dominant_direction_deg": 4.999999999999995,
      "direction_strength": 0.06069966183165769
    },
    "pattern_rhythm": {
      "repetition_score": 1.0,
      "rhythm_score": 1.0,
      "pattern_breaks": 4
    },
    "visual_mass_focus": {
      "point_of_interest": {
        "x": 0.615234375,
        "y": 0.20860495436766624,
        "strength": 1.0
      },
      "visual_mass_concentration": 0.1998477224576271,
      "mean_visual_weight": 0.06898076832294464,
      "face_count": 0,
      "has_directional_cues": 0
    },
    "framing_breathing": {
      "frame_in_frame_count": 0,
      "breathing_space": {
        "top": 0.0,
        "bottom": 0.4771838331160365,
        "left": 0.0,
        "right": 0.0,
        "min_margin": 0.0,
        "mean_margin": 0.11929595827900913
      },
      "corner_anchors": {
        "top_left": 0.34469589591026306,
        "top_right": 0.5649955868721008,
        "bottom_left": 0.3151807487010956,
        "bottom_right": 0.3157922029495239,
        "max_corner_weight": 0.5649955868721008,
        "has_corner_subject": 1
      }
    }
  }
}