{
  "meta": {
    "_dataset": "tvm_data",
    "_label": "testImages_artphoto",
    "_relpath": "testImages_artphoto/fear_0922.jpg",
    "_filename": "fear_0922.jpg",
    "_width": 447,
    "_height": 447
  },
  "features": {
    "geometric_structural": {
      "leading_lines": {
        "diagonal": 6,
        "vertical": 12,
        "horizontal": 4,
        "curved": 333
      },
      "leading_lines_strength": 0.693359375,
      "symmetry_vertical": 0.22672354978517653,
      "symmetry_horizontal": 0.25716856395898335,
      "symmetry_radial": 0.2139595704594077,
      "rule_of_thirds": {
        "alignment_score": 2,
        "num_salient_objects": 31
      },
      "golden_ratio": {
        "golden_alignment_score": 2
      },
      "balance": {
        "static_balance": 0.9345996379852295,
        "dynamic_balance": 1.0,
        "dominant_quadrant": 0
      },
      "layering": {
        "foreground_ratio": 0.3231620788574219,
        "midground_ratio": 0.2525215148925781,
        "background_ratio": 0.42431640625,
        "depth_complexity": 0.23448952301725512
      }
    },
    "spatial_layout": {
      "negative_space_ratio": 0.535797119140625,
      "subject_isolation": 0.10000228881835938,
      "depth_of_field": {
        "blur_gradient_strength": 131.8135962147891,
        "sharpness_variance": 28905.62663903359,
        "min_sharpness": 2.352556708958094,
        "max_sharpness": 761.1737126509619
      },
      "perspective": {
        "has_vanishing_point": 1,
        "perspective_strength": 0.9984002843938855
      }
    },
    "contrast_color": {
      "high_contrast_ratio": 0.4663352966308594,
      "low_contrast_ratio": 0.5336647033691406,
      "mean_contrast": 27.467077255249023,
      "highlight_ratio": 0.0,
      "shadow_ratio": 0.2762947082519531,
      "midtone_ratio": 0.7237052917480469,
      "warm_color_ratio": 0.4658164978027344,
      "cool_color_ratio": 0.20077133178710938,
      "complementary_color_score": 2.111111111111111
    },
    "motion_dynamics": {
      "s_curve_count": 285,
      "motion_blur_score": 7.9760136764277245,
      "dominant_direction_deg": 4.999999999999995,
      "direction_strength": 0.03966522216781744
    },
    "pattern_rhythm": {
      "repetition_score": 1.0,
      "rhythm_score": 1.0,
      "pattern_breaks": 8
    },
    "visual_mass_focus": {
      "point_of_interest": {
        "x": 0.27734375,
        "y": 0.353515625,
        "strength": 1.0
      },
      "visual_mass_concentration": 0.19939041137695312,
      "mean_visual_weight": 0.09812690317630768,
      "face_count": 1,
      "has_directional_cues": 1
    },
    "framing_breathing": {
      "frame_in_frame_count": 0,
      "breathing_space": {
        "top": 0.322265625,
        "bottom": 0.138671875,
        "left": 0.490234375,
        "right": 0.349609375,
        "min_margin": 0.138671875,
        "mean_margin": 0.3251953125
      },
      "corner_anchors": {
        "top_left": 0.3688865005970001,
        "top_right": 0.19182154536247253,
        "bottom_left": 0.20413579046726227,
        "bottom_right": 0.31938546895980835,
        "max_corner_weight": 0.3688865005970001,
        "has_corner_subject": 1
      }
    }
  }
}