{
  "meta": {
    "_dataset": "tvm_data",
    "_label": "testImages_artphoto",
    "_relpath": "testImages_artphoto/fear_0932.jpg",
    "_filename": "fear_0932.jpg",
    "_width": 374,
    "_height": 534
  },
  "features": {
    "geometric_structural": {
      "leading_lines": {
        "diagonal": 1,
        "vertical": 0,
        "horizontal": 0,
        "curved": 172
      },
      "leading_lines_strength": 0.23666210670314639,
      "symmetry_vertical": 0.4314822868257324,
      "symmetry_horizontal": 0.3779523262375245,
      "symmetry_radial": 0.3258022086784133,
      "rule_of_thirds": {
        "alignment_score": 3,
        "num_salient_objects": 48
      },
      "golden_ratio": {
        "golden_alignment_score": 5
      },
      "balance": {
        "static_balance": 0.9374532699584961,
        "dynamic_balance": 1.0,
        "dominant_quadrant": 0
      },
      "layering": {
        "foreground_ratio": 0.30175647657318744,
        "midground_ratio": 0.2303939380984952,
        "background_ratio": 0.4678495853283174,
        "depth_complexity": 0.04767340864112535
      }
    },
    "spatial_layout": {
      "negative_space_ratio": 0.7136040099179206,
      "subject_isolation": 0.10000213748290014,
      "depth_of_field": {
        "blur_gradient_strength": 54.897568312771746,
        "sharpness_variance": 12095.680887400515,
        "min_sharpness": 0.0,
        "max_sharpness": 1231.2367135876673
      },
      "perspective": {
        "has_vanishing_point": 1,
        "perspective_strength": 0.9956709956709957
      }
    },
    "contrast_color": {
      "high_contrast_ratio": 0.48646438953488375,
      "low_contrast_ratio": 0.5135356104651163,
      "mean_contrast": 19.038856506347656,
      "highlight_ratio": 0.0,
      "shadow_ratio": 0.6999561786651611,
      "midtone_ratio": 0.30004382133483887,
      "warm_color_ratio": 0.17905961439808482,
      "cool_color_ratio": 0.011844327120383037,
      "complementary_color_score": 2.3333333333333335
    },
    "motion_dynamics": {
      "s_curve_count": 217,
      "motion_blur_score": 6.915410670643633,
      "dominant_direction_deg": 4.999999999999995,
      "direction_strength": 0.3952686815994911
    },
    "pattern_rhythm": {
      "repetition_score": 1.0,
      "rhythm_score": 1.0,
      "pattern_breaks": 10
    },
    "visual_mass_focus": {
      "point_of_interest": {
        "x": 0.4765625,
        "y": 0.399452804377565,
        "strength": 1.0
      },
      "visual_mass_concentration": 0.19945120126538987,
      "mean_visual_weight": 0.017032673582434654,
      "face_count": 1,
      "has_directional_cues": 1
    },
    "framing_breathing": {
      "frame_in_frame_count": 0,
      "breathing_space": {
        "top": 0.13679890560875513,
        "bottom": 0.5800273597811217,
        "left": 0.224609375,
        "right": 0.248046875,
        "min_margin": 0.13679890560875513,
        "mean_margin": 0.29737062884746923
      },
      "corner_anchors": {
        "top_left": 0.3199002146720886,
        "top_right": 0.31553134322166443,
        "bottom_left": 0.308436781167984,
        "bottom_right": 0.2602849006652832,
        "max_corner_weight": 0.3199002146720886,
        "has_corner_subject": 1
      }
    }
  }
}