{
  "meta": {
    "_dataset": "tvm_data",
    "_label": "testImages_artphoto",
    "_relpath": "testImages_artphoto/fear_0668.jpg",
    "_filename": "fear_0668.jpg",
    "_width": 548,
    "_height": 365
  },
  "features": {
    "geometric_structural": {
      "leading_lines": {
        "diagonal": 0,
        "vertical": 0,
        "horizontal": 0,
        "curved": 119
      },
      "leading_lines_strength": 0.15474642392717816,
      "symmetry_vertical": 0.39138176840140837,
      "symmetry_horizontal": 0.4560050970091894,
      "symmetry_radial": 0.26775605850850664,
      "rule_of_thirds": {
        "alignment_score": 0,
        "num_salient_objects": 13
      },
      "golden_ratio": {
        "golden_alignment_score": 2
      },
      "balance": {
        "static_balance": 0.8577315807342529,
        "dynamic_balance": 1.0,
        "dominant_quadrant": 1
      },
      "layering": {
        "foreground_ratio": 0.26843404583875163,
        "midground_ratio": 0.3378855453511053,
        "background_ratio": 0.39368040881014305,
        "depth_complexity": 0.054337826097011
      }
    },
    "spatial_layout": {
      "negative_space_ratio": 0.7338670351105332,
      "subject_isolation": 0.10000050796488946,
      "depth_of_field": {
        "blur_gradient_strength": 28.936290562617934,
        "sharpness_variance": 2970.5937735630355,
        "min_sharpness": 5.823529411764706,
        "max_sharpness": 427.4255549835105
      },
      "perspective": {
        "has_vanishing_point": 1,
        "perspective_strength": 0.5333333333333333
      }
    },
    "contrast_color": {
      "high_contrast_ratio": 0.33030416937581275,
      "low_contrast_ratio": 0.6696958306241872,
      "mean_contrast": 17.018665313720703,
      "highlight_ratio": 0.06590336561203003,
      "shadow_ratio": 0.3972107768058777,
      "midtone_ratio": 0.5368858575820923,
      "warm_color_ratio": 0.39139456680754225,
      "cool_color_ratio": 0.49677950260078024,
      "complementary_color_score": 2.0
    },
    "motion_dynamics": {
      "s_curve_count": 115,
      "motion_blur_score": 12.840973429617945,
      "dominant_direction_deg": -85.0,
      "direction_strength": 0.036974764304197376
    },
    "pattern_rhythm": {
      "repetition_score": 1.0,
      "rhythm_score": 1.0,
      "pattern_breaks": 2
    },
    "visual_mass_focus": {
      "point_of_interest": {
        "x": 0.6163849154746424,
        "y": 0.53515625,
        "strength": 1.0
      },
      "visual_mass_concentration": 0.1999679982119636,
      "mean_visual_weight": 0.20139341056346893,
      "face_count": 0,
      "has_directional_cues": 0
    },
    "framing_breathing": {
      "frame_in_frame_count": 0,
      "breathing_space": {
        "top": 0.1015625,
        "bottom": 0.216796875,
        "left": 0.44993498049414826,
        "right": 0.16514954486345904,
        "min_margin": 0.1015625,
        "mean_margin": 0.23336097508940182
      },
      "corner_anchors": {
        "top_left": 0.3513225317001343,
        "top_right": 0.33754265308380127,
        "bottom_left": 0.37858885526657104,
        "bottom_right": 0.3136174976825714,
        "max_corner_weight": 0.37858885526657104,
        "has_corner_subject": 1
      }
    }
  }
}