{
  "meta": {
    "_dataset": "tvm_data",
    "_label": "testImages_artphoto",
    "_relpath": "testImages_artphoto/fear_0974.jpg",
    "_filename": "fear_0974.jpg",
    "_width": 548,
    "_height": 365
  },
  "features": {
    "geometric_structural": {
      "leading_lines": {
        "diagonal": 1,
        "vertical": 0,
        "horizontal": 1,
        "curved": 50
      },
      "leading_lines_strength": 0.06762028608582575,
      "symmetry_vertical": 0.48100535858995036,
      "symmetry_horizontal": 0.3776604071339096,
      "symmetry_radial": 0.3084170784178592,
      "rule_of_thirds": {
        "alignment_score": 2,
        "num_salient_objects": 26
      },
      "golden_ratio": {
        "golden_alignment_score": 7
      },
      "balance": {
        "static_balance": 0.9044362306594849,
        "dynamic_balance": 1.0,
        "dominant_quadrant": 0
      },
      "layering": {
        "foreground_ratio": 0.3081010240572172,
        "midground_ratio": 0.3325722326072822,
        "background_ratio": 0.35932674333550063,
        "depth_complexity": 0.08815242747830912
      }
    },
    "spatial_layout": {
      "negative_space_ratio": 0.3933248333875163,
      "subject_isolation": 0.10000050796488946,
      "depth_of_field": {
        "blur_gradient_strength": 83.75471746763604,
        "sharpness_variance": 14700.830914260938,
        "min_sharpness": 0.23258495941214463,
        "max_sharpness": 571.834242914586
      },
      "perspective": {
        "has_vanishing_point": 1,
        "perspective_strength": 0.8571428571428571
      }
    },
    "contrast_color": {
      "high_contrast_ratio": 0.4977878129063719,
      "low_contrast_ratio": 0.502212187093628,
      "mean_contrast": 23.816293716430664,
      "highlight_ratio": 0.0008610005024820566,
      "shadow_ratio": 0.1321496069431305,
      "midtone_ratio": 0.8669893741607666,
      "warm_color_ratio": 0.0,
      "cool_color_ratio": 0.0,
      "complementary_color_score": 0.0
    },
    "motion_dynamics": {
      "s_curve_count": 116,
      "motion_blur_score": 12.73925336942544,
      "dominant_direction_deg": 4.999999999999995,
      "direction_strength": 0.1950610573792185
    },
    "pattern_rhythm": {
      "repetition_score": 1.0,
      "rhythm_score": 1.0,
      "pattern_breaks": 18
    },
    "visual_mass_focus": {
      "point_of_interest": {
        "x": 0.4694408322496749,
        "y": 0.380859375,
        "strength": 1.0
      },
      "visual_mass_concentration": 0.0,
      "mean_visual_weight": 0.0,
      "face_count": 0,
      "has_directional_cues": 0
    },
    "framing_breathing": {
      "frame_in_frame_count": 0,
      "breathing_space": {
        "top": 0.1953125,
        "bottom": 0.150390625,
        "left": 0.0,
        "right": 0.035110533159947985,
        "min_margin": 0.0,
        "mean_margin": 0.095203414539987
      },
      "corner_anchors": {
        "top_left": 0.4765602648258209,
        "top_right": 0.41906285285949707,
        "bottom_left": 0.5755497217178345,
        "bottom_right": 0.407387375831604,
        "max_corner_weight": 0.5755497217178345,
        "has_corner_subject": 1
      }
    }
  }
}