{
  "meta": {
    "_dataset": "tvm_data",
    "_label": "testImages_artphoto",
    "_relpath": "testImages_artphoto/fear_0680.jpg",
    "_filename": "fear_0680.jpg",
    "_width": 387,
    "_height": 516
  },
  "features": {
    "geometric_structural": {
      "leading_lines": {
        "diagonal": 7,
        "vertical": 1,
        "horizontal": 5,
        "curved": 202
      },
      "leading_lines_strength": 0.31478770131771594,
      "symmetry_vertical": 0.41001341963785237,
      "symmetry_horizontal": 0.2350240783921736,
      "symmetry_radial": 0.22849878692135436,
      "rule_of_thirds": {
        "alignment_score": 1,
        "num_salient_objects": 53
      },
      "golden_ratio": {
        "golden_alignment_score": 2
      },
      "balance": {
        "static_balance": 0.9012340307235718,
        "dynamic_balance": 1.0,
        "dominant_quadrant": 3
      },
      "layering": {
        "foreground_ratio": 0.24893907851390923,
        "midground_ratio": 0.2534801656295754,
        "background_ratio": 0.4975807558565154,
        "depth_complexity": 0.09379234376927234
      }
    },
    "spatial_layout": {
      "negative_space_ratio": 0.5744217834919473,
      "subject_isolation": 0.10000114385065886,
      "depth_of_field": {
        "blur_gradient_strength": 90.85352184099133,
        "sharpness_variance": 23639.963758785616,
        "min_sharpness": 0.0784313725490196,
        "max_sharpness": 1009.0521443675509
      },
      "perspective": {
        "has_vanishing_point": 1,
        "perspective_strength": 0.9856864020819779
      }
    },
    "contrast_color": {
      "high_contrast_ratio": 0.3831241993045388,
      "low_contrast_ratio": 0.6168758006954612,
      "mean_contrast": 21.60972023010254,
      "highlight_ratio": 0.21617062389850616,
      "shadow_ratio": 0.19517523050308228,
      "midtone_ratio": 0.5886541604995728,
      "warm_color_ratio": 0.14340741672767204,
      "cool_color_ratio": 0.0014870058565153734,
      "complementary_color_score": 2.111111111111111
    },
    "motion_dynamics": {
      "s_curve_count": 216,
      "motion_blur_score": 12.613342290780674,
      "dominant_direction_deg": 4.999999999999995,
      "direction_strength": 0.05163913799399582
    },
    "pattern_rhythm": {
      "repetition_score": 1.0,
      "rhythm_score": 1.0,
      "pattern_breaks": 11
    },
    "visual_mass_focus": {
      "point_of_interest": {
        "x": 0.60546875,
        "y": 0.6178623718887262,
        "strength": 1.0
      },
      "visual_mass_concentration": 0.19978781570278184,
      "mean_visual_weight": 0.02935563400387764,
      "face_count": 0,
      "has_directional_cues": 0
    },
    "framing_breathing": {
      "frame_in_frame_count": 0,
      "breathing_space": {
        "top": 0.3923865300146413,
        "bottom": 0.0,
        "left": 0.0,
        "right": 0.0,
        "min_margin": 0.0,
        "mean_margin": 0.09809663250366032
      },
      "corner_anchors": {
        "top_left": 0.18483088910579681,
        "top_right": 0.43124350905418396,
        "bottom_left": 0.4386206567287445,
        "bottom_right": 0.7994319200515747,
        "max_corner_weight": 0.7994319200515747,
        "has_corner_subject": 1
      }
    }
  }
}