{
  "meta": {
    "_dataset": "tvm_data",
    "_label": "testImages_artphoto",
    "_relpath": "testImages_artphoto/fear_0674.jpg",
    "_filename": "fear_0674.jpg",
    "_width": 381,
    "_height": 525
  },
  "features": {
    "geometric_structural": {
      "leading_lines": {
        "diagonal": 0,
        "vertical": 0,
        "horizontal": 2,
        "curved": 61
      },
      "leading_lines_strength": 0.08923512747875353,
      "symmetry_vertical": 0.5775306142828002,
      "symmetry_horizontal": 0.49862612931728145,
      "symmetry_radial": 0.44302765367576596,
      "rule_of_thirds": {
        "alignment_score": 1,
        "num_salient_objects": 82
      },
      "golden_ratio": {
        "golden_alignment_score": 2
      },
      "balance": {
        "static_balance": 0.974346399307251,
        "dynamic_balance": 1.0,
        "dominant_quadrant": 3
      },
      "layering": {
        "foreground_ratio": 0.15215839677762039,
        "midground_ratio": 0.231453611898017,
        "background_ratio": 0.6163879913243626,
        "depth_complexity": 0.1424104493888316
      }
    },
    "spatial_layout": {
      "negative_space_ratio": 0.3349609375,
      "subject_isolation": 0.10000221317280453,
      "depth_of_field": {
        "blur_gradient_strength": 169.37764320546552,
        "sharpness_variance": 90699.12260522043,
        "min_sharpness": 0.0,
        "max_sharpness": 1440.8150711264898
      },
      "perspective": {
        "has_vanishing_point": 0,
        "perspective_strength": 0.0
      }
    },
    "contrast_color": {
      "high_contrast_ratio": 0.3816478178116147,
      "low_contrast_ratio": 0.6183521821883853,
      "mean_contrast": 24.027711868286133,
      "highlight_ratio": 0.3745462894439697,
      "shadow_ratio": 0.15029379725456238,
      "midtone_ratio": 0.4751599133014679,
      "warm_color_ratio": 0.00040943696883852693,
      "cool_color_ratio": 0.20450823300283286,
      "complementary_color_score": 2.6666666666666665
    },
    "motion_dynamics": {
      "s_curve_count": 57,
      "motion_blur_score": 11.395888807877382,
      "dominant_direction_deg": 4.999999999999995,
      "direction_strength": 0.27304189536043444
    },
    "pattern_rhythm": {
      "repetition_score": 1.0,
      "rhythm_score": 1.0,
      "pattern_breaks": 11
    },
    "visual_mass_focus": {
      "point_of_interest": {
        "x": 0.5390625,
        "y": 0.603399433427762,
        "strength": 1.0
      },
      "visual_mass_concentration": 0.19907489376770537,
      "mean_visual_weight": 0.08339043706655502,
      "face_count": 0,
      "has_directional_cues": 0
    },
    "framing_breathing": {
      "frame_in_frame_count": 0,
      "breathing_space": {
        "top": 0.0,
        "bottom": 0.5113314447592068,
        "left": 0.0,
        "right": 0.30078125,
        "min_margin": 0.0,
        "mean_margin": 0.2030281736898017
      },
      "corner_anchors": {
        "top_left": 0.5146351456642151,
        "top_right": 0.4128726124763489,
        "bottom_left": 0.20258624851703644,
        "bottom_right": 0.9123123288154602,
        "max_corner_weight": 0.9123123288154602,
        "has_corner_subject": 1
      }
    }
  }
}