{
  "meta": {
    "_dataset": "tvm_data",
    "_label": "testImages_artphoto",
    "_relpath": "testImages_artphoto/fear_0909.jpg",
    "_filename": "fear_0909.jpg",
    "_width": 365,
    "_height": 548
  },
  "features": {
    "geometric_structural": {
      "leading_lines": {
        "diagonal": 18,
        "vertical": 10,
        "horizontal": 0,
        "curved": 197
      },
      "leading_lines_strength": 0.2925877763328999,
      "symmetry_vertical": 0.35321366377796515,
      "symmetry_horizontal": 0.23216562940174737,
      "symmetry_radial": 0.1875129653573708,
      "rule_of_thirds": {
        "alignment_score": 0,
        "num_salient_objects": 12
      },
      "golden_ratio": {
        "golden_alignment_score": 1
      },
      "balance": {
        "static_balance": 0.8449445366859436,
        "dynamic_balance": 1.0,
        "dominant_quadrant": 0
      },
      "layering": {
        "foreground_ratio": 0.2900987483745123,
        "midground_ratio": 0.19908159947984394,
        "background_ratio": 0.5108196521456437,
        "depth_complexity": 0.16520173571493713
      }
    },
    "spatial_layout": {
      "negative_space_ratio": 0.8738875568920677,
      "subject_isolation": 0.10000050796488946,
      "depth_of_field": {
        "blur_gradient_strength": 130.32725378820368,
        "sharpness_variance": 65506.596192529825,
        "min_sharpness": 0.0,
        "max_sharpness": 1361.4172131766668
      },
      "perspective": {
        "has_vanishing_point": 1,
        "perspective_strength": 0.9986833443054641
      }
    },
    "contrast_color": {
      "high_contrast_ratio": 0.32369808598829647,
      "low_contrast_ratio": 0.6763019140117035,
      "mean_contrast": 19.980680465698242,
      "highlight_ratio": 0.038237057626247406,
      "shadow_ratio": 0.7656478881835938,
      "midtone_ratio": 0.19611507654190063,
      "warm_color_ratio": 0.0,
      "cool_color_ratio": 0.0,
      "complementary_color_score": 0.0
    },
    "motion_dynamics": {
      "s_curve_count": 220,
      "motion_blur_score": 5.725439636913996,
      "dominant_direction_deg": 4.999999999999995,
      "direction_strength": 0.14503921488909846
    },
    "pattern_rhythm": {
      "repetition_score": 1.0,
      "rhythm_score": 1.0,
      "pattern_breaks": 2
    },
    "visual_mass_focus": {
      "point_of_interest": {
        "x": 0.455078125,
        "y": 0.25617685305591675,
        "strength": 1.0
      },
      "visual_mass_concentration": 0.0,
      "mean_visual_weight": 0.0,
      "face_count": 0,
      "has_directional_cues": 0
    },
    "framing_breathing": {
      "frame_in_frame_count": 0,
      "breathing_space": {
        "top": 0.0,
        "bottom": 0.58777633289987,
        "left": 0.28125,
        "right": 0.244140625,
        "min_margin": 0.0,
        "mean_margin": 0.2782917394749675
      },
      "corner_anchors": {
        "top_left": 0.124410480260849,
        "top_right": 0.189081072807312,
        "bottom_left": 0.16487736999988556,
        "bottom_right": 0.1834610104560852,
        "max_corner_weight": 0.189081072807312,
        "has_corner_subject": 0
      }
    }
  }
}