{
  "meta": {
    "_dataset": "tvm_data",
    "_label": "testImages_artphoto",
    "_relpath": "testImages_artphoto/fear_0912.jpg",
    "_filename": "fear_0912.jpg",
    "_width": 362,
    "_height": 553
  },
  "features": {
    "geometric_structural": {
      "leading_lines": {
        "diagonal": 0,
        "vertical": 1,
        "horizontal": 0,
        "curved": 167
      },
      "leading_lines_strength": 0.21483375959079284,
      "symmetry_vertical": 0.30208125832679056,
      "symmetry_horizontal": 0.3797522952351131,
      "symmetry_radial": 0.23518268749709992,
      "rule_of_thirds": {
        "alignment_score": 1,
        "num_salient_objects": 16
      },
      "golden_ratio": {
        "golden_alignment_score": 4
      },
      "balance": {
        "static_balance": 0.9405876398086548,
        "dynamic_balance": 1.0,
        "dominant_quadrant": 0
      },
      "layering": {
        "foreground_ratio": 0.24232986333120204,
        "midground_ratio": 0.4073364570012788,
        "background_ratio": 0.35033367966751916,
        "depth_complexity": 0.12083936670406162
      }
    },
    "spatial_layout": {
      "negative_space_ratio": 0.6633656689578005,
      "subject_isolation": 0.09999900095907928,
      "depth_of_field": {
        "blur_gradient_strength": 138.00849486648102,
        "sharpness_variance": 114086.6021675902,
        "min_sharpness": 0.0392156862745098,
        "max_sharpness": 2690.1171498082613
      },
      "perspective": {
        "has_vanishing_point": 1,
        "perspective_strength": 0.9871794871794872
      }
    },
    "contrast_color": {
      "high_contrast_ratio": 0.3248131793478261,
      "low_contrast_ratio": 0.6751868206521738,
      "mean_contrast": 22.90689468383789,
      "highlight_ratio": 0.0225208792835474,
      "shadow_ratio": 0.591924250125885,
      "midtone_ratio": 0.38555485010147095,
      "warm_color_ratio": 0.4196346507352941,
      "cool_color_ratio": 0.5169537244245525,
      "complementary_color_score": 2.2777777777777777
    },
    "motion_dynamics": {
      "s_curve_count": 165,
      "motion_blur_score": 7.247947680992575,
      "dominant_direction_deg": 4.999999999999995,
      "direction_strength": 0.1533153172950135
    },
    "pattern_rhythm": {
      "repetition_score": 1.0,
      "rhythm_score": 1.0,
      "pattern_breaks": 6
    },
    "visual_mass_focus": {
      "point_of_interest": {
        "x": 0.482421875,
        "y": 0.38235294117647056,
        "strength": 1.0
      },
      "visual_mass_concentration": 0.19949598385549872,
      "mean_visual_weight": 0.13087627291679382,
      "face_count": 1,
      "has_directional_cues": 1
    },
    "framing_breathing": {
      "frame_in_frame_count": 0,
      "breathing_space": {
        "top": 0.39258312020460356,
        "bottom": 0.3414322250639386,
        "left": 0.36328125,
        "right": 0.50390625,
        "min_margin": 0.3414322250639386,
        "mean_margin": 0.4003007113171355
      },
      "corner_anchors": {
        "top_left": 0.30230072140693665,
        "top_right": 0.20432652533054352,
        "bottom_left": 0.21062155067920685,
        "bottom_right": 0.2643207013607025,
        "max_corner_weight": 0.30230072140693665,
        "has_corner_subject": 1
      }
    }
  }
}