{
  "meta": {
    "_dataset": "tvm_data",
    "_label": "testImages_artphoto",
    "_relpath": "testImages_artphoto/fear_0713.jpg",
    "_filename": "fear_0713.jpg",
    "_width": 376,
    "_height": 532
  },
  "features": {
    "geometric_structural": {
      "leading_lines": {
        "diagonal": 0,
        "vertical": 6,
        "horizontal": 0,
        "curved": 141
      },
      "leading_lines_strength": 0.20303867403314918,
      "symmetry_vertical": 0.40035935707853876,
      "symmetry_horizontal": 0.40551724184293203,
      "symmetry_radial": 0.37348138510032297,
      "rule_of_thirds": {
        "alignment_score": 2,
        "num_salient_objects": 11
      },
      "golden_ratio": {
        "golden_alignment_score": 2
      },
      "balance": {
        "static_balance": 0.9255344271659851,
        "dynamic_balance": 1.0,
        "dominant_quadrant": 0
      },
      "layering": {
        "foreground_ratio": 0.3204797565607735,
        "midground_ratio": 0.14395394509668508,
        "background_ratio": 0.5355662983425414,
        "depth_complexity": 0.09575036386367054
      }
    },
    "spatial_layout": {
      "negative_space_ratio": 0.7497329290400553,
      "subject_isolation": 0.10000053953729282,
      "depth_of_field": {
        "blur_gradient_strength": 92.23331124560023,
        "sharpness_variance": 25385.928404489852,
        "min_sharpness": 0.0,
        "max_sharpness": 778.5767358575156
      },
      "perspective": {
        "has_vanishing_point": 1,
        "perspective_strength": 0.976905311778291
      }
    },
    "contrast_color": {
      "high_contrast_ratio": 0.42375258977900554,
      "low_contrast_ratio": 0.5762474102209945,
      "mean_contrast": 22.113414764404297,
      "highlight_ratio": 0.01152451615780592,
      "shadow_ratio": 0.71272873878479,
      "midtone_ratio": 0.27574676275253296,
      "warm_color_ratio": 0.05859375,
      "cool_color_ratio": 0.008578642955801106,
      "complementary_color_score": 2.6666666666666665
    },
    "motion_dynamics": {
      "s_curve_count": 161,
      "motion_blur_score": 6.747269695151093,
      "dominant_direction_deg": 4.999999999999995,
      "direction_strength": 0.45843134927362517
    },
    "pattern_rhythm": {
      "repetition_score": 1.0,
      "rhythm_score": 1.0,
      "pattern_breaks": 5
    },
    "visual_mass_focus": {
      "point_of_interest": {
        "x": 0.203125,
        "y": 0.5027624309392266,
        "strength": 1.0
      },
      "visual_mass_concentration": 0.1971496244820442,
      "mean_visual_weight": 0.010922810062766075,
      "face_count": 0,
      "has_directional_cues": 0
    },
    "framing_breathing": {
      "frame_in_frame_count": 0,
      "breathing_space": {
        "top": 0.4958563535911602,
        "bottom": 0.24585635359116023,
        "left": 0.08984375,
        "right": 0.658203125,
        "min_margin": 0.08984375,
        "mean_margin": 0.3724398955455801
      },
      "corner_anchors": {
        "top_left": 0.18082702159881592,
        "top_right": 0.19025754928588867,
        "bottom_left": 0.17968152463436127,
        "bottom_right": 0.19011355936527252,
        "max_corner_weight": 0.19025754928588867,
        "has_corner_subject": 0
      }
    }
  }
}