{
  "meta": {
    "_dataset": "tvm_data",
    "_label": "testImages_artphoto",
    "_relpath": "testImages_artphoto/fear_0688.jpg",
    "_filename": "fear_0688.jpg",
    "_width": 548,
    "_height": 365
  },
  "features": {
    "geometric_structural": {
      "leading_lines": {
        "diagonal": 0,
        "vertical": 0,
        "horizontal": 0,
        "curved": 109
      },
      "leading_lines_strength": 0.14174252275682706,
      "symmetry_vertical": 0.44236870516577587,
      "symmetry_horizontal": 0.5406181727640076,
      "symmetry_radial": 0.3589841932134945,
      "rule_of_thirds": {
        "alignment_score": 0,
        "num_salient_objects": 23
      },
      "golden_ratio": {
        "golden_alignment_score": 0
      },
      "balance": {
        "static_balance": 0.9358574151992798,
        "dynamic_balance": 1.0,
        "dominant_quadrant": 3
      },
      "layering": {
        "foreground_ratio": 0.277397086313394,
        "midground_ratio": 0.32153669538361507,
        "background_ratio": 0.4010662183029909,
        "depth_complexity": 0.025069997214565605
      }
    },
    "spatial_layout": {
      "negative_space_ratio": 0.4217937256176853,
      "subject_isolation": 0.10000050796488946,
      "depth_of_field": {
        "blur_gradient_strength": 22.64589655726308,
        "sharpness_variance": 1842.8528867004477,
        "min_sharpness": 0.0,
        "max_sharpness": 206.65906245801122
      },
      "perspective": {
        "has_vanishing_point": 0,
        "perspective_strength": 0.0
      }
    },
    "contrast_color": {
      "high_contrast_ratio": 0.3664433314369311,
      "low_contrast_ratio": 0.6335566685630689,
      "mean_contrast": 20.148752212524414,
      "highlight_ratio": 0.30736446380615234,
      "shadow_ratio": 0.09550756216049194,
      "midtone_ratio": 0.5971279740333557,
      "warm_color_ratio": 0.9974500162548765,
      "cool_color_ratio": 0.0010413280234070222,
      "complementary_color_score": 2.0555555555555554
    },
    "motion_dynamics": {
      "s_curve_count": 128,
      "motion_blur_score": 18.106616607584126,
      "dominant_direction_deg": 4.999999999999995,
      "direction_strength": 0.08524158810121393
    },
    "pattern_rhythm": {
      "repetition_score": 1.0,
      "rhythm_score": 1.0,
      "pattern_breaks": 10
    },
    "visual_mass_focus": {
      "point_of_interest": {
        "x": 0.7724317295188556,
        "y": 0.466796875,
        "strength": 1.0
      },
      "visual_mass_concentration": 0.1999832371586476,
      "mean_visual_weight": 0.36184680461883545,
      "face_count": 0,
      "has_directional_cues": 0
    },
    "framing_breathing": {
      "frame_in_frame_count": 0,
      "breathing_space": {
        "top": 0.24609375,
        "bottom": 0.271484375,
        "left": 0.44733420026007803,
        "right": 0.08322496749024708,
        "min_margin": 0.08322496749024708,
        "mean_margin": 0.26203432318758124
      },
      "corner_anchors": {
        "top_left": 0.4236149191856384,
        "top_right": 0.2753930687904358,
        "bottom_left": 0.23423954844474792,
        "bottom_right": 0.4868101179599762,
        "max_corner_weight": 0.4868101179599762,
        "has_corner_subject": 1
      }
    }
  }
}