{
  "meta": {
    "_dataset": "tvm_data",
    "_label": "testImages_artphoto",
    "_relpath": "testImages_artphoto/fear_0903.jpg",
    "_filename": "fear_0903.jpg",
    "_width": 430,
    "_height": 465
  },
  "features": {
    "geometric_structural": {
      "leading_lines": {
        "diagonal": 49,
        "vertical": 7,
        "horizontal": 0,
        "curved": 209
      },
      "leading_lines_strength": 0.47833935018050544,
      "symmetry_vertical": 0.16143766007902466,
      "symmetry_horizontal": 0.16035230440762174,
      "symmetry_radial": 0.10434323210428438,
      "rule_of_thirds": {
        "alignment_score": 1,
        "num_salient_objects": 22
      },
      "golden_ratio": {
        "golden_alignment_score": 3
      },
      "balance": {
        "static_balance": 0.9037235975265503,
        "dynamic_balance": 1.0,
        "dominant_quadrant": 3
      },
      "layering": {
        "foreground_ratio": 0.3205557592509025,
        "midground_ratio": 0.2648282378158845,
        "background_ratio": 0.414616002933213,
        "depth_complexity": 0.39081860269470614
      }
    },
    "spatial_layout": {
      "negative_space_ratio": 0.6232125733303249,
      "subject_isolation": 0.10000070509927798,
      "depth_of_field": {
        "blur_gradient_strength": 348.8888538663181,
        "sharpness_variance": 277520.31741510925,
        "min_sharpness": 0.4117647058823529,
        "max_sharpness": 2518.338416848221
      },
      "perspective": {
        "has_vanishing_point": 1,
        "perspective_strength": 0.9977861820865234
      }
    },
    "contrast_color": {
      "high_contrast_ratio": 0.4626262127707581,
      "low_contrast_ratio": 0.5373737872292419,
      "mean_contrast": 35.12791442871094,
      "highlight_ratio": 0.2171705812215805,
      "shadow_ratio": 0.48117032647132874,
      "midtone_ratio": 0.30165907740592957,
      "warm_color_ratio": 0.640561541064982,
      "cool_color_ratio": 0.3233796818592058,
      "complementary_color_score": 2.0
    },
    "motion_dynamics": {
      "s_curve_count": 291,
      "motion_blur_score": 7.267659771102448,
      "dominant_direction_deg": 4.999999999999995,
      "direction_strength": 0.147552600405617
    },
    "pattern_rhythm": {
      "repetition_score": 1.0,
      "rhythm_score": 1.0,
      "pattern_breaks": 6
    },
    "visual_mass_focus": {
      "point_of_interest": {
        "x": 0.623046875,
        "y": 0.7725631768953068,
        "strength": 1.0
      },
      "visual_mass_concentration": 0.19996968073104693,
      "mean_visual_weight": 0.19048917293548584,
      "face_count": 0,
      "has_directional_cues": 0
    },
    "framing_breathing": {
      "frame_in_frame_count": 0,
      "breathing_space": {
        "top": 0.42057761732851984,
        "bottom": 0.0,
        "left": 0.23046875,
        "right": 0.06640625,
        "min_margin": 0.0,
        "mean_margin": 0.17936315433212996
      },
      "corner_anchors": {
        "top_left": 0.5554715991020203,
        "top_right": 0.3343448042869568,
        "bottom_left": 0.41514766216278076,
        "bottom_right": 0.5303794145584106,
        "max_corner_weight": 0.5554715991020203,
        "has_corner_subject": 1
      }
    }
  }
}