{
  "meta": {
    "_dataset": "tvm_data",
    "_label": "testImages_artphoto",
    "_relpath": "testImages_artphoto/fear_0681.jpg",
    "_filename": "fear_0681.jpg",
    "_width": 518,
    "_height": 386
  },
  "features": {
    "geometric_structural": {
      "leading_lines": {
        "diagonal": 39,
        "vertical": 8,
        "horizontal": 80,
        "curved": 601
      },
      "leading_lines_strength": 1.059679767103348,
      "symmetry_vertical": 0.18004897358690078,
      "symmetry_horizontal": 0.17495777787280423,
      "symmetry_radial": 0.14193066429578202,
      "rule_of_thirds": {
        "alignment_score": 0,
        "num_salient_objects": 75
      },
      "golden_ratio": {
        "golden_alignment_score": 1
      },
      "balance": {
        "static_balance": 0.8541347980499268,
        "dynamic_balance": 1.0,
        "dominant_quadrant": 1
      },
      "layering": {
        "foreground_ratio": 0.30873021288209607,
        "midground_ratio": 0.2930085516739447,
        "background_ratio": 0.39826123544395925,
        "depth_complexity": 0.3005428509285614
      }
    },
    "spatial_layout": {
      "negative_space_ratio": 0.5788414301310044,
      "subject_isolation": 0.1000017057860262,
      "depth_of_field": {
        "blur_gradient_strength": 252.93034727183678,
        "sharpness_variance": 155507.22587216165,
        "min_sharpness": 4.253951952055822,
        "max_sharpness": 2926.1372549019607
      },
      "perspective": {
        "has_vanishing_point": 1,
        "perspective_strength": 0.9986595972834504
      }
    },
    "contrast_color": {
      "high_contrast_ratio": 0.41785787390829693,
      "low_contrast_ratio": 0.582142126091703,
      "mean_contrast": 27.478822708129883,
      "highlight_ratio": 0.20381300151348114,
      "shadow_ratio": 0.2463012933731079,
      "midtone_ratio": 0.5498856902122498,
      "warm_color_ratio": 0.8422773380640466,
      "cool_color_ratio": 0.003351869541484716,
      "complementary_color_score": 2.611111111111111
    },
    "motion_dynamics": {
      "s_curve_count": 501,
      "motion_blur_score": 8.739578041279614,
      "dominant_direction_deg": -85.0,
      "direction_strength": 0.039477574599596645
    },
    "pattern_rhythm": {
      "repetition_score": 1.0,
      "rhythm_score": 1.0,
      "pattern_breaks": 19
    },
    "visual_mass_focus": {
      "point_of_interest": {
        "x": 0.5036390101892285,
        "y": 0.2734375,
        "strength": 1.0
      },
      "visual_mass_concentration": 0.19959686590247452,
      "mean_visual_weight": 0.20329225063323975,
      "face_count": 0,
      "has_directional_cues": 0
    },
    "framing_breathing": {
      "frame_in_frame_count": 0,
      "breathing_space": {
        "top": 0.279296875,
        "bottom": 0.21484375,
        "left": 0.2678311499272198,
        "right": 0.1615720524017467,
        "min_margin": 0.1615720524017467,
        "mean_margin": 0.2308859568322416
      },
      "corner_anchors": {
        "top_left": 0.7577060461044312,
        "top_right": 0.7503507137298584,
        "bottom_left": 0.1964196264743805,
        "bottom_right": 0.176300510764122,
        "max_corner_weight": 0.7577060461044312,
        "has_corner_subject": 1
      }
    }
  }
}