{
  "meta": {
    "_dataset": "tvm_data",
    "_label": "testImages_artphoto",
    "_relpath": "testImages_artphoto/fear_0961.jpg",
    "_filename": "fear_0961.jpg",
    "_width": 516,
    "_height": 387
  },
  "features": {
    "geometric_structural": {
      "leading_lines": {
        "diagonal": 2,
        "vertical": 5,
        "horizontal": 0,
        "curved": 183
      },
      "leading_lines_strength": 0.2781844802342606,
      "symmetry_vertical": 0.27832658750145167,
      "symmetry_horizontal": 0.2405381629198462,
      "symmetry_radial": 0.17718200575454268,
      "rule_of_thirds": {
        "alignment_score": 2,
        "num_salient_objects": 29
      },
      "golden_ratio": {
        "golden_alignment_score": 5
      },
      "balance": {
        "static_balance": 0.8055140376091003,
        "dynamic_balance": 1.0,
        "dominant_quadrant": 3
      },
      "layering": {
        "foreground_ratio": 0.26950837298682284,
        "midground_ratio": 0.2521247025988287,
        "background_ratio": 0.47836692441434847,
        "depth_complexity": 0.089174139565635
      }
    },
    "spatial_layout": {
      "negative_space_ratio": 0.8669587298682284,
      "subject_isolation": 0.10000114385065886,
      "depth_of_field": {
        "blur_gradient_strength": 166.00176616555999,
        "sharpness_variance": 97809.0186684921,
        "min_sharpness": 2.072736050266651,
        "max_sharpness": 2675.3122837370233
      },
      "perspective": {
        "has_vanishing_point": 1,
        "perspective_strength": 0.9369369369369369
      }
    },
    "contrast_color": {
      "high_contrast_ratio": 0.3582997803806735,
      "low_contrast_ratio": 0.6417002196193264,
      "mean_contrast": 27.26974868774414,
      "highlight_ratio": 0.023880742490291595,
      "shadow_ratio": 0.7627710700035095,
      "midtone_ratio": 0.21334820985794067,
      "warm_color_ratio": 0.29321467789165445,
      "cool_color_ratio": 0.051687751647144946,
      "complementary_color_score": 2.1666666666666665
    },
    "motion_dynamics": {
      "s_curve_count": 218,
      "motion_blur_score": 5.534812481922015,
      "dominant_direction_deg": 4.999999999999995,
      "direction_strength": 0.09470797492652272
    },
    "pattern_rhythm": {
      "repetition_score": 1.0,
      "rhythm_score": 1.0,
      "pattern_breaks": 7
    },
    "visual_mass_focus": {
      "point_of_interest": {
        "x": 0.582723279648609,
        "y": 0.59375,
        "strength": 1.0
      },
      "visual_mass_concentration": 0.1999450951683748,
      "mean_visual_weight": 0.039279501885175705,
      "face_count": 0,
      "has_directional_cues": 0
    },
    "framing_breathing": {
      "frame_in_frame_count": 0,
      "breathing_space": {
        "top": 0.404296875,
        "bottom": 0.138671875,
        "left": 0.39970717423133234,
        "right": 0.25036603221083453,
        "min_margin": 0.138671875,
        "mean_margin": 0.2982604891105417
      },
      "corner_anchors": {
        "top_left": 0.09625749289989471,
        "top_right": 0.13466964662075043,
        "bottom_left": 0.15543235838413239,
        "bottom_right": 0.16396862268447876,
        "max_corner_weight": 0.16396862268447876,
        "has_corner_subject": 0
      }
    }
  }
}