{
  "meta": {
    "_dataset": "tvm_data",
    "_label": "testImages_artphoto",
    "_relpath": "testImages_artphoto/fear_0698.jpg",
    "_filename": "fear_0698.jpg",
    "_width": 521,
    "_height": 384
  },
  "features": {
    "geometric_structural": {
      "leading_lines": {
        "diagonal": 0,
        "vertical": 0,
        "horizontal": 9,
        "curved": 147
      },
      "leading_lines_strength": 0.22446043165467625,
      "symmetry_vertical": 0.4395019045797197,
      "symmetry_horizontal": 0.4301942992452662,
      "symmetry_radial": 0.3236491914758333,
      "rule_of_thirds": {
        "alignment_score": 3,
        "num_salient_objects": 11
      },
      "golden_ratio": {
        "golden_alignment_score": 4
      },
      "balance": {
        "static_balance": 0.9201654195785522,
        "dynamic_balance": 1.0,
        "dominant_quadrant": 2
      },
      "layering": {
        "foreground_ratio": 0.2489208633093525,
        "midground_ratio": 0.37740838579136693,
        "background_ratio": 0.3736707508992806,
        "depth_complexity": 0.10495239642926135
      }
    },
    "spatial_layout": {
      "negative_space_ratio": 0.6689326663669065,
      "subject_isolation": 0.1,
      "depth_of_field": {
        "blur_gradient_strength": 105.46621396287361,
        "sharpness_variance": 40816.46750156492,
        "min_sharpness": 1.0685313341022684,
        "max_sharpness": 1235.6230888040134
      },
      "perspective": {
        "has_vanishing_point": 1,
        "perspective_strength": 0.956369982547993
      }
    },
    "contrast_color": {
      "high_contrast_ratio": 0.3143069919064748,
      "low_contrast_ratio": 0.6856930080935252,
      "mean_contrast": 17.666046142578125,
      "highlight_ratio": 0.0001348920923192054,
      "shadow_ratio": 0.6315619349479675,
      "midtone_ratio": 0.36830317974090576,
      "warm_color_ratio": 0.4170863309352518,
      "cool_color_ratio": 0.3972937275179856,
      "complementary_color_score": 2.388888888888889
    },
    "motion_dynamics": {
      "s_curve_count": 141,
      "motion_blur_score": 6.692358684682847,
      "dominant_direction_deg": 95.0,
      "direction_strength": 0.10606171312919833
    },
    "pattern_rhythm": {
      "repetition_score": 1.0,
      "rhythm_score": 1.0,
      "pattern_breaks": 4
    },
    "visual_mass_focus": {
      "point_of_interest": {
        "x": 0.46474820143884893,
        "y": 0.671875,
        "strength": 1.0
      },
      "visual_mass_concentration": 0.19964309802158273,
      "mean_visual_weight": 0.101503387093544,
      "face_count": 0,
      "has_directional_cues": 0
    },
    "framing_breathing": {
      "frame_in_frame_count": 0,
      "breathing_space": {
        "top": 0.548828125,
        "bottom": 0.314453125,
        "left": 0.2143884892086331,
        "right": 0.5223021582733813,
        "min_margin": 0.2143884892086331,
        "mean_margin": 0.39999297437050363
      },
      "corner_anchors": {
        "top_left": 0.20441582798957825,
        "top_right": 0.19031624495983124,
        "bottom_left": 0.2617380917072296,
        "bottom_right": 0.2235039323568344,
        "max_corner_weight": 0.2617380917072296,
        "has_corner_subject": 0
      }
    }
  }
}