{
  "meta": {
    "_dataset": "tvm_data",
    "_label": "testImages_artphoto",
    "_relpath": "testImages_artphoto/fear_0921.jpg",
    "_filename": "fear_0921.jpg",
    "_width": 387,
    "_height": 516
  },
  "features": {
    "geometric_structural": {
      "leading_lines": {
        "diagonal": 1,
        "vertical": 1,
        "horizontal": 0,
        "curved": 116
      },
      "leading_lines_strength": 0.17276720351390923,
      "symmetry_vertical": 0.3930095216748475,
      "symmetry_horizontal": 0.48532109573363785,
      "symmetry_radial": 0.43307356775142675,
      "rule_of_thirds": {
        "alignment_score": 1,
        "num_salient_objects": 12
      },
      "golden_ratio": {
        "golden_alignment_score": 1
      },
      "balance": {
        "static_balance": 0.8477237224578857,
        "dynamic_balance": 1.0,
        "dominant_quadrant": 0
      },
      "layering": {
        "foreground_ratio": 0.26997449213030744,
        "midground_ratio": 0.1220031112737921,
        "background_ratio": 0.6080223965959004,
        "depth_complexity": 0.07911517247845415
      }
    },
    "spatial_layout": {
      "negative_space_ratio": 0.808199121522694,
      "subject_isolation": 0.10000114385065886,
      "depth_of_field": {
        "blur_gradient_strength": 82.73919426047027,
        "sharpness_variance": 22403.83022771256,
        "min_sharpness": 0.0,
        "max_sharpness": 993.1627095780303
      },
      "perspective": {
        "has_vanishing_point": 1,
        "perspective_strength": 0.6666666666666666
      }
    },
    "contrast_color": {
      "high_contrast_ratio": 0.42395966782576866,
      "low_contrast_ratio": 0.5760403321742313,
      "mean_contrast": 25.652263641357422,
      "highlight_ratio": 0.03616569936275482,
      "shadow_ratio": 0.7698429226875305,
      "midtone_ratio": 0.19399136304855347,
      "warm_color_ratio": 0.23423201866764276,
      "cool_color_ratio": 0.04208798499267936,
      "complementary_color_score": 2.5555555555555554
    },
    "motion_dynamics": {
      "s_curve_count": 125,
      "motion_blur_score": 6.2761188979475175,
      "dominant_direction_deg": 4.999999999999995,
      "direction_strength": 0.538842308746629
    },
    "pattern_rhythm": {
      "repetition_score": 1.0,
      "rhythm_score": 1.0,
      "pattern_breaks": 6
    },
    "visual_mass_focus": {
      "point_of_interest": {
        "x": 0.232421875,
        "y": 0.4465592972181552,
        "strength": 1.0
      },
      "visual_mass_concentration": 0.19997369143484628,
      "mean_visual_weight": 0.029519060626626015,
      "face_count": 0,
      "has_directional_cues": 0
    },
    "framing_breathing": {
      "frame_in_frame_count": 0,
      "breathing_space": {
        "top": 0.20497803806734993,
        "bottom": 0.2225475841874085,
        "left": 0.12890625,
        "right": 0.634765625,
        "min_margin": 0.12890625,
        "mean_margin": 0.29779937431368964
      },
      "corner_anchors": {
        "top_left": 0.1732238233089447,
        "top_right": 0.1754036396741867,
        "bottom_left": 0.1645124852657318,
        "bottom_right": 0.17641901969909668,
        "max_corner_weight": 0.17641901969909668,
        "has_corner_subject": 0
      }
    }
  }
}