{
  "meta": {
    "_dataset": "tvm_data",
    "_label": "testImages_artphoto",
    "_relpath": "testImages_artphoto/fear_0683.jpg",
    "_filename": "fear_0683.jpg",
    "_width": 371,
    "_height": 539
  },
  "features": {
    "geometric_structural": {
      "leading_lines": {
        "diagonal": 12,
        "vertical": 1,
        "horizontal": 0,
        "curved": 282
      },
      "leading_lines_strength": 0.396505376344086,
      "symmetry_vertical": 0.46587346974444976,
      "symmetry_horizontal": 0.17736596046497088,
      "symmetry_radial": 0.18954320017192158,
      "rule_of_thirds": {
        "alignment_score": 2,
        "num_salient_objects": 23
      },
      "golden_ratio": {
        "golden_alignment_score": 4
      },
      "balance": {
        "static_balance": 0.8396624326705933,
        "dynamic_balance": 1.0,
        "dominant_quadrant": 1
      },
      "layering": {
        "foreground_ratio": 0.29621608282930106,
        "midground_ratio": 0.21883663054435484,
        "background_ratio": 0.48494728662634407,
        "depth_complexity": 0.08432049312066006
      }
    },
    "spatial_layout": {
      "negative_space_ratio": 0.40920856434811825,
      "subject_isolation": 0.10000052503360216,
      "depth_of_field": {
        "blur_gradient_strength": 81.84442217741001,
        "sharpness_variance": 20682.216966423948,
        "min_sharpness": 0.15068997949950044,
        "max_sharpness": 987.010875508355
      },
      "perspective": {
        "has_vanishing_point": 1,
        "perspective_strength": 0.8249158249158249
      }
    },
    "contrast_color": {
      "high_contrast_ratio": 0.36791204637096775,
      "low_contrast_ratio": 0.6320879536290323,
      "mean_contrast": 31.301179885864258,
      "highlight_ratio": 0.29571467638015747,
      "shadow_ratio": 0.3118935823440552,
      "midtone_ratio": 0.39239174127578735,
      "warm_color_ratio": 0.24180685063844087,
      "cool_color_ratio": 0.00474630376344086,
      "complementary_color_score": 2.2222222222222223
    },
    "motion_dynamics": {
      "s_curve_count": 306,
      "motion_blur_score": 11.311649295027452,
      "dominant_direction_deg": 4.999999999999995,
      "direction_strength": 0.14463100638402893
    },
    "pattern_rhythm": {
      "repetition_score": 1.0,
      "rhythm_score": 1.0,
      "pattern_breaks": 11
    },
    "visual_mass_focus": {
      "point_of_interest": {
        "x": 0.525390625,
        "y": 0.3239247311827957,
        "strength": 1.0
      },
      "visual_mass_concentration": 0.19909799227150538,
      "mean_visual_weight": 0.057065680623054504,
      "face_count": 0,
      "has_directional_cues": 0
    },
    "framing_breathing": {
      "frame_in_frame_count": 0,
      "breathing_space": {
        "top": 0.0,
        "bottom": 0.4852150537634409,
        "left": 0.0,
        "right": 0.0,
        "min_margin": 0.0,
        "mean_margin": 0.12130376344086022
      },
      "corner_anchors": {
        "top_left": 0.9811610579490662,
        "top_right": 0.914014995098114,
        "bottom_left": 0.30116042494773865,
        "bottom_right": 0.5004265308380127,
        "max_corner_weight": 0.9811610579490662,
        "has_corner_subject": 1
      }
    }
  }
}