{
  "meta": {
    "_dataset": "tvm_data",
    "_label": "testImages_artphoto",
    "_relpath": "testImages_artphoto/fear_0958.jpg",
    "_filename": "fear_0958.jpg",
    "_width": 560,
    "_height": 357
  },
  "features": {
    "geometric_structural": {
      "leading_lines": {
        "diagonal": 0,
        "vertical": 0,
        "horizontal": 0,
        "curved": 18
      },
      "leading_lines_strength": 0.0224159402241594,
      "symmetry_vertical": 0.3734313439222767,
      "symmetry_horizontal": 0.1990458792719231,
      "symmetry_radial": 0.2653478944187027,
      "rule_of_thirds": {
        "alignment_score": 0,
        "num_salient_objects": 1
      },
      "golden_ratio": {
        "golden_alignment_score": 1
      },
      "balance": {
        "static_balance": 0.9256060719490051,
        "dynamic_balance": 1.0,
        "dominant_quadrant": 2
      },
      "layering": {
        "foreground_ratio": 0.1749396793275218,
        "midground_ratio": 0.2505229413138232,
        "background_ratio": 0.574537379358655,
        "depth_complexity": 0.011891464138239391
      }
    },
    "spatial_layout": {
      "negative_space_ratio": 0.7388868890099627,
      "subject_isolation": 0.10000097291407223,
      "depth_of_field": {
        "blur_gradient_strength": 10.3425227717243,
        "sharpness_variance": 478.8674031798136,
        "min_sharpness": 0.0,
        "max_sharpness": 136.5323596445989
      },
      "perspective": {
        "has_vanishing_point": 0,
        "perspective_strength": 0.0
      }
    },
    "contrast_color": {
      "high_contrast_ratio": 0.42535560009339973,
      "low_contrast_ratio": 0.5746443999066002,
      "mean_contrast": 20.09807777404785,
      "highlight_ratio": 0.08003677427768707,
      "shadow_ratio": 0.6347121000289917,
      "midtone_ratio": 0.2852511405944824,
      "warm_color_ratio": 0.0,
      "cool_color_ratio": 0.0,
      "complementary_color_score": 0.0
    },
    "motion_dynamics": {
      "s_curve_count": 26,
      "motion_blur_score": 14.343641627934828,
      "dominant_direction_deg": 4.999999999999995,
      "direction_strength": 0.3544252996566722
    },
    "pattern_rhythm": {
      "repetition_score": 1.0,
      "rhythm_score": 1.0,
      "pattern_breaks": 1
    },
    "visual_mass_focus": {
      "point_of_interest": {
        "x": 0.44956413449564137,
        "y": 0.71875,
        "strength": 1.0
      },
      "visual_mass_concentration": 0.0,
      "mean_visual_weight": 0.0,
      "face_count": 0,
      "has_directional_cues": 0
    },
    "framing_breathing": {
      "frame_in_frame_count": 0,
      "breathing_space": {
        "top": 0.59375,
        "bottom": 0.166015625,
        "left": 0.20049813200498132,
        "right": 0.2851805728518057,
        "min_margin": 0.166015625,
        "mean_margin": 0.31136108246419675
      },
      "corner_anchors": {
        "top_left": 0.30720245838165283,
        "top_right": 0.29345738887786865,
        "bottom_left": 0.26301294565200806,
        "bottom_right": 0.10954170674085617,
        "max_corner_weight": 0.30720245838165283,
        "has_corner_subject": 1
      }
    }
  }
}