{
  "meta": {
    "_dataset": "tvm_data",
    "_label": "testImages_artphoto",
    "_relpath": "testImages_artphoto/fear_0707.jpg",
    "_filename": "fear_0707.jpg",
    "_width": 387,
    "_height": 516
  },
  "features": {
    "geometric_structural": {
      "leading_lines": {
        "diagonal": 36,
        "vertical": 13,
        "horizontal": 13,
        "curved": 338
      },
      "leading_lines_strength": 0.5856515373352855,
      "symmetry_vertical": 0.2554562318151854,
      "symmetry_horizontal": 0.18661267961962705,
      "symmetry_radial": 0.15162366148274106,
      "rule_of_thirds": {
        "alignment_score": 0,
        "num_salient_objects": 5
      },
      "golden_ratio": {
        "golden_alignment_score": 2
      },
      "balance": {
        "static_balance": 0.7740159034729004,
        "dynamic_balance": 1.0,
        "dominant_quadrant": 3
      },
      "layering": {
        "foreground_ratio": 0.33829669198389456,
        "midground_ratio": 0.28055511072474376,
        "background_ratio": 0.3811481972913616,
        "depth_complexity": 0.4243057388972912
      }
    },
    "spatial_layout": {
      "negative_space_ratio": 0.7597027132137628,
      "subject_isolation": 0.10000114385065886,
      "depth_of_field": {
        "blur_gradient_strength": 363.7857386738469,
        "sharpness_variance": 231473.0594891231,
        "min_sharpness": 3.2148466837866314,
        "max_sharpness": 2174.4322376009227
      },
      "perspective": {
        "has_vanishing_point": 1,
        "perspective_strength": 0.997732904518374
      }
    },
    "contrast_color": {
      "high_contrast_ratio": 0.3990208638360176,
      "low_contrast_ratio": 0.6009791361639825,
      "mean_contrast": 19.879684448242188,
      "highlight_ratio": 0.06796760857105255,
      "shadow_ratio": 0.5626915693283081,
      "midtone_ratio": 0.36934083700180054,
      "warm_color_ratio": 0.16288147419472915,
      "cool_color_ratio": 0.6603392661054173,
      "complementary_color_score": 1.1666666666666667
    },
    "motion_dynamics": {
      "s_curve_count": 387,
      "motion_blur_score": 7.820665008886064,
      "dominant_direction_deg": 4.999999999999995,
      "direction_strength": 0.06592297309644399
    },
    "pattern_rhythm": {
      "repetition_score": 1.0,
      "rhythm_score": 1.0,
      "pattern_breaks": 2
    },
    "visual_mass_focus": {
      "point_of_interest": {
        "x": 0.751953125,
        "y": 0.7335285505124451,
        "strength": 1.0
      },
      "visual_mass_concentration": 0.19987360450219618,
      "mean_visual_weight": 0.12880446016788483,
      "face_count": 0,
      "has_directional_cues": 0
    },
    "framing_breathing": {
      "frame_in_frame_count": 0,
      "breathing_space": {
        "top": 0.5212298682284041,
        "bottom": 0.06588579795021962,
        "left": 0.42578125,
        "right": 0.0,
        "min_margin": 0.0,
        "mean_margin": 0.2532242290446559
      },
      "corner_anchors": {
        "top_left": 0.252927303314209,
        "top_right": 0.19911228120326996,
        "bottom_left": 0.18241561949253082,
        "bottom_right": 0.5930857062339783,
        "max_corner_weight": 0.5930857062339783,
        "has_corner_subject": 1
      }
    }
  }
}