{
  "meta": {
    "_dataset": "tvm_data",
    "_label": "testImages_artphoto",
    "_relpath": "testImages_artphoto/fear_0925.jpg",
    "_filename": "fear_0925.jpg",
    "_width": 548,
    "_height": 365
  },
  "features": {
    "geometric_structural": {
      "leading_lines": {
        "diagonal": 0,
        "vertical": 0,
        "horizontal": 0,
        "curved": 15
      },
      "leading_lines_strength": 0.01950585175552666,
      "symmetry_vertical": 0.4651882701460483,
      "symmetry_horizontal": 0.55300046178109,
      "symmetry_radial": 0.340162951062226,
      "rule_of_thirds": {
        "alignment_score": 1,
        "num_salient_objects": 7
      },
      "golden_ratio": {
        "golden_alignment_score": 2
      },
      "balance": {
        "static_balance": 0.9477701187133789,
        "dynamic_balance": 1.0,
        "dominant_quadrant": 3
      },
      "layering": {
        "foreground_ratio": 0.24309675715214565,
        "midground_ratio": 0.3462974439206762,
        "background_ratio": 0.41060579892717813,
        "depth_complexity": 0.011299793413519827
      }
    },
    "spatial_layout": {
      "negative_space_ratio": 0.40140655477893367,
      "subject_isolation": 0.10000050796488946,
      "depth_of_field": {
        "blur_gradient_strength": 10.004156488856696,
        "sharpness_variance": 302.32150979535595,
        "min_sharpness": 0.0,
        "max_sharpness": 176.24144027649734
      },
      "perspective": {
        "has_vanishing_point": 1,
        "perspective_strength": 0.8888888888888888
      }
    },
    "contrast_color": {
      "high_contrast_ratio": 0.4174785638816645,
      "low_contrast_ratio": 0.5825214361183355,
      "mean_contrast": 23.12391471862793,
      "highlight_ratio": 0.34138795733451843,
      "shadow_ratio": 0.05670920014381409,
      "midtone_ratio": 0.6019028425216675,
      "warm_color_ratio": 0.0,
      "cool_color_ratio": 0.0,
      "complementary_color_score": 0.0
    },
    "motion_dynamics": {
      "s_curve_count": 51,
      "motion_blur_score": 23.613739650308503,
      "dominant_direction_deg": 4.999999999999995,
      "direction_strength": 0.16119503819855027
    },
    "pattern_rhythm": {
      "repetition_score": 1.0,
      "rhythm_score": 1.0,
      "pattern_breaks": 4
    },
    "visual_mass_focus": {
      "point_of_interest": {
        "x": 0.6163849154746424,
        "y": 0.73828125,
        "strength": 1.0
      },
      "visual_mass_concentration": 0.0,
      "mean_visual_weight": 0.0,
      "face_count": 0,
      "has_directional_cues": 0
    },
    "framing_breathing": {
      "frame_in_frame_count": 0,
      "breathing_space": {
        "top": 0.578125,
        "bottom": 0.021484375,
        "left": 0.4850455136540962,
        "right": 0.2756827048114434,
        "min_margin": 0.021484375,
        "mean_margin": 0.3400843983663849
      },
      "corner_anchors": {
        "top_left": 0.3124527633190155,
        "top_right": 0.1784970462322235,
        "bottom_left": 0.15160585939884186,
        "bottom_right": 0.19820305705070496,
        "max_corner_weight": 0.3124527633190155,
        "has_corner_subject": 1
      }
    }
  }
}