{
  "meta": {
    "_dataset": "tvm_data",
    "_label": "testImages_artphoto",
    "_relpath": "testImages_artphoto/fear_0694.jpg",
    "_filename": "fear_0694.jpg",
    "_width": 393,
    "_height": 509
  },
  "features": {
    "geometric_structural": {
      "leading_lines": {
        "diagonal": 0,
        "vertical": 10,
        "horizontal": 4,
        "curved": 60
      },
      "leading_lines_strength": 0.11161387631975868,
      "symmetry_vertical": 0.40213486492515155,
      "symmetry_horizontal": 0.27739190141873976,
      "symmetry_radial": 0.25300711129488646,
      "rule_of_thirds": {
        "alignment_score": 2,
        "num_salient_objects": 17
      },
      "golden_ratio": {
        "golden_alignment_score": 3
      },
      "balance": {
        "static_balance": 0.7909581661224365,
        "dynamic_balance": 1.0,
        "dominant_quadrant": 3
      },
      "layering": {
        "foreground_ratio": 0.3057215073529412,
        "midground_ratio": 0.2829438866892911,
        "background_ratio": 0.4113346059577677,
        "depth_complexity": 0.27976094099493964
      }
    },
    "spatial_layout": {
      "negative_space_ratio": 0.9102534643665159,
      "subject_isolation": 0.10000117835595777,
      "depth_of_field": {
        "blur_gradient_strength": 323.06623848315576,
        "sharpness_variance": 286525.3609223717,
        "min_sharpness": 0.0,
        "max_sharpness": 2161.6562100667816
      },
      "perspective": {
        "has_vanishing_point": 1,
        "perspective_strength": 0.9734265734265735
      }
    },
    "contrast_color": {
      "high_contrast_ratio": 0.29116586538461536,
      "low_contrast_ratio": 0.7088341346153846,
      "mean_contrast": 27.278404235839844,
      "highlight_ratio": 0.05507635697722435,
      "shadow_ratio": 0.866456925868988,
      "midtone_ratio": 0.07846671342849731,
      "warm_color_ratio": 0.0,
      "cool_color_ratio": 0.0,
      "complementary_color_score": 0.0
    },
    "motion_dynamics": {
      "s_curve_count": 80,
      "motion_blur_score": 4.400065559031543,
      "dominant_direction_deg": 4.999999999999995,
      "direction_strength": 0.34897011689188295
    },
    "pattern_rhythm": {
      "repetition_score": 1.0,
      "rhythm_score": 1.0,
      "pattern_breaks": 5
    },
    "visual_mass_focus": {
      "point_of_interest": {
        "x": 0.666015625,
        "y": 0.5007541478129713,
        "strength": 1.0
      },
      "visual_mass_concentration": 0.0,
      "mean_visual_weight": 0.0,
      "face_count": 0,
      "has_directional_cues": 0
    },
    "framing_breathing": {
      "frame_in_frame_count": 0,
      "breathing_space": {
        "top": 0.1568627450980392,
        "bottom": 0.4494720965309201,
        "left": 0.357421875,
        "right": 0.177734375,
        "min_margin": 0.1568627450980392,
        "mean_margin": 0.28537277290723984
      },
      "corner_anchors": {
        "top_left": 0.0811222493648529,
        "top_right": 0.09189678728580475,
        "bottom_left": 0.1569521576166153,
        "bottom_right": 0.15674029290676117,
        "max_corner_weight": 0.1569521576166153,
        "has_corner_subject": 0
      }
    }
  }
}