{
  "meta": {
    "_dataset": "tvm_data",
    "_label": "testImages_artphoto",
    "_relpath": "testImages_artphoto/fear_0914.jpg",
    "_filename": "fear_0914.jpg",
    "_width": 527,
    "_height": 379
  },
  "features": {
    "geometric_structural": {
      "leading_lines": {
        "diagonal": 0,
        "vertical": 0,
        "horizontal": 2,
        "curved": 77
      },
      "leading_lines_strength": 0.11095505617977527,
      "symmetry_vertical": 0.34180779418686624,
      "symmetry_horizontal": 0.27160659156118694,
      "symmetry_radial": 0.2026272615903583,
      "rule_of_thirds": {
        "alignment_score": 1,
        "num_salient_objects": 11
      },
      "golden_ratio": {
        "golden_alignment_score": 3
      },
      "balance": {
        "static_balance": 0.8468905091285706,
        "dynamic_balance": 1.0,
        "dominant_quadrant": 2
      },
      "layering": {
        "foreground_ratio": 0.23078421260533707,
        "midground_ratio": 0.3919746313202247,
        "background_ratio": 0.3772411560744382,
        "depth_complexity": 0.06730658114508024
      }
    },
    "spatial_layout": {
      "negative_space_ratio": 0.6468876185042135,
      "subject_isolation": 0.10000164589185394,
      "depth_of_field": {
        "blur_gradient_strength": 73.2771776089578,
        "sharpness_variance": 19683.716498537495,
        "min_sharpness": 0.0,
        "max_sharpness": 945.581851300501
      },
      "perspective": {
        "has_vanishing_point": 1,
        "perspective_strength": 0.8571428571428571
      }
    },
    "contrast_color": {
      "high_contrast_ratio": 0.3775922796699438,
      "low_contrast_ratio": 0.6224077203300562,
      "mean_contrast": 27.053760528564453,
      "highlight_ratio": 0.12638254463672638,
      "shadow_ratio": 0.43237853050231934,
      "midtone_ratio": 0.4412389397621155,
      "warm_color_ratio": 0.5087890625,
      "cool_color_ratio": 0.046266020014044944,
      "complementary_color_score": 2.2777777777777777
    },
    "motion_dynamics": {
      "s_curve_count": 134,
      "motion_blur_score": 9.71310951143808,
      "dominant_direction_deg": 4.999999999999995,
      "direction_strength": 0.16640515273830755
    },
    "pattern_rhythm": {
      "repetition_score": 1.0,
      "rhythm_score": 1.0,
      "pattern_breaks": 7
    },
    "visual_mass_focus": {
      "point_of_interest": {
        "x": 0.4241573033707865,
        "y": 0.455078125,
        "strength": 1.0
      },
      "visual_mass_concentration": 0.1999045382724719,
      "mean_visual_weight": 0.09479852020740509,
      "face_count": 0,
      "has_directional_cues": 0
    },
    "framing_breathing": {
      "frame_in_frame_count": 0,
      "breathing_space": {
        "top": 0.0,
        "bottom": 0.15625,
        "left": 0.23595505617977527,
        "right": 0.43679775280898875,
        "min_margin": 0.0,
        "mean_margin": 0.207250702247191
      },
      "corner_anchors": {
        "top_left": 0.24473334848880768,
        "top_right": 0.1660011261701584,
        "bottom_left": 0.37628409266471863,
        "bottom_right": 0.36401283740997314,
        "max_corner_weight": 0.37628409266471863,
        "has_corner_subject": 1
      }
    }
  }
}