{
  "meta": {
    "_dataset": "tvm_data",
    "_label": "testImages_artphoto",
    "_relpath": "testImages_artphoto/fear_0935.jpg",
    "_filename": "fear_0935.jpg",
    "_width": 387,
    "_height": 516
  },
  "features": {
    "geometric_structural": {
      "leading_lines": {
        "diagonal": 0,
        "vertical": 0,
        "horizontal": 0,
        "curved": 29
      },
      "leading_lines_strength": 0.0424597364568082,
      "symmetry_vertical": 0.6166764827632882,
      "symmetry_horizontal": 0.5050159791403512,
      "symmetry_radial": 0.4459783578589482,
      "rule_of_thirds": {
        "alignment_score": 2,
        "num_salient_objects": 13
      },
      "golden_ratio": {
        "golden_alignment_score": 2
      },
      "balance": {
        "static_balance": 0.8836280107498169,
        "dynamic_balance": 1.0,
        "dominant_quadrant": 2
      },
      "layering": {
        "foreground_ratio": 0.27096678257686674,
        "midground_ratio": 0.3567870378843338,
        "background_ratio": 0.3722461795387994,
        "depth_complexity": 0.05251346293332261
      }
    },
    "spatial_layout": {
      "negative_space_ratio": 0.5134202278550513,
      "subject_isolation": 0.10000114385065886,
      "depth_of_field": {
        "blur_gradient_strength": 69.79250719411588,
        "sharpness_variance": 22020.779052624548,
        "min_sharpness": 2.322664359861592,
        "max_sharpness": 1320.924375
      },
      "perspective": {
        "has_vanishing_point": 1,
        "perspective_strength": 0.6666666666666666
      }
    },
    "contrast_color": {
      "high_contrast_ratio": 0.29328616855783307,
      "low_contrast_ratio": 0.7067138314421669,
      "mean_contrast": 19.012348175048828,
      "highlight_ratio": 0.19853529334068298,
      "shadow_ratio": 0.09628935158252716,
      "midtone_ratio": 0.7051753401756287,
      "warm_color_ratio": 0.0,
      "cool_color_ratio": 0.03038353312591508,
      "complementary_color_score": 0.0
    },
    "motion_dynamics": {
      "s_curve_count": 44,
      "motion_blur_score": 14.082720220703393,
      "dominant_direction_deg": 4.999999999999995,
      "direction_strength": 0.10385592057071326
    },
    "pattern_rhythm": {
      "repetition_score": 1.0,
      "rhythm_score": 1.0,
      "pattern_breaks": 7
    },
    "visual_mass_focus": {
      "point_of_interest": {
        "x": 0.462890625,
        "y": 0.7144948755490483,
        "strength": 1.0
      },
      "visual_mass_concentration": 0.19580721540995608,
      "mean_visual_weight": 0.022744195535779,
      "face_count": 0,
      "has_directional_cues": 0
    },
    "framing_breathing": {
      "frame_in_frame_count": 0,
      "breathing_space": {
        "top": 0.7994143484626647,
        "bottom": 0.0,
        "left": 0.552734375,
        "right": 0.0,
        "min_margin": 0.0,
        "mean_margin": 0.33803718086566614
      },
      "corner_anchors": {
        "top_left": 0.44649195671081543,
        "top_right": 0.5312359929084778,
        "bottom_left": 0.7385554909706116,
        "bottom_right": 0.6477099657058716,
        "max_corner_weight": 0.7385554909706116,
        "has_corner_subject": 1
      }
    }
  }
}