{
  "meta": {
    "_dataset": "tvm_data",
    "_label": "testImages_artphoto",
    "_relpath": "testImages_artphoto/fear_0946.jpg",
    "_filename": "fear_0946.jpg",
    "_width": 376,
    "_height": 532
  },
  "features": {
    "geometric_structural": {
      "leading_lines": {
        "diagonal": 126,
        "vertical": 196,
        "horizontal": 2,
        "curved": 494
      },
      "leading_lines_strength": 1.1298342541436464,
      "symmetry_vertical": 0.18640729769577788,
      "symmetry_horizontal": 0.16135048301029684,
      "symmetry_radial": 0.15422979848968585,
      "rule_of_thirds": {
        "alignment_score": 0,
        "num_salient_objects": 7
      },
      "golden_ratio": {
        "golden_alignment_score": 2
      },
      "balance": {
        "static_balance": 0.9036633968353271,
        "dynamic_balance": 1.0,
        "dominant_quadrant": 3
      },
      "layering": {
        "foreground_ratio": 0.32801979022790057,
        "midground_ratio": 0.3299135661256906,
        "background_ratio": 0.3420666436464088,
        "depth_complexity": 0.4734231921055862
      }
    },
    "spatial_layout": {
      "negative_space_ratio": 0.1768333477209945,
      "subject_isolation": 0.10000053953729282,
      "depth_of_field": {
        "blur_gradient_strength": 358.43361366544235,
        "sharpness_variance": 301684.28457304253,
        "min_sharpness": 1.0578411491395452,
        "max_sharpness": 3109.7773933102653
      },
      "perspective": {
        "has_vanishing_point": 1,
        "perspective_strength": 0.9995543062926009
      }
    },
    "contrast_color": {
      "high_contrast_ratio": 0.3949979497582873,
      "low_contrast_ratio": 0.6050020502417127,
      "mean_contrast": 25.12093734741211,
      "highlight_ratio": 0.5991184115409851,
      "shadow_ratio": 0.04020361974835396,
      "midtone_ratio": 0.36067795753479004,
      "warm_color_ratio": 0.004103181111878453,
      "cool_color_ratio": 0.1421572859116022,
      "complementary_color_score": 2.1666666666666665
    },
    "motion_dynamics": {
      "s_curve_count": 380,
      "motion_blur_score": 12.899510721961155,
      "dominant_direction_deg": 4.999999999999995,
      "direction_strength": 0.04790551622915253
    },
    "pattern_rhythm": {
      "repetition_score": 1.0,
      "rhythm_score": 1.0,
      "pattern_breaks": 5
    },
    "visual_mass_focus": {
      "point_of_interest": {
        "x": 0.64453125,
        "y": 0.7113259668508287,
        "strength": 1.0
      },
      "visual_mass_concentration": 0.19993093922651933,
      "mean_visual_weight": 0.0830656960606575,
      "face_count": 0,
      "has_directional_cues": 0
    },
    "framing_breathing": {
      "frame_in_frame_count": 0,
      "breathing_space": {
        "top": 0.8577348066298343,
        "bottom": 0.0,
        "left": 0.576171875,
        "right": 0.24609375,
        "min_margin": 0.0,
        "mean_margin": 0.42000010790745856
      },
      "corner_anchors": {
        "top_left": 0.09626393020153046,
        "top_right": 0.20888936519622803,
        "bottom_left": 0.1349448412656784,
        "bottom_right": 0.1950475424528122,
        "max_corner_weight": 0.20888936519622803,
        "has_corner_subject": 0
      }
    }
  }
}