{
  "meta": {
    "_dataset": "tvm_data",
    "_label": "testImages_artphoto",
    "_relpath": "testImages_artphoto/fear_0916.jpg",
    "_filename": "fear_0916.jpg",
    "_width": 387,
    "_height": 516
  },
  "features": {
    "geometric_structural": {
      "leading_lines": {
        "diagonal": 8,
        "vertical": 0,
        "horizontal": 2,
        "curved": 146
      },
      "leading_lines_strength": 0.22840409956076135,
      "symmetry_vertical": 0.29064489039858454,
      "symmetry_horizontal": 0.361810424275236,
      "symmetry_radial": 0.305209698021466,
      "rule_of_thirds": {
        "alignment_score": 2,
        "num_salient_objects": 78
      },
      "golden_ratio": {
        "golden_alignment_score": 5
      },
      "balance": {
        "static_balance": 0.9782034158706665,
        "dynamic_balance": 1.0,
        "dominant_quadrant": 0
      },
      "layering": {
        "foreground_ratio": 0.28549654557101023,
        "midground_ratio": 0.17307032393850658,
        "background_ratio": 0.5414331304904831,
        "depth_complexity": 0.5263651702746356
      }
    },
    "spatial_layout": {
      "negative_space_ratio": 0.48381451317715957,
      "subject_isolation": 0.021901880490483163,
      "depth_of_field": {
        "blur_gradient_strength": 643.3961512061269,
        "sharpness_variance": 886456.5046937884,
        "min_sharpness": 0.0,
        "max_sharpness": 5636.00728699709
      },
      "perspective": {
        "has_vanishing_point": 1,
        "perspective_strength": 0.9874353288987435
      }
    },
    "contrast_color": {
      "high_contrast_ratio": 0.47033709278916547,
      "low_contrast_ratio": 0.5296629072108345,
      "mean_contrast": 44.670677185058594,
      "highlight_ratio": 0.43242987990379333,
      "shadow_ratio": 0.4235764741897583,
      "midtone_ratio": 0.14399361610412598,
      "warm_color_ratio": 0.5526714632137628,
      "cool_color_ratio": 0.0,
      "complementary_color_score": 0.0
    },
    "motion_dynamics": {
      "s_curve_count": 137,
      "motion_blur_score": 7.236159297095053,
      "dominant_direction_deg": 4.999999999999995,
      "direction_strength": 0.4757932604305574
    },
    "pattern_rhythm": {
      "repetition_score": 1.0,
      "rhythm_score": 1.0,
      "pattern_breaks": 22
    },
    "visual_mass_focus": {
      "point_of_interest": {
        "x": 0.486328125,
        "y": 0.4890190336749634,
        "strength": 1.0
      },
      "visual_mass_concentration": 0.19992221815519765,
      "mean_visual_weight": 0.09200892597436905,
      "face_count": 0,
      "has_directional_cues": 0
    },
    "framing_breathing": {
      "frame_in_frame_count": 0,
      "breathing_space": {
        "top": 0.0,
        "bottom": 0.30600292825768666,
        "left": 0.0,
        "right": 0.0,
        "min_margin": 0.0,
        "mean_margin": 0.07650073206442166
      },
      "corner_anchors": {
        "top_left": 0.8415536284446716,
        "top_right": 0.7366670966148376,
        "bottom_left": 0.885516345500946,
        "bottom_right": 0.7577003240585327,
        "max_corner_weight": 0.885516345500946,
        "has_corner_subject": 1
      }
    }
  }
}