{
  "meta": {
    "_dataset": "tvm_data",
    "_label": "testImages_artphoto",
    "_relpath": "testImages_artphoto/fear_0684.jpg",
    "_filename": "fear_0684.jpg",
    "_width": 387,
    "_height": 516
  },
  "features": {
    "geometric_structural": {
      "leading_lines": {
        "diagonal": 1,
        "vertical": 1,
        "horizontal": 0,
        "curved": 68
      },
      "leading_lines_strength": 0.10248901903367497,
      "symmetry_vertical": 0.552973518703565,
      "symmetry_horizontal": 0.5763505663640872,
      "symmetry_radial": 0.4227856257995784,
      "rule_of_thirds": {
        "alignment_score": 0,
        "num_salient_objects": 6
      },
      "golden_ratio": {
        "golden_alignment_score": 3
      },
      "balance": {
        "static_balance": 0.8808186054229736,
        "dynamic_balance": 1.0,
        "dominant_quadrant": 2
      },
      "layering": {
        "foreground_ratio": 0.3305442441434846,
        "midground_ratio": 0.32449041453147875,
        "background_ratio": 0.3449653413250366,
        "depth_complexity": 0.07818418832154184
      }
    },
    "spatial_layout": {
      "negative_space_ratio": 0.5895377699487555,
      "subject_isolation": 0.10000114385065886,
      "depth_of_field": {
        "blur_gradient_strength": 60.97937491387727,
        "sharpness_variance": 16644.64372675443,
        "min_sharpness": 0.39215686274509803,
        "max_sharpness": 776.5587969965711
      },
      "perspective": {
        "has_vanishing_point": 1,
        "perspective_strength": 0.4666666666666667
      }
    },
    "contrast_color": {
      "high_contrast_ratio": 0.25580504209370425,
      "low_contrast_ratio": 0.7441949579062958,
      "mean_contrast": 16.725975036621094,
      "highlight_ratio": 0.05983482673764229,
      "shadow_ratio": 0.21919895708560944,
      "midtone_ratio": 0.7209662199020386,
      "warm_color_ratio": 0.02116695644216691,
      "cool_color_ratio": 0.0,
      "complementary_color_score": 0.0
    },
    "motion_dynamics": {
      "s_curve_count": 95,
      "motion_blur_score": 14.042076190130473,
      "dominant_direction_deg": 4.999999999999995,
      "direction_strength": 0.06775027452396438
    },
    "pattern_rhythm": {
      "repetition_score": 1.0,
      "rhythm_score": 1.0,
      "pattern_breaks": 3
    },
    "visual_mass_focus": {
      "point_of_interest": {
        "x": 0.419921875,
        "y": 0.4289897510980966,
        "strength": 1.0
      },
      "visual_mass_concentration": 0.19942750274524157,
      "mean_visual_weight": 0.014230867847800255,
      "face_count": 0,
      "has_directional_cues": 0
    },
    "framing_breathing": {
      "frame_in_frame_count": 0,
      "breathing_space": {
        "top": 0.22840409956076135,
        "bottom": 0.33821376281112736,
        "left": 0.271484375,
        "right": 0.341796875,
        "min_margin": 0.22840409956076135,
        "mean_margin": 0.2949747780929722
      },
      "corner_anchors": {
        "top_left": 0.1378915160894394,
        "top_right": 0.2846440374851227,
        "bottom_left": 0.46977296471595764,
        "bottom_right": 0.4123833477497101,
        "max_corner_weight": 0.46977296471595764,
        "has_corner_subject": 1
      }
    }
  }
}