{
  "meta": {
    "_dataset": "tvm_data",
    "_label": "testImages_artphoto",
    "_relpath": "testImages_artphoto/fear_0962.jpg",
    "_filename": "fear_0962.jpg",
    "_width": 388,
    "_height": 516
  },
  "features": {
    "geometric_structural": {
      "leading_lines": {
        "diagonal": 2,
        "vertical": 9,
        "horizontal": 0,
        "curved": 173
      },
      "leading_lines_strength": 0.2701908957415565,
      "symmetry_vertical": 0.24184358908942,
      "symmetry_horizontal": 0.3721336450586187,
      "symmetry_radial": 0.24576576439765893,
      "rule_of_thirds": {
        "alignment_score": 1,
        "num_salient_objects": 37
      },
      "golden_ratio": {
        "golden_alignment_score": 1
      },
      "balance": {
        "static_balance": 0.8079994320869446,
        "dynamic_balance": 1.0,
        "dominant_quadrant": 1
      },
      "layering": {
        "foreground_ratio": 0.3161653359030837,
        "midground_ratio": 0.3173211499632893,
        "background_ratio": 0.36651351413362704,
        "depth_complexity": 0.15306888200292829
      }
    },
    "spatial_layout": {
      "negative_space_ratio": 0.8217952689060205,
      "subject_isolation": 0.10000229441997063,
      "depth_of_field": {
        "blur_gradient_strength": 524.2260427945772,
        "sharpness_variance": 1863374.4228973393,
        "min_sharpness": 0.012302960399846213,
        "max_sharpness": 11072.645520953476
      },
      "perspective": {
        "has_vanishing_point": 1,
        "perspective_strength": 0.8987854251012146
      }
    },
    "contrast_color": {
      "high_contrast_ratio": 0.32193867015418504,
      "low_contrast_ratio": 0.6780613298458149,
      "mean_contrast": 22.536449432373047,
      "highlight_ratio": 0.06207840144634247,
      "shadow_ratio": 0.7416568994522095,
      "midtone_ratio": 0.19626468420028687,
      "warm_color_ratio": 0.14489548917033773,
      "cool_color_ratio": 0.8098069245594713,
      "complementary_color_score": 2.111111111111111
    },
    "motion_dynamics": {
      "s_curve_count": 169,
      "motion_blur_score": 6.2049513196621815,
      "dominant_direction_deg": 4.999999999999995,
      "direction_strength": 0.23770190895673382
    },
    "pattern_rhythm": {
      "repetition_score": 1.0,
      "rhythm_score": 1.0,
      "pattern_breaks": 18
    },
    "visual_mass_focus": {
      "point_of_interest": {
        "x": 0.873046875,
        "y": 0.37298091042584436,
        "strength": 1.0
      },
      "visual_mass_concentration": 0.19973499449339208,
      "mean_visual_weight": 0.1258276104927063,
      "face_count": 0,
      "has_directional_cues": 0
    },
    "framing_breathing": {
      "frame_in_frame_count": 0,
      "breathing_space": {
        "top": 0.06167400881057269,
        "bottom": 0.41262848751835535,
        "left": 0.7109375,
        "right": 0.0,
        "min_margin": 0.0,
        "mean_margin": 0.296309999082232
      },
      "corner_anchors": {
        "top_left": 0.24059823155403137,
        "top_right": 0.570674479007721,
        "bottom_left": 0.18231694400310516,
        "bottom_right": 0.15521827340126038,
        "max_corner_weight": 0.570674479007721,
        "has_corner_subject": 1
      }
    }
  }
}