{
  "meta": {
    "_dataset": "tvm_data",
    "_label": "testImages_artphoto",
    "_relpath": "testImages_artphoto/fear_0954.jpg",
    "_filename": "fear_0954.jpg",
    "_width": 518,
    "_height": 386
  },
  "features": {
    "geometric_structural": {
      "leading_lines": {
        "diagonal": 0,
        "vertical": 3,
        "horizontal": 0,
        "curved": 29
      },
      "leading_lines_strength": 0.046579330422125184,
      "symmetry_vertical": 0.33326517018862256,
      "symmetry_horizontal": 0.4828414483249011,
      "symmetry_radial": 0.3445394450388366,
      "rule_of_thirds": {
        "alignment_score": 0,
        "num_salient_objects": 13
      },
      "golden_ratio": {
        "golden_alignment_score": 0
      },
      "balance": {
        "static_balance": 0.9386835098266602,
        "dynamic_balance": 1.0,
        "dominant_quadrant": 2
      },
      "layering": {
        "foreground_ratio": 0.3142541166302766,
        "midground_ratio": 0.1475533342430859,
        "background_ratio": 0.5381925491266376,
        "depth_complexity": 0.033147104658738734
      }
    },
    "spatial_layout": {
      "negative_space_ratio": 0.6360193777292577,
      "subject_isolation": 0.1000017057860262,
      "depth_of_field": {
        "blur_gradient_strength": 35.618731776240985,
        "sharpness_variance": 2279.063525151017,
        "min_sharpness": 0.0,
        "max_sharpness": 232.18155380749218
      },
      "perspective": {
        "has_vanishing_point": 1,
        "perspective_strength": 0.5555555555555556
      }
    },
    "contrast_color": {
      "high_contrast_ratio": 0.3849532614628821,
      "low_contrast_ratio": 0.6150467385371179,
      "mean_contrast": 22.70928955078125,
      "highlight_ratio": 0.01217931229621172,
      "shadow_ratio": 0.5949212908744812,
      "midtone_ratio": 0.39289939403533936,
      "warm_color_ratio": 0.057743699963609896,
      "cool_color_ratio": 0.027815684133915573,
      "complementary_color_score": 2.2222222222222223
    },
    "motion_dynamics": {
      "s_curve_count": 68,
      "motion_blur_score": 10.239252250922307,
      "dominant_direction_deg": 4.999999999999995,
      "direction_strength": 0.4817878911922256
    },
    "pattern_rhythm": {
      "repetition_score": 1.0,
      "rhythm_score": 1.0,
      "pattern_breaks": 6
    },
    "visual_mass_focus": {
      "point_of_interest": {
        "x": 0.10334788937409024,
        "y": 0.83203125,
        "strength": 1.0
      },
      "visual_mass_concentration": 0.1997503866448326,
      "mean_visual_weight": 0.021275291219353676,
      "face_count": 0,
      "has_directional_cues": 0
    },
    "framing_breathing": {
      "frame_in_frame_count": 0,
      "breathing_space": {
        "top": 0.638671875,
        "bottom": 0.0,
        "left": 0.0,
        "right": 0.7016011644832606,
        "min_margin": 0.0,
        "mean_margin": 0.3350682598708151
      },
      "corner_anchors": {
        "top_left": 0.5935683846473694,
        "top_right": 0.3932199776172638,
        "bottom_left": 0.7209159731864929,
        "bottom_right": 0.34071698784828186,
        "max_corner_weight": 0.7209159731864929,
        "has_corner_subject": 1
      }
    }
  }
}