{
  "meta": {
    "_dataset": "tvm_data",
    "_label": "testImages_artphoto",
    "_relpath": "testImages_artphoto/fear_0955.jpg",
    "_filename": "fear_0955.jpg",
    "_width": 365,
    "_height": 548
  },
  "features": {
    "geometric_structural": {
      "leading_lines": {
        "diagonal": 17,
        "vertical": 26,
        "horizontal": 1,
        "curved": 327
      },
      "leading_lines_strength": 0.48244473342002603,
      "symmetry_vertical": 0.21678917801631786,
      "symmetry_horizontal": 0.18667113505640712,
      "symmetry_radial": 0.11855847164322364,
      "rule_of_thirds": {
        "alignment_score": 1,
        "num_salient_objects": 12
      },
      "golden_ratio": {
        "golden_alignment_score": 2
      },
      "balance": {
        "static_balance": 0.9351518750190735,
        "dynamic_balance": 1.0,
        "dominant_quadrant": 1
      },
      "layering": {
        "foreground_ratio": 0.2945459809817945,
        "midground_ratio": 0.2940964320546164,
        "background_ratio": 0.4113575869635891,
        "depth_complexity": 0.22772068071791665
      }
    },
    "spatial_layout": {
      "negative_space_ratio": 0.6346564125487646,
      "subject_isolation": 0.10000050796488946,
      "depth_of_field": {
        "blur_gradient_strength": 153.96515179186187,
        "sharpness_variance": 81520.68723647813,
        "min_sharpness": 0.0,
        "max_sharpness": 1437.7997907231434
      },
      "perspective": {
        "has_vanishing_point": 1,
        "perspective_strength": 0.9996829422954978
      }
    },
    "contrast_color": {
      "high_contrast_ratio": 0.3770648772756827,
      "low_contrast_ratio": 0.6229351227243173,
      "mean_contrast": 32.65913391113281,
      "highlight_ratio": 0.04540190100669861,
      "shadow_ratio": 0.5289641618728638,
      "midtone_ratio": 0.42563390731811523,
      "warm_color_ratio": 0.2517677178153446,
      "cool_color_ratio": 0.0067635525032509755,
      "complementary_color_score": 2.2777777777777777
    },
    "motion_dynamics": {
      "s_curve_count": 327,
      "motion_blur_score": 7.457588815630718,
      "dominant_direction_deg": 4.999999999999995,
      "direction_strength": 0.10057196846528423
    },
    "pattern_rhythm": {
      "repetition_score": 1.0,
      "rhythm_score": 1.0,
      "pattern_breaks": 7
    },
    "visual_mass_focus": {
      "point_of_interest": {
        "x": 0.748046875,
        "y": 0.26918075422626786,
        "strength": 1.0
      },
      "visual_mass_concentration": 0.1995514670026008,
      "mean_visual_weight": 0.025844572111964226,
      "face_count": 0,
      "has_directional_cues": 0
    },
    "framing_breathing": {
      "frame_in_frame_count": 0,
      "breathing_space": {
        "top": 0.3237971391417425,
        "bottom": 0.34850455136540964,
        "left": 0.447265625,
        "right": 0.38671875,
        "min_margin": 0.3237971391417425,
        "mean_margin": 0.37657151637678804
      },
      "corner_anchors": {
        "top_left": 0.2315489947795868,
        "top_right": 0.27053678035736084,
        "bottom_left": 0.30303627252578735,
        "bottom_right": 0.3560066819190979,
        "max_corner_weight": 0.3560066819190979,
        "has_corner_subject": 1
      }
    }
  }
}