{
  "meta": {
    "_dataset": "tvm_data",
    "_label": "testImages_artphoto",
    "_relpath": "testImages_artphoto/fear_0956.jpg",
    "_filename": "fear_0956.jpg",
    "_width": 387,
    "_height": 516
  },
  "features": {
    "geometric_structural": {
      "leading_lines": {
        "diagonal": 0,
        "vertical": 0,
        "horizontal": 0,
        "curved": 41
      },
      "leading_lines_strength": 0.060029282576866766,
      "symmetry_vertical": 0.30159248931128124,
      "symmetry_horizontal": 0.37677668973089845,
      "symmetry_radial": 0.27323982503822036,
      "rule_of_thirds": {
        "alignment_score": 0,
        "num_salient_objects": 4
      },
      "golden_ratio": {
        "golden_alignment_score": 0
      },
      "balance": {
        "static_balance": 0.8375775218009949,
        "dynamic_balance": 1.0,
        "dominant_quadrant": 0
      },
      "layering": {
        "foreground_ratio": 0.24765510614934114,
        "midground_ratio": 0.2674951958272328,
        "background_ratio": 0.48484969802342603,
        "depth_complexity": 0.0135063549946331
      }
    },
    "spatial_layout": {
      "negative_space_ratio": 0.5615992176061494,
      "subject_isolation": 0.10000114385065886,
      "depth_of_field": {
        "blur_gradient_strength": 18.772164506780687,
        "sharpness_variance": 1168.9393163445154,
        "min_sharpness": 0.0,
        "max_sharpness": 258.7213571703191
      },
      "perspective": {
        "has_vanishing_point": 0,
        "perspective_strength": 0.0
      }
    },
    "contrast_color": {
      "high_contrast_ratio": 0.4089065931551977,
      "low_contrast_ratio": 0.5910934068448024,
      "mean_contrast": 23.84605598449707,
      "highlight_ratio": 0.04453296586871147,
      "shadow_ratio": 0.45470350980758667,
      "midtone_ratio": 0.5007635354995728,
      "warm_color_ratio": 0.05853369784040996,
      "cool_color_ratio": 0.012776811859443632,
      "complementary_color_score": 2.6666666666666665
    },
    "motion_dynamics": {
      "s_curve_count": 97,
      "motion_blur_score": 12.388223075088892,
      "dominant_direction_deg": 4.999999999999995,
      "direction_strength": 0.27528481881326844
    },
    "pattern_rhythm": {
      "repetition_score": 1.0,
      "rhythm_score": 1.0,
      "pattern_breaks": 3
    },
    "visual_mass_focus": {
      "point_of_interest": {
        "x": 0.806640625,
        "y": 0.1054172767203514,
        "strength": 1.0
      },
      "visual_mass_concentration": 0.199021435761347,
      "mean_visual_weight": 0.014209741726517677,
      "face_count": 0,
      "has_directional_cues": 0
    },
    "framing_breathing": {
      "frame_in_frame_count": 0,
      "breathing_space": {
        "top": 0.0,
        "bottom": 0.6456808199121523,
        "left": 0.197265625,
        "right": 0.482421875,
        "min_margin": 0.0,
        "mean_margin": 0.3313420799780381
      },
      "corner_anchors": {
        "top_left": 0.33577093482017517,
        "top_right": 0.374627947807312,
        "bottom_left": 0.09616795927286148,
        "bottom_right": 0.18349707126617432,
        "max_corner_weight": 0.374627947807312,
        "has_corner_subject": 1
      }
    }
  }
}