{
  "meta": {
    "_dataset": "tvm_data",
    "_label": "testImages_artphoto",
    "_relpath": "testImages_artphoto/fear_0972.jpg",
    "_filename": "fear_0972.jpg",
    "_width": 447,
    "_height": 447
  },
  "features": {
    "geometric_structural": {
      "leading_lines": {
        "diagonal": 0,
        "vertical": 0,
        "horizontal": 0,
        "curved": 17
      },
      "leading_lines_strength": 0.033203125,
      "symmetry_vertical": 0.7472559601175799,
      "symmetry_horizontal": 0.79218513063398,
      "symmetry_radial": 0.7438594472846489,
      "rule_of_thirds": {
        "alignment_score": 0,
        "num_salient_objects": 11
      },
      "golden_ratio": {
        "golden_alignment_score": 4
      },
      "balance": {
        "static_balance": 0.7465360164642334,
        "dynamic_balance": 1.0,
        "dominant_quadrant": 2
      },
      "layering": {
        "foreground_ratio": 0.2279205322265625,
        "midground_ratio": 0.0,
        "background_ratio": 0.7720794677734375,
        "depth_complexity": 0.08015052136400481
      }
    },
    "spatial_layout": {
      "negative_space_ratio": 0.9716644287109375,
      "subject_isolation": 0.10000228881835938,
      "depth_of_field": {
        "blur_gradient_strength": 113.96821213502002,
        "sharpness_variance": 65643.66620739645,
        "min_sharpness": 0.0,
        "max_sharpness": 2031.028066128412
      },
      "perspective": {
        "has_vanishing_point": 0,
        "perspective_strength": 0.0
      }
    },
    "contrast_color": {
      "high_contrast_ratio": 0.1984405517578125,
      "low_contrast_ratio": 0.8015594482421875,
      "mean_contrast": 9.804522514343262,
      "highlight_ratio": 0.004955291748046875,
      "shadow_ratio": 0.9634246826171875,
      "midtone_ratio": 0.031620025634765625,
      "warm_color_ratio": 0.027790069580078125,
      "cool_color_ratio": 0.11462020874023438,
      "complementary_color_score": 2.388888888888889
    },
    "motion_dynamics": {
      "s_curve_count": 26,
      "motion_blur_score": 4.002058549320771,
      "dominant_direction_deg": 4.999999999999995,
      "direction_strength": 0.5759620666481935
    },
    "pattern_rhythm": {
      "repetition_score": 1.0,
      "rhythm_score": 1.0,
      "pattern_breaks": 6
    },
    "visual_mass_focus": {
      "point_of_interest": {
        "x": 0.486328125,
        "y": 0.755859375,
        "strength": 1.0
      },
      "visual_mass_concentration": 0.19899368286132812,
      "mean_visual_weight": 0.013681677170097828,
      "face_count": 0,
      "has_directional_cues": 0
    },
    "framing_breathing": {
      "frame_in_frame_count": 0,
      "breathing_space": {
        "top": 0.765625,
        "bottom": 0.154296875,
        "left": 0.37109375,
        "right": 0.44140625,
        "min_margin": 0.154296875,
        "mean_margin": 0.43310546875
      },
      "corner_anchors": {
        "top_left": 0.05374849587678909,
        "top_right": 0.012471147812902927,
        "bottom_left": 0.054226651787757874,
        "bottom_right": 0.05389292538166046,
        "max_corner_weight": 0.054226651787757874,
        "has_corner_subject": 0
      }
    }
  }
}