{
  "meta": {
    "_dataset": "tvm_data",
    "_label": "testImages_artphoto",
    "_relpath": "testImages_artphoto/fear_0697.jpg",
    "_filename": "fear_0697.jpg",
    "_width": 362,
    "_height": 553
  },
  "features": {
    "geometric_structural": {
      "leading_lines": {
        "diagonal": 0,
        "vertical": 0,
        "horizontal": 0,
        "curved": 31
      },
      "leading_lines_strength": 0.03964194373401535,
      "symmetry_vertical": 0.3320270736314104,
      "symmetry_horizontal": 0.3795965519531868,
      "symmetry_radial": 0.27359751783917347,
      "rule_of_thirds": {
        "alignment_score": 0,
        "num_salient_objects": 4
      },
      "golden_ratio": {
        "golden_alignment_score": 0
      },
      "balance": {
        "static_balance": 0.9185507297515869,
        "dynamic_balance": 1.0,
        "dominant_quadrant": 3
      },
      "layering": {
        "foreground_ratio": 0.2938653892263427,
        "midground_ratio": 0.2956336916560102,
        "background_ratio": 0.4105009191176471,
        "depth_complexity": 0.020531474476573098
      }
    },
    "spatial_layout": {
      "negative_space_ratio": 0.6708359974424553,
      "subject_isolation": 0.10000149856138107,
      "depth_of_field": {
        "blur_gradient_strength": 17.696520196814486,
        "sharpness_variance": 1010.554189450126,
        "min_sharpness": 0.10419054807092945,
        "max_sharpness": 250.84152887696908
      },
      "perspective": {
        "has_vanishing_point": 1,
        "perspective_strength": 0.6666666666666666
      }
    },
    "contrast_color": {
      "high_contrast_ratio": 0.36430027173913043,
      "low_contrast_ratio": 0.6356997282608696,
      "mean_contrast": 18.794301986694336,
      "highlight_ratio": 0.11075367778539658,
      "shadow_ratio": 0.28597795963287354,
      "midtone_ratio": 0.6032683849334717,
      "warm_color_ratio": 0.4191526134910486,
      "cool_color_ratio": 0.22771389466112532,
      "complementary_color_score": 2.388888888888889
    },
    "motion_dynamics": {
      "s_curve_count": 83,
      "motion_blur_score": 15.065626053076148,
      "dominant_direction_deg": 4.999999999999995,
      "direction_strength": 0.14985863570934438
    },
    "pattern_rhythm": {
      "repetition_score": 1.0,
      "rhythm_score": 1.0,
      "pattern_breaks": 3
    },
    "visual_mass_focus": {
      "point_of_interest": {
        "x": 0.876953125,
        "y": 0.7058823529411765,
        "strength": 1.0
      },
      "visual_mass_concentration": 0.1998631313938619,
      "mean_visual_weight": 0.17028650641441345,
      "face_count": 0,
      "has_directional_cues": 0
    },
    "framing_breathing": {
      "frame_in_frame_count": 0,
      "breathing_space": {
        "top": 0.5191815856777494,
        "bottom": 0.01918158567774936,
        "left": 0.646484375,
        "right": 0.0,
        "min_margin": 0.0,
        "mean_margin": 0.2962118865888747
      },
      "corner_anchors": {
        "top_left": 0.5678651928901672,
        "top_right": 0.22526004910469055,
        "bottom_left": 0.24455709755420685,
        "bottom_right": 0.7542719841003418,
        "max_corner_weight": 0.7542719841003418,
        "has_corner_subject": 1
      }
    }
  }
}