{
  "meta": {
    "_dataset": "tvm_data",
    "_label": "testImages_artphoto",
    "_relpath": "testImages_artphoto/fear_0711.jpg",
    "_filename": "fear_0711.jpg",
    "_width": 364,
    "_height": 549
  },
  "features": {
    "geometric_structural": {
      "leading_lines": {
        "diagonal": 13,
        "vertical": 6,
        "horizontal": 2,
        "curved": 156
      },
      "leading_lines_strength": 0.22927461139896374,
      "symmetry_vertical": 0.267490570092863,
      "symmetry_horizontal": 0.3049999309939489,
      "symmetry_radial": 0.18159920165719537,
      "rule_of_thirds": {
        "alignment_score": 0,
        "num_salient_objects": 22
      },
      "golden_ratio": {
        "golden_alignment_score": 0
      },
      "balance": {
        "static_balance": 0.8507635593414307,
        "dynamic_balance": 1.0,
        "dominant_quadrant": 3
      },
      "layering": {
        "foreground_ratio": 0.3175396696891192,
        "midground_ratio": 0.2265245506800518,
        "background_ratio": 0.45593577963082904,
        "depth_complexity": 0.3212738236822331
      }
    },
    "spatial_layout": {
      "negative_space_ratio": 0.6053043029468912,
      "subject_isolation": 0.10000151797279792,
      "depth_of_field": {
        "blur_gradient_strength": 270.70294094225727,
        "sharpness_variance": 167966.3435274931,
        "min_sharpness": 0.0784313725490196,
        "max_sharpness": 2257.9256397555664
      },
      "perspective": {
        "has_vanishing_point": 1,
        "perspective_strength": 0.993350221659278
      }
    },
    "contrast_color": {
      "high_contrast_ratio": 0.46798342373704666,
      "low_contrast_ratio": 0.5320165762629534,
      "mean_contrast": 25.978469848632812,
      "highlight_ratio": 0.024201545864343643,
      "shadow_ratio": 0.3285677433013916,
      "midtone_ratio": 0.6472306847572327,
      "warm_color_ratio": 0.18923048898963732,
      "cool_color_ratio": 0.6773624716645078,
      "complementary_color_score": 2.1666666666666665
    },
    "motion_dynamics": {
      "s_curve_count": 189,
      "motion_blur_score": 6.7626210479471895,
      "dominant_direction_deg": 4.999999999999995,
      "direction_strength": 0.09418009229250784
    },
    "pattern_rhythm": {
      "repetition_score": 1.0,
      "rhythm_score": 1.0,
      "pattern_breaks": 3
    },
    "visual_mass_focus": {
      "point_of_interest": {
        "x": 0.912109375,
        "y": 0.6023316062176166,
        "strength": 1.0
      },
      "visual_mass_concentration": 0.19994484698834197,
      "mean_visual_weight": 0.13060526549816132,
      "face_count": 0,
      "has_directional_cues": 0
    },
    "framing_breathing": {
      "frame_in_frame_count": 0,
      "breathing_space": {
        "top": 0.483160621761658,
        "bottom": 0.20207253886010362,
        "left": 0.697265625,
        "right": 0.0,
        "min_margin": 0.0,
        "mean_margin": 0.3456246964054404
      },
      "corner_anchors": {
        "top_left": 0.27395886182785034,
        "top_right": 0.25648292899131775,
        "bottom_left": 0.4451501667499542,
        "bottom_right": 0.24714164435863495,
        "max_corner_weight": 0.4451501667499542,
        "has_corner_subject": 1
      }
    }
  }
}