{
  "meta": {
    "_dataset": "tvm_data",
    "_label": "testImages_artphoto",
    "_relpath": "testImages_artphoto/fear_0923.jpg",
    "_filename": "fear_0923.jpg",
    "_width": 447,
    "_height": 447
  },
  "features": {
    "geometric_structural": {
      "leading_lines": {
        "diagonal": 0,
        "vertical": 0,
        "horizontal": 0,
        "curved": 31
      },
      "leading_lines_strength": 0.060546875,
      "symmetry_vertical": 0.5168897870931343,
      "symmetry_horizontal": 0.60342398431131,
      "symmetry_radial": 0.5383459220833141,
      "rule_of_thirds": {
        "alignment_score": 1,
        "num_salient_objects": 4
      },
      "golden_ratio": {
        "golden_alignment_score": 1
      },
      "balance": {
        "static_balance": 0.7951916456222534,
        "dynamic_balance": 1.0,
        "dominant_quadrant": 3
      },
      "layering": {
        "foreground_ratio": 0.22306442260742188,
        "midground_ratio": 0.3270149230957031,
        "background_ratio": 0.449920654296875,
        "depth_complexity": 0.03175009534797573
      }
    },
    "spatial_layout": {
      "negative_space_ratio": 0.8769187927246094,
      "subject_isolation": 0.10000228881835938,
      "depth_of_field": {
        "blur_gradient_strength": 42.73388750409649,
        "sharpness_variance": 5087.903932733537,
        "min_sharpness": 0.0,
        "max_sharpness": 531.5216295864676
      },
      "perspective": {
        "has_vanishing_point": 0,
        "perspective_strength": 0.0
      }
    },
    "contrast_color": {
      "high_contrast_ratio": 0.3175048828125,
      "low_contrast_ratio": 0.6824951171875,
      "mean_contrast": 18.573522567749023,
      "highlight_ratio": 0.020595550537109375,
      "shadow_ratio": 0.827239990234375,
      "midtone_ratio": 0.15216445922851562,
      "warm_color_ratio": 0.11048126220703125,
      "cool_color_ratio": 0.038761138916015625,
      "complementary_color_score": 2.611111111111111
    },
    "motion_dynamics": {
      "s_curve_count": 44,
      "motion_blur_score": 8.071984878929637,
      "dominant_direction_deg": 4.999999999999995,
      "direction_strength": 0.1830635070793798
    },
    "pattern_rhythm": {
      "repetition_score": 1.0,
      "rhythm_score": 1.0,
      "pattern_breaks": 2
    },
    "visual_mass_focus": {
      "point_of_interest": {
        "x": 0.6328125,
        "y": 0.451171875,
        "strength": 1.0
      },
      "visual_mass_concentration": 0.19957351684570312,
      "mean_visual_weight": 0.01826978661119938,
      "face_count": 0,
      "has_directional_cues": 0
    },
    "framing_breathing": {
      "frame_in_frame_count": 0,
      "breathing_space": {
        "top": 0.060546875,
        "bottom": 0.607421875,
        "left": 0.466796875,
        "right": 0.3671875,
        "min_margin": 0.060546875,
        "mean_margin": 0.37548828125
      },
      "corner_anchors": {
        "top_left": 0.10869953036308289,
        "top_right": 0.1447264403104782,
        "bottom_left": 0.08863087743520737,
        "bottom_right": 0.1141112670302391,
        "max_corner_weight": 0.1447264403104782,
        "has_corner_subject": 0
      }
    }
  }
}