{
  "meta": {
    "_dataset": "tvm_data",
    "_label": "testImages_artphoto",
    "_relpath": "testImages_artphoto/fear_0952.jpg",
    "_filename": "fear_0952.jpg",
    "_width": 387,
    "_height": 517
  },
  "features": {
    "geometric_structural": {
      "leading_lines": {
        "diagonal": 0,
        "vertical": 0,
        "horizontal": 0,
        "curved": 148
      },
      "leading_lines_strength": 0.21637426900584794,
      "symmetry_vertical": 0.4799032476762399,
      "symmetry_horizontal": 0.1602944049092432,
      "symmetry_radial": 0.17586106056429215,
      "rule_of_thirds": {
        "alignment_score": 2,
        "num_salient_objects": 14
      },
      "golden_ratio": {
        "golden_alignment_score": 3
      },
      "balance": {
        "static_balance": 0.8720893859863281,
        "dynamic_balance": 1.0,
        "dominant_quadrant": 1
      },
      "layering": {
        "foreground_ratio": 0.2884714226973684,
        "midground_ratio": 0.315218384502924,
        "background_ratio": 0.3963101927997076,
        "depth_complexity": 0.12840922632794194
      }
    },
    "spatial_layout": {
      "negative_space_ratio": 0.7882572642543859,
      "subject_isolation": 0.10000057108918128,
      "depth_of_field": {
        "blur_gradient_strength": 168.11062041820213,
        "sharpness_variance": 56906.052159185536,
        "min_sharpness": 0.0,
        "max_sharpness": 1541.309409727812
      },
      "perspective": {
        "has_vanishing_point": 1,
        "perspective_strength": 0.7619047619047619
      }
    },
    "contrast_color": {
      "high_contrast_ratio": 0.40848581414473684,
      "low_contrast_ratio": 0.5915141858552632,
      "mean_contrast": 19.473453521728516,
      "highlight_ratio": 0.011450338177382946,
      "shadow_ratio": 0.7840883135795593,
      "midtone_ratio": 0.20446133613586426,
      "warm_color_ratio": 0.43863646747076024,
      "cool_color_ratio": 0.006587513706140351,
      "complementary_color_score": 2.0555555555555554
    },
    "motion_dynamics": {
      "s_curve_count": 185,
      "motion_blur_score": 4.347516242600342,
      "dominant_direction_deg": 4.999999999999995,
      "direction_strength": 0.2610020330767401
    },
    "pattern_rhythm": {
      "repetition_score": 1.0,
      "rhythm_score": 1.0,
      "pattern_breaks": 5
    },
    "visual_mass_focus": {
      "point_of_interest": {
        "x": 0.537109375,
        "y": 0.5730994152046783,
        "strength": 1.0
      },
      "visual_mass_concentration": 0.19792237755847952,
      "mean_visual_weight": 0.030530093237757683,
      "face_count": 0,
      "has_directional_cues": 0
    },
    "framing_breathing": {
      "frame_in_frame_count": 0,
      "breathing_space": {
        "top": 0.20760233918128654,
        "bottom": 0.6491228070175439,
        "left": 0.486328125,
        "right": 0.443359375,
        "min_margin": 0.20760233918128654,
        "mean_margin": 0.4466031615497076
      },
      "corner_anchors": {
        "top_left": 0.07382503151893616,
        "top_right": 0.14044612646102905,
        "bottom_left": 0.10453611612319946,
        "bottom_right": 0.12699927389621735,
        "max_corner_weight": 0.14044612646102905,
        "has_corner_subject": 0
      }
    }
  }
}