{
  "meta": {
    "_dataset": "tvm_data",
    "_label": "testImages_artphoto",
    "_relpath": "testImages_artphoto/fear_0910.jpg",
    "_filename": "fear_0910.jpg",
    "_width": 548,
    "_height": 365
  },
  "features": {
    "geometric_structural": {
      "leading_lines": {
        "diagonal": 4,
        "vertical": 1,
        "horizontal": 0,
        "curved": 134
      },
      "leading_lines_strength": 0.18075422626788037,
      "symmetry_vertical": 0.5122416175688529,
      "symmetry_horizontal": 0.6349365323623177,
      "symmetry_radial": 0.5764937620010203,
      "rule_of_thirds": {
        "alignment_score": 1,
        "num_salient_objects": 10
      },
      "golden_ratio": {
        "golden_alignment_score": 1
      },
      "balance": {
        "static_balance": 0.8058243989944458,
        "dynamic_balance": 1.0,
        "dominant_quadrant": 0
      },
      "layering": {
        "foreground_ratio": 0.22106631989596878,
        "midground_ratio": 0.0,
        "background_ratio": 0.7789336801040312,
        "depth_complexity": 0.15249713931234574
      }
    },
    "spatial_layout": {
      "negative_space_ratio": 0.909145399869961,
      "subject_isolation": 0.10000050796488946,
      "depth_of_field": {
        "blur_gradient_strength": 153.27609603474198,
        "sharpness_variance": 201323.07264206343,
        "min_sharpness": 0.0,
        "max_sharpness": 3522.509630386444
      },
      "perspective": {
        "has_vanishing_point": 1,
        "perspective_strength": 0.9980704293294742
      }
    },
    "contrast_color": {
      "high_contrast_ratio": 0.28406158566319895,
      "low_contrast_ratio": 0.715938414336801,
      "mean_contrast": 11.792049407958984,
      "highlight_ratio": 0.0038402145728468895,
      "shadow_ratio": 0.9047971963882446,
      "midtone_ratio": 0.0913625955581665,
      "warm_color_ratio": 0.0,
      "cool_color_ratio": 0.0,
      "complementary_color_score": 0.0
    },
    "motion_dynamics": {
      "s_curve_count": 115,
      "motion_blur_score": 3.9876012553356373,
      "dominant_direction_deg": 4.999999999999995,
      "direction_strength": 0.7266844115716263
    },
    "pattern_rhythm": {
      "repetition_score": 1.0,
      "rhythm_score": 1.0,
      "pattern_breaks": 2
    },
    "visual_mass_focus": {
      "point_of_interest": {
        "x": 0.31339401820546164,
        "y": 0.3515625,
        "strength": 1.0
      },
      "visual_mass_concentration": 0.0,
      "mean_visual_weight": 0.0,
      "face_count": 0,
      "has_directional_cues": 0
    },
    "framing_breathing": {
      "frame_in_frame_count": 0,
      "breathing_space": {
        "top": 0.33984375,
        "bottom": 0.568359375,
        "left": 0.23797139141742524,
        "right": 0.6020806241872562,
        "min_margin": 0.23797139141742524,
        "mean_margin": 0.4370637851511704
      },
      "corner_anchors": {
        "top_left": 0.06746020168066025,
        "top_right": 0.059521742165088654,
        "bottom_left": 0.05961905047297478,
        "bottom_right": 0.06641027331352234,
        "max_corner_weight": 0.06746020168066025,
        "has_corner_subject": 0
      }
    }
  }
}