{
  "meta": {
    "_dataset": "tvm_data",
    "_label": "testImages_artphoto",
    "_relpath": "testImages_artphoto/fear_0913.jpg",
    "_filename": "fear_0913.jpg",
    "_width": 365,
    "_height": 548
  },
  "features": {
    "geometric_structural": {
      "leading_lines": {
        "diagonal": 5,
        "vertical": 6,
        "horizontal": 0,
        "curved": 97
      },
      "leading_lines_strength": 0.14044213263979194,
      "symmetry_vertical": 0.22935669647472012,
      "symmetry_horizontal": 0.5255303208994547,
      "symmetry_radial": 0.23778439353893388,
      "rule_of_thirds": {
        "alignment_score": 1,
        "num_salient_objects": 7
      },
      "golden_ratio": {
        "golden_alignment_score": 0
      },
      "balance": {
        "static_balance": 0.8856942653656006,
        "dynamic_balance": 1.0,
        "dominant_quadrant": 1
      },
      "layering": {
        "foreground_ratio": 0.2798403974317295,
        "midground_ratio": 0.23584301853055917,
        "background_ratio": 0.48431658403771133,
        "depth_complexity": 0.07351539133302869
      }
    },
    "spatial_layout": {
      "negative_space_ratio": 0.4711628332249675,
      "subject_isolation": 0.09999796814044214,
      "depth_of_field": {
        "blur_gradient_strength": 78.66501228645822,
        "sharpness_variance": 25059.21720524853,
        "min_sharpness": 0.0,
        "max_sharpness": 1008.0912330616636
      },
      "perspective": {
        "has_vanishing_point": 1,
        "perspective_strength": 0.9961538461538462
      }
    },
    "contrast_color": {
      "high_contrast_ratio": 0.3643708346879064,
      "low_contrast_ratio": 0.6356291653120936,
      "mean_contrast": 14.987577438354492,
      "highlight_ratio": 0.06832889467477798,
      "shadow_ratio": 0.4154086112976074,
      "midtone_ratio": 0.5162624716758728,
      "warm_color_ratio": 0.0,
      "cool_color_ratio": 0.0,
      "complementary_color_score": 0.0
    },
    "motion_dynamics": {
      "s_curve_count": 111,
      "motion_blur_score": 12.876937543837684,
      "dominant_direction_deg": 4.999999999999995,
      "direction_strength": 0.2925572984387888
    },
    "pattern_rhythm": {
      "repetition_score": 1.0,
      "rhythm_score": 1.0,
      "pattern_breaks": 1
    },
    "visual_mass_focus": {
      "point_of_interest": {
        "x": 0.671875,
        "y": 0.2743823146944083,
        "strength": 1.0
      },
      "visual_mass_concentration": 0.0,
      "mean_visual_weight": 0.0,
      "face_count": 0,
      "has_directional_cues": 0
    },
    "framing_breathing": {
      "frame_in_frame_count": 0,
      "breathing_space": {
        "top": 0.12743823146944083,
        "bottom": 0.4889466840052016,
        "left": 0.50390625,
        "right": 0.126953125,
        "min_margin": 0.126953125,
        "mean_margin": 0.3118110726186606
      },
      "corner_anchors": {
        "top_left": 0.5240797400474548,
        "top_right": 0.38689202070236206,
        "bottom_left": 0.4026285409927368,
        "bottom_right": 0.24743971228599548,
        "max_corner_weight": 0.5240797400474548,
        "has_corner_subject": 1
      }
    }
  }
}