{
  "meta": {
    "_dataset": "tvm_data",
    "_label": "testImages_artphoto",
    "_relpath": "testImages_artphoto/fear_0963.jpg",
    "_filename": "fear_0963.jpg",
    "_width": 314,
    "_height": 637
  },
  "features": {
    "geometric_structural": {
      "leading_lines": {
        "diagonal": 1,
        "vertical": 2,
        "horizontal": 1,
        "curved": 42
      },
      "leading_lines_strength": 0.04427333974975938,
      "symmetry_vertical": 0.4261193087909759,
      "symmetry_horizontal": 0.33242725793272715,
      "symmetry_radial": 0.330856578757784,
      "rule_of_thirds": {
        "alignment_score": 4,
        "num_salient_objects": 71
      },
      "golden_ratio": {
        "golden_alignment_score": 10
      },
      "balance": {
        "static_balance": 0.889624834060669,
        "dynamic_balance": 1.0,
        "dominant_quadrant": 1
      },
      "layering": {
        "foreground_ratio": 0.27563500060153995,
        "midground_ratio": 0.24707501203079885,
        "background_ratio": 0.4772899873676612,
        "depth_complexity": 0.22834178935472949
      }
    },
    "spatial_layout": {
      "negative_space_ratio": 0.4697951756496631,
      "subject_isolation": 0.1000003759624639,
      "depth_of_field": {
        "blur_gradient_strength": 239.18100681180155,
        "sharpness_variance": 228781.51720583235,
        "min_sharpness": 0.0,
        "max_sharpness": 3428.6241795328774
      },
      "perspective": {
        "has_vanishing_point": 1,
        "perspective_strength": 0.4166666666666667
      }
    },
    "contrast_color": {
      "high_contrast_ratio": 0.32289160250240617,
      "low_contrast_ratio": 0.6771083974975938,
      "mean_contrast": 28.73529052734375,
      "highlight_ratio": 0.2919292151927948,
      "shadow_ratio": 0.39034491777420044,
      "midtone_ratio": 0.3177258372306824,
      "warm_color_ratio": 0.08387910551010587,
      "cool_color_ratio": 0.028712253368623677,
      "complementary_color_score": 2.1666666666666665
    },
    "motion_dynamics": {
      "s_curve_count": 85,
      "motion_blur_score": 9.181913184626875,
      "dominant_direction_deg": 4.999999999999995,
      "direction_strength": 0.27605419874827797
    },
    "pattern_rhythm": {
      "repetition_score": 1.0,
      "rhythm_score": 1.0,
      "pattern_breaks": 19
    },
    "visual_mass_focus": {
      "point_of_interest": {
        "x": 0.640625,
        "y": 0.534167468719923,
        "strength": 1.0
      },
      "visual_mass_concentration": 0.1983183198989413,
      "mean_visual_weight": 0.051767002791166306,
      "face_count": 0,
      "has_directional_cues": 0
    },
    "framing_breathing": {
      "frame_in_frame_count": 0,
      "breathing_space": {
        "top": 0.0,
        "bottom": 0.0,
        "left": 0.0,
        "right": 0.0,
        "min_margin": 0.0,
        "mean_margin": 0.0
      },
      "corner_anchors": {
        "top_left": 0.6429902911186218,
        "top_right": 0.6754393577575684,
        "bottom_left": 0.756534993648529,
        "bottom_right": 0.8092004656791687,
        "max_corner_weight": 0.8092004656791687,
        "has_corner_subject": 1
      }
    }
  }
}