{
  "meta": {
    "_dataset": "tvm_data",
    "_label": "testImages_artphoto",
    "_relpath": "testImages_artphoto/fear_0942.jpg",
    "_filename": "fear_0942.jpg",
    "_width": 572,
    "_height": 350
  },
  "features": {
    "geometric_structural": {
      "leading_lines": {
        "diagonal": 15,
        "vertical": 2,
        "horizontal": 9,
        "curved": 183
      },
      "leading_lines_strength": 0.24970131421744324,
      "symmetry_vertical": 0.05139137259292056,
      "symmetry_horizontal": 0.425718429807686,
      "symmetry_radial": 0.20060214969437587,
      "rule_of_thirds": {
        "alignment_score": 1,
        "num_salient_objects": 9
      },
      "golden_ratio": {
        "golden_alignment_score": 4
      },
      "balance": {
        "static_balance": 0.9227960109710693,
        "dynamic_balance": 1.0,
        "dominant_quadrant": 3
      },
      "layering": {
        "foreground_ratio": 0.28534759557945044,
        "midground_ratio": 0.29214503061529273,
        "background_ratio": 0.4225073738052569,
        "depth_complexity": 0.05765276367338046
      }
    },
    "spatial_layout": {
      "negative_space_ratio": 0.6515176971326165,
      "subject_isolation": 0.10000140008960573,
      "depth_of_field": {
        "blur_gradient_strength": 56.94398167360275,
        "sharpness_variance": 8252.690498477434,
        "min_sharpness": 0.0,
        "max_sharpness": 516.0927257002415
      },
      "perspective": {
        "has_vanishing_point": 1,
        "perspective_strength": 0.9955223880597015
      }
    },
    "contrast_color": {
      "high_contrast_ratio": 0.37166078629032256,
      "low_contrast_ratio": 0.6283392137096775,
      "mean_contrast": 22.830764770507812,
      "highlight_ratio": 0.1077088937163353,
      "shadow_ratio": 0.59287029504776,
      "midtone_ratio": 0.2994208335876465,
      "warm_color_ratio": 0.0,
      "cool_color_ratio": 0.0,
      "complementary_color_score": 0.0
    },
    "motion_dynamics": {
      "s_curve_count": 261,
      "motion_blur_score": 9.145722280051274,
      "dominant_direction_deg": 4.999999999999995,
      "direction_strength": 0.32926373954522925
    },
    "pattern_rhythm": {
      "repetition_score": 1.0,
      "rhythm_score": 1.0,
      "pattern_breaks": 6
    },
    "visual_mass_focus": {
      "point_of_interest": {
        "x": 0.7610513739545998,
        "y": 0.498046875,
        "strength": 1.0
      },
      "visual_mass_concentration": 0.0,
      "mean_visual_weight": 0.0,
      "face_count": 0,
      "has_directional_cues": 0
    },
    "framing_breathing": {
      "frame_in_frame_count": 0,
      "breathing_space": {
        "top": 0.126953125,
        "bottom": 0.28515625,
        "left": 0.6021505376344086,
        "right": 0.08960573476702509,
        "min_margin": 0.08960573476702509,
        "mean_margin": 0.2759664118503584
      },
      "corner_anchors": {
        "top_left": 0.33501607179641724,
        "top_right": 0.21864913403987885,
        "bottom_left": 0.3303615152835846,
        "bottom_right": 0.22448748350143433,
        "max_corner_weight": 0.33501607179641724,
        "has_corner_subject": 1
      }
    }
  }
}