{
  "meta": {
    "_dataset": "tvm_data",
    "_label": "testImages_artphoto",
    "_relpath": "testImages_artphoto/fear_0692.jpg",
    "_filename": "fear_0692.jpg",
    "_width": 549,
    "_height": 364
  },
  "features": {
    "geometric_structural": {
      "leading_lines": {
        "diagonal": 22,
        "vertical": 0,
        "horizontal": 7,
        "curved": 166
      },
      "leading_lines_strength": 0.25259067357512954,
      "symmetry_vertical": 0.3470163641086984,
      "symmetry_horizontal": 0.37858221345401133,
      "symmetry_radial": 0.22554679467179198,
      "rule_of_thirds": {
        "alignment_score": 1,
        "num_salient_objects": 33
      },
      "golden_ratio": {
        "golden_alignment_score": 1
      },
      "balance": {
        "static_balance": 0.8764756917953491,
        "dynamic_balance": 1.0,
        "dominant_quadrant": 2
      },
      "layering": {
        "foreground_ratio": 0.32737866337435234,
        "midground_ratio": 0.3156118442357513,
        "background_ratio": 0.3570094923898964,
        "depth_complexity": 0.1468784778421013
      }
    },
    "spatial_layout": {
      "negative_space_ratio": 0.31572063228626945,
      "subject_isolation": 0.10000151797279792,
      "depth_of_field": {
        "blur_gradient_strength": 133.55111440240407,
        "sharpness_variance": 43676.48288636399,
        "min_sharpness": 0.33217460944619387,
        "max_sharpness": 1169.764232282234
      },
      "perspective": {
        "has_vanishing_point": 1,
        "perspective_strength": 0.8928950159066809
      }
    },
    "contrast_color": {
      "high_contrast_ratio": 0.3226982472474093,
      "low_contrast_ratio": 0.6773017527525906,
      "mean_contrast": 23.376117706298828,
      "highlight_ratio": 0.5228758454322815,
      "shadow_ratio": 0.18453742563724518,
      "midtone_ratio": 0.2925867438316345,
      "warm_color_ratio": 0.228884998380829,
      "cool_color_ratio": 0.06159427623056995,
      "complementary_color_score": 2.4444444444444446
    },
    "motion_dynamics": {
      "s_curve_count": 177,
      "motion_blur_score": 12.321640611750793,
      "dominant_direction_deg": 4.999999999999995,
      "direction_strength": 0.18309028902155752
    },
    "pattern_rhythm": {
      "repetition_score": 1.0,
      "rhythm_score": 1.0,
      "pattern_breaks": 4
    },
    "visual_mass_focus": {
      "point_of_interest": {
        "x": 0.26424870466321243,
        "y": 0.767578125,
        "strength": 1.0
      },
      "visual_mass_concentration": 0.19999544608160622,
      "mean_visual_weight": 0.14137016236782074,
      "face_count": 1,
      "has_directional_cues": 1
    },
    "framing_breathing": {
      "frame_in_frame_count": 0,
      "breathing_space": {
        "top": 0.08203125,
        "bottom": 0.0,
        "left": 0.0,
        "right": 0.4417098445595855,
        "min_margin": 0.0,
        "mean_margin": 0.13093527363989638
      },
      "corner_anchors": {
        "top_left": 0.24934737384319305,
        "top_right": 0.4540421962738037,
        "bottom_left": 0.8718688488006592,
        "bottom_right": 0.24458962678909302,
        "max_corner_weight": 0.8718688488006592,
        "has_corner_subject": 1
      }
    }
  }
}