{
  "meta": {
    "_dataset": "tvm_data",
    "_label": "testImages_artphoto",
    "_relpath": "testImages_artphoto/fear_0930.jpg",
    "_filename": "fear_0930.jpg",
    "_width": 373,
    "_height": 537
  },
  "features": {
    "geometric_structural": {
      "leading_lines": {
        "diagonal": 37,
        "vertical": 5,
        "horizontal": 7,
        "curved": 408
      },
      "leading_lines_strength": 0.6200814111261872,
      "symmetry_vertical": 0.27387374764571165,
      "symmetry_horizontal": 0.2346495659258308,
      "symmetry_radial": 0.19052340211775698,
      "rule_of_thirds": {
        "alignment_score": 0,
        "num_salient_objects": 33
      },
      "golden_ratio": {
        "golden_alignment_score": 0
      },
      "balance": {
        "static_balance": 0.7915134429931641,
        "dynamic_balance": 1.0,
        "dominant_quadrant": 2
      },
      "layering": {
        "foreground_ratio": 0.33495961244911804,
        "midground_ratio": 0.31634529765943015,
        "background_ratio": 0.3486950898914518,
        "depth_complexity": 0.19224599844510856
      }
    },
    "spatial_layout": {
      "negative_space_ratio": 0.30063284430122117,
      "subject_isolation": 0.10000159006105834,
      "depth_of_field": {
        "blur_gradient_strength": 173.5791445876106,
        "sharpness_variance": 42603.982158742176,
        "min_sharpness": 1.1077470203767783,
        "max_sharpness": 1005.7051416506324
      },
      "perspective": {
        "has_vanishing_point": 1,
        "perspective_strength": 0.9991465496220434
      }
    },
    "contrast_color": {
      "high_contrast_ratio": 0.42465760685210313,
      "low_contrast_ratio": 0.5753423931478969,
      "mean_contrast": 29.577472686767578,
      "highlight_ratio": 0.42203134298324585,
      "shadow_ratio": 0.13690955936908722,
      "midtone_ratio": 0.4410591125488281,
      "warm_color_ratio": 0.6874814492876526,
      "cool_color_ratio": 0.06772865078018996,
      "complementary_color_score": 1.7222222222222223
    },
    "motion_dynamics": {
      "s_curve_count": 365,
      "motion_blur_score": 11.249783792727799,
      "dominant_direction_deg": 4.999999999999995,
      "direction_strength": 0.05974919436890543
    },
    "pattern_rhythm": {
      "repetition_score": 1.0,
      "rhythm_score": 1.0,
      "pattern_breaks": 11
    },
    "visual_mass_focus": {
      "point_of_interest": {
        "x": 0.21875,
        "y": 0.7313432835820896,
        "strength": 1.0
      },
      "visual_mass_concentration": 0.19920814959294436,
      "mean_visual_weight": 0.1953772008419037,
      "face_count": 0,
      "has_directional_cues": 0
    },
    "framing_breathing": {
      "frame_in_frame_count": 0,
      "breathing_space": {
        "top": 0.5115332428765265,
        "bottom": 0.0,
        "left": 0.0,
        "right": 0.25,
        "min_margin": 0.0,
        "mean_margin": 0.19038331071913162
      },
      "corner_anchors": {
        "top_left": 0.34632056951522827,
        "top_right": 0.23840254545211792,
        "bottom_left": 0.7996534705162048,
        "bottom_right": 0.4624190032482147,
        "max_corner_weight": 0.7996534705162048,
        "has_corner_subject": 1
      }
    }
  }
}