{
  "meta": {
    "_dataset": "tvm_data",
    "_label": "testImages_artphoto",
    "_relpath": "testImages_artphoto/fear_0911.jpg",
    "_filename": "fear_0911.jpg",
    "_width": 447,
    "_height": 447
  },
  "features": {
    "geometric_structural": {
      "leading_lines": {
        "diagonal": 0,
        "vertical": 0,
        "horizontal": 0,
        "curved": 18
      },
      "leading_lines_strength": 0.03515625,
      "symmetry_vertical": 0.6592537565617483,
      "symmetry_horizontal": 0.6541703882295655,
      "symmetry_radial": 0.6184830320798165,
      "rule_of_thirds": {
        "alignment_score": 0,
        "num_salient_objects": 1
      },
      "golden_ratio": {
        "golden_alignment_score": 0
      },
      "balance": {
        "static_balance": 0.9221023321151733,
        "dynamic_balance": 1.0,
        "dominant_quadrant": 1
      },
      "layering": {
        "foreground_ratio": 0.17716217041015625,
        "midground_ratio": 0.2907447814941406,
        "background_ratio": 0.5320930480957031,
        "depth_complexity": 0.07111749304435216
      }
    },
    "spatial_layout": {
      "negative_space_ratio": 0.5369186401367188,
      "subject_isolation": 0.10000228881835938,
      "depth_of_field": {
        "blur_gradient_strength": 74.93858303614236,
        "sharpness_variance": 33296.953775490285,
        "min_sharpness": 1.2937081987660086,
        "max_sharpness": 1113.5883457121229
      },
      "perspective": {
        "has_vanishing_point": 1,
        "perspective_strength": 0.9272727272727272
      }
    },
    "contrast_color": {
      "high_contrast_ratio": 0.3182830810546875,
      "low_contrast_ratio": 0.6817169189453125,
      "mean_contrast": 15.717744827270508,
      "highlight_ratio": 0.000797271728515625,
      "shadow_ratio": 0.23379135131835938,
      "midtone_ratio": 0.765411376953125,
      "warm_color_ratio": 0.0,
      "cool_color_ratio": 0.0,
      "complementary_color_score": 0.0
    },
    "motion_dynamics": {
      "s_curve_count": 21,
      "motion_blur_score": 11.428282143642514,
      "dominant_direction_deg": 4.999999999999995,
      "direction_strength": 0.13102722167918768
    },
    "pattern_rhythm": {
      "repetition_score": 1.0,
      "rhythm_score": 1.0,
      "pattern_breaks": 0
    },
    "visual_mass_focus": {
      "point_of_interest": {
        "x": 0.7890625,
        "y": 0.29296875,
        "strength": 1.0
      },
      "visual_mass_concentration": 0.002696990966796875,
      "mean_visual_weight": 2.026174661295954e-05,
      "face_count": 0,
      "has_directional_cues": 0
    },
    "framing_breathing": {
      "frame_in_frame_count": 0,
      "breathing_space": {
        "top": 0.41015625,
        "bottom": 0.470703125,
        "left": 0.560546875,
        "right": 0.271484375,
        "min_margin": 0.271484375,
        "mean_margin": 0.42822265625
      },
      "corner_anchors": {
        "top_left": 0.19955527782440186,
        "top_right": 0.2093210518360138,
        "bottom_left": 0.36287492513656616,
        "bottom_right": 0.18938636779785156,
        "max_corner_weight": 0.36287492513656616,
        "has_corner_subject": 1
      }
    }
  }
}