{
  "meta": {
    "_dataset": "tvm_data",
    "_label": "testImages_artphoto",
    "_relpath": "testImages_artphoto/fear_0679.jpg",
    "_filename": "fear_0679.jpg",
    "_width": 447,
    "_height": 447
  },
  "features": {
    "geometric_structural": {
      "leading_lines": {
        "diagonal": 0,
        "vertical": 0,
        "horizontal": 0,
        "curved": 78
      },
      "leading_lines_strength": 0.15234375,
      "symmetry_vertical": 0.2737001494480922,
      "symmetry_horizontal": 0.428498795139631,
      "symmetry_radial": 0.3221738863021526,
      "rule_of_thirds": {
        "alignment_score": 0,
        "num_salient_objects": 7
      },
      "golden_ratio": {
        "golden_alignment_score": 0
      },
      "balance": {
        "static_balance": 0.9071494340896606,
        "dynamic_balance": 1.0,
        "dominant_quadrant": 0
      },
      "layering": {
        "foreground_ratio": 0.3331260681152344,
        "midground_ratio": 0.16092300415039062,
        "background_ratio": 0.505950927734375,
        "depth_complexity": 0.03373319564700068
      }
    },
    "spatial_layout": {
      "negative_space_ratio": 0.6593589782714844,
      "subject_isolation": 0.10000228881835938,
      "depth_of_field": {
        "blur_gradient_strength": 34.991292997450984,
        "sharpness_variance": 4951.957282244581,
        "min_sharpness": 0.0392156862745098,
        "max_sharpness": 708.0
      },
      "perspective": {
        "has_vanishing_point": 0,
        "perspective_strength": 0.0
      }
    },
    "contrast_color": {
      "high_contrast_ratio": 0.4278144836425781,
      "low_contrast_ratio": 0.5721855163574219,
      "mean_contrast": 18.21270751953125,
      "highlight_ratio": 0.0,
      "shadow_ratio": 0.5089378356933594,
      "midtone_ratio": 0.4910621643066406,
      "warm_color_ratio": 0.7550773620605469,
      "cool_color_ratio": 0.0,
      "complementary_color_score": 0.0
    },
    "motion_dynamics": {
      "s_curve_count": 81,
      "motion_blur_score": 11.750485673342471,
      "dominant_direction_deg": 4.999999999999995,
      "direction_strength": 0.15645980834901252
    },
    "pattern_rhythm": {
      "repetition_score": 1.0,
      "rhythm_score": 1.0,
      "pattern_breaks": 4
    },
    "visual_mass_focus": {
      "point_of_interest": {
        "x": 0.19140625,
        "y": 0.498046875,
        "strength": 1.0
      },
      "visual_mass_concentration": 0.1999969482421875,
      "mean_visual_weight": 0.2805737853050232,
      "face_count": 0,
      "has_directional_cues": 0
    },
    "framing_breathing": {
      "frame_in_frame_count": 0,
      "breathing_space": {
        "top": 0.255859375,
        "bottom": 0.0,
        "left": 0.0,
        "right": 0.611328125,
        "min_margin": 0.0,
        "mean_margin": 0.216796875
      },
      "corner_anchors": {
        "top_left": 0.7119715809822083,
        "top_right": 0.41605573892593384,
        "bottom_left": 0.9613645076751709,
        "bottom_right": 0.5084338188171387,
        "max_corner_weight": 0.9613645076751709,
        "has_corner_subject": 1
      }
    }
  }
}