{
  "meta": {
    "_dataset": "tvm_data",
    "_label": "testImages_artphoto",
    "_relpath": "testImages_artphoto/fear_0906.jpg",
    "_filename": "fear_0906.jpg",
    "_width": 521,
    "_height": 384
  },
  "features": {
    "geometric_structural": {
      "leading_lines": {
        "diagonal": 0,
        "vertical": 1,
        "horizontal": 0,
        "curved": 55
      },
      "leading_lines_strength": 0.08057553956834532,
      "symmetry_vertical": 0.4871587795417021,
      "symmetry_horizontal": 0.45298214306554174,
      "symmetry_radial": 0.3819650778799814,
      "rule_of_thirds": {
        "alignment_score": 0,
        "num_salient_objects": 9
      },
      "golden_ratio": {
        "golden_alignment_score": 0
      },
      "balance": {
        "static_balance": 0.9643622636795044,
        "dynamic_balance": 1.0,
        "dominant_quadrant": 3
      },
      "layering": {
        "foreground_ratio": 0.23270852068345324,
        "midground_ratio": 0.13834307553956834,
        "background_ratio": 0.6289484037769785,
        "depth_complexity": 0.0251030588873654
      }
    },
    "spatial_layout": {
      "negative_space_ratio": 0.7543980440647482,
      "subject_isolation": 0.1,
      "depth_of_field": {
        "blur_gradient_strength": 28.174937078062218,
        "sharpness_variance": 1454.1347694290614,
        "min_sharpness": 0.8235294117647058,
        "max_sharpness": 201.03912389299296
      },
      "perspective": {
        "has_vanishing_point": 1,
        "perspective_strength": 0.8571428571428571
      }
    },
    "contrast_color": {
      "high_contrast_ratio": 0.40230721672661873,
      "low_contrast_ratio": 0.5976927832733813,
      "mean_contrast": 20.49448013305664,
      "highlight_ratio": 0.0019334532553330064,
      "shadow_ratio": 0.6780547499656677,
      "midtone_ratio": 0.32001179456710815,
      "warm_color_ratio": 0.9892620278776978,
      "cool_color_ratio": 1.1241007194244605e-05,
      "complementary_color_score": 0.8888888888888888
    },
    "motion_dynamics": {
      "s_curve_count": 112,
      "motion_blur_score": 7.769366307162529,
      "dominant_direction_deg": 4.999999999999995,
      "direction_strength": 0.0971785071939715
    },
    "pattern_rhythm": {
      "repetition_score": 1.0,
      "rhythm_score": 1.0,
      "pattern_breaks": 3
    },
    "visual_mass_focus": {
      "point_of_interest": {
        "x": 0.6129496402877698,
        "y": 0.306640625,
        "strength": 1.0
      },
      "visual_mass_concentration": 0.1996234262589928,
      "mean_visual_weight": 0.10146564245223999,
      "face_count": 0,
      "has_directional_cues": 0
    },
    "framing_breathing": {
      "frame_in_frame_count": 0,
      "breathing_space": {
        "top": 0.2109375,
        "bottom": 0.458984375,
        "left": 0.030215827338129497,
        "right": 0.9223021582733812,
        "min_margin": 0.030215827338129497,
        "mean_margin": 0.40560996515287767
      },
      "corner_anchors": {
        "top_left": 0.2781679928302765,
        "top_right": 0.14449918270111084,
        "bottom_left": 0.18408779799938202,
        "bottom_right": 0.457842618227005,
        "max_corner_weight": 0.457842618227005,
        "has_corner_subject": 1
      }
    }
  }
}