{
  "meta": {
    "_dataset": "tvm_data",
    "_label": "testImages_artphoto",
    "_relpath": "testImages_artphoto/fear_0924.jpg",
    "_filename": "fear_0924.jpg",
    "_width": 447,
    "_height": 447
  },
  "features": {
    "geometric_structural": {
      "leading_lines": {
        "diagonal": 0,
        "vertical": 0,
        "horizontal": 0,
        "curved": 92
      },
      "leading_lines_strength": 0.1796875,
      "symmetry_vertical": 0.5009000382581195,
      "symmetry_horizontal": 0.35446584422862054,
      "symmetry_radial": 0.36264001065867957,
      "rule_of_thirds": {
        "alignment_score": 0,
        "num_salient_objects": 9
      },
      "golden_ratio": {
        "golden_alignment_score": 0
      },
      "balance": {
        "static_balance": 0.9472081661224365,
        "dynamic_balance": 1.0,
        "dominant_quadrant": 2
      },
      "layering": {
        "foreground_ratio": 0.2990913391113281,
        "midground_ratio": 0.16273117065429688,
        "background_ratio": 0.538177490234375,
        "depth_complexity": 0.030034409501691697
      }
    },
    "spatial_layout": {
      "negative_space_ratio": 0.5918235778808594,
      "subject_isolation": 0.10000228881835938,
      "depth_of_field": {
        "blur_gradient_strength": 79.85663344636976,
        "sharpness_variance": 67613.28665117844,
        "min_sharpness": 2.1642393182405075,
        "max_sharpness": 2824.0
      },
      "perspective": {
        "has_vanishing_point": 1,
        "perspective_strength": 0.8
      }
    },
    "contrast_color": {
      "high_contrast_ratio": 0.4278144836425781,
      "low_contrast_ratio": 0.5721855163574219,
      "mean_contrast": 18.168087005615234,
      "highlight_ratio": 0.07886505126953125,
      "shadow_ratio": 0.3977203369140625,
      "midtone_ratio": 0.5234146118164062,
      "warm_color_ratio": 0.4157752990722656,
      "cool_color_ratio": 0.002079010009765625,
      "complementary_color_score": 1.2222222222222223
    },
    "motion_dynamics": {
      "s_curve_count": 91,
      "motion_blur_score": 13.868479630828343,
      "dominant_direction_deg": 4.999999999999995,
      "direction_strength": 0.06299972534155655
    },
    "pattern_rhythm": {
      "repetition_score": 1.0,
      "rhythm_score": 1.0,
      "pattern_breaks": 2
    },
    "visual_mass_focus": {
      "point_of_interest": {
        "x": 0.44140625,
        "y": 0.181640625,
        "strength": 1.0
      },
      "visual_mass_concentration": 0.19988632202148438,
      "mean_visual_weight": 0.055301085114479065,
      "face_count": 0,
      "has_directional_cues": 0
    },
    "framing_breathing": {
      "frame_in_frame_count": 0,
      "breathing_space": {
        "top": 0.697265625,
        "bottom": 0.0,
        "left": 0.310546875,
        "right": 0.2734375,
        "min_margin": 0.0,
        "mean_margin": 0.3203125
      },
      "corner_anchors": {
        "top_left": 0.3170068860054016,
        "top_right": 0.34274035692214966,
        "bottom_left": 0.6075955629348755,
        "bottom_right": 0.4920923709869385,
        "max_corner_weight": 0.6075955629348755,
        "has_corner_subject": 1
      }
    }
  }
}