{
  "meta": {
    "_dataset": "tvm_data",
    "_label": "testImages_artphoto",
    "_relpath": "testImages_artphoto/fear_0702.jpg",
    "_filename": "fear_0702.jpg",
    "_width": 365,
    "_height": 548
  },
  "features": {
    "geometric_structural": {
      "leading_lines": {
        "diagonal": 2,
        "vertical": 15,
        "horizontal": 0,
        "curved": 343
      },
      "leading_lines_strength": 0.4681404421326398,
      "symmetry_vertical": 0.32884651174335233,
      "symmetry_horizontal": 0.4148707158828005,
      "symmetry_radial": 0.23833812521589837,
      "rule_of_thirds": {
        "alignment_score": 1,
        "num_salient_objects": 22
      },
      "golden_ratio": {
        "golden_alignment_score": 5
      },
      "balance": {
        "static_balance": 0.8005512356758118,
        "dynamic_balance": 1.0,
        "dominant_quadrant": 0
      },
      "layering": {
        "foreground_ratio": 0.3023991181729519,
        "midground_ratio": 0.15981337369960988,
        "background_ratio": 0.5377875081274383,
        "depth_complexity": 0.31189542272651677
      }
    },
    "spatial_layout": {
      "negative_space_ratio": 0.7909495895643693,
      "subject_isolation": 0.10000050796488946,
      "depth_of_field": {
        "blur_gradient_strength": 229.76093826679806,
        "sharpness_variance": 163331.5163450926,
        "min_sharpness": 0.0,
        "max_sharpness": 2649.6041394778963
      },
      "perspective": {
        "has_vanishing_point": 1,
        "perspective_strength": 0.9770491803278688
      }
    },
    "contrast_color": {
      "high_contrast_ratio": 0.4095771700260078,
      "low_contrast_ratio": 0.5904228299739922,
      "mean_contrast": 25.485107421875,
      "highlight_ratio": 0.04235665127635002,
      "shadow_ratio": 0.7081487774848938,
      "midtone_ratio": 0.2494945526123047,
      "warm_color_ratio": 0.05592439450585176,
      "cool_color_ratio": 0.016620611183355005,
      "complementary_color_score": 2.1666666666666665
    },
    "motion_dynamics": {
      "s_curve_count": 321,
      "motion_blur_score": 5.438040491452577,
      "dominant_direction_deg": 4.999999999999995,
      "direction_strength": 0.17294426609188845
    },
    "pattern_rhythm": {
      "repetition_score": 1.0,
      "rhythm_score": 1.0,
      "pattern_breaks": 8
    },
    "visual_mass_focus": {
      "point_of_interest": {
        "x": 0.361328125,
        "y": 0.4265279583875163,
        "strength": 1.0
      },
      "visual_mass_concentration": 0.19869046651495448,
      "mean_visual_weight": 0.015081807039678097,
      "face_count": 0,
      "has_directional_cues": 0
    },
    "framing_breathing": {
      "frame_in_frame_count": 0,
      "breathing_space": {
        "top": 0.1508452535760728,
        "bottom": 0.34850455136540964,
        "left": 0.24609375,
        "right": 0.55859375,
        "min_margin": 0.1508452535760728,
        "mean_margin": 0.3260093262353706
      },
      "corner_anchors": {
        "top_left": 0.20524674654006958,
        "top_right": 0.17924591898918152,
        "bottom_left": 0.1590040922164917,
        "bottom_right": 0.18423053622245789,
        "max_corner_weight": 0.20524674654006958,
        "has_corner_subject": 0
      }
    }
  }
}