{
  "meta": {
    "_dataset": "tvm_data",
    "_label": "testImages_artphoto",
    "_relpath": "testImages_artphoto/fear_0931.jpg",
    "_filename": "fear_0931.jpg",
    "_width": 375,
    "_height": 534
  },
  "features": {
    "geometric_structural": {
      "leading_lines": {
        "diagonal": 69,
        "vertical": 60,
        "horizontal": 2,
        "curved": 305
      },
      "leading_lines_strength": 0.598079561042524,
      "symmetry_vertical": 0.20426072662593267,
      "symmetry_horizontal": 0.19578875920882344,
      "symmetry_radial": 0.13216761495148496,
      "rule_of_thirds": {
        "alignment_score": 0,
        "num_salient_objects": 32
      },
      "golden_ratio": {
        "golden_alignment_score": 3
      },
      "balance": {
        "static_balance": 0.9211317896842957,
        "dynamic_balance": 1.0,
        "dominant_quadrant": 2
      },
      "layering": {
        "foreground_ratio": 0.3126366383744856,
        "midground_ratio": 0.3037363897462277,
        "background_ratio": 0.3836269718792867,
        "depth_complexity": 0.31648361165736427
      }
    },
    "spatial_layout": {
      "negative_space_ratio": 0.6082738554526749,
      "subject_isolation": 0.10000053583676269,
      "depth_of_field": {
        "blur_gradient_strength": 247.61570702611527,
        "sharpness_variance": 187303.93878249216,
        "min_sharpness": 4.368543373655861,
        "max_sharpness": 1983.007174509671
      },
      "perspective": {
        "has_vanishing_point": 1,
        "perspective_strength": 0.9995836935984885
      }
    },
    "contrast_color": {
      "high_contrast_ratio": 0.5190891846707819,
      "low_contrast_ratio": 0.4809108153292181,
      "mean_contrast": 32.04036331176758,
      "highlight_ratio": 0.018499763682484627,
      "shadow_ratio": 0.19595550000667572,
      "midtone_ratio": 0.7855446934700012,
      "warm_color_ratio": 0.42186160408093276,
      "cool_color_ratio": 0.0,
      "complementary_color_score": 0.0
    },
    "motion_dynamics": {
      "s_curve_count": 309,
      "motion_blur_score": 6.348360193915434,
      "dominant_direction_deg": -85.0,
      "direction_strength": 0.03992787637163514
    },
    "pattern_rhythm": {
      "repetition_score": 1.0,
      "rhythm_score": 1.0,
      "pattern_breaks": 7
    },
    "visual_mass_focus": {
      "point_of_interest": {
        "x": 0.515625,
        "y": 0.5802469135802469,
        "strength": 1.0
      },
      "visual_mass_concentration": 0.19865076303155008,
      "mean_visual_weight": 0.07027749717235565,
      "face_count": 0,
      "has_directional_cues": 0
    },
    "framing_breathing": {
      "frame_in_frame_count": 0,
      "breathing_space": {
        "top": 0.3100137174211248,
        "bottom": 0.49382716049382713,
        "left": 0.29296875,
        "right": 0.390625,
        "min_margin": 0.29296875,
        "mean_margin": 0.371858656978738
      },
      "corner_anchors": {
        "top_left": 0.10268867015838623,
        "top_right": 0.2582758367061615,
        "bottom_left": 0.3730703890323639,
        "bottom_right": 0.4450582265853882,
        "max_corner_weight": 0.4450582265853882,
        "has_corner_subject": 1
      }
    }
  }
}