{
  "meta": {
    "_dataset": "tvm_data",
    "_label": "testImages_artphoto",
    "_relpath": "testImages_artphoto/fear_0941.jpg",
    "_filename": "fear_0941.jpg",
    "_width": 520,
    "_height": 385
  },
  "features": {
    "geometric_structural": {
      "leading_lines": {
        "diagonal": 4,
        "vertical": 17,
        "horizontal": 29,
        "curved": 44
      },
      "leading_lines_strength": 0.13583815028901733,
      "symmetry_vertical": 0.3531438622772512,
      "symmetry_horizontal": 0.23787768144527735,
      "symmetry_radial": 0.19972574341814855,
      "rule_of_thirds": {
        "alignment_score": 1,
        "num_salient_objects": 71
      },
      "golden_ratio": {
        "golden_alignment_score": 3
      },
      "balance": {
        "static_balance": 0.8997839689254761,
        "dynamic_balance": 1.0,
        "dominant_quadrant": 0
      },
      "layering": {
        "foreground_ratio": 0.3076482342846821,
        "midground_ratio": 0.1982421875,
        "background_ratio": 0.4941095782153179,
        "depth_complexity": 0.23933055069523915
      }
    },
    "spatial_layout": {
      "negative_space_ratio": 0.43565130509393063,
      "subject_isolation": 0.10000169346098266,
      "depth_of_field": {
        "blur_gradient_strength": 106.33756253263729,
        "sharpness_variance": 50440.41506228554,
        "min_sharpness": 0.0,
        "max_sharpness": 1072.2433606924612
      },
      "perspective": {
        "has_vanishing_point": 1,
        "perspective_strength": 0.8973803853647976
      }
    },
    "contrast_color": {
      "high_contrast_ratio": 0.27680466492052025,
      "low_contrast_ratio": 0.7231953350794798,
      "mean_contrast": 25.59615135192871,
      "highlight_ratio": 0.19197919964790344,
      "shadow_ratio": 0.26655641198158264,
      "midtone_ratio": 0.5414644479751587,
      "warm_color_ratio": 0.0,
      "cool_color_ratio": 0.003801819906069364,
      "complementary_color_score": 0.0
    },
    "motion_dynamics": {
      "s_curve_count": 74,
      "motion_blur_score": 10.611624135805984,
      "dominant_direction_deg": 4.999999999999995,
      "direction_strength": 0.08719348356189263
    },
    "pattern_rhythm": {
      "repetition_score": 1.0,
      "rhythm_score": 1.0,
      "pattern_breaks": 37
    },
    "visual_mass_focus": {
      "point_of_interest": {
        "x": 0.40173410404624277,
        "y": 0.5546875,
        "strength": 1.0
      },
      "visual_mass_concentration": 0.015212924494219654,
      "mean_visual_weight": 0.00011401905794627964,
      "face_count": 0,
      "has_directional_cues": 0
    },
    "framing_breathing": {
      "frame_in_frame_count": 0,
      "breathing_space": {
        "top": 0.609375,
        "bottom": 0.0,
        "left": 0.0,
        "right": 0.0,
        "min_margin": 0.0,
        "mean_margin": 0.15234375
      },
      "corner_anchors": {
        "top_left": 0.8231347799301147,
        "top_right": 0.2932019531726837,
        "bottom_left": 0.7390746474266052,
        "bottom_right": 0.9304517507553101,
        "max_corner_weight": 0.9304517507553101,
        "has_corner_subject": 1
      }
    }
  }
}