{
  "meta": {
    "_dataset": "tvm_data",
    "_label": "testImages_artphoto",
    "_relpath": "testImages_artphoto/fear_0701.jpg",
    "_filename": "fear_0701.jpg",
    "_width": 492,
    "_height": 407
  },
  "features": {
    "geometric_structural": {
      "leading_lines": {
        "diagonal": 69,
        "vertical": 0,
        "horizontal": 3,
        "curved": 313
      },
      "leading_lines_strength": 0.6219709208400647,
      "symmetry_vertical": 0.27356903689714174,
      "symmetry_horizontal": 0.25083056215055904,
      "symmetry_radial": 0.1956529948095691,
      "rule_of_thirds": {
        "alignment_score": 0,
        "num_salient_objects": 16
      },
      "golden_ratio": {
        "golden_alignment_score": 2
      },
      "balance": {
        "static_balance": 0.9153834581375122,
        "dynamic_balance": 1.0,
        "dominant_quadrant": 2
      },
      "layering": {
        "foreground_ratio": 0.3232406098546042,
        "midground_ratio": 0.25713726777059775,
        "background_ratio": 0.41962212237479807,
        "depth_complexity": 0.2240936778490763
      }
    },
    "spatial_layout": {
      "negative_space_ratio": 0.7434685480613893,
      "subject_isolation": 0.10000063105815832,
      "depth_of_field": {
        "blur_gradient_strength": 146.04087090402692,
        "sharpness_variance": 64903.44623294771,
        "min_sharpness": 0.35294117647058826,
        "max_sharpness": 1608.3838647218317
      },
      "perspective": {
        "has_vanishing_point": 1,
        "perspective_strength": 0.9980347015553933
      }
    },
    "contrast_color": {
      "high_contrast_ratio": 0.4677939468901454,
      "low_contrast_ratio": 0.5322060531098546,
      "mean_contrast": 23.00057029724121,
      "highlight_ratio": 0.01630338840186596,
      "shadow_ratio": 0.5924783945083618,
      "midtone_ratio": 0.39121824502944946,
      "warm_color_ratio": 0.003354074111470113,
      "cool_color_ratio": 0.052775393780290794,
      "complementary_color_score": 2.2222222222222223
    },
    "motion_dynamics": {
      "s_curve_count": 378,
      "motion_blur_score": 6.671452601217188,
      "dominant_direction_deg": 4.999999999999995,
      "direction_strength": 0.06584145294809597
    },
    "pattern_rhythm": {
      "repetition_score": 1.0,
      "rhythm_score": 1.0,
      "pattern_breaks": 4
    },
    "visual_mass_focus": {
      "point_of_interest": {
        "x": 0.32794830371567046,
        "y": 0.431640625,
        "strength": 1.0
      },
      "visual_mass_concentration": 0.19563749495153474,
      "mean_visual_weight": 0.02750777266919613,
      "face_count": 0,
      "has_directional_cues": 0
    },
    "framing_breathing": {
      "frame_in_frame_count": 0,
      "breathing_space": {
        "top": 0.28125,
        "bottom": 0.34375,
        "left": 0.0,
        "right": 0.7302100161550888,
        "min_margin": 0.0,
        "mean_margin": 0.3388025040387722
      },
      "corner_anchors": {
        "top_left": 0.16530558466911316,
        "top_right": 0.25854238867759705,
        "bottom_left": 0.210364431142807,
        "bottom_right": 0.13442130386829376,
        "max_corner_weight": 0.25854238867759705,
        "has_corner_subject": 0
      }
    }
  }
}