{
  "meta": {
    "_dataset": "tvm_data",
    "_label": "testImages_artphoto",
    "_relpath": "testImages_artphoto/fear_0687.jpg",
    "_filename": "fear_0687.jpg",
    "_width": 547,
    "_height": 366
  },
  "features": {
    "geometric_structural": {
      "leading_lines": {
        "diagonal": 0,
        "vertical": 0,
        "horizontal": 0,
        "curved": 42
      },
      "leading_lines_strength": 0.054901960784313725,
      "symmetry_vertical": 0.7937391508683713,
      "symmetry_horizontal": 0.7139449509325367,
      "symmetry_radial": 0.7300382123803688,
      "rule_of_thirds": {
        "alignment_score": 0,
        "num_salient_objects": 8
      },
      "golden_ratio": {
        "golden_alignment_score": 0
      },
      "balance": {
        "static_balance": 0.811614990234375,
        "dynamic_balance": 1.0,
        "dominant_quadrant": 0
      },
      "layering": {
        "foreground_ratio": 0.16294424019607842,
        "midground_ratio": 0.0,
        "background_ratio": 0.8370557598039216,
        "depth_complexity": 0.016166007954187923
      }
    },
    "spatial_layout": {
      "negative_space_ratio": 0.9491319444444445,
      "subject_isolation": 0.1,
      "depth_of_field": {
        "blur_gradient_strength": 19.64999854641801,
        "sharpness_variance": 2689.287603381208,
        "min_sharpness": 0.0,
        "max_sharpness": 422.9507229718674
      },
      "perspective": {
        "has_vanishing_point": 1,
        "perspective_strength": 0.5
      }
    },
    "contrast_color": {
      "high_contrast_ratio": 0.232421875,
      "low_contrast_ratio": 0.767578125,
      "mean_contrast": 6.514758110046387,
      "highlight_ratio": 0.0,
      "shadow_ratio": 0.9556423425674438,
      "midtone_ratio": 0.04435765743255615,
      "warm_color_ratio": 0.21778492647058822,
      "cool_color_ratio": 0.02621017156862745,
      "complementary_color_score": 2.111111111111111
    },
    "motion_dynamics": {
      "s_curve_count": 64,
      "motion_blur_score": 4.490038420512006,
      "dominant_direction_deg": 4.999999999999995,
      "direction_strength": 0.7828329248346027
    },
    "pattern_rhythm": {
      "repetition_score": 1.0,
      "rhythm_score": 1.0,
      "pattern_breaks": 1
    },
    "visual_mass_focus": {
      "point_of_interest": {
        "x": 0.4797385620915033,
        "y": 0.248046875,
        "strength": 1.0
      },
      "visual_mass_concentration": 0.1960656658496732,
      "mean_visual_weight": 0.02200276218354702,
      "face_count": 1,
      "has_directional_cues": 1
    },
    "framing_breathing": {
      "frame_in_frame_count": 0,
      "breathing_space": {
        "top": 0.1796875,
        "bottom": 0.63671875,
        "left": 0.42745098039215684,
        "right": 0.4666666666666667,
        "min_margin": 0.1796875,
        "mean_margin": 0.42763097426470587
      },
      "corner_anchors": {
        "top_left": 0.03677266091108322,
        "top_right": 0.03617988899350166,
        "bottom_left": 0.03752550482749939,
        "bottom_right": 0.03752550482749939,
        "max_corner_weight": 0.03752550482749939,
        "has_corner_subject": 0
      }
    }
  }
}