{
  "meta": {
    "_dataset": "tvm_data",
    "_label": "testImages_artphoto",
    "_relpath": "testImages_artphoto/fear_0678.jpg",
    "_filename": "fear_0678.jpg",
    "_width": 385,
    "_height": 519
  },
  "features": {
    "geometric_structural": {
      "leading_lines": {
        "diagonal": 0,
        "vertical": 0,
        "horizontal": 0,
        "curved": 67
      },
      "leading_lines_strength": 0.09710144927536232,
      "symmetry_vertical": 0.38188486316540177,
      "symmetry_horizontal": 0.3004974899037899,
      "symmetry_radial": 0.251483323284561,
      "rule_of_thirds": {
        "alignment_score": 0,
        "num_salient_objects": 15
      },
      "golden_ratio": {
        "golden_alignment_score": 4
      },
      "balance": {
        "static_balance": 0.8758683800697327,
        "dynamic_balance": 1.0,
        "dominant_quadrant": 0
      },
      "layering": {
        "foreground_ratio": 0.2434754302536232,
        "midground_ratio": 0.42327049365942027,
        "background_ratio": 0.3332540760869565,
        "depth_complexity": 0.04029687778311051
      }
    },
    "spatial_layout": {
      "negative_space_ratio": 0.7538609601449275,
      "subject_isolation": 0.1,
      "depth_of_field": {
        "blur_gradient_strength": 39.22719272571948,
        "sharpness_variance": 3785.5640254838722,
        "min_sharpness": 0.49211605094955785,
        "max_sharpness": 372.22775672149277
      },
      "perspective": {
        "has_vanishing_point": 1,
        "perspective_strength": 0.6
      }
    },
    "contrast_color": {
      "high_contrast_ratio": 0.3975713315217391,
      "low_contrast_ratio": 0.6024286684782609,
      "mean_contrast": 22.78261375427246,
      "highlight_ratio": 0.06809046864509583,
      "shadow_ratio": 0.660190224647522,
      "midtone_ratio": 0.2717193365097046,
      "warm_color_ratio": 0.5089277626811595,
      "cool_color_ratio": 0.41107903079710145,
      "complementary_color_score": 2.611111111111111
    },
    "motion_dynamics": {
      "s_curve_count": 132,
      "motion_blur_score": 10.125259951881132,
      "dominant_direction_deg": 4.999999999999995,
      "direction_strength": 0.14494451992712595
    },
    "pattern_rhythm": {
      "repetition_score": 1.0,
      "rhythm_score": 1.0,
      "pattern_breaks": 5
    },
    "visual_mass_focus": {
      "point_of_interest": {
        "x": 0.396484375,
        "y": 0.24057971014492754,
        "strength": 1.0
      },
      "visual_mass_concentration": 0.19986129981884057,
      "mean_visual_weight": 0.09852084517478943,
      "face_count": 0,
      "has_directional_cues": 0
    },
    "framing_breathing": {
      "frame_in_frame_count": 0,
      "breathing_space": {
        "top": 0.0,
        "bottom": 0.8159420289855073,
        "left": 0.248046875,
        "right": 0.404296875,
        "min_margin": 0.0,
        "mean_margin": 0.3670714447463768
      },
      "corner_anchors": {
        "top_left": 0.20612643659114838,
        "top_right": 0.22557292878627777,
        "bottom_left": 0.28843921422958374,
        "bottom_right": 0.2652655243873596,
        "max_corner_weight": 0.28843921422958374,
        "has_corner_subject": 0
      }
    }
  }
}