{
  "meta": {
    "_dataset": "tvm_data",
    "_label": "testImages_artphoto",
    "_relpath": "testImages_artphoto/fear_0965.jpg",
    "_filename": "fear_0965.jpg",
    "_width": 362,
    "_height": 552
  },
  "features": {
    "geometric_structural": {
      "leading_lines": {
        "diagonal": 0,
        "vertical": 0,
        "horizontal": 0,
        "curved": 48
      },
      "leading_lines_strength": 0.06145966709346991,
      "symmetry_vertical": 0.5026438723811286,
      "symmetry_horizontal": 0.3958477812258981,
      "symmetry_radial": 0.2752904163694696,
      "rule_of_thirds": {
        "alignment_score": 0,
        "num_salient_objects": 4
      },
      "golden_ratio": {
        "golden_alignment_score": 1
      },
      "balance": {
        "static_balance": 0.9635176062583923,
        "dynamic_balance": 1.0,
        "dominant_quadrant": 3
      },
      "layering": {
        "foreground_ratio": 0.18320112435979513,
        "midground_ratio": 0.17193501920614596,
        "background_ratio": 0.6448638564340589,
        "depth_complexity": 0.018066911062972358
      }
    },
    "spatial_layout": {
      "negative_space_ratio": 0.5100232074263764,
      "subject_isolation": 0.09999949983994878,
      "depth_of_field": {
        "blur_gradient_strength": 15.614591038624463,
        "sharpness_variance": 968.4321058868295,
        "min_sharpness": 0.30671993337670234,
        "max_sharpness": 223.88717881405154
      },
      "perspective": {
        "has_vanishing_point": 0,
        "perspective_strength": 0.0
      }
    },
    "contrast_color": {
      "high_contrast_ratio": 0.2809724111715749,
      "low_contrast_ratio": 0.7190275888284251,
      "mean_contrast": 13.319770812988281,
      "highlight_ratio": 0.00038262244197539985,
      "shadow_ratio": 0.5207516551017761,
      "midtone_ratio": 0.47886574268341064,
      "warm_color_ratio": 0.0020606594110115237,
      "cool_color_ratio": 0.06042683658770807,
      "complementary_color_score": 2.0
    },
    "motion_dynamics": {
      "s_curve_count": 62,
      "motion_blur_score": 9.982822567711937,
      "dominant_direction_deg": 4.999999999999995,
      "direction_strength": 0.08206626120337991
    },
    "pattern_rhythm": {
      "repetition_score": 1.0,
      "rhythm_score": 1.0,
      "pattern_breaks": 1
    },
    "visual_mass_focus": {
      "point_of_interest": {
        "x": 0.373046875,
        "y": 0.43149807938540335,
        "strength": 1.0
      },
      "visual_mass_concentration": 0.1945622599231754,
      "mean_visual_weight": 0.02640700899064541,
      "face_count": 0,
      "has_directional_cues": 0
    },
    "framing_breathing": {
      "frame_in_frame_count": 0,
      "breathing_space": {
        "top": 0.4801536491677337,
        "bottom": 0.4033290653008963,
        "left": 0.365234375,
        "right": 0.451171875,
        "min_margin": 0.365234375,
        "mean_margin": 0.4249722411171575
      },
      "corner_anchors": {
        "top_left": 0.10954339057207108,
        "top_right": 0.18921828269958496,
        "bottom_left": 0.11006006598472595,
        "bottom_right": 0.17446717619895935,
        "max_corner_weight": 0.18921828269958496,
        "has_corner_subject": 0
      }
    }
  }
}