{
  "meta": {
    "_dataset": "tvm_data",
    "_label": "testImages_artphoto",
    "_relpath": "testImages_artphoto/fear_0938.jpg",
    "_filename": "fear_0938.jpg",
    "_width": 516,
    "_height": 387
  },
  "features": {
    "geometric_structural": {
      "leading_lines": {
        "diagonal": 3,
        "vertical": 0,
        "horizontal": 4,
        "curved": 349
      },
      "leading_lines_strength": 0.5212298682284041,
      "symmetry_vertical": 0.3022018928472924,
      "symmetry_horizontal": 0.11890395841724598,
      "symmetry_radial": 0.13167508898173388,
      "rule_of_thirds": {
        "alignment_score": 0,
        "num_salient_objects": 27
      },
      "golden_ratio": {
        "golden_alignment_score": 0
      },
      "balance": {
        "static_balance": 0.8453860282897949,
        "dynamic_balance": 1.0,
        "dominant_quadrant": 2
      },
      "layering": {
        "foreground_ratio": 0.32051267386530014,
        "midground_ratio": 0.2212178577964861,
        "background_ratio": 0.45826946833821375,
        "depth_complexity": 0.2106126806927832
      }
    },
    "spatial_layout": {
      "negative_space_ratio": 0.7907839952415813,
      "subject_isolation": 0.10000114385065886,
      "depth_of_field": {
        "blur_gradient_strength": 149.56196668969687,
        "sharpness_variance": 89746.87965802231,
        "min_sharpness": 0.0,
        "max_sharpness": 1324.5570852957658
      },
      "perspective": {
        "has_vanishing_point": 1,
        "perspective_strength": 0.9949494949494949
      }
    },
    "contrast_color": {
      "high_contrast_ratio": 0.3984375,
      "low_contrast_ratio": 0.6015625,
      "mean_contrast": 23.846811294555664,
      "highlight_ratio": 0.0060338121838867664,
      "shadow_ratio": 0.6479198932647705,
      "midtone_ratio": 0.3460462689399719,
      "warm_color_ratio": 0.8543363378477306,
      "cool_color_ratio": 0.023371728587115666,
      "complementary_color_score": 2.3333333333333335
    },
    "motion_dynamics": {
      "s_curve_count": 345,
      "motion_blur_score": 4.979596594136706,
      "dominant_direction_deg": 4.999999999999995,
      "direction_strength": 0.16369074853540305
    },
    "pattern_rhythm": {
      "repetition_score": 1.0,
      "rhythm_score": 1.0,
      "pattern_breaks": 5
    },
    "visual_mass_focus": {
      "point_of_interest": {
        "x": 0.4011713030746706,
        "y": 0.65625,
        "strength": 1.0
      },
      "visual_mass_concentration": 0.19997369143484628,
      "mean_visual_weight": 0.15906016528606415,
      "face_count": 0,
      "has_directional_cues": 0
    },
    "framing_breathing": {
      "frame_in_frame_count": 0,
      "breathing_space": {
        "top": 0.59375,
        "bottom": 0.279296875,
        "left": 0.25768667642752563,
        "right": 0.28550512445095166,
        "min_margin": 0.25768667642752563,
        "mean_margin": 0.3540596689696193
      },
      "corner_anchors": {
        "top_left": 0.19866478443145752,
        "top_right": 0.15920701622962952,
        "bottom_left": 0.30910176038742065,
        "bottom_right": 0.314761221408844,
        "max_corner_weight": 0.314761221408844,
        "has_corner_subject": 1
      }
    }
  }
}