{
  "meta": {
    "_dataset": "tvm_data",
    "_label": "testImages_artphoto",
    "_relpath": "testImages_artphoto/fear_0673.jpg",
    "_filename": "fear_0673.jpg",
    "_width": 631,
    "_height": 317
  },
  "features": {
    "geometric_structural": {
      "leading_lines": {
        "diagonal": 24,
        "vertical": 0,
        "horizontal": 49,
        "curved": 714
      },
      "leading_lines_strength": 0.7723258096172718,
      "symmetry_vertical": 0.2136859472668249,
      "symmetry_horizontal": 0.21231592456147377,
      "symmetry_radial": 0.16010920838559364,
      "rule_of_thirds": {
        "alignment_score": 0,
        "num_salient_objects": 10
      },
      "golden_ratio": {
        "golden_alignment_score": 0
      },
      "balance": {
        "static_balance": 0.9839667081832886,
        "dynamic_balance": 1.0,
        "dominant_quadrant": 1
      },
      "layering": {
        "foreground_ratio": 0.3180967860647694,
        "midground_ratio": 0.27231239266437685,
        "background_ratio": 0.4095908212708538,
        "depth_complexity": 0.19293069186128411
      }
    },
    "spatial_layout": {
      "negative_space_ratio": 0.5409792075564279,
      "subject_isolation": 0.10000038334151129,
      "depth_of_field": {
        "blur_gradient_strength": 94.98518313246191,
        "sharpness_variance": 35153.35537052112,
        "min_sharpness": 3.548635140330643,
        "max_sharpness": 1037.814067820069
      },
      "perspective": {
        "has_vanishing_point": 1,
        "perspective_strength": 0.995079950799508
      }
    },
    "contrast_color": {
      "high_contrast_ratio": 0.4282518860402355,
      "low_contrast_ratio": 0.5717481139597644,
      "mean_contrast": 16.48342514038086,
      "highlight_ratio": 1.916707560667419e-06,
      "shadow_ratio": 0.6759652495384216,
      "midtone_ratio": 0.32403284311294556,
      "warm_color_ratio": 0.9783910390088322,
      "cool_color_ratio": 0.005380198110893033,
      "complementary_color_score": 2.111111111111111
    },
    "motion_dynamics": {
      "s_curve_count": 658,
      "motion_blur_score": 4.872020831879418,
      "dominant_direction_deg": 4.999999999999995,
      "direction_strength": 0.04637473932768344
    },
    "pattern_rhythm": {
      "repetition_score": 1.0,
      "rhythm_score": 1.0,
      "pattern_breaks": 0
    },
    "visual_mass_focus": {
      "point_of_interest": {
        "x": 0.9862610402355251,
        "y": 0.296875,
        "strength": 1.0
      },
      "visual_mass_concentration": 0.19983976324828262,
      "mean_visual_weight": 0.1471760869026184,
      "face_count": 0,
      "has_directional_cues": 0
    },
    "framing_breathing": {
      "frame_in_frame_count": 0,
      "breathing_space": {
        "top": 0.419921875,
        "bottom": 0.525390625,
        "left": 0.9607458292443573,
        "right": 0.0068694798822374874,
        "min_margin": 0.0068694798822374874,
        "mean_margin": 0.4782319522816487
      },
      "corner_anchors": {
        "top_left": 0.2128858119249344,
        "top_right": 0.23135079443454742,
        "bottom_left": 0.2122317999601364,
        "bottom_right": 0.1435951292514801,
        "max_corner_weight": 0.23135079443454742,
        "has_corner_subject": 0
      }
    }
  }
}