{
  "meta": {
    "_dataset": "tvm_data",
    "_label": "testImages_artphoto",
    "_relpath": "testImages_artphoto/fear_0964.jpg",
    "_filename": "fear_0964.jpg",
    "_width": 386,
    "_height": 519
  },
  "features": {
    "geometric_structural": {
      "leading_lines": {
        "diagonal": 46,
        "vertical": 53,
        "horizontal": 23,
        "curved": 564
      },
      "leading_lines_strength": 0.997093023255814,
      "symmetry_vertical": 0.14707974287904538,
      "symmetry_horizontal": 0.0502641373838363,
      "symmetry_radial": 0.045025210573388486,
      "rule_of_thirds": {
        "alignment_score": 1,
        "num_salient_objects": 82
      },
      "golden_ratio": {
        "golden_alignment_score": 4
      },
      "balance": {
        "static_balance": 0.9434787034988403,
        "dynamic_balance": 1.0,
        "dominant_quadrant": 0
      },
      "layering": {
        "foreground_ratio": 0.32957564952761625,
        "midground_ratio": 0.33347622183866277,
        "background_ratio": 0.3369481286337209,
        "depth_complexity": 1.6850084338810252
      }
    },
    "spatial_layout": {
      "negative_space_ratio": 0.6244208757267442,
      "subject_isolation": 0.10000113553779069,
      "depth_of_field": {
        "blur_gradient_strength": 1256.9382059733687,
        "sharpness_variance": 3315540.2349374527,
        "min_sharpness": 42.1210751905228,
        "max_sharpness": 14958.795600000001
      },
      "perspective": {
        "has_vanishing_point": 1,
        "perspective_strength": 0.9993171832323952
      }
    },
    "contrast_color": {
      "high_contrast_ratio": 0.5616029251453488,
      "low_contrast_ratio": 0.4383970748546512,
      "mean_contrast": 68.97126007080078,
      "highlight_ratio": 0.22226448357105255,
      "shadow_ratio": 0.4771927297115326,
      "midtone_ratio": 0.30054280161857605,
      "warm_color_ratio": 0.5620173964389535,
      "cool_color_ratio": 0.08673805414244186,
      "complementary_color_score": 2.4444444444444446
    },
    "motion_dynamics": {
      "s_curve_count": 422,
      "motion_blur_score": 3.723962790781742,
      "dominant_direction_deg": 4.999999999999995,
      "direction_strength": 0.07907033521053135
    },
    "pattern_rhythm": {
      "repetition_score": 1.0,
      "rhythm_score": 1.0,
      "pattern_breaks": 25
    },
    "visual_mass_focus": {
      "point_of_interest": {
        "x": 0.505859375,
        "y": 0.29941860465116277,
        "strength": 1.0
      },
      "visual_mass_concentration": 0.19996820494186046,
      "mean_visual_weight": 0.11917523294687271,
      "face_count": 0,
      "has_directional_cues": 0
    },
    "framing_breathing": {
      "frame_in_frame_count": 0,
      "breathing_space": {
        "top": 0.0,
        "bottom": 0.7369186046511628,
        "left": 0.0,
        "right": 0.54296875,
        "min_margin": 0.0,
        "mean_margin": 0.31997183866279066
      },
      "corner_anchors": {
        "top_left": 0.7200836539268494,
        "top_right": 0.7124865055084229,
        "bottom_left": 0.34798920154571533,
        "bottom_right": 0.38608846068382263,
        "max_corner_weight": 0.7200836539268494,
        "has_corner_subject": 1
      }
    }
  }
}