{
  "meta": {
    "_dataset": "tvm_data",
    "_label": "testImages_artphoto",
    "_relpath": "testImages_artphoto/fear_0667.jpg",
    "_filename": "fear_0667.jpg",
    "_width": 550,
    "_height": 363
  },
  "features": {
    "geometric_structural": {
      "leading_lines": {
        "diagonal": 0,
        "vertical": 1,
        "horizontal": 0,
        "curved": 3
      },
      "leading_lines_strength": 0.005154639175257732,
      "symmetry_vertical": 0.8448750741515941,
      "symmetry_horizontal": 0.8890198437174317,
      "symmetry_radial": 0.6269459706885087,
      "rule_of_thirds": {
        "alignment_score": 1,
        "num_salient_objects": 2
      },
      "golden_ratio": {
        "golden_alignment_score": 1
      },
      "balance": {
        "static_balance": 0.8165158033370972,
        "dynamic_balance": 1.0,
        "dominant_quadrant": 2
      },
      "layering": {
        "foreground_ratio": 0.12820654800257733,
        "midground_ratio": 0.0,
        "background_ratio": 0.8717934519974226,
        "depth_complexity": 0.0018246423536031646
      }
    },
    "spatial_layout": {
      "negative_space_ratio": 0.05648961018041237,
      "subject_isolation": 0.10000201353092783,
      "depth_of_field": {
        "blur_gradient_strength": 4.637624148177852,
        "sharpness_variance": 81.74740964449552,
        "min_sharpness": 0.0,
        "max_sharpness": 47.39848646034316
      },
      "perspective": {
        "has_vanishing_point": 0,
        "perspective_strength": 0.0
      }
    },
    "contrast_color": {
      "high_contrast_ratio": 0.26481203688788657,
      "low_contrast_ratio": 0.7351879631121134,
      "mean_contrast": 9.128774642944336,
      "highlight_ratio": 0.9131438136100769,
      "shadow_ratio": 0.019702401012182236,
      "midtone_ratio": 0.06715378165245056,
      "warm_color_ratio": 0.0,
      "cool_color_ratio": 0.0,
      "complementary_color_score": 0.0
    },
    "motion_dynamics": {
      "s_curve_count": 4,
      "motion_blur_score": 57.193818685449024,
      "dominant_direction_deg": 4.999999999999995,
      "direction_strength": 0.8258220239992101
    },
    "pattern_rhythm": {
      "repetition_score": 1.0,
      "rhythm_score": 1.0,
      "pattern_breaks": 2
    },
    "visual_mass_focus": {
      "point_of_interest": {
        "x": 0.43943298969072164,
        "y": 0.501953125,
        "strength": 1.0
      },
      "visual_mass_concentration": 0.0,
      "mean_visual_weight": 0.0,
      "face_count": 0,
      "has_directional_cues": 0
    },
    "framing_breathing": {
      "frame_in_frame_count": 0,
      "breathing_space": {
        "top": 0.14453125,
        "bottom": 0.322265625,
        "left": 0.33634020618556704,
        "right": 0.6069587628865979,
        "min_margin": 0.14453125,
        "mean_margin": 0.35252396101804123
      },
      "corner_anchors": {
        "top_left": 0.08921483904123306,
        "top_right": 0.05731462687253952,
        "bottom_left": 0.05979748070240021,
        "bottom_right": 0.06605338305234909,
        "max_corner_weight": 0.08921483904123306,
        "has_corner_subject": 0
      }
    }
  }
}