{
  "meta": {
    "_dataset": "tvm_data",
    "_label": "testImages_artphoto",
    "_relpath": "testImages_artphoto/fear_0703.jpg",
    "_filename": "fear_0703.jpg",
    "_width": 498,
    "_height": 402
  },
  "features": {
    "geometric_structural": {
      "leading_lines": {
        "diagonal": 0,
        "vertical": 0,
        "horizontal": 0,
        "curved": 2
      },
      "leading_lines_strength": 0.0031545741324921135,
      "symmetry_vertical": 0.49980365994560055,
      "symmetry_horizontal": 0.4683215969951175,
      "symmetry_radial": 0.4033066076695578,
      "rule_of_thirds": {
        "alignment_score": 1,
        "num_salient_objects": 4
      },
      "golden_ratio": {
        "golden_alignment_score": 4
      },
      "balance": {
        "static_balance": 0.8164787888526917,
        "dynamic_balance": 1.0,
        "dominant_quadrant": 3
      },
      "layering": {
        "foreground_ratio": 0.3111630027602524,
        "midground_ratio": 0.3479951202681388,
        "background_ratio": 0.34084187697160884,
        "depth_complexity": 0.04473629799811051
      }
    },
    "spatial_layout": {
      "negative_space_ratio": 0.9705798994479495,
      "subject_isolation": 0.10000061612776025,
      "depth_of_field": {
        "blur_gradient_strength": 45.616147958736036,
        "sharpness_variance": 14926.515583732264,
        "min_sharpness": 1.2727272727272727,
        "max_sharpness": 726.994040827464
      },
      "perspective": {
        "has_vanishing_point": 0,
        "perspective_strength": 0.0
      }
    },
    "contrast_color": {
      "high_contrast_ratio": 0.11217838130914827,
      "low_contrast_ratio": 0.8878216186908517,
      "mean_contrast": 15.225327491760254,
      "highlight_ratio": 0.022787485271692276,
      "shadow_ratio": 0.9676779508590698,
      "midtone_ratio": 0.00953453779220581,
      "warm_color_ratio": 0.018206575315457413,
      "cool_color_ratio": 0.9048513899842271,
      "complementary_color_score": 2.388888888888889
    },
    "motion_dynamics": {
      "s_curve_count": 13,
      "motion_blur_score": 3.912868744846897,
      "dominant_direction_deg": 4.999999999999995,
      "direction_strength": 0.11894654475515407
    },
    "pattern_rhythm": {
      "repetition_score": 1.0,
      "rhythm_score": 1.0,
      "pattern_breaks": 3
    },
    "visual_mass_focus": {
      "point_of_interest": {
        "x": 0.5031545741324921,
        "y": 0.685546875,
        "strength": 1.0
      },
      "visual_mass_concentration": 0.19918178233438485,
      "mean_visual_weight": 0.04436224699020386,
      "face_count": 0,
      "has_directional_cues": 0
    },
    "framing_breathing": {
      "frame_in_frame_count": 0,
      "breathing_space": {
        "top": 0.54296875,
        "bottom": 0.318359375,
        "left": 0.4384858044164038,
        "right": 0.43690851735015773,
        "min_margin": 0.318359375,
        "mean_margin": 0.43418061169164035
      },
      "corner_anchors": {
        "top_left": 0.032941073179244995,
        "top_right": 0.04098820313811302,
        "bottom_left": 0.04307572543621063,
        "bottom_right": 0.04784313589334488,
        "max_corner_weight": 0.04784313589334488,
        "has_corner_subject": 0
      }
    }
  }
}