{
  "meta": {
    "_dataset": "tvm_data",
    "_label": "testImages_artphoto",
    "_relpath": "testImages_artphoto/fear_0676.jpg",
    "_filename": "fear_0676.jpg",
    "_width": 536,
    "_height": 373
  },
  "features": {
    "geometric_structural": {
      "leading_lines": {
        "diagonal": 0,
        "vertical": 0,
        "horizontal": 0,
        "curved": 193
      },
      "leading_lines_strength": 0.26222826086956524,
      "symmetry_vertical": 0.3499276775027576,
      "symmetry_horizontal": 0.30661958501719416,
      "symmetry_radial": 0.19435650322712006,
      "rule_of_thirds": {
        "alignment_score": 2,
        "num_salient_objects": 31
      },
      "golden_ratio": {
        "golden_alignment_score": 5
      },
      "balance": {
        "static_balance": 0.9544063806533813,
        "dynamic_balance": 1.0,
        "dominant_quadrant": 1
      },
      "layering": {
        "foreground_ratio": 0.29543669327445654,
        "midground_ratio": 0.36196501358695654,
        "background_ratio": 0.342598293138587,
        "depth_complexity": 0.10963045613526143
      }
    },
    "spatial_layout": {
      "negative_space_ratio": 0.5208634086277174,
      "subject_isolation": 0.10000212296195653,
      "depth_of_field": {
        "blur_gradient_strength": 157.30617749232562,
        "sharpness_variance": 55620.37024222685,
        "min_sharpness": 0.04229142637447136,
        "max_sharpness": 1892.3817148760331
      },
      "perspective": {
        "has_vanishing_point": 1,
        "perspective_strength": 0.8703703703703703
      }
    },
    "contrast_color": {
      "high_contrast_ratio": 0.45796800696331524,
      "low_contrast_ratio": 0.5420319930366848,
      "mean_contrast": 31.111574172973633,
      "highlight_ratio": 0.21351690590381622,
      "shadow_ratio": 0.2995685040950775,
      "midtone_ratio": 0.48691460490226746,
      "warm_color_ratio": 0.9997903575067935,
      "cool_color_ratio": 0.0002043350883152174,
      "complementary_color_score": 0.6111111111111112
    },
    "motion_dynamics": {
      "s_curve_count": 204,
      "motion_blur_score": 9.929179833938795,
      "dominant_direction_deg": 4.999999999999995,
      "direction_strength": 0.15886655061099145
    },
    "pattern_rhythm": {
      "repetition_score": 1.0,
      "rhythm_score": 1.0,
      "pattern_breaks": 15
    },
    "visual_mass_focus": {
      "point_of_interest": {
        "x": 0.5421195652173914,
        "y": 0.59375,
        "strength": 1.0
      },
      "visual_mass_concentration": 0.18729566491168478,
      "mean_visual_weight": 0.6487762331962585,
      "face_count": 0,
      "has_directional_cues": 0
    },
    "framing_breathing": {
      "frame_in_frame_count": 0,
      "breathing_space": {
        "top": 0.0,
        "bottom": 0.0,
        "left": 0.10733695652173914,
        "right": 0.014945652173913044,
        "min_margin": 0.0,
        "mean_margin": 0.030570652173913044
      },
      "corner_anchors": {
        "top_left": 0.5277490615844727,
        "top_right": 0.6083930730819702,
        "bottom_left": 0.5520058870315552,
        "bottom_right": 0.5752259492874146,
        "max_corner_weight": 0.6083930730819702,
        "has_corner_subject": 1
      }
    }
  }
}