{
  "meta": {
    "_dataset": "tvm_data",
    "_label": "testImages_artphoto",
    "_relpath": "testImages_artphoto/fear_0908.jpg",
    "_filename": "fear_0908.jpg",
    "_width": 447,
    "_height": 447
  },
  "features": {
    "geometric_structural": {
      "leading_lines": {
        "diagonal": 0,
        "vertical": 0,
        "horizontal": 4,
        "curved": 219
      },
      "leading_lines_strength": 0.435546875,
      "symmetry_vertical": 0.31509081743401834,
      "symmetry_horizontal": 0.2435389293339572,
      "symmetry_radial": 0.23288371998783686,
      "rule_of_thirds": {
        "alignment_score": 2,
        "num_salient_objects": 24
      },
      "golden_ratio": {
        "golden_alignment_score": 4
      },
      "balance": {
        "static_balance": 0.9472225904464722,
        "dynamic_balance": 1.0,
        "dominant_quadrant": 2
      },
      "layering": {
        "foreground_ratio": 0.2716255187988281,
        "midground_ratio": 0.2503166198730469,
        "background_ratio": 0.478057861328125,
        "depth_complexity": 0.40666102926233727
      }
    },
    "spatial_layout": {
      "negative_space_ratio": 0.55908203125,
      "subject_isolation": 0.10000228881835938,
      "depth_of_field": {
        "blur_gradient_strength": 715.467776977563,
        "sharpness_variance": 2862440.1790796146,
        "min_sharpness": 2.6144388023356586,
        "max_sharpness": 13835.655613225681
      },
      "perspective": {
        "has_vanishing_point": 1,
        "perspective_strength": 0.9831649831649831
      }
    },
    "contrast_color": {
      "high_contrast_ratio": 0.4305381774902344,
      "low_contrast_ratio": 0.5694618225097656,
      "mean_contrast": 28.507863998413086,
      "highlight_ratio": 0.08327865600585938,
      "shadow_ratio": 0.43080902099609375,
      "midtone_ratio": 0.4859123229980469,
      "warm_color_ratio": 0.000396728515625,
      "cool_color_ratio": 0.26398468017578125,
      "complementary_color_score": 1.2777777777777777
    },
    "motion_dynamics": {
      "s_curve_count": 144,
      "motion_blur_score": 5.973542766432512,
      "dominant_direction_deg": 95.0,
      "direction_strength": 0.06432723998998899
    },
    "pattern_rhythm": {
      "repetition_score": 1.0,
      "rhythm_score": 1.0,
      "pattern_breaks": 6
    },
    "visual_mass_focus": {
      "point_of_interest": {
        "x": 0.326171875,
        "y": 0.60546875,
        "strength": 1.0
      },
      "visual_mass_concentration": 0.19935226440429688,
      "mean_visual_weight": 0.01847829669713974,
      "face_count": 0,
      "has_directional_cues": 0
    },
    "framing_breathing": {
      "frame_in_frame_count": 0,
      "breathing_space": {
        "top": 0.4296875,
        "bottom": 0.25390625,
        "left": 0.0,
        "right": 0.552734375,
        "min_margin": 0.0,
        "mean_margin": 0.30908203125
      },
      "corner_anchors": {
        "top_left": 0.2915787994861603,
        "top_right": 0.49728912115097046,
        "bottom_left": 0.37478917837142944,
        "bottom_right": 0.4238656759262085,
        "max_corner_weight": 0.49728912115097046,
        "has_corner_subject": 1
      }
    }
  }
}