{
  "meta": {
    "_dataset": "tvm_data",
    "_label": "testImages_artphoto",
    "_relpath": "testImages_artphoto/fear_0957.jpg",
    "_filename": "fear_0957.jpg",
    "_width": 548,
    "_height": 365
  },
  "features": {
    "geometric_structural": {
      "leading_lines": {
        "diagonal": 12,
        "vertical": 0,
        "horizontal": 0,
        "curved": 286
      },
      "leading_lines_strength": 0.38751625487646296,
      "symmetry_vertical": 0.30656372693838585,
      "symmetry_horizontal": 0.20472827391040402,
      "symmetry_radial": 0.2722149773939386,
      "rule_of_thirds": {
        "alignment_score": 0,
        "num_salient_objects": 11
      },
      "golden_ratio": {
        "golden_alignment_score": 1
      },
      "balance": {
        "static_balance": 0.9373775720596313,
        "dynamic_balance": 1.0,
        "dominant_quadrant": 0
      },
      "layering": {
        "foreground_ratio": 0.29236681160598177,
        "midground_ratio": 0.2564841718140442,
        "background_ratio": 0.45114901657997397,
        "depth_complexity": 0.20633890059287952
      }
    },
    "spatial_layout": {
      "negative_space_ratio": 0.7165784500975293,
      "subject_isolation": 0.10000050796488946,
      "depth_of_field": {
        "blur_gradient_strength": 197.76119338702532,
        "sharpness_variance": 110876.18896934947,
        "min_sharpness": 0.0,
        "max_sharpness": 1978.1479772736982
      },
      "perspective": {
        "has_vanishing_point": 1,
        "perspective_strength": 0.9926650366748166
      }
    },
    "contrast_color": {
      "high_contrast_ratio": 0.4758970659947984,
      "low_contrast_ratio": 0.5241029340052016,
      "mean_contrast": 28.14949607849121,
      "highlight_ratio": 0.008091880939900875,
      "shadow_ratio": 0.7038285136222839,
      "midtone_ratio": 0.2880796194076538,
      "warm_color_ratio": 0.04724327454486346,
      "cool_color_ratio": 0.27387942945383614,
      "complementary_color_score": 2.1666666666666665
    },
    "motion_dynamics": {
      "s_curve_count": 291,
      "motion_blur_score": 4.363661026199315,
      "dominant_direction_deg": 4.999999999999995,
      "direction_strength": 0.3928803641082349
    },
    "pattern_rhythm": {
      "repetition_score": 1.0,
      "rhythm_score": 1.0,
      "pattern_breaks": 3
    },
    "visual_mass_focus": {
      "point_of_interest": {
        "x": 0.5552665799739922,
        "y": 0.53125,
        "strength": 1.0
      },
      "visual_mass_concentration": 0.1988911126462939,
      "mean_visual_weight": 0.03072904422879219,
      "face_count": 0,
      "has_directional_cues": 0
    },
    "framing_breathing": {
      "frame_in_frame_count": 0,
      "breathing_space": {
        "top": 0.216796875,
        "bottom": 0.689453125,
        "left": 0.39011703511053314,
        "right": 0.5604681404421327,
        "min_margin": 0.216796875,
        "mean_margin": 0.4642087938881665
      },
      "corner_anchors": {
        "top_left": 0.2693535089492798,
        "top_right": 0.19939276576042175,
        "bottom_left": 0.18438798189163208,
        "bottom_right": 0.16303536295890808,
        "max_corner_weight": 0.2693535089492798,
        "has_corner_subject": 0
      }
    }
  }
}