{
  "meta": {
    "_dataset": "tvm_data",
    "_label": "testImages_artphoto",
    "_relpath": "testImages_artphoto/fear_0969.jpg",
    "_filename": "fear_0969.jpg",
    "_width": 518,
    "_height": 386
  },
  "features": {
    "geometric_structural": {
      "leading_lines": {
        "diagonal": 1,
        "vertical": 0,
        "horizontal": 0,
        "curved": 17
      },
      "leading_lines_strength": 0.026200873362445413,
      "symmetry_vertical": 0.5365171397667712,
      "symmetry_horizontal": 0.6418448316031274,
      "symmetry_radial": 0.3808710555950438,
      "rule_of_thirds": {
        "alignment_score": 0,
        "num_salient_objects": 2
      },
      "golden_ratio": {
        "golden_alignment_score": 0
      },
      "balance": {
        "static_balance": 0.8737517595291138,
        "dynamic_balance": 1.0,
        "dominant_quadrant": 0
      },
      "layering": {
        "foreground_ratio": 0.2532836381004367,
        "midground_ratio": 0.34303356986899564,
        "background_ratio": 0.40368279203056767,
        "depth_complexity": 0.012956954165261264
      }
    },
    "spatial_layout": {
      "negative_space_ratio": 0.5873078147743813,
      "subject_isolation": 0.0966100345705968,
      "depth_of_field": {
        "blur_gradient_strength": 10.620036211830609,
        "sharpness_variance": 423.18118024007805,
        "min_sharpness": 0.0,
        "max_sharpness": 154.5739980231186
      },
      "perspective": {
        "has_vanishing_point": 0,
        "perspective_strength": 0.0
      }
    },
    "contrast_color": {
      "high_contrast_ratio": 0.41467658296943233,
      "low_contrast_ratio": 0.5853234170305677,
      "mean_contrast": 13.881438255310059,
      "highlight_ratio": 0.006922648288309574,
      "shadow_ratio": 0.441926509141922,
      "midtone_ratio": 0.5511507987976074,
      "warm_color_ratio": 0.6140488537117904,
      "cool_color_ratio": 0.23639067048762735,
      "complementary_color_score": 1.6111111111111112
    },
    "motion_dynamics": {
      "s_curve_count": 42,
      "motion_blur_score": 15.931792006620991,
      "dominant_direction_deg": 4.999999999999995,
      "direction_strength": 0.11376455604043348
    },
    "pattern_rhythm": {
      "repetition_score": 1.0,
      "rhythm_score": 1.0,
      "pattern_breaks": 1
    },
    "visual_mass_focus": {
      "point_of_interest": {
        "x": 0.22561863173216884,
        "y": 0.36328125,
        "strength": 1.0
      },
      "visual_mass_concentration": 0.199889692503639,
      "mean_visual_weight": 0.12842369079589844,
      "face_count": 0,
      "has_directional_cues": 0
    },
    "framing_breathing": {
      "frame_in_frame_count": 0,
      "breathing_space": {
        "top": 0.2109375,
        "bottom": 0.576171875,
        "left": 0.03202328966521106,
        "right": 0.6754002911208151,
        "min_margin": 0.03202328966521106,
        "mean_margin": 0.3736332389465066
      },
      "corner_anchors": {
        "top_left": 0.20439070463180542,
        "top_right": 0.2651509642601013,
        "bottom_left": 0.24374577403068542,
        "bottom_right": 0.3212350010871887,
        "max_corner_weight": 0.3212350010871887,
        "has_corner_subject": 1
      }
    }
  }
}