{
  "meta": {
    "_dataset": "tvm_data",
    "_label": "testImages_artphoto",
    "_relpath": "testImages_artphoto/fear_0709.jpg",
    "_filename": "fear_0709.jpg",
    "_width": 387,
    "_height": 516
  },
  "features": {
    "geometric_structural": {
      "leading_lines": {
        "diagonal": 58,
        "vertical": 19,
        "horizontal": 1,
        "curved": 357
      },
      "leading_lines_strength": 0.636896046852123,
      "symmetry_vertical": 0.1712418366367444,
      "symmetry_horizontal": 0.11957233881352536,
      "symmetry_radial": 0.19657769143888926,
      "rule_of_thirds": {
        "alignment_score": 1,
        "num_salient_objects": 18
      },
      "golden_ratio": {
        "golden_alignment_score": 1
      },
      "balance": {
        "static_balance": 0.8650351762771606,
        "dynamic_balance": 1.0,
        "dominant_quadrant": 1
      },
      "layering": {
        "foreground_ratio": 0.2917591279282577,
        "midground_ratio": 0.3675506725841874,
        "background_ratio": 0.3406901994875549,
        "depth_complexity": 0.35536030146133357
      }
    },
    "spatial_layout": {
      "negative_space_ratio": 0.7447783217423133,
      "subject_isolation": 0.10000114385065886,
      "depth_of_field": {
        "blur_gradient_strength": 312.2126125494895,
        "sharpness_variance": 226434.57547284412,
        "min_sharpness": 0.0,
        "max_sharpness": 2347.5641870803247
      },
      "perspective": {
        "has_vanishing_point": 1,
        "perspective_strength": 0.9996950821100318
      }
    },
    "contrast_color": {
      "high_contrast_ratio": 0.42454303166178625,
      "low_contrast_ratio": 0.5754569683382138,
      "mean_contrast": 24.448348999023438,
      "highlight_ratio": 0.03491032123565674,
      "shadow_ratio": 0.6382858157157898,
      "midtone_ratio": 0.32680386304855347,
      "warm_color_ratio": 0.6568333638360175,
      "cool_color_ratio": 0.02350041178623719,
      "complementary_color_score": 2.388888888888889
    },
    "motion_dynamics": {
      "s_curve_count": 294,
      "motion_blur_score": 5.764778151346833,
      "dominant_direction_deg": 4.999999999999995,
      "direction_strength": 0.24462962115596223
    },
    "pattern_rhythm": {
      "repetition_score": 1.0,
      "rhythm_score": 1.0,
      "pattern_breaks": 4
    },
    "visual_mass_focus": {
      "point_of_interest": {
        "x": 0.474609375,
        "y": 0.10688140556368961,
        "strength": 1.0
      },
      "visual_mass_concentration": 0.19992793740849193,
      "mean_visual_weight": 0.12069156020879745,
      "face_count": 0,
      "has_directional_cues": 0
    },
    "framing_breathing": {
      "frame_in_frame_count": 0,
      "breathing_space": {
        "top": 0.0,
        "bottom": 0.7759882869692533,
        "left": 0.33984375,
        "right": 0.3125,
        "min_margin": 0.0,
        "mean_margin": 0.3570830092423133
      },
      "corner_anchors": {
        "top_left": 0.2526117265224457,
        "top_right": 0.2594282627105713,
        "bottom_left": 0.13835817575454712,
        "bottom_right": 0.25749853253364563,
        "max_corner_weight": 0.2594282627105713,
        "has_corner_subject": 0
      }
    }
  }
}