{
  "meta": {
    "_dataset": "tvm_data",
    "_label": "testImages_artphoto",
    "_relpath": "testImages_artphoto/fear_0706.jpg",
    "_filename": "fear_0706.jpg",
    "_width": 474,
    "_height": 422
  },
  "features": {
    "geometric_structural": {
      "leading_lines": {
        "diagonal": 0,
        "vertical": 0,
        "horizontal": 0,
        "curved": 70
      },
      "leading_lines_strength": 0.12173913043478261,
      "symmetry_vertical": 0.6192275093576417,
      "symmetry_horizontal": 0.5797883492601182,
      "symmetry_radial": 0.5120668359892512,
      "rule_of_thirds": {
        "alignment_score": 0,
        "num_salient_objects": 2
      },
      "golden_ratio": {
        "golden_alignment_score": 0
      },
      "balance": {
        "static_balance": 0.8590312004089355,
        "dynamic_balance": 1.0,
        "dominant_quadrant": 3
      },
      "layering": {
        "foreground_ratio": 0.1536514945652174,
        "midground_ratio": 0.2262228260869565,
        "background_ratio": 0.6201256793478261,
        "depth_complexity": 0.05201377778909896
      }
    },
    "spatial_layout": {
      "negative_space_ratio": 0.5257540760869566,
      "subject_isolation": 0.1,
      "depth_of_field": {
        "blur_gradient_strength": 97.8685473715038,
        "sharpness_variance": 60877.11456972,
        "min_sharpness": 0.3137254901960784,
        "max_sharpness": 2316.075993142355
      },
      "perspective": {
        "has_vanishing_point": 0,
        "perspective_strength": 0.0
      }
    },
    "contrast_color": {
      "high_contrast_ratio": 0.29917459239130434,
      "low_contrast_ratio": 0.7008254076086957,
      "mean_contrast": 12.756728172302246,
      "highlight_ratio": 0.0019395380513742566,
      "shadow_ratio": 0.5257540941238403,
      "midtone_ratio": 0.47230637073516846,
      "warm_color_ratio": 0.3942832880434783,
      "cool_color_ratio": 0.5236854619565218,
      "complementary_color_score": 2.388888888888889
    },
    "motion_dynamics": {
      "s_curve_count": 63,
      "motion_blur_score": 7.476004776429951,
      "dominant_direction_deg": 4.999999999999995,
      "direction_strength": 0.2823029891294759
    },
    "pattern_rhythm": {
      "repetition_score": 1.0,
      "rhythm_score": 1.0,
      "pattern_breaks": 1
    },
    "visual_mass_focus": {
      "point_of_interest": {
        "x": 0.9321739130434783,
        "y": 0.947265625,
        "strength": 1.0
      },
      "visual_mass_concentration": 0.198515625,
      "mean_visual_weight": 0.14054179191589355,
      "face_count": 0,
      "has_directional_cues": 0
    },
    "framing_breathing": {
      "frame_in_frame_count": 0,
      "breathing_space": {
        "top": 0.900390625,
        "bottom": 0.041015625,
        "left": 0.5721739130434783,
        "right": 0.3060869565217391,
        "min_margin": 0.041015625,
        "mean_margin": 0.4549167798913044
      },
      "corner_anchors": {
        "top_left": 0.16864602267742157,
        "top_right": 0.1580275595188141,
        "bottom_left": 0.2641882598400116,
        "bottom_right": 0.37073156237602234,
        "max_corner_weight": 0.37073156237602234,
        "has_corner_subject": 1
      }
    }
  }
}