{
  "meta": {
    "_dataset": "tvm_data",
    "_label": "testImages_artphoto",
    "_relpath": "testImages_artphoto/fear_0929.jpg",
    "_filename": "fear_0929.jpg",
    "_width": 503,
    "_height": 397
  },
  "features": {
    "geometric_structural": {
      "leading_lines": {
        "diagonal": 9,
        "vertical": 0,
        "horizontal": 0,
        "curved": 268
      },
      "leading_lines_strength": 0.4268104776579353,
      "symmetry_vertical": 0.6535849319093461,
      "symmetry_horizontal": 0.4922329194174043,
      "symmetry_radial": 0.4906179655013687,
      "rule_of_thirds": {
        "alignment_score": 2,
        "num_salient_objects": 39
      },
      "golden_ratio": {
        "golden_alignment_score": 5
      },
      "balance": {
        "static_balance": 0.9016513824462891,
        "dynamic_balance": 1.0,
        "dominant_quadrant": 1
      },
      "layering": {
        "foreground_ratio": 0.3032008378274268,
        "midground_ratio": 0.09693699441448382,
        "background_ratio": 0.5998621677580893,
        "depth_complexity": 0.1921884870955316
      }
    },
    "spatial_layout": {
      "negative_space_ratio": 0.7921501829738059,
      "subject_isolation": 0.10000060188751926,
      "depth_of_field": {
        "blur_gradient_strength": 262.75702223293655,
        "sharpness_variance": 157740.76734014048,
        "min_sharpness": 0.0,
        "max_sharpness": 3128.0716221144057
      },
      "perspective": {
        "has_vanishing_point": 1,
        "perspective_strength": 0.9732016925246827
      }
    },
    "contrast_color": {
      "high_contrast_ratio": 0.41486000096302,
      "low_contrast_ratio": 0.58513999903698,
      "mean_contrast": 17.682212829589844,
      "highlight_ratio": 0.048382729291915894,
      "shadow_ratio": 0.7618240714073181,
      "midtone_ratio": 0.1897931694984436,
      "warm_color_ratio": 0.0003852080123266564,
      "cool_color_ratio": 0.023885906201848998,
      "complementary_color_score": 1.3333333333333333
    },
    "motion_dynamics": {
      "s_curve_count": 220,
      "motion_blur_score": 6.999073145171925,
      "dominant_direction_deg": 4.999999999999995,
      "direction_strength": 0.5258300028874776
    },
    "pattern_rhythm": {
      "repetition_score": 1.0,
      "rhythm_score": 1.0,
      "pattern_breaks": 5
    },
    "visual_mass_focus": {
      "point_of_interest": {
        "x": 0.4915254237288136,
        "y": 0.326171875,
        "strength": 1.0
      },
      "visual_mass_concentration": 0.03315798343605547,
      "mean_visual_weight": 0.0004853717691730708,
      "face_count": 0,
      "has_directional_cues": 0
    },
    "framing_breathing": {
      "frame_in_frame_count": 0,
      "breathing_space": {
        "top": 0.177734375,
        "bottom": 0.365234375,
        "left": 0.20647149460708783,
        "right": 0.2110939907550077,
        "min_margin": 0.177734375,
        "mean_margin": 0.24013355884052387
      },
      "corner_anchors": {
        "top_left": 0.19650626182556152,
        "top_right": 0.19689610600471497,
        "bottom_left": 0.189153254032135,
        "bottom_right": 0.18456746637821198,
        "max_corner_weight": 0.19689610600471497,
        "has_corner_subject": 0
      }
    }
  }
}