{
  "meta": {
    "_dataset": "tvm_data",
    "_label": "testImages_artphoto",
    "_relpath": "testImages_artphoto/fear_0944.jpg",
    "_filename": "fear_0944.jpg",
    "_width": 447,
    "_height": 447
  },
  "features": {
    "geometric_structural": {
      "leading_lines": {
        "diagonal": 1,
        "vertical": 0,
        "horizontal": 0,
        "curved": 37
      },
      "leading_lines_strength": 0.07421875,
      "symmetry_vertical": 0.6802356350260302,
      "symmetry_horizontal": 0.7350085803028445,
      "symmetry_radial": 0.6859777128291794,
      "rule_of_thirds": {
        "alignment_score": 0,
        "num_salient_objects": 14
      },
      "golden_ratio": {
        "golden_alignment_score": 1
      },
      "balance": {
        "static_balance": 0.8170154690742493,
        "dynamic_balance": 1.0,
        "dominant_quadrant": 2
      },
      "layering": {
        "foreground_ratio": 0.2656059265136719,
        "midground_ratio": 0.0,
        "background_ratio": 0.7343940734863281,
        "depth_complexity": 0.1480645819454803
      }
    },
    "spatial_layout": {
      "negative_space_ratio": 0.9334297180175781,
      "subject_isolation": 0.09936904907226562,
      "depth_of_field": {
        "blur_gradient_strength": 221.1239473098863,
        "sharpness_variance": 159665.2106527207,
        "min_sharpness": 0.0,
        "max_sharpness": 2369.1861783929257
      },
      "perspective": {
        "has_vanishing_point": 1,
        "perspective_strength": 0.7777777777777778
      }
    },
    "contrast_color": {
      "high_contrast_ratio": 0.25875091552734375,
      "low_contrast_ratio": 0.7412490844726562,
      "mean_contrast": 15.728384971618652,
      "highlight_ratio": 0.028285980224609375,
      "shadow_ratio": 0.9067230224609375,
      "midtone_ratio": 0.06499099731445312,
      "warm_color_ratio": 0.0141143798828125,
      "cool_color_ratio": 0.002651214599609375,
      "complementary_color_score": 2.0
    },
    "motion_dynamics": {
      "s_curve_count": 63,
      "motion_blur_score": 4.182526212791605,
      "dominant_direction_deg": 4.999999999999995,
      "direction_strength": 0.5722541809060201
    },
    "pattern_rhythm": {
      "repetition_score": 1.0,
      "rhythm_score": 1.0,
      "pattern_breaks": 4
    },
    "visual_mass_focus": {
      "point_of_interest": {
        "x": 0.3125,
        "y": 0.546875,
        "strength": 1.0
      },
      "visual_mass_concentration": 0.13969802856445312,
      "mean_visual_weight": 0.012772073969244957,
      "face_count": 0,
      "has_directional_cues": 0
    },
    "framing_breathing": {
      "frame_in_frame_count": 0,
      "breathing_space": {
        "top": 0.29296875,
        "bottom": 0.27734375,
        "left": 0.240234375,
        "right": 0.580078125,
        "min_margin": 0.240234375,
        "mean_margin": 0.34765625
      },
      "corner_anchors": {
        "top_left": 0.06882829964160919,
        "top_right": 0.113896444439888,
        "bottom_left": 0.13028265535831451,
        "bottom_right": 0.07321356236934662,
        "max_corner_weight": 0.13028265535831451,
        "has_corner_subject": 0
      }
    }
  }
}