{
  "meta": {
    "_dataset": "tvm_data",
    "_label": "testImages_artphoto",
    "_relpath": "testImages_artphoto/fear_0966.jpg",
    "_filename": "fear_0966.jpg",
    "_width": 370,
    "_height": 541
  },
  "features": {
    "geometric_structural": {
      "leading_lines": {
        "diagonal": 11,
        "vertical": 0,
        "horizontal": 22,
        "curved": 454
      },
      "leading_lines_strength": 0.650200267022697,
      "symmetry_vertical": 0.232445630235187,
      "symmetry_horizontal": 0.18759170249636298,
      "symmetry_radial": 0.16093766981636112,
      "rule_of_thirds": {
        "alignment_score": 0,
        "num_salient_objects": 97
      },
      "golden_ratio": {
        "golden_alignment_score": 4
      },
      "balance": {
        "static_balance": 0.8704923391342163,
        "dynamic_balance": 1.0,
        "dominant_quadrant": 3
      },
      "layering": {
        "foreground_ratio": 0.307482893858478,
        "midground_ratio": 0.33370274949933243,
        "background_ratio": 0.3588143566421896,
        "depth_complexity": 0.16743023981152305
      }
    },
    "spatial_layout": {
      "negative_space_ratio": 0.5109364569425902,
      "subject_isolation": 0.10000052152870494,
      "depth_of_field": {
        "blur_gradient_strength": 117.43725111395452,
        "sharpness_variance": 60272.25141836877,
        "min_sharpness": 1.8018864480153658,
        "max_sharpness": 1327.6656010663985
      },
      "perspective": {
        "has_vanishing_point": 1,
        "perspective_strength": 0.9992367868727342
      }
    },
    "contrast_color": {
      "high_contrast_ratio": 0.4358571845794392,
      "low_contrast_ratio": 0.5641428154205608,
      "mean_contrast": 35.27656173706055,
      "highlight_ratio": 0.20785526931285858,
      "shadow_ratio": 0.1434256136417389,
      "midtone_ratio": 0.648719072341919,
      "warm_color_ratio": 0.010125479806408546,
      "cool_color_ratio": 0.07251335113484646,
      "complementary_color_score": 2.388888888888889
    },
    "motion_dynamics": {
      "s_curve_count": 416,
      "motion_blur_score": 9.399181218351004,
      "dominant_direction_deg": 4.999999999999995,
      "direction_strength": 0.04944874415874956
    },
    "pattern_rhythm": {
      "repetition_score": 1.0,
      "rhythm_score": 1.0,
      "pattern_breaks": 28
    },
    "visual_mass_focus": {
      "point_of_interest": {
        "x": 0.509765625,
        "y": 0.5834445927903872,
        "strength": 1.0
      },
      "visual_mass_concentration": 0.19999582777036048,
      "mean_visual_weight": 0.24052779376506805,
      "face_count": 0,
      "has_directional_cues": 0
    },
    "framing_breathing": {
      "frame_in_frame_count": 0,
      "breathing_space": {
        "top": 0.39118825100133514,
        "bottom": 0.26702269692923897,
        "left": 0.283203125,
        "right": 0.318359375,
        "min_margin": 0.26702269692923897,
        "mean_margin": 0.3149433619826435
      },
      "corner_anchors": {
        "top_left": 0.3016401529312134,
        "top_right": 0.23113635182380676,
        "bottom_left": 0.39742743968963623,
        "bottom_right": 0.6267411112785339,
        "max_corner_weight": 0.6267411112785339,
        "has_corner_subject": 1
      }
    }
  }
}