{
  "meta": {
    "_dataset": "tvm_data",
    "_label": "testImages_artphoto",
    "_relpath": "testImages_artphoto/fear_0945.jpg",
    "_filename": "fear_0945.jpg",
    "_width": 548,
    "_height": 365
  },
  "features": {
    "geometric_structural": {
      "leading_lines": {
        "diagonal": 1,
        "vertical": 44,
        "horizontal": 3,
        "curved": 274
      },
      "leading_lines_strength": 0.4187256176853056,
      "symmetry_vertical": 0.33135873433476487,
      "symmetry_horizontal": 0.3562840540453079,
      "symmetry_radial": 0.26261186680669973,
      "rule_of_thirds": {
        "alignment_score": 3,
        "num_salient_objects": 53
      },
      "golden_ratio": {
        "golden_alignment_score": 11
      },
      "balance": {
        "static_balance": 0.8485414385795593,
        "dynamic_balance": 1.0,
        "dominant_quadrant": 0
      },
      "layering": {
        "foreground_ratio": 0.30876899788686607,
        "midground_ratio": 0.351509163686606,
        "background_ratio": 0.339721838426528,
        "depth_complexity": 0.5308382618241154
      }
    },
    "spatial_layout": {
      "negative_space_ratio": 0.8131578145318595,
      "subject_isolation": 0.10000050796488946,
      "depth_of_field": {
        "blur_gradient_strength": 308.9513604039491,
        "sharpness_variance": 461444.895883052,
        "min_sharpness": 0.0,
        "max_sharpness": 2997.626003425471
      },
      "perspective": {
        "has_vanishing_point": 1,
        "perspective_strength": 0.9952874646559849
      }
    },
    "contrast_color": {
      "high_contrast_ratio": 0.4293954201885566,
      "low_contrast_ratio": 0.5706045798114434,
      "mean_contrast": 26.408672332763672,
      "highlight_ratio": 0.08534572273492813,
      "shadow_ratio": 0.7035084962844849,
      "midtone_ratio": 0.21114575862884521,
      "warm_color_ratio": 0.0,
      "cool_color_ratio": 0.0,
      "complementary_color_score": 0.0
    },
    "motion_dynamics": {
      "s_curve_count": 230,
      "motion_blur_score": 5.989683979949566,
      "dominant_direction_deg": 4.999999999999995,
      "direction_strength": 0.2342632477237223
    },
    "pattern_rhythm": {
      "repetition_score": 1.0,
      "rhythm_score": 1.0,
      "pattern_breaks": 19
    },
    "visual_mass_focus": {
      "point_of_interest": {
        "x": 0.46033810143042914,
        "y": 0.3125,
        "strength": 1.0
      },
      "visual_mass_concentration": 0.0,
      "mean_visual_weight": 0.0,
      "face_count": 0,
      "has_directional_cues": 0
    },
    "framing_breathing": {
      "frame_in_frame_count": 0,
      "breathing_space": {
        "top": 0.01171875,
        "bottom": 0.41015625,
        "left": 0.4408322496749025,
        "right": 0.4720416124837451,
        "min_margin": 0.01171875,
        "mean_margin": 0.33368721553966185
      },
      "corner_anchors": {
        "top_left": 0.23482359945774078,
        "top_right": 0.22168026864528656,
        "bottom_left": 0.2559998333454132,
        "bottom_right": 0.23215775191783905,
        "max_corner_weight": 0.2559998333454132,
        "has_corner_subject": 0
      }
    }
  }
}