{
  "meta": {
    "_dataset": "tvm_data",
    "_label": "testImages_artphoto",
    "_relpath": "testImages_artphoto/fear_0933.jpg",
    "_filename": "fear_0933.jpg",
    "_width": 365,
    "_height": 548
  },
  "features": {
    "geometric_structural": {
      "leading_lines": {
        "diagonal": 2,
        "vertical": 1,
        "horizontal": 0,
        "curved": 58
      },
      "leading_lines_strength": 0.07932379713914174,
      "symmetry_vertical": 0.5670545270277111,
      "symmetry_horizontal": 0.5829895342653992,
      "symmetry_radial": 0.4232358197206547,
      "rule_of_thirds": {
        "alignment_score": 1,
        "num_salient_objects": 11
      },
      "golden_ratio": {
        "golden_alignment_score": 1
      },
      "balance": {
        "static_balance": 0.9638546705245972,
        "dynamic_balance": 1.0,
        "dominant_quadrant": 3
      },
      "layering": {
        "foreground_ratio": 0.18936931079323796,
        "midground_ratio": 0.2582569692782835,
        "background_ratio": 0.5523737199284785,
        "depth_complexity": 0.029818584976573394
      }
    },
    "spatial_layout": {
      "negative_space_ratio": 0.23241679535110532,
      "subject_isolation": 0.10000050796488946,
      "depth_of_field": {
        "blur_gradient_strength": 34.16009718787184,
        "sharpness_variance": 4304.078107365651,
        "min_sharpness": 0.0,
        "max_sharpness": 384.1925276130007
      },
      "perspective": {
        "has_vanishing_point": 1,
        "perspective_strength": 0.7555555555555555
      }
    },
    "contrast_color": {
      "high_contrast_ratio": 0.34558883289986997,
      "low_contrast_ratio": 0.65441116710013,
      "mean_contrast": 19.40041160583496,
      "highlight_ratio": 0.0912533551454544,
      "shadow_ratio": 0.1522548496723175,
      "midtone_ratio": 0.7564917802810669,
      "warm_color_ratio": 0.1935676406046814,
      "cool_color_ratio": 0.0824173033159948,
      "complementary_color_score": 2.2777777777777777
    },
    "motion_dynamics": {
      "s_curve_count": 81,
      "motion_blur_score": 16.50791655999504,
      "dominant_direction_deg": 4.999999999999995,
      "direction_strength": 0.24247703998638023
    },
    "pattern_rhythm": {
      "repetition_score": 1.0,
      "rhythm_score": 1.0,
      "pattern_breaks": 4
    },
    "visual_mass_focus": {
      "point_of_interest": {
        "x": 0.724609375,
        "y": 0.4577373211963589,
        "strength": 1.0
      },
      "visual_mass_concentration": 0.19980290962288685,
      "mean_visual_weight": 0.08955618739128113,
      "face_count": 0,
      "has_directional_cues": 0
    },
    "framing_breathing": {
      "frame_in_frame_count": 0,
      "breathing_space": {
        "top": 0.0,
        "bottom": 0.37451235370611186,
        "left": 0.41015625,
        "right": 0.0,
        "min_margin": 0.0,
        "mean_margin": 0.19616715092652798
      },
      "corner_anchors": {
        "top_left": 0.23163467645645142,
        "top_right": 0.41732922196388245,
        "bottom_left": 0.48705771565437317,
        "bottom_right": 0.6164260506629944,
        "max_corner_weight": 0.6164260506629944,
        "has_corner_subject": 1
      }
    }
  }
}