{
  "meta": {
    "_dataset": "tvm_data",
    "_label": "testImages_artphoto",
    "_relpath": "testImages_artphoto/fear_0682.jpg",
    "_filename": "fear_0682.jpg",
    "_width": 447,
    "_height": 447
  },
  "features": {
    "geometric_structural": {
      "leading_lines": {
        "diagonal": 0,
        "vertical": 0,
        "horizontal": 0,
        "curved": 29
      },
      "leading_lines_strength": 0.056640625,
      "symmetry_vertical": 0.7888025662243723,
      "symmetry_horizontal": 0.28753859695508344,
      "symmetry_radial": 0.4241986685583193,
      "rule_of_thirds": {
        "alignment_score": 0,
        "num_salient_objects": 24
      },
      "golden_ratio": {
        "golden_alignment_score": 0
      },
      "balance": {
        "static_balance": 0.9777426719665527,
        "dynamic_balance": 1.0,
        "dominant_quadrant": 1
      },
      "layering": {
        "foreground_ratio": 0.15476608276367188,
        "midground_ratio": 0.3156318664550781,
        "background_ratio": 0.52960205078125,
        "depth_complexity": 0.015196461281739175
      }
    },
    "spatial_layout": {
      "negative_space_ratio": 0.4860877990722656,
      "subject_isolation": 0.10000228881835938,
      "depth_of_field": {
        "blur_gradient_strength": 14.2881006194642,
        "sharpness_variance": 897.3658467005218,
        "min_sharpness": 0.47058823529411764,
        "max_sharpness": 203.28730838891556
      },
      "perspective": {
        "has_vanishing_point": 1,
        "perspective_strength": 0.6666666666666666
      }
    },
    "contrast_color": {
      "high_contrast_ratio": 0.37781524658203125,
      "low_contrast_ratio": 0.6221847534179688,
      "mean_contrast": 9.890141487121582,
      "highlight_ratio": 0.0,
      "shadow_ratio": 0.44312286376953125,
      "midtone_ratio": 0.5568771362304688,
      "warm_color_ratio": 0.0,
      "cool_color_ratio": 0.50762939453125,
      "complementary_color_score": 0.0
    },
    "motion_dynamics": {
      "s_curve_count": 32,
      "motion_blur_score": 20.498434801738007,
      "dominant_direction_deg": 4.999999999999995,
      "direction_strength": 0.1390762329096257
    },
    "pattern_rhythm": {
      "repetition_score": 1.0,
      "rhythm_score": 1.0,
      "pattern_breaks": 5
    },
    "visual_mass_focus": {
      "point_of_interest": {
        "x": 0.51953125,
        "y": 0.498046875,
        "strength": 1.0
      },
      "visual_mass_concentration": 0.19629669189453125,
      "mean_visual_weight": 0.07431861013174057,
      "face_count": 0,
      "has_directional_cues": 0
    },
    "framing_breathing": {
      "frame_in_frame_count": 0,
      "breathing_space": {
        "top": 0.3046875,
        "bottom": 0.0,
        "left": 0.0,
        "right": 0.0,
        "min_margin": 0.0,
        "mean_margin": 0.076171875
      },
      "corner_anchors": {
        "top_left": 0.33213263750076294,
        "top_right": 0.48706701397895813,
        "bottom_left": 0.8142295479774475,
        "bottom_right": 0.7779765129089355,
        "max_corner_weight": 0.8142295479774475,
        "has_corner_subject": 1
      }
    }
  }
}