{
  "meta": {
    "_dataset": "tvm_data",
    "_label": "testImages_artphoto",
    "_relpath": "testImages_artphoto/fear_0905.jpg",
    "_filename": "fear_0905.jpg",
    "_width": 366,
    "_height": 547
  },
  "features": {
    "geometric_structural": {
      "leading_lines": {
        "diagonal": 0,
        "vertical": 0,
        "horizontal": 0,
        "curved": 93
      },
      "leading_lines_strength": 0.12156862745098039,
      "symmetry_vertical": 0.5847123408956733,
      "symmetry_horizontal": 0.38068031839992955,
      "symmetry_radial": 0.4547930691006812,
      "rule_of_thirds": {
        "alignment_score": 4,
        "num_salient_objects": 17
      },
      "golden_ratio": {
        "golden_alignment_score": 3
      },
      "balance": {
        "static_balance": 0.6980869770050049,
        "dynamic_balance": 1.0,
        "dominant_quadrant": 1
      },
      "layering": {
        "foreground_ratio": 0.3335860906862745,
        "midground_ratio": 0.0,
        "background_ratio": 0.6664139093137255,
        "depth_complexity": 0.09030265339775563
      }
    },
    "spatial_layout": {
      "negative_space_ratio": 0.8578507965686275,
      "subject_isolation": 0.1,
      "depth_of_field": {
        "blur_gradient_strength": 92.98164289071252,
        "sharpness_variance": 35779.376607013444,
        "min_sharpness": 0.0,
        "max_sharpness": 1078.9197473955319
      },
      "perspective": {
        "has_vanishing_point": 0,
        "perspective_strength": 0.0
      }
    },
    "contrast_color": {
      "high_contrast_ratio": 0.2921875,
      "low_contrast_ratio": 0.7078125,
      "mean_contrast": 17.465370178222656,
      "highlight_ratio": 0.06564797461032867,
      "shadow_ratio": 0.8414547443389893,
      "midtone_ratio": 0.09289729595184326,
      "warm_color_ratio": 0.03748468137254902,
      "cool_color_ratio": 0.03605494281045751,
      "complementary_color_score": 2.111111111111111
    },
    "motion_dynamics": {
      "s_curve_count": 99,
      "motion_blur_score": 6.415117247735922,
      "dominant_direction_deg": 4.999999999999995,
      "direction_strength": 0.5506842320247378
    },
    "pattern_rhythm": {
      "repetition_score": 1.0,
      "rhythm_score": 1.0,
      "pattern_breaks": 10
    },
    "visual_mass_focus": {
      "point_of_interest": {
        "x": 0.6171875,
        "y": 0.1568627450980392,
        "strength": 1.0
      },
      "visual_mass_concentration": 0.1971124387254902,
      "mean_visual_weight": 0.013768195174634457,
      "face_count": 1,
      "has_directional_cues": 1
    },
    "framing_breathing": {
      "frame_in_frame_count": 0,
      "breathing_space": {
        "top": 0.0,
        "bottom": 0.5986928104575163,
        "left": 0.478515625,
        "right": 0.15234375,
        "min_margin": 0.0,
        "mean_margin": 0.3073880463643791
      },
      "corner_anchors": {
        "top_left": 0.12934556603431702,
        "top_right": 0.19988732039928436,
        "bottom_left": 0.13506267964839935,
        "bottom_right": 0.13132250308990479,
        "max_corner_weight": 0.19988732039928436,
        "has_corner_subject": 0
      }
    }
  }
}