{
  "meta": {
    "_dataset": "tvm_data",
    "_label": "testImages_artphoto",
    "_relpath": "testImages_artphoto/fear_0704.jpg",
    "_filename": "fear_0704.jpg",
    "_width": 447,
    "_height": 447
  },
  "features": {
    "geometric_structural": {
      "leading_lines": {
        "diagonal": 4,
        "vertical": 0,
        "horizontal": 1,
        "curved": 255
      },
      "leading_lines_strength": 0.5078125,
      "symmetry_vertical": 0.15729356014353277,
      "symmetry_horizontal": 0.0759035520507817,
      "symmetry_radial": 0.09043906285741991,
      "rule_of_thirds": {
        "alignment_score": 1,
        "num_salient_objects": 9
      },
      "golden_ratio": {
        "golden_alignment_score": 1
      },
      "balance": {
        "static_balance": 0.8089792728424072,
        "dynamic_balance": 1.0,
        "dominant_quadrant": 0
      },
      "layering": {
        "foreground_ratio": 0.2879180908203125,
        "midground_ratio": 0.3646240234375,
        "background_ratio": 0.3474578857421875,
        "depth_complexity": 0.08293546923622488
      }
    },
    "spatial_layout": {
      "negative_space_ratio": 0.7139739990234375,
      "subject_isolation": 0.10000228881835938,
      "depth_of_field": {
        "blur_gradient_strength": 54.18697978218871,
        "sharpness_variance": 4680.936246474283,
        "min_sharpness": 3.9114893999453964,
        "max_sharpness": 371.0247020376779
      },
      "perspective": {
        "has_vanishing_point": 1,
        "perspective_strength": 0.9824561403508771
      }
    },
    "contrast_color": {
      "high_contrast_ratio": 0.437347412109375,
      "low_contrast_ratio": 0.562652587890625,
      "mean_contrast": 35.26553726196289,
      "highlight_ratio": 0.01458740234375,
      "shadow_ratio": 0.6171035766601562,
      "midtone_ratio": 0.36830902099609375,
      "warm_color_ratio": 0.0,
      "cool_color_ratio": 0.0,
      "complementary_color_score": 0.0
    },
    "motion_dynamics": {
      "s_curve_count": 354,
      "motion_blur_score": 5.152472500695738,
      "dominant_direction_deg": 4.999999999999995,
      "direction_strength": 0.15004730224552135
    },
    "pattern_rhythm": {
      "repetition_score": 1.0,
      "rhythm_score": 1.0,
      "pattern_breaks": 3
    },
    "visual_mass_focus": {
      "point_of_interest": {
        "x": 0.330078125,
        "y": 0.298828125,
        "strength": 1.0
      },
      "visual_mass_concentration": 0.0,
      "mean_visual_weight": 0.0,
      "face_count": 0,
      "has_directional_cues": 0
    },
    "framing_breathing": {
      "frame_in_frame_count": 0,
      "breathing_space": {
        "top": 0.298828125,
        "bottom": 0.5859375,
        "left": 0.0,
        "right": 0.7109375,
        "min_margin": 0.0,
        "mean_margin": 0.39892578125
      },
      "corner_anchors": {
        "top_left": 0.31889158487319946,
        "top_right": 0.2784517705440521,
        "bottom_left": 0.13497091829776764,
        "bottom_right": 0.18724390864372253,
        "max_corner_weight": 0.31889158487319946,
        "has_corner_subject": 1
      }
    }
  }
}