{
  "meta": {
    "_dataset": "tvm_data",
    "_label": "testImages_artphoto",
    "_relpath": "testImages_artphoto/fear_0960.jpg",
    "_filename": "fear_0960.jpg",
    "_width": 370,
    "_height": 540
  },
  "features": {
    "geometric_structural": {
      "leading_lines": {
        "diagonal": 0,
        "vertical": 0,
        "horizontal": 0,
        "curved": 52
      },
      "leading_lines_strength": 0.06961178045515395,
      "symmetry_vertical": 0.5781573917238554,
      "symmetry_horizontal": 0.2375320024825013,
      "symmetry_radial": 0.3113737087256691,
      "rule_of_thirds": {
        "alignment_score": 0,
        "num_salient_objects": 5
      },
      "golden_ratio": {
        "golden_alignment_score": 1
      },
      "balance": {
        "static_balance": 0.8729386925697327,
        "dynamic_balance": 1.0,
        "dominant_quadrant": 3
      },
      "layering": {
        "foreground_ratio": 0.23577120983935743,
        "midground_ratio": 0.41788246736947793,
        "background_ratio": 0.3463463227911647,
        "depth_complexity": 0.03717866518002141
      }
    },
    "spatial_layout": {
      "negative_space_ratio": 0.676442750167336,
      "subject_isolation": 0.09999895414993307,
      "depth_of_field": {
        "blur_gradient_strength": 30.895292532755377,
        "sharpness_variance": 3260.3414973308954,
        "min_sharpness": 0.013071895424836602,
        "max_sharpness": 438.7837496624269
      },
      "perspective": {
        "has_vanishing_point": 1,
        "perspective_strength": 0.7777777777777778
      }
    },
    "contrast_color": {
      "high_contrast_ratio": 0.39163685993975905,
      "low_contrast_ratio": 0.608363140060241,
      "mean_contrast": 10.975550651550293,
      "highlight_ratio": 7.843875209800899e-06,
      "shadow_ratio": 0.7169275879859924,
      "midtone_ratio": 0.2830645442008972,
      "warm_color_ratio": 0.6496663738286479,
      "cool_color_ratio": 0.009334211847389558,
      "complementary_color_score": 2.8333333333333335
    },
    "motion_dynamics": {
      "s_curve_count": 79,
      "motion_blur_score": 9.105164948248019,
      "dominant_direction_deg": 4.999999999999995,
      "direction_strength": 0.18351008199416544
    },
    "pattern_rhythm": {
      "repetition_score": 1.0,
      "rhythm_score": 1.0,
      "pattern_breaks": 1
    },
    "visual_mass_focus": {
      "point_of_interest": {
        "x": 0.525390625,
        "y": 0.5997322623828648,
        "strength": 1.0
      },
      "visual_mass_concentration": 0.19993515729585007,
      "mean_visual_weight": 0.08169125765562057,
      "face_count": 0,
      "has_directional_cues": 0
    },
    "framing_breathing": {
      "frame_in_frame_count": 0,
      "breathing_space": {
        "top": 0.4779116465863454,
        "bottom": 0.41767068273092367,
        "left": 0.447265625,
        "right": 0.34765625,
        "min_margin": 0.34765625,
        "mean_margin": 0.4226260510793173
      },
      "corner_anchors": {
        "top_left": 0.2501487135887146,
        "top_right": 0.25067374110221863,
        "bottom_left": 0.0837278887629509,
        "bottom_right": 0.14328020811080933,
        "max_corner_weight": 0.25067374110221863,
        "has_corner_subject": 0
      }
    }
  }
}