{
  "meta": {
    "_dataset": "tvm_data",
    "_label": "testImages_artphoto",
    "_relpath": "testImages_artphoto/fear_0672.jpg",
    "_filename": "fear_0672.jpg",
    "_width": 536,
    "_height": 373
  },
  "features": {
    "geometric_structural": {
      "leading_lines": {
        "diagonal": 3,
        "vertical": 0,
        "horizontal": 9,
        "curved": 146
      },
      "leading_lines_strength": 0.21467391304347827,
      "symmetry_vertical": 0.2543849270788703,
      "symmetry_horizontal": 0.29700281544176227,
      "symmetry_radial": 0.20727685233092827,
      "rule_of_thirds": {
        "alignment_score": 2,
        "num_salient_objects": 53
      },
      "golden_ratio": {
        "golden_alignment_score": 4
      },
      "balance": {
        "static_balance": 0.9019166231155396,
        "dynamic_balance": 1.0,
        "dominant_quadrant": 2
      },
      "layering": {
        "foreground_ratio": 0.3014367145040761,
        "midground_ratio": 0.2567244819972826,
        "background_ratio": 0.4418388034986413,
        "depth_complexity": 0.1156505305813185
      }
    },
    "spatial_layout": {
      "negative_space_ratio": 0.41990860648777173,
      "subject_isolation": 0.10000212296195653,
      "depth_of_field": {
        "blur_gradient_strength": 110.30839179821291,
        "sharpness_variance": 51030.15823284221,
        "min_sharpness": 1.4505959246443674,
        "max_sharpness": 1835.2452902729724
      },
      "perspective": {
        "has_vanishing_point": 1,
        "perspective_strength": 0.5315145813734713
      }
    },
    "contrast_color": {
      "high_contrast_ratio": 0.39505402938179346,
      "low_contrast_ratio": 0.6049459706182065,
      "mean_contrast": 25.86259651184082,
      "highlight_ratio": 0.0040548574179410934,
      "shadow_ratio": 0.21784242987632751,
      "midtone_ratio": 0.7781027555465698,
      "warm_color_ratio": 0.004548445991847826,
      "cool_color_ratio": 0.5628476350203805,
      "complementary_color_score": 2.3333333333333335
    },
    "motion_dynamics": {
      "s_curve_count": 306,
      "motion_blur_score": 10.066846515152484,
      "dominant_direction_deg": 4.999999999999995,
      "direction_strength": 0.06608249830145507
    },
    "pattern_rhythm": {
      "repetition_score": 1.0,
      "rhythm_score": 1.0,
      "pattern_breaks": 22
    },
    "visual_mass_focus": {
      "point_of_interest": {
        "x": 0.30842391304347827,
        "y": 0.541015625,
        "strength": 1.0
      },
      "visual_mass_concentration": 0.19915506114130435,
      "mean_visual_weight": 0.09696944057941437,
      "face_count": 0,
      "has_directional_cues": 0
    },
    "framing_breathing": {
      "frame_in_frame_count": 0,
      "breathing_space": {
        "top": 0.23828125,
        "bottom": 0.0,
        "left": 0.0,
        "right": 0.6168478260869565,
        "min_margin": 0.0,
        "mean_margin": 0.21378226902173914
      },
      "corner_anchors": {
        "top_left": 0.39871394634246826,
        "top_right": 0.4623768627643585,
        "bottom_left": 0.7133087515830994,
        "bottom_right": 0.3427095115184784,
        "max_corner_weight": 0.7133087515830994,
        "has_corner_subject": 1
      }
    }
  }
}