{
  "meta": {
    "_dataset": "tvm_data",
    "_label": "testImages_artphoto",
    "_relpath": "testImages_artphoto/fear_0700.jpg",
    "_filename": "fear_0700.jpg",
    "_width": 387,
    "_height": 516
  },
  "features": {
    "geometric_structural": {
      "leading_lines": {
        "diagonal": 0,
        "vertical": 2,
        "horizontal": 0,
        "curved": 187
      },
      "leading_lines_strength": 0.2767203513909224,
      "symmetry_vertical": 0.27526327140134305,
      "symmetry_horizontal": 0.3639937499865047,
      "symmetry_radial": 0.216535964022224,
      "rule_of_thirds": {
        "alignment_score": 1,
        "num_salient_objects": 30
      },
      "golden_ratio": {
        "golden_alignment_score": 4
      },
      "balance": {
        "static_balance": 0.9155898094177246,
        "dynamic_balance": 1.0,
        "dominant_quadrant": 0
      },
      "layering": {
        "foreground_ratio": 0.2986565474011713,
        "midground_ratio": 0.21933908308931185,
        "background_ratio": 0.48200436950951686,
        "depth_complexity": 0.08544967907294841
      }
    },
    "spatial_layout": {
      "negative_space_ratio": 0.6093321056002928,
      "subject_isolation": 0.10000114385065886,
      "depth_of_field": {
        "blur_gradient_strength": 56.095984186853926,
        "sharpness_variance": 7443.569864821397,
        "min_sharpness": 0.0,
        "max_sharpness": 373.4847286872925
      },
      "perspective": {
        "has_vanishing_point": 1,
        "perspective_strength": 0.6022727272727273
      }
    },
    "contrast_color": {
      "high_contrast_ratio": 0.42395966782576866,
      "low_contrast_ratio": 0.5760403321742313,
      "mean_contrast": 17.991653442382812,
      "highlight_ratio": 0.0007578010554425418,
      "shadow_ratio": 0.5469836592674255,
      "midtone_ratio": 0.45225852727890015,
      "warm_color_ratio": 0.5853484169106882,
      "cool_color_ratio": 0.01663158857979502,
      "complementary_color_score": 2.888888888888889
    },
    "motion_dynamics": {
      "s_curve_count": 207,
      "motion_blur_score": 9.098721546670312,
      "dominant_direction_deg": 4.999999999999995,
      "direction_strength": 0.24001704337413063
    },
    "pattern_rhythm": {
      "repetition_score": 1.0,
      "rhythm_score": 1.0,
      "pattern_breaks": 9
    },
    "visual_mass_focus": {
      "point_of_interest": {
        "x": 0.451171875,
        "y": 0.34992679355783307,
        "strength": 1.0
      },
      "visual_mass_concentration": 0.1999136392752562,
      "mean_visual_weight": 0.06493942439556122,
      "face_count": 0,
      "has_directional_cues": 0
    },
    "framing_breathing": {
      "frame_in_frame_count": 0,
      "breathing_space": {
        "top": 0.11273792093704246,
        "bottom": 0.4158125915080527,
        "left": 0.29296875,
        "right": 0.349609375,
        "min_margin": 0.11273792093704246,
        "mean_margin": 0.29278215936127383
      },
      "corner_anchors": {
        "top_left": 0.2706129252910614,
        "top_right": 0.3970877528190613,
        "bottom_left": 0.3301127851009369,
        "bottom_right": 0.3839104473590851,
        "max_corner_weight": 0.3970877528190613,
        "has_corner_subject": 1
      }
    }
  }
}