{
  "meta": {
    "_dataset": "tvm_data",
    "_label": "testImages_artphoto",
    "_relpath": "testImages_artphoto/fear_0904.jpg",
    "_filename": "fear_0904.jpg",
    "_width": 534,
    "_height": 374
  },
  "features": {
    "geometric_structural": {
      "leading_lines": {
        "diagonal": 7,
        "vertical": 15,
        "horizontal": 28,
        "curved": 101
      },
      "leading_lines_strength": 0.20656634746922026,
      "symmetry_vertical": 0.3767408480658877,
      "symmetry_horizontal": 0.31075139945606217,
      "symmetry_radial": 0.21943723140853702,
      "rule_of_thirds": {
        "alignment_score": 0,
        "num_salient_objects": 21
      },
      "golden_ratio": {
        "golden_alignment_score": 7
      },
      "balance": {
        "static_balance": 0.940089225769043,
        "dynamic_balance": 1.0,
        "dominant_quadrant": 1
      },
      "layering": {
        "foreground_ratio": 0.29597725718194257,
        "midground_ratio": 0.12374155694254446,
        "background_ratio": 0.580281185875513,
        "depth_complexity": 0.20045835564462083
      }
    },
    "spatial_layout": {
      "negative_space_ratio": 0.6064920699384405,
      "subject_isolation": 0.09997274709302326,
      "depth_of_field": {
        "blur_gradient_strength": 190.25032874540057,
        "sharpness_variance": 195736.06615557577,
        "min_sharpness": 0.0,
        "max_sharpness": 3267.194101402161
      },
      "perspective": {
        "has_vanishing_point": 1,
        "perspective_strength": 0.9990813889399228
      }
    },
    "contrast_color": {
      "high_contrast_ratio": 0.44949127906976744,
      "low_contrast_ratio": 0.5505087209302326,
      "mean_contrast": 22.919641494750977,
      "highlight_ratio": 0.05508026108145714,
      "shadow_ratio": 0.3175257444381714,
      "midtone_ratio": 0.6273940205574036,
      "warm_color_ratio": 0.0028188055745554034,
      "cool_color_ratio": 0.08765283002735978,
      "complementary_color_score": 2.111111111111111
    },
    "motion_dynamics": {
      "s_curve_count": 135,
      "motion_blur_score": 8.521208460776403,
      "dominant_direction_deg": -85.0,
      "direction_strength": 0.08542984781098925
    },
    "pattern_rhythm": {
      "repetition_score": 1.0,
      "rhythm_score": 1.0,
      "pattern_breaks": 9
    },
    "visual_mass_focus": {
      "point_of_interest": {
        "x": 0.5225718194254446,
        "y": 0.541015625,
        "strength": 1.0
      },
      "visual_mass_concentration": 0.197781292749658,
      "mean_visual_weight": 0.04033941030502319,
      "face_count": 0,
      "has_directional_cues": 0
    },
    "framing_breathing": {
      "frame_in_frame_count": 0,
      "breathing_space": {
        "top": 0.4453125,
        "bottom": 0.318359375,
        "left": 0.2421340629274966,
        "right": 0.30506155950752395,
        "min_margin": 0.2421340629274966,
        "mean_margin": 0.32771687435875513
      },
      "corner_anchors": {
        "top_left": 0.3399413824081421,
        "top_right": 0.37200772762298584,
        "bottom_left": 0.2728700339794159,
        "bottom_right": 0.13889001309871674,
        "max_corner_weight": 0.37200772762298584,
        "has_corner_subject": 1
      }
    }
  }
}