{
  "meta": {
    "_dataset": "tvm_data",
    "_label": "testImages_artphoto",
    "_relpath": "testImages_artphoto/fear_0685.jpg",
    "_filename": "fear_0685.jpg",
    "_width": 551,
    "_height": 363
  },
  "features": {
    "geometric_structural": {
      "leading_lines": {
        "diagonal": 16,
        "vertical": 5,
        "horizontal": 25,
        "curved": 324
      },
      "leading_lines_strength": 0.47619047619047616,
      "symmetry_vertical": 0.25788192772606516,
      "symmetry_horizontal": 0.22008796119096796,
      "symmetry_radial": 0.14357226168457946,
      "rule_of_thirds": {
        "alignment_score": 0,
        "num_salient_objects": 39
      },
      "golden_ratio": {
        "golden_alignment_score": 0
      },
      "balance": {
        "static_balance": 0.9406191110610962,
        "dynamic_balance": 1.0,
        "dominant_quadrant": 2
      },
      "layering": {
        "foreground_ratio": 0.2974254946911197,
        "midground_ratio": 0.3517133204633205,
        "background_ratio": 0.35086118484555984,
        "depth_complexity": 0.2781193421987508
      }
    },
    "spatial_layout": {
      "negative_space_ratio": 0.8367544441763192,
      "subject_isolation": 0.1000015082046332,
      "depth_of_field": {
        "blur_gradient_strength": 217.96757891988042,
        "sharpness_variance": 123715.75796171722,
        "min_sharpness": 0.9704921184159939,
        "max_sharpness": 1552.7292191318484
      },
      "perspective": {
        "has_vanishing_point": 1,
        "perspective_strength": 0.997710098465766
      }
    },
    "contrast_color": {
      "high_contrast_ratio": 0.41997466216216217,
      "low_contrast_ratio": 0.5800253378378378,
      "mean_contrast": 28.452068328857422,
      "highlight_ratio": 0.01851823925971985,
      "shadow_ratio": 0.7429114580154419,
      "midtone_ratio": 0.23857033252716064,
      "warm_color_ratio": 0.08562831805019305,
      "cool_color_ratio": 0.06296000241312741,
      "complementary_color_score": 2.2777777777777777
    },
    "motion_dynamics": {
      "s_curve_count": 349,
      "motion_blur_score": 4.068801819070257,
      "dominant_direction_deg": 4.999999999999995,
      "direction_strength": 0.07454050032156295
    },
    "pattern_rhythm": {
      "repetition_score": 1.0,
      "rhythm_score": 1.0,
      "pattern_breaks": 6
    },
    "visual_mass_focus": {
      "point_of_interest": {
        "x": 0.6061776061776062,
        "y": 0.53125,
        "strength": 1.0
      },
      "visual_mass_concentration": 0.19863557754182753,
      "mean_visual_weight": 0.046143874526023865,
      "face_count": 0,
      "has_directional_cues": 0
    },
    "framing_breathing": {
      "frame_in_frame_count": 0,
      "breathing_space": {
        "top": 0.103515625,
        "bottom": 0.626953125,
        "left": 0.731016731016731,
        "right": 0.23809523809523808,
        "min_margin": 0.103515625,
        "mean_margin": 0.4248951797779923
      },
      "corner_anchors": {
        "top_left": 0.1329750418663025,
        "top_right": 0.15330904722213745,
        "bottom_left": 0.15119847655296326,
        "bottom_right": 0.16024817526340485,
        "max_corner_weight": 0.16024817526340485,
        "has_corner_subject": 0
      }
    }
  }
}