{
  "meta": {
    "_dataset": "tvm_data",
    "_label": "testImages_artphoto",
    "_relpath": "testImages_artphoto/fear_0919.jpg",
    "_filename": "fear_0919.jpg",
    "_width": 366,
    "_height": 547
  },
  "features": {
    "geometric_structural": {
      "leading_lines": {
        "diagonal": 3,
        "vertical": 7,
        "horizontal": 0,
        "curved": 296
      },
      "leading_lines_strength": 0.4,
      "symmetry_vertical": 0.22836150809703068,
      "symmetry_horizontal": 0.1768153301837411,
      "symmetry_radial": 0.15994127432290337,
      "rule_of_thirds": {
        "alignment_score": 0,
        "num_salient_objects": 17
      },
      "golden_ratio": {
        "golden_alignment_score": 2
      },
      "balance": {
        "static_balance": 0.8869105577468872,
        "dynamic_balance": 1.0,
        "dominant_quadrant": 0
      },
      "layering": {
        "foreground_ratio": 0.2944572099673203,
        "midground_ratio": 0.23160743464052289,
        "background_ratio": 0.47393535539215687,
        "depth_complexity": 0.1532347447424128
      }
    },
    "spatial_layout": {
      "negative_space_ratio": 0.7693040236928105,
      "subject_isolation": 0.1,
      "depth_of_field": {
        "blur_gradient_strength": 153.02415797917956,
        "sharpness_variance": 85260.79935371273,
        "min_sharpness": 0.0,
        "max_sharpness": 1881.6352055171753
      },
      "perspective": {
        "has_vanishing_point": 1,
        "perspective_strength": 0.9558707643814027
      }
    },
    "contrast_color": {
      "high_contrast_ratio": 0.391796875,
      "low_contrast_ratio": 0.608203125,
      "mean_contrast": 26.868257522583008,
      "highlight_ratio": 0.10099826753139496,
      "shadow_ratio": 0.5194010138511658,
      "midtone_ratio": 0.3796007037162781,
      "warm_color_ratio": 0.8169270833333333,
      "cool_color_ratio": 0.008552900326797386,
      "complementary_color_score": 2.611111111111111
    },
    "motion_dynamics": {
      "s_curve_count": 267,
      "motion_blur_score": 7.275681789972351,
      "dominant_direction_deg": 4.999999999999995,
      "direction_strength": 0.11882659313695153
    },
    "pattern_rhythm": {
      "repetition_score": 1.0,
      "rhythm_score": 1.0,
      "pattern_breaks": 5
    },
    "visual_mass_focus": {
      "point_of_interest": {
        "x": 0.30078125,
        "y": 0.39477124183006534,
        "strength": 1.0
      },
      "visual_mass_concentration": 0.19977532679738563,
      "mean_visual_weight": 0.12670236825942993,
      "face_count": 0,
      "has_directional_cues": 0
    },
    "framing_breathing": {
      "frame_in_frame_count": 0,
      "breathing_space": {
        "top": 0.19869281045751633,
        "bottom": 0.3411764705882353,
        "left": 0.1015625,
        "right": 0.388671875,
        "min_margin": 0.1015625,
        "mean_margin": 0.2575259140114379
      },
      "corner_anchors": {
        "top_left": 0.24860434234142303,
        "top_right": 0.20472750067710876,
        "bottom_left": 0.2651846408843994,
        "bottom_right": 0.379041463136673,
        "max_corner_weight": 0.379041463136673,
        "has_corner_subject": 1
      }
    }
  }
}