{
  "meta": {
    "_dataset": "tvm_data",
    "_label": "testImages_artphoto",
    "_relpath": "testImages_artphoto/fear_0917.jpg",
    "_filename": "fear_0917.jpg",
    "_width": 369,
    "_height": 542
  },
  "features": {
    "geometric_structural": {
      "leading_lines": {
        "diagonal": 0,
        "vertical": 0,
        "horizontal": 4,
        "curved": 97
      },
      "leading_lines_strength": 0.13430851063829788,
      "symmetry_vertical": 0.5887270181280522,
      "symmetry_horizontal": 0.5048038718550638,
      "symmetry_radial": 0.36825201587278084,
      "rule_of_thirds": {
        "alignment_score": 1,
        "num_salient_objects": 10
      },
      "golden_ratio": {
        "golden_alignment_score": 1
      },
      "balance": {
        "static_balance": 0.8553972244262695,
        "dynamic_balance": 1.0,
        "dominant_quadrant": 1
      },
      "layering": {
        "foreground_ratio": 0.2453898977726064,
        "midground_ratio": 0.2434835231050532,
        "background_ratio": 0.5111265791223404,
        "depth_complexity": 0.05426992962299268
      }
    },
    "spatial_layout": {
      "negative_space_ratio": 0.5050594248670213,
      "subject_isolation": 0.10000155834441489,
      "depth_of_field": {
        "blur_gradient_strength": 58.85406816615396,
        "sharpness_variance": 9712.875817001228,
        "min_sharpness": 0.4444444444444444,
        "max_sharpness": 507.54322007579674
      },
      "perspective": {
        "has_vanishing_point": 1,
        "perspective_strength": 0.9809523809523809
      }
    },
    "contrast_color": {
      "high_contrast_ratio": 0.358037421043883,
      "low_contrast_ratio": 0.641962578956117,
      "mean_contrast": 19.517587661743164,
      "highlight_ratio": 0.020858440548181534,
      "shadow_ratio": 0.3344934284687042,
      "midtone_ratio": 0.6446480751037598,
      "warm_color_ratio": 0.31681401678856386,
      "cool_color_ratio": 0.2996384640957447,
      "complementary_color_score": 2.0
    },
    "motion_dynamics": {
      "s_curve_count": 134,
      "motion_blur_score": 11.38791121383996,
      "dominant_direction_deg": 4.999999999999995,
      "direction_strength": 0.13758363114990863
    },
    "pattern_rhythm": {
      "repetition_score": 1.0,
      "rhythm_score": 1.0,
      "pattern_breaks": 3
    },
    "visual_mass_focus": {
      "point_of_interest": {
        "x": 0.724609375,
        "y": 0.2845744680851064,
        "strength": 1.0
      },
      "visual_mass_concentration": 0.19993558843085107,
      "mean_visual_weight": 0.10865144431591034,
      "face_count": 0,
      "has_directional_cues": 0
    },
    "framing_breathing": {
      "frame_in_frame_count": 0,
      "breathing_space": {
        "top": 0.11835106382978723,
        "bottom": 0.4587765957446808,
        "left": 0.625,
        "right": 0.064453125,
        "min_margin": 0.064453125,
        "mean_margin": 0.316645196143617
      },
      "corner_anchors": {
        "top_left": 0.21656197309494019,
        "top_right": 0.31503602862358093,
        "bottom_left": 0.3893433213233948,
        "bottom_right": 0.43731969594955444,
        "max_corner_weight": 0.43731969594955444,
        "has_corner_subject": 1
      }
    }
  }
}