{
  "meta": {
    "_dataset": "tvm_data",
    "_label": "testImages_artphoto",
    "_relpath": "testImages_artphoto/fear_0920.jpg",
    "_filename": "fear_0920.jpg",
    "_width": 571,
    "_height": 350
  },
  "features": {
    "geometric_structural": {
      "leading_lines": {
        "diagonal": 0,
        "vertical": 0,
        "horizontal": 0,
        "curved": 37
      },
      "leading_lines_strength": 0.04431137724550898,
      "symmetry_vertical": 0.6465712633324163,
      "symmetry_horizontal": 0.598880612780831,
      "symmetry_radial": 0.45224415243275323,
      "rule_of_thirds": {
        "alignment_score": 1,
        "num_salient_objects": 26
      },
      "golden_ratio": {
        "golden_alignment_score": 2
      },
      "balance": {
        "static_balance": 0.877910852432251,
        "dynamic_balance": 1.0,
        "dominant_quadrant": 1
      },
      "layering": {
        "foreground_ratio": 0.18652460703592813,
        "midground_ratio": 0.336328125,
        "background_ratio": 0.47714726796407186,
        "depth_complexity": 0.012331514247708404
      }
    },
    "spatial_layout": {
      "negative_space_ratio": 0.2526735591317365,
      "subject_isolation": 0.1,
      "depth_of_field": {
        "blur_gradient_strength": 11.544351561730739,
        "sharpness_variance": 693.6394844867573,
        "min_sharpness": 0.7120743034055728,
        "max_sharpness": 161.0783540651638
      },
      "perspective": {
        "has_vanishing_point": 0,
        "perspective_strength": 0.0
      }
    },
    "contrast_color": {
      "high_contrast_ratio": 0.39617093937125747,
      "low_contrast_ratio": 0.6038290606287425,
      "mean_contrast": 17.571626663208008,
      "highlight_ratio": 0.0009894274407997727,
      "shadow_ratio": 0.033284991979599,
      "midtone_ratio": 0.9657255411148071,
      "warm_color_ratio": 0.8645209580838323,
      "cool_color_ratio": 0.0002526197604790419,
      "complementary_color_score": 0.0
    },
    "motion_dynamics": {
      "s_curve_count": 41,
      "motion_blur_score": 23.635702861882326,
      "dominant_direction_deg": 4.999999999999995,
      "direction_strength": 0.1343749999996857
    },
    "pattern_rhythm": {
      "repetition_score": 1.0,
      "rhythm_score": 1.0,
      "pattern_breaks": 7
    },
    "visual_mass_focus": {
      "point_of_interest": {
        "x": 0.41437125748502995,
        "y": 0.396484375,
        "strength": 1.0
      },
      "visual_mass_concentration": 0.1999789483532934,
      "mean_visual_weight": 0.20997577905654907,
      "face_count": 0,
      "has_directional_cues": 0
    },
    "framing_breathing": {
      "frame_in_frame_count": 0,
      "breathing_space": {
        "top": 0.265625,
        "bottom": 0.490234375,
        "left": 0.13053892215568863,
        "right": 0.7005988023952096,
        "min_margin": 0.13053892215568863,
        "mean_margin": 0.39674927488772455
      },
      "corner_anchors": {
        "top_left": 0.2681850790977478,
        "top_right": 0.28089818358421326,
        "bottom_left": 0.22366134822368622,
        "bottom_right": 0.15551336109638214,
        "max_corner_weight": 0.28089818358421326,
        "has_corner_subject": 0
      }
    }
  }
}