{
  "meta": {
    "_dataset": "tvm_data",
    "_label": "testImages_artphoto",
    "_relpath": "testImages_artphoto/fear_0712.jpg",
    "_filename": "fear_0712.jpg",
    "_width": 559,
    "_height": 358
  },
  "features": {
    "geometric_structural": {
      "leading_lines": {
        "diagonal": 4,
        "vertical": 0,
        "horizontal": 12,
        "curved": 267
      },
      "leading_lines_strength": 0.3541927409261577,
      "symmetry_vertical": 0.2160225604498984,
      "symmetry_horizontal": 0.2629976808332742,
      "symmetry_radial": 0.13383371397829677,
      "rule_of_thirds": {
        "alignment_score": 2,
        "num_salient_objects": 31
      },
      "golden_ratio": {
        "golden_alignment_score": 3
      },
      "balance": {
        "static_balance": 0.9446829557418823,
        "dynamic_balance": 1.0,
        "dominant_quadrant": 3
      },
      "layering": {
        "foreground_ratio": 0.2864004810700876,
        "midground_ratio": 0.29716100203379225,
        "background_ratio": 0.41643851689612016,
        "depth_complexity": 0.19512997791244313
      }
    },
    "spatial_layout": {
      "negative_space_ratio": 0.35496763532540676,
      "subject_isolation": 0.10000048889236546,
      "depth_of_field": {
        "blur_gradient_strength": 245.69337009919101,
        "sharpness_variance": 236869.97314944657,
        "min_sharpness": 2.994552268291807,
        "max_sharpness": 3946.285755478663
      },
      "perspective": {
        "has_vanishing_point": 1,
        "perspective_strength": 0.9940119760479041
      }
    },
    "contrast_color": {
      "high_contrast_ratio": 0.4653839760638298,
      "low_contrast_ratio": 0.5346160239361701,
      "mean_contrast": 27.43421173095703,
      "highlight_ratio": 0.13148270547389984,
      "shadow_ratio": 0.2208326756954193,
      "midtone_ratio": 0.6476845741271973,
      "warm_color_ratio": 0.9930112836357947,
      "cool_color_ratio": 0.0019726806946182727,
      "complementary_color_score": 2.1666666666666665
    },
    "motion_dynamics": {
      "s_curve_count": 347,
      "motion_blur_score": 10.645233104379106,
      "dominant_direction_deg": -85.0,
      "direction_strength": 0.06255866708370189
    },
    "pattern_rhythm": {
      "repetition_score": 1.0,
      "rhythm_score": 1.0,
      "pattern_breaks": 14
    },
    "visual_mass_focus": {
      "point_of_interest": {
        "x": 0.7108886107634543,
        "y": 0.521484375,
        "strength": 1.0
      },
      "visual_mass_concentration": 0.1995438634230288,
      "mean_visual_weight": 0.41712692379951477,
      "face_count": 0,
      "has_directional_cues": 0
    },
    "framing_breathing": {
      "frame_in_frame_count": 0,
      "breathing_space": {
        "top": 0.26953125,
        "bottom": 0.240234375,
        "left": 0.4455569461827284,
        "right": 0.0,
        "min_margin": 0.0,
        "mean_margin": 0.2388306427956821
      },
      "corner_anchors": {
        "top_left": 0.5446579456329346,
        "top_right": 0.16193850338459015,
        "bottom_left": 0.38701868057250977,
        "bottom_right": 0.3031429946422577,
        "max_corner_weight": 0.5446579456329346,
        "has_corner_subject": 1
      }
    }
  }
}