{
  "meta": {
    "_dataset": "tvm_data",
    "_label": "testImages_artphoto",
    "_relpath": "testImages_artphoto/fear_0693.jpg",
    "_filename": "fear_0693.jpg",
    "_width": 447,
    "_height": 447
  },
  "features": {
    "geometric_structural": {
      "leading_lines": {
        "diagonal": 26,
        "vertical": 16,
        "horizontal": 1,
        "curved": 135
      },
      "leading_lines_strength": 0.34765625,
      "symmetry_vertical": 0.4508116299907719,
      "symmetry_horizontal": 0.3671239309188591,
      "symmetry_radial": 0.2805009322307208,
      "rule_of_thirds": {
        "alignment_score": 0,
        "num_salient_objects": 20
      },
      "golden_ratio": {
        "golden_alignment_score": 1
      },
      "balance": {
        "static_balance": 0.8373060822486877,
        "dynamic_balance": 1.0,
        "dominant_quadrant": 0
      },
      "layering": {
        "foreground_ratio": 0.3248634338378906,
        "midground_ratio": 0.15345001220703125,
        "background_ratio": 0.5216865539550781,
        "depth_complexity": 0.6778813480324462
      }
    },
    "spatial_layout": {
      "negative_space_ratio": 0.7380104064941406,
      "subject_isolation": 0.10000228881835938,
      "depth_of_field": {
        "blur_gradient_strength": 753.4967834112168,
        "sharpness_variance": 1998453.6059116772,
        "min_sharpness": 0.11764705882352941,
        "max_sharpness": 8862.519511726261
      },
      "perspective": {
        "has_vanishing_point": 1,
        "perspective_strength": 0.9983978638184245
      }
    },
    "contrast_color": {
      "high_contrast_ratio": 0.4087486267089844,
      "low_contrast_ratio": 0.5912513732910156,
      "mean_contrast": 23.382282257080078,
      "highlight_ratio": 0.053009033203125,
      "shadow_ratio": 0.6113014221191406,
      "midtone_ratio": 0.3356895446777344,
      "warm_color_ratio": 0.4118919372558594,
      "cool_color_ratio": 0.4159584045410156,
      "complementary_color_score": 2.5
    },
    "motion_dynamics": {
      "s_curve_count": 118,
      "motion_blur_score": 6.096501702483872,
      "dominant_direction_deg": 4.999999999999995,
      "direction_strength": 0.13803100585884845
    },
    "pattern_rhythm": {
      "repetition_score": 1.0,
      "rhythm_score": 1.0,
      "pattern_breaks": 3
    },
    "visual_mass_focus": {
      "point_of_interest": {
        "x": 0.14453125,
        "y": 0.251953125,
        "strength": 1.0
      },
      "visual_mass_concentration": 0.19997406005859375,
      "mean_visual_weight": 0.17668195068836212,
      "face_count": 0,
      "has_directional_cues": 0
    },
    "framing_breathing": {
      "frame_in_frame_count": 0,
      "breathing_space": {
        "top": 0.111328125,
        "bottom": 0.525390625,
        "left": 0.0,
        "right": 0.763671875,
        "min_margin": 0.0,
        "mean_margin": 0.35009765625
      },
      "corner_anchors": {
        "top_left": 0.5066760778427124,
        "top_right": 0.18749164044857025,
        "bottom_left": 0.2645309567451477,
        "bottom_right": 0.2717868983745575,
        "max_corner_weight": 0.5066760778427124,
        "has_corner_subject": 1
      }
    }
  }
}