{
  "meta": {
    "_dataset": "tvm_data",
    "_label": "testImages_artphoto",
    "_relpath": "testImages_artphoto/fear_0959.jpg",
    "_filename": "fear_0959.jpg",
    "_width": 548,
    "_height": 365
  },
  "features": {
    "geometric_structural": {
      "leading_lines": {
        "diagonal": 4,
        "vertical": 7,
        "horizontal": 30,
        "curved": 231
      },
      "leading_lines_strength": 0.35370611183355005,
      "symmetry_vertical": 0.23396036310443263,
      "symmetry_horizontal": 0.07859807922846902,
      "symmetry_radial": 0.07473751664406093,
      "rule_of_thirds": {
        "alignment_score": 0,
        "num_salient_objects": 36
      },
      "golden_ratio": {
        "golden_alignment_score": 2
      },
      "balance": {
        "static_balance": 0.976218044757843,
        "dynamic_balance": 1.0,
        "dominant_quadrant": 0
      },
      "layering": {
        "foreground_ratio": 0.3335297464239272,
        "midground_ratio": 0.32701509671651496,
        "background_ratio": 0.33945515685955785,
        "depth_complexity": 0.2689835066713981
      }
    },
    "spatial_layout": {
      "negative_space_ratio": 0.6085419375812744,
      "subject_isolation": 0.10000050796488946,
      "depth_of_field": {
        "blur_gradient_strength": 202.24196121002998,
        "sharpness_variance": 70931.02479665267,
        "min_sharpness": 0.6658261890518848,
        "max_sharpness": 1897.5709638191092
      },
      "perspective": {
        "has_vanishing_point": 1,
        "perspective_strength": 0.9763075547608404
      }
    },
    "contrast_color": {
      "high_contrast_ratio": 0.4850937703185956,
      "low_contrast_ratio": 0.5149062296814044,
      "mean_contrast": 53.43370056152344,
      "highlight_ratio": 0.2541196048259735,
      "shadow_ratio": 0.4472402334213257,
      "midtone_ratio": 0.2986401319503784,
      "warm_color_ratio": 0.0,
      "cool_color_ratio": 0.0,
      "complementary_color_score": 0.0
    },
    "motion_dynamics": {
      "s_curve_count": 272,
      "motion_blur_score": 6.952599540657068,
      "dominant_direction_deg": 4.999999999999995,
      "direction_strength": 0.08271954242501747
    },
    "pattern_rhythm": {
      "repetition_score": 1.0,
      "rhythm_score": 1.0,
      "pattern_breaks": 25
    },
    "visual_mass_focus": {
      "point_of_interest": {
        "x": 0.4928478543563069,
        "y": 0.33984375,
        "strength": 1.0
      },
      "visual_mass_concentration": 0.0,
      "mean_visual_weight": 0.0,
      "face_count": 0,
      "has_directional_cues": 0
    },
    "framing_breathing": {
      "frame_in_frame_count": 0,
      "breathing_space": {
        "top": 0.5234375,
        "bottom": 0.1484375,
        "left": 0.11183355006501951,
        "right": 0.4265279583875163,
        "min_margin": 0.11183355006501951,
        "mean_margin": 0.30255912711313393
      },
      "corner_anchors": {
        "top_left": 0.43097320199012756,
        "top_right": 0.5657488107681274,
        "bottom_left": 0.47365567088127136,
        "bottom_right": 0.585293173789978,
        "max_corner_weight": 0.585293173789978,
        "has_corner_subject": 1
      }
    }
  }
}