{
  "meta": {
    "_dataset": "tvm_data",
    "_label": "testImages_artphoto",
    "_relpath": "testImages_artphoto/fear_0939.jpg",
    "_filename": "fear_0939.jpg",
    "_width": 515,
    "_height": 388
  },
  "features": {
    "geometric_structural": {
      "leading_lines": {
        "diagonal": 1,
        "vertical": 0,
        "horizontal": 0,
        "curved": 42
      },
      "leading_lines_strength": 0.06323529411764706,
      "symmetry_vertical": 0.3015053718580886,
      "symmetry_horizontal": 0.3189866093371396,
      "symmetry_radial": 0.24566069470131383,
      "rule_of_thirds": {
        "alignment_score": 0,
        "num_salient_objects": 7
      },
      "golden_ratio": {
        "golden_alignment_score": 1
      },
      "balance": {
        "static_balance": 0.8366202116012573,
        "dynamic_balance": 1.0,
        "dominant_quadrant": 2
      },
      "layering": {
        "foreground_ratio": 0.3110983455882353,
        "midground_ratio": 0.0,
        "background_ratio": 0.6889016544117647,
        "depth_complexity": 0.037086098134393924
      }
    },
    "spatial_layout": {
      "negative_space_ratio": 0.6073673023897059,
      "subject_isolation": 0.1,
      "depth_of_field": {
        "blur_gradient_strength": 41.26231376460746,
        "sharpness_variance": 4174.3225626322,
        "min_sharpness": 1.8627450980392157,
        "max_sharpness": 393.84309675351847
      },
      "perspective": {
        "has_vanishing_point": 1,
        "perspective_strength": 0.3333333333333333
      }
    },
    "contrast_color": {
      "high_contrast_ratio": 0.381591796875,
      "low_contrast_ratio": 0.618408203125,
      "mean_contrast": 25.61227035522461,
      "highlight_ratio": 0.0036822149995714426,
      "shadow_ratio": 0.31928423047065735,
      "midtone_ratio": 0.677033543586731,
      "warm_color_ratio": 0.8138671875,
      "cool_color_ratio": 0.0033605238970588237,
      "complementary_color_score": 2.7222222222222223
    },
    "motion_dynamics": {
      "s_curve_count": 69,
      "motion_blur_score": 9.938931161120472,
      "dominant_direction_deg": 4.999999999999995,
      "direction_strength": 0.0665441176468677
    },
    "pattern_rhythm": {
      "repetition_score": 1.0,
      "rhythm_score": 1.0,
      "pattern_breaks": 2
    },
    "visual_mass_focus": {
      "point_of_interest": {
        "x": 0.5117647058823529,
        "y": 0.673828125,
        "strength": 1.0
      },
      "visual_mass_concentration": 0.19817612591911765,
      "mean_visual_weight": 0.08837689459323883,
      "face_count": 0,
      "has_directional_cues": 0
    },
    "framing_breathing": {
      "frame_in_frame_count": 0,
      "breathing_space": {
        "top": 0.666015625,
        "bottom": 0.0,
        "left": 0.4308823529411765,
        "right": 0.2323529411764706,
        "min_margin": 0.0,
        "mean_margin": 0.3323127297794118
      },
      "corner_anchors": {
        "top_left": 0.1828206330537796,
        "top_right": 0.2748807370662689,
        "bottom_left": 0.5780641436576843,
        "bottom_right": 0.4042075276374817,
        "max_corner_weight": 0.5780641436576843,
        "has_corner_subject": 1
      }
    }
  }
}