{
  "meta": {
    "_dataset": "tvm_data",
    "_label": "testImages_artphoto",
    "_relpath": "testImages_artphoto/fear_0973.jpg",
    "_filename": "fear_0973.jpg",
    "_width": 353,
    "_height": 566
  },
  "features": {
    "geometric_structural": {
      "leading_lines": {
        "diagonal": 113,
        "vertical": 61,
        "horizontal": 5,
        "curved": 389
      },
      "leading_lines_strength": 0.6918392204628502,
      "symmetry_vertical": 0.30738600921906634,
      "symmetry_horizontal": 0.10944464561906553,
      "symmetry_radial": 0.09709979260076833,
      "rule_of_thirds": {
        "alignment_score": 1,
        "num_salient_objects": 14
      },
      "golden_ratio": {
        "golden_alignment_score": 0
      },
      "balance": {
        "static_balance": 0.9627475738525391,
        "dynamic_balance": 1.0,
        "dominant_quadrant": 1
      },
      "layering": {
        "foreground_ratio": 0.33865902862362973,
        "midground_ratio": 0.21678973812423874,
        "background_ratio": 0.44455123325213153,
        "depth_complexity": 0.27210262513915073
      }
    },
    "spatial_layout": {
      "negative_space_ratio": 0.5917516747868453,
      "subject_isolation": 0.10000190316686967,
      "depth_of_field": {
        "blur_gradient_strength": 155.33946080572653,
        "sharpness_variance": 69740.30681033907,
        "min_sharpness": 0.0,
        "max_sharpness": 972.2477020268873
      },
      "perspective": {
        "has_vanishing_point": 1,
        "perspective_strength": 0.9998104853298416
      }
    },
    "contrast_color": {
      "high_contrast_ratio": 0.40219863352618757,
      "low_contrast_ratio": 0.5978013664738124,
      "mean_contrast": 28.227815628051758,
      "highlight_ratio": 0.18914861977100372,
      "shadow_ratio": 0.40444913506507874,
      "midtone_ratio": 0.40640226006507874,
      "warm_color_ratio": 0.7179102276187577,
      "cool_color_ratio": 0.0018722404080389768,
      "complementary_color_score": 2.4444444444444446
    },
    "motion_dynamics": {
      "s_curve_count": 397,
      "motion_blur_score": 8.253766261833485,
      "dominant_direction_deg": 4.999999999999995,
      "direction_strength": 0.06129148903761302
    },
    "pattern_rhythm": {
      "repetition_score": 1.0,
      "rhythm_score": 1.0,
      "pattern_breaks": 4
    },
    "visual_mass_focus": {
      "point_of_interest": {
        "x": 0.51171875,
        "y": 0.11449451887941535,
        "strength": 1.0
      },
      "visual_mass_concentration": 0.19987058465286237,
      "mean_visual_weight": 0.11446966975927353,
      "face_count": 0,
      "has_directional_cues": 0
    },
    "framing_breathing": {
      "frame_in_frame_count": 0,
      "breathing_space": {
        "top": 0.023142509135200974,
        "bottom": 0.6626065773447016,
        "left": 0.107421875,
        "right": 0.09765625,
        "min_margin": 0.023142509135200974,
        "mean_margin": 0.22270680286997566
      },
      "corner_anchors": {
        "top_left": 0.46694377064704895,
        "top_right": 0.5169507265090942,
        "bottom_left": 0.4603590965270996,
        "bottom_right": 0.528179943561554,
        "max_corner_weight": 0.528179943561554,
        "has_corner_subject": 1
      }
    }
  }
}