{
  "meta": {
    "_dataset": "tvm_data",
    "_label": "testImages_artphoto",
    "_relpath": "testImages_artphoto/fear_0927.jpg",
    "_filename": "fear_0927.jpg",
    "_width": 417,
    "_height": 480
  },
  "features": {
    "geometric_structural": {
      "leading_lines": {
        "diagonal": 0,
        "vertical": 0,
        "horizontal": 0,
        "curved": 33
      },
      "leading_lines_strength": 0.05602716468590832,
      "symmetry_vertical": 0.41296038164183674,
      "symmetry_horizontal": 0.2648418262747033,
      "symmetry_radial": 0.2763248418115994,
      "rule_of_thirds": {
        "alignment_score": 2,
        "num_salient_objects": 21
      },
      "golden_ratio": {
        "golden_alignment_score": 6
      },
      "balance": {
        "static_balance": 0.9753526449203491,
        "dynamic_balance": 1.0,
        "dominant_quadrant": 2
      },
      "layering": {
        "foreground_ratio": 0.32451387415110355,
        "midground_ratio": 0.1698356589558574,
        "background_ratio": 0.505650466893039,
        "depth_complexity": 0.04116107489716817
      }
    },
    "spatial_layout": {
      "negative_space_ratio": 0.486503873089983,
      "subject_isolation": 0.10000066320033955,
      "depth_of_field": {
        "blur_gradient_strength": 71.50713798685554,
        "sharpness_variance": 55799.190009755665,
        "min_sharpness": 0.506318733175851,
        "max_sharpness": 2462.9266628219916
      },
      "perspective": {
        "has_vanishing_point": 0,
        "perspective_strength": 0.0
      }
    },
    "contrast_color": {
      "high_contrast_ratio": 0.4226211003820034,
      "low_contrast_ratio": 0.5773788996179966,
      "mean_contrast": 13.74199390411377,
      "highlight_ratio": 0.0,
      "shadow_ratio": 0.44710975885391235,
      "midtone_ratio": 0.5528902411460876,
      "warm_color_ratio": 0.4948336693548387,
      "cool_color_ratio": 0.0012501326400679118,
      "complementary_color_score": 2.2777777777777777
    },
    "motion_dynamics": {
      "s_curve_count": 42,
      "motion_blur_score": 12.42548886559165,
      "dominant_direction_deg": 4.999999999999995,
      "direction_strength": 0.10285242466010036
    },
    "pattern_rhythm": {
      "repetition_score": 1.0,
      "rhythm_score": 1.0,
      "pattern_breaks": 6
    },
    "visual_mass_focus": {
      "point_of_interest": {
        "x": 0.583984375,
        "y": 0.32767402376910015,
        "strength": 1.0
      },
      "visual_mass_concentration": 0.19951719015280137,
      "mean_visual_weight": 0.04993918165564537,
      "face_count": 0,
      "has_directional_cues": 0
    },
    "framing_breathing": {
      "frame_in_frame_count": 0,
      "breathing_space": {
        "top": 0.1867572156196944,
        "bottom": 0.45161290322580644,
        "left": 0.279296875,
        "right": 0.126953125,
        "min_margin": 0.126953125,
        "mean_margin": 0.2611550297113752
      },
      "corner_anchors": {
        "top_left": 0.21449077129364014,
        "top_right": 0.24824251234531403,
        "bottom_left": 0.5924203991889954,
        "bottom_right": 0.5269187688827515,
        "max_corner_weight": 0.5924203991889954,
        "has_corner_subject": 1
      }
    }
  }
}