{
  "meta": {
    "_dataset": "tvm_data",
    "_label": "testImages_artphoto",
    "_relpath": "testImages_artphoto/fear_0670.jpg",
    "_filename": "fear_0670.jpg",
    "_width": 447,
    "_height": 447
  },
  "features": {
    "geometric_structural": {
      "leading_lines": {
        "diagonal": 0,
        "vertical": 0,
        "horizontal": 0,
        "curved": 90
      },
      "leading_lines_strength": 0.17578125,
      "symmetry_vertical": 0.3301962391286779,
      "symmetry_horizontal": 0.4082705115318417,
      "symmetry_radial": 0.32586017601516143,
      "rule_of_thirds": {
        "alignment_score": 2,
        "num_salient_objects": 24
      },
      "golden_ratio": {
        "golden_alignment_score": 4
      },
      "balance": {
        "static_balance": 0.9653018712997437,
        "dynamic_balance": 1.0,
        "dominant_quadrant": 0
      },
      "layering": {
        "foreground_ratio": 0.25771331787109375,
        "midground_ratio": 0.39839935302734375,
        "background_ratio": 0.3438873291015625,
        "depth_complexity": 0.15003330487546918
      }
    },
    "spatial_layout": {
      "negative_space_ratio": 0.3873023986816406,
      "subject_isolation": 0.10000228881835938,
      "depth_of_field": {
        "blur_gradient_strength": 205.63530265645196,
        "sharpness_variance": 109765.14417932961,
        "min_sharpness": 0.11764705882352941,
        "max_sharpness": 1585.830704217066
      },
      "perspective": {
        "has_vanishing_point": 1,
        "perspective_strength": 0.9666666666666667
      }
    },
    "contrast_color": {
      "high_contrast_ratio": 0.4381256103515625,
      "low_contrast_ratio": 0.5618743896484375,
      "mean_contrast": 22.787607192993164,
      "highlight_ratio": 0.20250320434570312,
      "shadow_ratio": 0.25081634521484375,
      "midtone_ratio": 0.5466804504394531,
      "warm_color_ratio": 0.8032112121582031,
      "cool_color_ratio": 0.00890350341796875,
      "complementary_color_score": 2.0555555555555554
    },
    "motion_dynamics": {
      "s_curve_count": 111,
      "motion_blur_score": 13.223917626131238,
      "dominant_direction_deg": 4.999999999999995,
      "direction_strength": 0.12947082519481862
    },
    "pattern_rhythm": {
      "repetition_score": 1.0,
      "rhythm_score": 1.0,
      "pattern_breaks": 8
    },
    "visual_mass_focus": {
      "point_of_interest": {
        "x": 0.77734375,
        "y": 0.525390625,
        "strength": 1.0
      },
      "visual_mass_concentration": 0.19990158081054688,
      "mean_visual_weight": 0.1710885763168335,
      "face_count": 1,
      "has_directional_cues": 1
    },
    "framing_breathing": {
      "frame_in_frame_count": 0,
      "breathing_space": {
        "top": 0.0,
        "bottom": 0.0,
        "left": 0.529296875,
        "right": 0.0,
        "min_margin": 0.0,
        "mean_margin": 0.13232421875
      },
      "corner_anchors": {
        "top_left": 0.4711434543132782,
        "top_right": 0.8529655933380127,
        "bottom_left": 0.47596389055252075,
        "bottom_right": 0.8075874447822571,
        "max_corner_weight": 0.8529655933380127,
        "has_corner_subject": 1
      }
    }
  }
}