{
  "meta": {
    "_dataset": "tvm_data",
    "_label": "testImages_artphoto",
    "_relpath": "testImages_artphoto/fear_0971.jpg",
    "_filename": "fear_0971.jpg",
    "_width": 387,
    "_height": 517
  },
  "features": {
    "geometric_structural": {
      "leading_lines": {
        "diagonal": 0,
        "vertical": 1,
        "horizontal": 7,
        "curved": 323
      },
      "leading_lines_strength": 0.48391812865497075,
      "symmetry_vertical": 0.2685619747773134,
      "symmetry_horizontal": 0.14512840358994492,
      "symmetry_radial": 0.14530586412641597,
      "rule_of_thirds": {
        "alignment_score": 1,
        "num_salient_objects": 117
      },
      "golden_ratio": {
        "golden_alignment_score": 7
      },
      "balance": {
        "static_balance": 0.938889741897583,
        "dynamic_balance": 1.0,
        "dominant_quadrant": 3
      },
      "layering": {
        "foreground_ratio": 0.2946791620979532,
        "midground_ratio": 0.2705877649853801,
        "background_ratio": 0.4347330729166667,
        "depth_complexity": 0.3138184665223119
      }
    },
    "spatial_layout": {
      "negative_space_ratio": 0.44263123629385964,
      "subject_isolation": 0.10000057108918128,
      "depth_of_field": {
        "blur_gradient_strength": 329.8800325971544,
        "sharpness_variance": 252890.45439994943,
        "min_sharpness": 2.1924158646579754,
        "max_sharpness": 2497.189926951172
      },
      "perspective": {
        "has_vanishing_point": 1,
        "perspective_strength": 0.9972011195521792
      }
    },
    "contrast_color": {
      "high_contrast_ratio": 0.5203279194078947,
      "low_contrast_ratio": 0.4796720805921053,
      "mean_contrast": 45.62348937988281,
      "highlight_ratio": 0.32739686965942383,
      "shadow_ratio": 0.2610248625278473,
      "midtone_ratio": 0.4115782678127289,
      "warm_color_ratio": 0.0,
      "cool_color_ratio": 0.0,
      "complementary_color_score": 0.0
    },
    "motion_dynamics": {
      "s_curve_count": 319,
      "motion_blur_score": 7.8172749234768215,
      "dominant_direction_deg": 4.999999999999995,
      "direction_strength": 0.052334612572949975
    },
    "pattern_rhythm": {
      "repetition_score": 1.0,
      "rhythm_score": 1.0,
      "pattern_breaks": 38
    },
    "visual_mass_focus": {
      "point_of_interest": {
        "x": 0.451171875,
        "y": 0.6052631578947368,
        "strength": 1.0
      },
      "visual_mass_concentration": 0.00042260599415204676,
      "mean_visual_weight": 3.134601001875126e-06,
      "face_count": 0,
      "has_directional_cues": 0
    },
    "framing_breathing": {
      "frame_in_frame_count": 0,
      "breathing_space": {
        "top": 0.7514619883040936,
        "bottom": 0.0,
        "left": 0.177734375,
        "right": 0.123046875,
        "min_margin": 0.0,
        "mean_margin": 0.2630608095760234
      },
      "corner_anchors": {
        "top_left": 0.456886887550354,
        "top_right": 0.5010796189308167,
        "bottom_left": 0.4824923872947693,
        "bottom_right": 0.5464991331100464,
        "max_corner_weight": 0.5464991331100464,
        "has_corner_subject": 1
      }
    }
  }
}