{
  "meta": {
    "_dataset": "tvm_data",
    "_label": "testImages_artphoto",
    "_relpath": "testImages_artphoto/fear_0936.jpg",
    "_filename": "fear_0936.jpg",
    "_width": 550,
    "_height": 363
  },
  "features": {
    "geometric_structural": {
      "leading_lines": {
        "diagonal": 13,
        "vertical": 2,
        "horizontal": 29,
        "curved": 149
      },
      "leading_lines_strength": 0.24871134020618557,
      "symmetry_vertical": 0.40067509884703073,
      "symmetry_horizontal": 0.5487199729917286,
      "symmetry_radial": 0.2536976808041601,
      "rule_of_thirds": {
        "alignment_score": 0,
        "num_salient_objects": 44
      },
      "golden_ratio": {
        "golden_alignment_score": 3
      },
      "balance": {
        "static_balance": 0.8861494064331055,
        "dynamic_balance": 1.0,
        "dominant_quadrant": 0
      },
      "layering": {
        "foreground_ratio": 0.28148658988402064,
        "midground_ratio": 0.1307838675902062,
        "background_ratio": 0.5877295425257731,
        "depth_complexity": 0.2970543737833907
      }
    },
    "spatial_layout": {
      "negative_space_ratio": 0.24518766108247422,
      "subject_isolation": 0.10000201353092783,
      "depth_of_field": {
        "blur_gradient_strength": 2964.9639039302097,
        "sharpness_variance": 46213257.26293453,
        "min_sharpness": 0.0,
        "max_sharpness": 48400.0
      },
      "perspective": {
        "has_vanishing_point": 1,
        "perspective_strength": 0.9973443493655946
      }
    },
    "contrast_color": {
      "high_contrast_ratio": 0.3624229824420103,
      "low_contrast_ratio": 0.6375770175579897,
      "mean_contrast": 28.114418029785156,
      "highlight_ratio": 0.4746798574924469,
      "shadow_ratio": 0.2029513269662857,
      "midtone_ratio": 0.322368860244751,
      "warm_color_ratio": 0.23628785438144329,
      "cool_color_ratio": 0.005927331668814433,
      "complementary_color_score": 2.888888888888889
    },
    "motion_dynamics": {
      "s_curve_count": 136,
      "motion_blur_score": 11.84744057812318,
      "dominant_direction_deg": 4.999999999999995,
      "direction_strength": 0.13667092864011993
    },
    "pattern_rhythm": {
      "repetition_score": 1.0,
      "rhythm_score": 1.0,
      "pattern_breaks": 10
    },
    "visual_mass_focus": {
      "point_of_interest": {
        "x": 0.30927835051546393,
        "y": 0.46484375,
        "strength": 1.0
      },
      "visual_mass_concentration": 0.19932194346005155,
      "mean_visual_weight": 0.06338196992874146,
      "face_count": 0,
      "has_directional_cues": 0
    },
    "framing_breathing": {
      "frame_in_frame_count": 0,
      "breathing_space": {
        "top": 0.0,
        "bottom": 0.001953125,
        "left": 0.14561855670103094,
        "right": 0.4162371134020619,
        "min_margin": 0.0,
        "mean_margin": 0.1409521987757732
      },
      "corner_anchors": {
        "top_left": 0.3782464265823364,
        "top_right": 0.33378320932388306,
        "bottom_left": 0.289533793926239,
        "bottom_right": 0.21935738623142242,
        "max_corner_weight": 0.3782464265823364,
        "has_corner_subject": 1
      }
    }
  }
}