{
  "meta": {
    "_dataset": "tvm_data",
    "_label": "testImages_artphoto",
    "_relpath": "testImages_artphoto/fear_0690.jpg",
    "_filename": "fear_0690.jpg",
    "_width": 548,
    "_height": 365
  },
  "features": {
    "geometric_structural": {
      "leading_lines": {
        "diagonal": 31,
        "vertical": 1,
        "horizontal": 6,
        "curved": 367
      },
      "leading_lines_strength": 0.5266579973992198,
      "symmetry_vertical": 0.3186219209076931,
      "symmetry_horizontal": 0.1404390378828256,
      "symmetry_radial": 0.19359420071788702,
      "rule_of_thirds": {
        "alignment_score": 0,
        "num_salient_objects": 28
      },
      "golden_ratio": {
        "golden_alignment_score": 5
      },
      "balance": {
        "static_balance": 0.9661775827407837,
        "dynamic_balance": 1.0,
        "dominant_quadrant": 0
      },
      "layering": {
        "foreground_ratio": 0.3269998577698309,
        "midground_ratio": 0.2749283769505852,
        "background_ratio": 0.3980717652795839,
        "depth_complexity": 0.24433539313430586
      }
    },
    "spatial_layout": {
      "negative_space_ratio": 0.77749613946684,
      "subject_isolation": 0.10000050796488946,
      "depth_of_field": {
        "blur_gradient_strength": 216.80507090872135,
        "sharpness_variance": 255002.60108534218,
        "min_sharpness": 0.0,
        "max_sharpness": 3718.0255664244123
      },
      "perspective": {
        "has_vanishing_point": 1,
        "perspective_strength": 0.9996463515265825
      }
    },
    "contrast_color": {
      "high_contrast_ratio": 0.46242583712613783,
      "low_contrast_ratio": 0.5375741628738622,
      "mean_contrast": 26.671077728271484,
      "highlight_ratio": 0.02250538393855095,
      "shadow_ratio": 0.7183639407157898,
      "midtone_ratio": 0.25913065671920776,
      "warm_color_ratio": 0.5317782834850455,
      "cool_color_ratio": 0.24907296407672302,
      "complementary_color_score": 2.0555555555555554
    },
    "motion_dynamics": {
      "s_curve_count": 338,
      "motion_blur_score": 4.554874461254921,
      "dominant_direction_deg": 4.999999999999995,
      "direction_strength": 0.3422438841018616
    },
    "pattern_rhythm": {
      "repetition_score": 1.0,
      "rhythm_score": 1.0,
      "pattern_breaks": 7
    },
    "visual_mass_focus": {
      "point_of_interest": {
        "x": 0.4187256176853056,
        "y": 0.509765625,
        "strength": 1.0
      },
      "visual_mass_concentration": 0.19877428072171652,
      "mean_visual_weight": 0.043012283742427826,
      "face_count": 0,
      "has_directional_cues": 0
    },
    "framing_breathing": {
      "frame_in_frame_count": 0,
      "breathing_space": {
        "top": 0.412109375,
        "bottom": 0.38671875,
        "left": 0.5214564369310793,
        "right": 0.1976592977893368,
        "min_margin": 0.1976592977893368,
        "mean_margin": 0.37948596493010406
      },
      "corner_anchors": {
        "top_left": 0.20920521020889282,
        "top_right": 0.14037218689918518,
        "bottom_left": 0.19301508367061615,
        "bottom_right": 0.18139079213142395,
        "max_corner_weight": 0.20920521020889282,
        "has_corner_subject": 0
      }
    }
  }
}