{
  "meta": {
    "_dataset": "tvm_data",
    "_label": "testImages_artphoto",
    "_relpath": "testImages_artphoto/fear_0967.jpg",
    "_filename": "fear_0967.jpg",
    "_width": 516,
    "_height": 387
  },
  "features": {
    "geometric_structural": {
      "leading_lines": {
        "diagonal": 0,
        "vertical": 0,
        "horizontal": 0,
        "curved": 150
      },
      "leading_lines_strength": 0.21961932650073207,
      "symmetry_vertical": 0.26199372962665857,
      "symmetry_horizontal": 0.4696022059872927,
      "symmetry_radial": 0.25187745936288974,
      "rule_of_thirds": {
        "alignment_score": 0,
        "num_salient_objects": 36
      },
      "golden_ratio": {
        "golden_alignment_score": 1
      },
      "balance": {
        "static_balance": 0.9462122321128845,
        "dynamic_balance": 1.0,
        "dominant_quadrant": 1
      },
      "layering": {
        "foreground_ratio": 0.28075814421669104,
        "midground_ratio": 0.23885889458272327,
        "background_ratio": 0.48038296120058566,
        "depth_complexity": 0.11402268597033421
      }
    },
    "spatial_layout": {
      "negative_space_ratio": 0.5443842651903368,
      "subject_isolation": 0.10000114385065886,
      "depth_of_field": {
        "blur_gradient_strength": 153.8319294348492,
        "sharpness_variance": 75232.37165867724,
        "min_sharpness": 0.42147251057285656,
        "max_sharpness": 2139.590253748558
      },
      "perspective": {
        "has_vanishing_point": 1,
        "perspective_strength": 0.9230769230769231
      }
    },
    "contrast_color": {
      "high_contrast_ratio": 0.4405855371522694,
      "low_contrast_ratio": 0.5594144628477307,
      "mean_contrast": 27.66288185119629,
      "highlight_ratio": 0.3142014741897583,
      "shadow_ratio": 0.37711039185523987,
      "midtone_ratio": 0.30868813395500183,
      "warm_color_ratio": 0.4617124588213763,
      "cool_color_ratio": 0.45257023243045386,
      "complementary_color_score": 2.5
    },
    "motion_dynamics": {
      "s_curve_count": 173,
      "motion_blur_score": 11.705977460009677,
      "dominant_direction_deg": 4.999999999999995,
      "direction_strength": 0.2589992450578245
    },
    "pattern_rhythm": {
      "repetition_score": 1.0,
      "rhythm_score": 1.0,
      "pattern_breaks": 14
    },
    "visual_mass_focus": {
      "point_of_interest": {
        "x": 0.5724743777452416,
        "y": 0.5234375,
        "strength": 1.0
      },
      "visual_mass_concentration": 0.19991077964860907,
      "mean_visual_weight": 0.20756861567497253,
      "face_count": 0,
      "has_directional_cues": 0
    },
    "framing_breathing": {
      "frame_in_frame_count": 0,
      "breathing_space": {
        "top": 0.0,
        "bottom": 0.0,
        "left": 0.11420204978038068,
        "right": 0.2225475841874085,
        "min_margin": 0.0,
        "mean_margin": 0.0841874084919473
      },
      "corner_anchors": {
        "top_left": 0.4097762405872345,
        "top_right": 0.7776703238487244,
        "bottom_left": 0.5602654814720154,
        "bottom_right": 0.798298716545105,
        "max_corner_weight": 0.798298716545105,
        "has_corner_subject": 1
      }
    }
  }
}