{
  "meta": {
    "_dataset": "tvm_data",
    "_label": "testImages_artphoto",
    "_relpath": "testImages_artphoto/sad_0621.jpg",
    "_filename": "sad_0621.jpg",
    "_width": 520,
    "_height": 385
  },
  "features": {
    "geometric_structural": {
      "leading_lines": {
        "diagonal": 0,
        "vertical": 0,
        "horizontal": 113,
        "curved": 319
      },
      "leading_lines_strength": 0.6242774566473989,
      "symmetry_vertical": 0.3853568786790058,
      "symmetry_horizontal": 0.24723848946416965,
      "symmetry_radial": 0.24268730227876514,
      "rule_of_thirds": {
        "alignment_score": 0,
        "num_salient_objects": 15
      },
      "golden_ratio": {
        "golden_alignment_score": 0
      },
      "balance": {
        "static_balance": 0.8053274154663086,
        "dynamic_balance": 1.0,
        "dominant_quadrant": 2
      },
      "layering": {
        "foreground_ratio": 0.3294261425216763,
        "midground_ratio": 0.20462935783959538,
        "background_ratio": 0.4659444996387283,
        "depth_complexity": 0.24492922566222156
      }
    },
    "spatial_layout": {
      "negative_space_ratio": 0.26115708544075145,
      "subject_isolation": 0.10000169346098266,
      "depth_of_field": {
        "blur_gradient_strength": 309.08461902133155,
        "sharpness_variance": 672271.8434504119,
        "min_sharpness": 1.275945728364788,
        "max_sharpness": 4570.775951557092
      },
      "perspective": {
        "has_vanishing_point": 1,
        "perspective_strength": 0.9910313901345291
      }
    },
    "contrast_color": {
      "high_contrast_ratio": 0.44653461434248554,
      "low_contrast_ratio": 0.5534653856575145,
      "mean_contrast": 18.025949478149414,
      "highlight_ratio": 0.3680398762226105,
      "shadow_ratio": 0.11626456677913666,
      "midtone_ratio": 0.5156955718994141,
      "warm_color_ratio": 0.000626580563583815,
      "cool_color_ratio": 0.1512091311416185,
      "complementary_color_score": 2.5
    },
    "motion_dynamics": {
      "s_curve_count": 229,
      "motion_blur_score": 15.020681731355022,
      "dominant_direction_deg": -85.0,
      "direction_strength": 0.10053231123526539
    },
    "pattern_rhythm": {
      "repetition_score": 1.0,
      "rhythm_score": 1.0,
      "pattern_breaks": 2
    },
    "visual_mass_focus": {
      "point_of_interest": {
        "x": 0.08959537572254335,
        "y": 0.78125,
        "strength": 1.0
      },
      "visual_mass_concentration": 0.19951510567196531,
      "mean_visual_weight": 0.07667086273431778,
      "face_count": 0,
      "has_directional_cues": 0
    },
    "framing_breathing": {
      "frame_in_frame_count": 0,
      "breathing_space": {
        "top": 0.337890625,
        "bottom": 0.0,
        "left": 0.0,
        "right": 0.6358381502890174,
        "min_margin": 0.0,
        "mean_margin": 0.24343219382225434
      },
      "corner_anchors": {
        "top_left": 0.16444700956344604,
        "top_right": 0.47021448612213135,
        "bottom_left": 0.8743338584899902,
        "bottom_right": 0.17962320148944855,
        "max_corner_weight": 0.8743338584899902,
        "has_corner_subject": 1
      }
    }
  }
}