{
  "meta": {
    "_dataset": "tvm_data",
    "_label": "testImages_artphoto",
    "_relpath": "testImages_artphoto/sad_0312.jpg",
    "_filename": "sad_0312.jpg",
    "_width": 362,
    "_height": 552
  },
  "features": {
    "geometric_structural": {
      "leading_lines": {
        "diagonal": 403,
        "vertical": 193,
        "horizontal": 10,
        "curved": 704
      },
      "leading_lines_strength": 1.6773367477592829,
      "symmetry_vertical": 0.044022339953192574,
      "symmetry_horizontal": 0.034114578648753016,
      "symmetry_radial": 0.03201567355744967,
      "rule_of_thirds": {
        "alignment_score": 1,
        "num_salient_objects": 70
      },
      "golden_ratio": {
        "golden_alignment_score": 1
      },
      "balance": {
        "static_balance": 0.9849097728729248,
        "dynamic_balance": 1.0,
        "dominant_quadrant": 0
      },
      "layering": {
        "foreground_ratio": 0.31754911571702943,
        "midground_ratio": 0.34797885323303457,
        "background_ratio": 0.334472031049936,
        "depth_complexity": 1.3507925417266426
      }
    },
    "spatial_layout": {
      "negative_space_ratio": 0.5832391365236875,
      "subject_isolation": 0.10000200064020487,
      "depth_of_field": {
        "blur_gradient_strength": 546.3424807674465,
        "sharpness_variance": 568111.8446284228,
        "min_sharpness": 49.0771484375,
        "max_sharpness": 4489.53018069973
      },
      "perspective": {
        "has_vanishing_point": 1,
        "perspective_strength": 0.9997411842212212
      }
    },
    "contrast_color": {
      "high_contrast_ratio": 0.4734314980793854,
      "low_contrast_ratio": 0.5265685019206146,
      "mean_contrast": 39.36244201660156,
      "highlight_ratio": 0.027281230315566063,
      "shadow_ratio": 0.2746453881263733,
      "midtone_ratio": 0.6980733871459961,
      "warm_color_ratio": 0.9103338068181818,
      "cool_color_ratio": 0.0011853793213828425,
      "complementary_color_score": 2.7222222222222223
    },
    "motion_dynamics": {
      "s_curve_count": 462,
      "motion_blur_score": 3.8585457462589496,
      "dominant_direction_deg": 175.0,
      "direction_strength": 0.032145286491596946
    },
    "pattern_rhythm": {
      "repetition_score": 1.0,
      "rhythm_score": 1.0,
      "pattern_breaks": 9
    },
    "visual_mass_focus": {
      "point_of_interest": {
        "x": 0.49609375,
        "y": 0.6197183098591549,
        "strength": 1.0
      },
      "visual_mass_concentration": 0.199341289212548,
      "mean_visual_weight": 0.13263408839702606,
      "face_count": 0,
      "has_directional_cues": 0
    },
    "framing_breathing": {
      "frame_in_frame_count": 0,
      "breathing_space": {
        "top": 0.6594110115236875,
        "bottom": 0.22279129321382843,
        "left": 0.50390625,
        "right": 0.296875,
        "min_margin": 0.22279129321382843,
        "mean_margin": 0.420745888684379
      },
      "corner_anchors": {
        "top_left": 0.316358745098114,
        "top_right": 0.24724562466144562,
        "bottom_left": 0.19319722056388855,
        "bottom_right": 0.3049192428588867,
        "max_corner_weight": 0.316358745098114,
        "has_corner_subject": 1
      }
    }
  }
}