{
  "meta": {
    "_dataset": "tvm_data",
    "_label": "testImages_artphoto",
    "_relpath": "testImages_artphoto/sad_0297.jpg",
    "_filename": "sad_0297.jpg",
    "_width": 522,
    "_height": 383
  },
  "features": {
    "geometric_structural": {
      "leading_lines": {
        "diagonal": 0,
        "vertical": 0,
        "horizontal": 1,
        "curved": 166
      },
      "leading_lines_strength": 0.23925501432664756,
      "symmetry_vertical": 0.41121962257265116,
      "symmetry_horizontal": 0.40245914411969497,
      "symmetry_radial": 0.24760978927486424,
      "rule_of_thirds": {
        "alignment_score": 2,
        "num_salient_objects": 19
      },
      "golden_ratio": {
        "golden_alignment_score": 5
      },
      "balance": {
        "static_balance": 0.9069018363952637,
        "dynamic_balance": 1.0,
        "dominant_quadrant": 2
      },
      "layering": {
        "foreground_ratio": 0.29266654727793695,
        "midground_ratio": 0.12638229763610315,
        "background_ratio": 0.5809511550859598,
        "depth_complexity": 0.04503674840781099
      }
    },
    "spatial_layout": {
      "negative_space_ratio": 0.28686033757163326,
      "subject_isolation": 0.10000111926934098,
      "depth_of_field": {
        "blur_gradient_strength": 33.441625746711836,
        "sharpness_variance": 3566.7150782408426,
        "min_sharpness": 1.6016916570549788,
        "max_sharpness": 293.5734166656689
      },
      "perspective": {
        "has_vanishing_point": 1,
        "perspective_strength": 0.7142857142857143
      }
    },
    "contrast_color": {
      "high_contrast_ratio": 0.39073133058739257,
      "low_contrast_ratio": 0.6092686694126075,
      "mean_contrast": 26.30525779724121,
      "highlight_ratio": 0.3230687081813812,
      "shadow_ratio": 0.19451221823692322,
      "midtone_ratio": 0.48241904377937317,
      "warm_color_ratio": 0.10516374910458452,
      "cool_color_ratio": 0.1241493553008596,
      "complementary_color_score": 2.4444444444444446
    },
    "motion_dynamics": {
      "s_curve_count": 167,
      "motion_blur_score": 13.716795414332168,
      "dominant_direction_deg": 4.999999999999995,
      "direction_strength": 0.08163390938372572
    },
    "pattern_rhythm": {
      "repetition_score": 1.0,
      "rhythm_score": 1.0,
      "pattern_breaks": 11
    },
    "visual_mass_focus": {
      "point_of_interest": {
        "x": 0.6146131805157593,
        "y": 0.4375,
        "strength": 1.0
      },
      "visual_mass_concentration": 0.19991269699140402,
      "mean_visual_weight": 0.06441808491945267,
      "face_count": 0,
      "has_directional_cues": 0
    },
    "framing_breathing": {
      "frame_in_frame_count": 0,
      "breathing_space": {
        "top": 0.20703125,
        "bottom": 0.109375,
        "left": 0.24212034383954154,
        "right": 0.27363896848137537,
        "min_margin": 0.109375,
        "mean_margin": 0.20804139058022922
      },
      "corner_anchors": {
        "top_left": 0.5432201623916626,
        "top_right": 0.612139105796814,
        "bottom_left": 0.47347334027290344,
        "bottom_right": 0.18466146290302277,
        "max_corner_weight": 0.612139105796814,
        "has_corner_subject": 1
      }
    }
  }
}