{
  "meta": {
    "_dataset": "tvm_data",
    "_label": "testImages_artphoto",
    "_relpath": "testImages_artphoto/sad_0385.jpg",
    "_filename": "sad_0385.jpg",
    "_width": 519,
    "_height": 385
  },
  "features": {
    "geometric_structural": {
      "leading_lines": {
        "diagonal": 9,
        "vertical": 0,
        "horizontal": 154,
        "curved": 322
      },
      "leading_lines_strength": 0.7028985507246377,
      "symmetry_vertical": 0.18978521307290194,
      "symmetry_horizontal": 0.0468378420681147,
      "symmetry_radial": 0.08685623716530312,
      "rule_of_thirds": {
        "alignment_score": 1,
        "num_salient_objects": 30
      },
      "golden_ratio": {
        "golden_alignment_score": 2
      },
      "balance": {
        "static_balance": 0.9835336208343506,
        "dynamic_balance": 1.0,
        "dominant_quadrant": 1
      },
      "layering": {
        "foreground_ratio": 0.33819067028985506,
        "midground_ratio": 0.2655485733695652,
        "background_ratio": 0.3962607563405797,
        "depth_complexity": 0.8856454737872193
      }
    },
    "spatial_layout": {
      "negative_space_ratio": 0.6346156023550724,
      "subject_isolation": 0.1,
      "depth_of_field": {
        "blur_gradient_strength": 426.9167350356182,
        "sharpness_variance": 1189521.3806593763,
        "min_sharpness": 0.16528318966428346,
        "max_sharpness": 3845.028190588868
      },
      "perspective": {
        "has_vanishing_point": 1,
        "perspective_strength": 0.9974963976945245
      }
    },
    "contrast_color": {
      "high_contrast_ratio": 0.49386039402173915,
      "low_contrast_ratio": 0.5061396059782608,
      "mean_contrast": 37.01089096069336,
      "highlight_ratio": 0.04105525463819504,
      "shadow_ratio": 0.546238124370575,
      "midtone_ratio": 0.4127066135406494,
      "warm_color_ratio": 0.45547441123188404,
      "cool_color_ratio": 0.024068727355072463,
      "complementary_color_score": 2.611111111111111
    },
    "motion_dynamics": {
      "s_curve_count": 278,
      "motion_blur_score": 3.9706908312009266,
      "dominant_direction_deg": 4.999999999999995,
      "direction_strength": 0.14266587409379905
    },
    "pattern_rhythm": {
      "repetition_score": 1.0,
      "rhythm_score": 1.0,
      "pattern_breaks": 8
    },
    "visual_mass_focus": {
      "point_of_interest": {
        "x": 0.518840579710145,
        "y": 0.31640625,
        "strength": 1.0
      },
      "visual_mass_concentration": 0.199903759057971,
      "mean_visual_weight": 0.06575878709554672,
      "face_count": 1,
      "has_directional_cues": 1
    },
    "framing_breathing": {
      "frame_in_frame_count": 0,
      "breathing_space": {
        "top": 0.146484375,
        "bottom": 0.619140625,
        "left": 0.45362318840579713,
        "right": 0.4246376811594203,
        "min_margin": 0.146484375,
        "mean_margin": 0.41097146739130436
      },
      "corner_anchors": {
        "top_left": 0.15930543839931488,
        "top_right": 0.2466721534729004,
        "bottom_left": 0.2872922420501709,
        "bottom_right": 0.29507505893707275,
        "max_corner_weight": 0.29507505893707275,
        "has_corner_subject": 0
      }
    }
  }
}