{
  "meta": {
    "_dataset": "tvm_data",
    "_label": "testImages_artphoto",
    "_relpath": "testImages_artphoto/sad_0650.jpg",
    "_filename": "sad_0650.jpg",
    "_width": 359,
    "_height": 557
  },
  "features": {
    "geometric_structural": {
      "leading_lines": {
        "diagonal": 0,
        "vertical": 0,
        "horizontal": 42,
        "curved": 206
      },
      "leading_lines_strength": 0.3123425692695214,
      "symmetry_vertical": 0.46557147993231934,
      "symmetry_horizontal": 0.42609061769345336,
      "symmetry_radial": 0.35597551468119776,
      "rule_of_thirds": {
        "alignment_score": 0,
        "num_salient_objects": 40
      },
      "golden_ratio": {
        "golden_alignment_score": 1
      },
      "balance": {
        "static_balance": 0.906984806060791,
        "dynamic_balance": 1.0,
        "dominant_quadrant": 1
      },
      "layering": {
        "foreground_ratio": 0.2667343946788413,
        "midground_ratio": 0.12189320292821158,
        "background_ratio": 0.6113724023929471,
        "depth_complexity": 0.057786754329057104
      }
    },
    "spatial_layout": {
      "negative_space_ratio": 0.716100735988665,
      "subject_isolation": 0.10000049197103275,
      "depth_of_field": {
        "blur_gradient_strength": 62.53492843398382,
        "sharpness_variance": 14491.686381957465,
        "min_sharpness": 0.0392156862745098,
        "max_sharpness": 729.8527576638152
      },
      "perspective": {
        "has_vanishing_point": 1,
        "perspective_strength": 0.9369747899159664
      }
    },
    "contrast_color": {
      "high_contrast_ratio": 0.44222046205919396,
      "low_contrast_ratio": 0.557779537940806,
      "mean_contrast": 24.295270919799805,
      "highlight_ratio": 0.09849260002374649,
      "shadow_ratio": 0.07290026545524597,
      "midtone_ratio": 0.8286070823669434,
      "warm_color_ratio": 0.41257428762594456,
      "cool_color_ratio": 0.08808249370277078,
      "complementary_color_score": 2.1666666666666665
    },
    "motion_dynamics": {
      "s_curve_count": 203,
      "motion_blur_score": 12.691032887891822,
      "dominant_direction_deg": 4.999999999999995,
      "direction_strength": 0.08272246930080407
    },
    "pattern_rhythm": {
      "repetition_score": 1.0,
      "rhythm_score": 1.0,
      "pattern_breaks": 11
    },
    "visual_mass_focus": {
      "point_of_interest": {
        "x": 0.396484375,
        "y": 0.38287153652392947,
        "strength": 1.0
      },
      "visual_mass_concentration": 0.19951147276448364,
      "mean_visual_weight": 0.16236239671707153,
      "face_count": 0,
      "has_directional_cues": 0
    },
    "framing_breathing": {
      "frame_in_frame_count": 0,
      "breathing_space": {
        "top": 0.39420654911838793,
        "bottom": 0.371536523929471,
        "left": 0.255859375,
        "right": 0.228515625,
        "min_margin": 0.228515625,
        "mean_margin": 0.31252951826196473
      },
      "corner_anchors": {
        "top_left": 0.5276013016700745,
        "top_right": 0.5246904492378235,
        "bottom_left": 0.37508344650268555,
        "bottom_right": 0.3909732699394226,
        "max_corner_weight": 0.5276013016700745,
        "has_corner_subject": 1
      }
    }
  }
}