{
  "meta": {
    "_dataset": "tvm_data",
    "_label": "testImages_artphoto",
    "_relpath": "testImages_artphoto/sad_0458.jpg",
    "_filename": "sad_0458.jpg",
    "_width": 424,
    "_height": 471
  },
  "features": {
    "geometric_structural": {
      "leading_lines": {
        "diagonal": 47,
        "vertical": 1,
        "horizontal": 8,
        "curved": 318
      },
      "leading_lines_strength": 0.6572934973637962,
      "symmetry_vertical": 0.23989770832706614,
      "symmetry_horizontal": 0.20300994507283696,
      "symmetry_radial": 0.14133639144517318,
      "rule_of_thirds": {
        "alignment_score": 2,
        "num_salient_objects": 99
      },
      "golden_ratio": {
        "golden_alignment_score": 11
      },
      "balance": {
        "static_balance": 0.987218976020813,
        "dynamic_balance": 1.0,
        "dominant_quadrant": 1
      },
      "layering": {
        "foreground_ratio": 0.33342486818980666,
        "midground_ratio": 0.22451669595782073,
        "background_ratio": 0.4420584358523726,
        "depth_complexity": 0.24403137320237014
      }
    },
    "spatial_layout": {
      "negative_space_ratio": 0.4245112038664323,
      "subject_isolation": 0.10000068651142355,
      "depth_of_field": {
        "blur_gradient_strength": 262.82363647058565,
        "sharpness_variance": 292436.0447748957,
        "min_sharpness": 0.0,
        "max_sharpness": 3254.4069904205357
      },
      "perspective": {
        "has_vanishing_point": 1,
        "perspective_strength": 0.9961936984563332
      }
    },
    "contrast_color": {
      "high_contrast_ratio": 0.429948374340949,
      "low_contrast_ratio": 0.570051625659051,
      "mean_contrast": 35.70420455932617,
      "highlight_ratio": 0.37192100286483765,
      "shadow_ratio": 0.3152529001235962,
      "midtone_ratio": 0.31282609701156616,
      "warm_color_ratio": 0.06383183216168717,
      "cool_color_ratio": 0.06068417728471002,
      "complementary_color_score": 2.7777777777777777
    },
    "motion_dynamics": {
      "s_curve_count": 289,
      "motion_blur_score": 10.0869889540297,
      "dominant_direction_deg": 4.999999999999995,
      "direction_strength": 0.12065095013139605
    },
    "pattern_rhythm": {
      "repetition_score": 1.0,
      "rhythm_score": 1.0,
      "pattern_breaks": 15
    },
    "visual_mass_focus": {
      "point_of_interest": {
        "x": 0.513671875,
        "y": 0.5149384885764499,
        "strength": 1.0
      },
      "visual_mass_concentration": 0.19989839630931458,
      "mean_visual_weight": 0.07271003723144531,
      "face_count": 0,
      "has_directional_cues": 0
    },
    "framing_breathing": {
      "frame_in_frame_count": 0,
      "breathing_space": {
        "top": 0.1195079086115993,
        "bottom": 0.3286467486818981,
        "left": 0.0,
        "right": 0.15234375,
        "min_margin": 0.0,
        "mean_margin": 0.15012460182337434
      },
      "corner_anchors": {
        "top_left": 0.3996092677116394,
        "top_right": 0.8675639033317566,
        "bottom_left": 0.7874830961227417,
        "bottom_right": 0.5761751532554626,
        "max_corner_weight": 0.8675639033317566,
        "has_corner_subject": 1
      }
    }
  }
}