{
  "meta": {
    "_dataset": "tvm_data",
    "_label": "testImages_artphoto",
    "_relpath": "testImages_artphoto/sad_0289.jpg",
    "_filename": "sad_0289.jpg",
    "_width": 387,
    "_height": 517
  },
  "features": {
    "geometric_structural": {
      "leading_lines": {
        "diagonal": 1,
        "vertical": 4,
        "horizontal": 2,
        "curved": 265
      },
      "leading_lines_strength": 0.39766081871345027,
      "symmetry_vertical": 0.3505957390012631,
      "symmetry_horizontal": 0.2872587163848841,
      "symmetry_radial": 0.2052296498072159,
      "rule_of_thirds": {
        "alignment_score": 1,
        "num_salient_objects": 33
      },
      "golden_ratio": {
        "golden_alignment_score": 2
      },
      "balance": {
        "static_balance": 0.9874346256256104,
        "dynamic_balance": 1.0,
        "dominant_quadrant": 2
      },
      "layering": {
        "foreground_ratio": 0.3103641264619883,
        "midground_ratio": 0.30663491410818716,
        "background_ratio": 0.38300095942982454,
        "depth_complexity": 0.20041591758616487
      }
    },
    "spatial_layout": {
      "negative_space_ratio": 0.23814418859649122,
      "subject_isolation": 0.10000057108918128,
      "depth_of_field": {
        "blur_gradient_strength": 155.25487621618737,
        "sharpness_variance": 56463.601798836506,
        "min_sharpness": 4.032498664858591,
        "max_sharpness": 1131.4766411227101
      },
      "perspective": {
        "has_vanishing_point": 1,
        "perspective_strength": 0.9963735267452403
      }
    },
    "contrast_color": {
      "high_contrast_ratio": 0.4517372532894737,
      "low_contrast_ratio": 0.5482627467105263,
      "mean_contrast": 32.61270523071289,
      "highlight_ratio": 0.4700891971588135,
      "shadow_ratio": 0.10904091596603394,
      "midtone_ratio": 0.4208698868751526,
      "warm_color_ratio": 0.16837136787280702,
      "cool_color_ratio": 0.030998720760233918,
      "complementary_color_score": 2.6666666666666665
    },
    "motion_dynamics": {
      "s_curve_count": 249,
      "motion_blur_score": 10.917613838270508,
      "dominant_direction_deg": 4.999999999999995,
      "direction_strength": 0.05554127832586479
    },
    "pattern_rhythm": {
      "repetition_score": 1.0,
      "rhythm_score": 1.0,
      "pattern_breaks": 12
    },
    "visual_mass_focus": {
      "point_of_interest": {
        "x": 0.48046875,
        "y": 0.783625730994152,
        "strength": 1.0
      },
      "visual_mass_concentration": 0.19974700749269006,
      "mean_visual_weight": 0.07122641801834106,
      "face_count": 0,
      "has_directional_cues": 0
    },
    "framing_breathing": {
      "frame_in_frame_count": 0,
      "breathing_space": {
        "top": 0.8362573099415205,
        "bottom": 0.0,
        "left": 0.146484375,
        "right": 0.134765625,
        "min_margin": 0.0,
        "mean_margin": 0.2793768274853801
      },
      "corner_anchors": {
        "top_left": 0.29229867458343506,
        "top_right": 0.26960521936416626,
        "bottom_left": 0.2374323010444641,
        "bottom_right": 0.16554832458496094,
        "max_corner_weight": 0.29229867458343506,
        "has_corner_subject": 0
      }
    }
  }
}