{
  "meta": {
    "_dataset": "tvm_data",
    "_label": "testImages_artphoto",
    "_relpath": "testImages_artphoto/sad_0631.jpg",
    "_filename": "sad_0631.jpg",
    "_width": 554,
    "_height": 361
  },
  "features": {
    "geometric_structural": {
      "leading_lines": {
        "diagonal": 0,
        "vertical": 0,
        "horizontal": 0,
        "curved": 6
      },
      "leading_lines_strength": 0.007633587786259542,
      "symmetry_vertical": 0.7966615138802278,
      "symmetry_horizontal": 0.7038752728492382,
      "symmetry_radial": 0.5100697285693,
      "rule_of_thirds": {
        "alignment_score": 1,
        "num_salient_objects": 2
      },
      "golden_ratio": {
        "golden_alignment_score": 2
      },
      "balance": {
        "static_balance": 0.9385818243026733,
        "dynamic_balance": 1.0,
        "dominant_quadrant": 1
      },
      "layering": {
        "foreground_ratio": 0.0640977854643766,
        "midground_ratio": 0.2865676685750636,
        "background_ratio": 0.6493345459605598,
        "depth_complexity": 0.014460663889591953
      }
    },
    "spatial_layout": {
      "negative_space_ratio": 0.6311699864821882,
      "subject_isolation": 0.10000198791348601,
      "depth_of_field": {
        "blur_gradient_strength": 19.104338152707978,
        "sharpness_variance": 4537.3775594127055,
        "min_sharpness": 1.0489234909650136,
        "max_sharpness": 756.4684999011855
      },
      "perspective": {
        "has_vanishing_point": 0,
        "perspective_strength": 0.0
      }
    },
    "contrast_color": {
      "high_contrast_ratio": 0.23533665314885496,
      "low_contrast_ratio": 0.764663346851145,
      "mean_contrast": 13.696958541870117,
      "highlight_ratio": 0.07664649188518524,
      "shadow_ratio": 0.2522662281990051,
      "midtone_ratio": 0.6710872650146484,
      "warm_color_ratio": 0.220320451653944,
      "cool_color_ratio": 0.5007877107188295,
      "complementary_color_score": 2.6666666666666665
    },
    "motion_dynamics": {
      "s_curve_count": 8,
      "motion_blur_score": 24.51060551029856,
      "dominant_direction_deg": 95.0,
      "direction_strength": 0.14231472646275067
    },
    "pattern_rhythm": {
      "repetition_score": 1.0,
      "rhythm_score": 1.0,
      "pattern_breaks": 2
    },
    "visual_mass_focus": {
      "point_of_interest": {
        "x": 0.6463104325699746,
        "y": 0.4453125,
        "strength": 1.0
      },
      "visual_mass_concentration": 0.19981512404580154,
      "mean_visual_weight": 0.1590394228696823,
      "face_count": 0,
      "has_directional_cues": 0
    },
    "framing_breathing": {
      "frame_in_frame_count": 0,
      "breathing_space": {
        "top": 0.255859375,
        "bottom": 0.41796875,
        "left": 0.3549618320610687,
        "right": 0.11577608142493638,
        "min_margin": 0.11577608142493638,
        "mean_margin": 0.2861415096215013
      },
      "corner_anchors": {
        "top_left": 0.44393596053123474,
        "top_right": 0.21545211970806122,
        "bottom_left": 0.596156895160675,
        "bottom_right": 0.44656047224998474,
        "max_corner_weight": 0.596156895160675,
        "has_corner_subject": 1
      }
    }
  }
}