{
  "meta": {
    "_dataset": "tvm_data",
    "_label": "testImages_artphoto",
    "_relpath": "testImages_artphoto/sad_0417.jpg",
    "_filename": "sad_0417.jpg",
    "_width": 550,
    "_height": 364
  },
  "features": {
    "geometric_structural": {
      "leading_lines": {
        "diagonal": 0,
        "vertical": 0,
        "horizontal": 1,
        "curved": 112
      },
      "leading_lines_strength": 0.14599483204134367,
      "symmetry_vertical": 0.40698129829368085,
      "symmetry_horizontal": 0.37908364731122696,
      "symmetry_radial": 0.2783890984841307,
      "rule_of_thirds": {
        "alignment_score": 1,
        "num_salient_objects": 4
      },
      "golden_ratio": {
        "golden_alignment_score": 1
      },
      "balance": {
        "static_balance": 0.9319566488265991,
        "dynamic_balance": 1.0,
        "dominant_quadrant": 0
      },
      "layering": {
        "foreground_ratio": 0.2617515544250646,
        "midground_ratio": 0.1300266472868217,
        "background_ratio": 0.6082217982881137,
        "depth_complexity": 0.0705325924109153
      }
    },
    "spatial_layout": {
      "negative_space_ratio": 0.49423399144056845,
      "subject_isolation": 0.10000050468346253,
      "depth_of_field": {
        "blur_gradient_strength": 89.92503532668889,
        "sharpness_variance": 33006.130533730764,
        "min_sharpness": 0.0,
        "max_sharpness": 1755.968185313341
      },
      "perspective": {
        "has_vanishing_point": 1,
        "perspective_strength": 0.8869047619047619
      }
    },
    "contrast_color": {
      "high_contrast_ratio": 0.3779751090116279,
      "low_contrast_ratio": 0.6220248909883721,
      "mean_contrast": 18.903783798217773,
      "highlight_ratio": 0.024217236787080765,
      "shadow_ratio": 0.36801770329475403,
      "midtone_ratio": 0.6077650785446167,
      "warm_color_ratio": 0.5774108729005168,
      "cool_color_ratio": 0.01282905361757106,
      "complementary_color_score": 2.1666666666666665
    },
    "motion_dynamics": {
      "s_curve_count": 132,
      "motion_blur_score": 10.849656732417456,
      "dominant_direction_deg": 95.0,
      "direction_strength": 0.09170098514188746
    },
    "pattern_rhythm": {
      "repetition_score": 1.0,
      "rhythm_score": 1.0,
      "pattern_breaks": 3
    },
    "visual_mass_focus": {
      "point_of_interest": {
        "x": 0.3578811369509044,
        "y": 0.3515625,
        "strength": 1.0
      },
      "visual_mass_concentration": 0.19998839228036175,
      "mean_visual_weight": 0.15895988047122955,
      "face_count": 0,
      "has_directional_cues": 0
    },
    "framing_breathing": {
      "frame_in_frame_count": 0,
      "breathing_space": {
        "top": 0.19921875,
        "bottom": 0.630859375,
        "left": 0.2571059431524548,
        "right": 0.5129198966408268,
        "min_margin": 0.19921875,
        "mean_margin": 0.4000259911983204
      },
      "corner_anchors": {
        "top_left": 0.11986662447452545,
        "top_right": 0.30552709102630615,
        "bottom_left": 0.20085003972053528,
        "bottom_right": 0.2526997923851013,
        "max_corner_weight": 0.30552709102630615,
        "has_corner_subject": 1
      }
    }
  }
}