{
  "meta": {
    "_dataset": "tvm_data",
    "_label": "testImages_artphoto",
    "_relpath": "testImages_artphoto/sad_0639.jpg",
    "_filename": "sad_0639.jpg",
    "_width": 546,
    "_height": 366
  },
  "features": {
    "geometric_structural": {
      "leading_lines": {
        "diagonal": 13,
        "vertical": 1,
        "horizontal": 0,
        "curved": 180
      },
      "leading_lines_strength": 0.25392670157068065,
      "symmetry_vertical": 0.25867935761851,
      "symmetry_horizontal": 0.2846812042582088,
      "symmetry_radial": 0.27516540971608766,
      "rule_of_thirds": {
        "alignment_score": 2,
        "num_salient_objects": 7
      },
      "golden_ratio": {
        "golden_alignment_score": 3
      },
      "balance": {
        "static_balance": 0.7347108125686646,
        "dynamic_balance": 1.0,
        "dominant_quadrant": 3
      },
      "layering": {
        "foreground_ratio": 0.24255307182591623,
        "midground_ratio": 0.24741798920157068,
        "background_ratio": 0.5100289389725131,
        "depth_complexity": 0.03612447575909675
      }
    },
    "spatial_layout": {
      "negative_space_ratio": 0.9281638579842932,
      "subject_isolation": 0.10000051128926701,
      "depth_of_field": {
        "blur_gradient_strength": 23.332434264750468,
        "sharpness_variance": 5633.116730550617,
        "min_sharpness": 0.0,
        "max_sharpness": 343.28369962695865
      },
      "perspective": {
        "has_vanishing_point": 1,
        "perspective_strength": 0.9971164936562861
      }
    },
    "contrast_color": {
      "high_contrast_ratio": 0.2999964209751309,
      "low_contrast_ratio": 0.7000035790248691,
      "mean_contrast": 13.489309310913086,
      "highlight_ratio": 0.00602554390206933,
      "shadow_ratio": 0.8468024134635925,
      "midtone_ratio": 0.14717203378677368,
      "warm_color_ratio": 0.06774327143324607,
      "cool_color_ratio": 0.008303337696335079,
      "complementary_color_score": 2.388888888888889
    },
    "motion_dynamics": {
      "s_curve_count": 150,
      "motion_blur_score": 6.176874425577489,
      "dominant_direction_deg": 4.999999999999995,
      "direction_strength": 0.2841336714652422
    },
    "pattern_rhythm": {
      "repetition_score": 1.0,
      "rhythm_score": 1.0,
      "pattern_breaks": 6
    },
    "visual_mass_focus": {
      "point_of_interest": {
        "x": 0.7212041884816754,
        "y": 0.59765625,
        "strength": 1.0
      },
      "visual_mass_concentration": 0.19326734293193717,
      "mean_visual_weight": 0.043392911553382874,
      "face_count": 0,
      "has_directional_cues": 0
    },
    "framing_breathing": {
      "frame_in_frame_count": 0,
      "breathing_space": {
        "top": 0.427734375,
        "bottom": 0.232421875,
        "left": 0.6112565445026178,
        "right": 0.1544502617801047,
        "min_margin": 0.1544502617801047,
        "mean_margin": 0.3564657640706806
      },
      "corner_anchors": {
        "top_left": 0.07201072573661804,
        "top_right": 0.13124997913837433,
        "bottom_left": 0.1477031260728836,
        "bottom_right": 0.21133463084697723,
        "max_corner_weight": 0.21133463084697723,
        "has_corner_subject": 0
      }
    }
  }
}