{
  "meta": {
    "_dataset": "tvm_data",
    "_label": "testImages_artphoto",
    "_relpath": "testImages_artphoto/sad_0305.jpg",
    "_filename": "sad_0305.jpg",
    "_width": 546,
    "_height": 366
  },
  "features": {
    "geometric_structural": {
      "leading_lines": {
        "diagonal": 2,
        "vertical": 0,
        "horizontal": 3,
        "curved": 127
      },
      "leading_lines_strength": 0.17277486910994763,
      "symmetry_vertical": 0.36782186495589625,
      "symmetry_horizontal": 0.37348002581862566,
      "symmetry_radial": 0.28620721489082007,
      "rule_of_thirds": {
        "alignment_score": 1,
        "num_salient_objects": 39
      },
      "golden_ratio": {
        "golden_alignment_score": 1
      },
      "balance": {
        "static_balance": 0.8637380599975586,
        "dynamic_balance": 1.0,
        "dominant_quadrant": 2
      },
      "layering": {
        "foreground_ratio": 0.30295422938481675,
        "midground_ratio": 0.11795443390052356,
        "background_ratio": 0.5790913367146597,
        "depth_complexity": 0.05764585881755265
      }
    },
    "spatial_layout": {
      "negative_space_ratio": 0.32308368782722513,
      "subject_isolation": 0.10000051128926701,
      "depth_of_field": {
        "blur_gradient_strength": 61.864462970481824,
        "sharpness_variance": 7728.0710923840925,
        "min_sharpness": 0.06489681533482894,
        "max_sharpness": 387.9744329843267
      },
      "perspective": {
        "has_vanishing_point": 1,
        "perspective_strength": 0.6222222222222222
      }
    },
    "contrast_color": {
      "high_contrast_ratio": 0.40704249836387435,
      "low_contrast_ratio": 0.5929575016361257,
      "mean_contrast": 26.726409912109375,
      "highlight_ratio": 0.32022303342819214,
      "shadow_ratio": 0.04183880239725113,
      "midtone_ratio": 0.6379381418228149,
      "warm_color_ratio": 0.04907354384816754,
      "cool_color_ratio": 0.03212941753926701,
      "complementary_color_score": 1.3333333333333333
    },
    "motion_dynamics": {
      "s_curve_count": 186,
      "motion_blur_score": 13.469593971422336,
      "dominant_direction_deg": 4.999999999999995,
      "direction_strength": 0.11834557018948803
    },
    "pattern_rhythm": {
      "repetition_score": 1.0,
      "rhythm_score": 1.0,
      "pattern_breaks": 10
    },
    "visual_mass_focus": {
      "point_of_interest": {
        "x": 0.25,
        "y": 0.638671875,
        "strength": 1.0
      },
      "visual_mass_concentration": 0.19994989365183247,
      "mean_visual_weight": 0.027188023552298546,
      "face_count": 0,
      "has_directional_cues": 0
    },
    "framing_breathing": {
      "frame_in_frame_count": 0,
      "breathing_space": {
        "top": 0.486328125,
        "bottom": 0.15625,
        "left": 0.031413612565445025,
        "right": 0.7356020942408377,
        "min_margin": 0.031413612565445025,
        "mean_margin": 0.35239845795157065
      },
      "corner_anchors": {
        "top_left": 0.4642862379550934,
        "top_right": 0.5107007622718811,
        "bottom_left": 0.3519168794155121,
        "bottom_right": 0.06178351864218712,
        "max_corner_weight": 0.5107007622718811,
        "has_corner_subject": 1
      }
    }
  }
}