{
  "meta": {
    "_dataset": "tvm_data",
    "_label": "testImages_artphoto",
    "_relpath": "testImages_artphoto/sad_0613.jpg",
    "_filename": "sad_0613.jpg",
    "_width": 430,
    "_height": 465
  },
  "features": {
    "geometric_structural": {
      "leading_lines": {
        "diagonal": 6,
        "vertical": 0,
        "horizontal": 0,
        "curved": 64
      },
      "leading_lines_strength": 0.1263537906137184,
      "symmetry_vertical": 0.29169398411571695,
      "symmetry_horizontal": 0.35639139327676483,
      "symmetry_radial": 0.2895913508023631,
      "rule_of_thirds": {
        "alignment_score": 3,
        "num_salient_objects": 13
      },
      "golden_ratio": {
        "golden_alignment_score": 3
      },
      "balance": {
        "static_balance": 0.8156733512878418,
        "dynamic_balance": 1.0,
        "dominant_quadrant": 2
      },
      "layering": {
        "foreground_ratio": 0.2659352436823105,
        "midground_ratio": 0.1253878046028881,
        "background_ratio": 0.6086769517148014,
        "depth_complexity": 0.14062710137342324
      }
    },
    "spatial_layout": {
      "negative_space_ratio": 0.6719772393953068,
      "subject_isolation": 0.10000070509927798,
      "depth_of_field": {
        "blur_gradient_strength": 184.38878236686762,
        "sharpness_variance": 76432.80411487864,
        "min_sharpness": 0.892597530828893,
        "max_sharpness": 2214.9411764705883
      },
      "perspective": {
        "has_vanishing_point": 1,
        "perspective_strength": 0.8646616541353384
      }
    },
    "contrast_color": {
      "high_contrast_ratio": 0.31752735785198555,
      "low_contrast_ratio": 0.6824726421480145,
      "mean_contrast": 23.89269256591797,
      "highlight_ratio": 0.09669731557369232,
      "shadow_ratio": 0.40175145864486694,
      "midtone_ratio": 0.5015512108802795,
      "warm_color_ratio": 0.0016887127707581227,
      "cool_color_ratio": 0.8002418490523465,
      "complementary_color_score": 2.3333333333333335
    },
    "motion_dynamics": {
      "s_curve_count": 96,
      "motion_blur_score": 9.136165065244183,
      "dominant_direction_deg": 4.999999999999995,
      "direction_strength": 0.11868583596528554
    },
    "pattern_rhythm": {
      "repetition_score": 1.0,
      "rhythm_score": 1.0,
      "pattern_breaks": 4
    },
    "visual_mass_focus": {
      "point_of_interest": {
        "x": 0.34765625,
        "y": 0.6299638989169675,
        "strength": 1.0
      },
      "visual_mass_concentration": 0.1984184623194946,
      "mean_visual_weight": 0.1468796730041504,
      "face_count": 0,
      "has_directional_cues": 0
    },
    "framing_breathing": {
      "frame_in_frame_count": 0,
      "breathing_space": {
        "top": 0.3231046931407942,
        "bottom": 0.0,
        "left": 0.138671875,
        "right": 0.400390625,
        "min_margin": 0.0,
        "mean_margin": 0.21554179828519854
      },
      "corner_anchors": {
        "top_left": 0.3143956661224365,
        "top_right": 0.21993187069892883,
        "bottom_left": 0.4786950647830963,
        "bottom_right": 0.2673603892326355,
        "max_corner_weight": 0.4786950647830963,
        "has_corner_subject": 1
      }
    }
  }
}