{
  "meta": {
    "_dataset": "tvm_data",
    "_label": "testImages_artphoto",
    "_relpath": "testImages_artphoto/sad_0326.jpg",
    "_filename": "sad_0326.jpg",
    "_width": 447,
    "_height": 447
  },
  "features": {
    "geometric_structural": {
      "leading_lines": {
        "diagonal": 0,
        "vertical": 0,
        "horizontal": 10,
        "curved": 96
      },
      "leading_lines_strength": 0.20703125,
      "symmetry_vertical": 0.6110684967012882,
      "symmetry_horizontal": 0.4591873025862404,
      "symmetry_radial": 0.47814986094637163,
      "rule_of_thirds": {
        "alignment_score": 0,
        "num_salient_objects": 35
      },
      "golden_ratio": {
        "golden_alignment_score": 0
      },
      "balance": {
        "static_balance": 0.9301846623420715,
        "dynamic_balance": 1.0,
        "dominant_quadrant": 2
      },
      "layering": {
        "foreground_ratio": 0.289337158203125,
        "midground_ratio": 0.3259239196777344,
        "background_ratio": 0.3847389221191406,
        "depth_complexity": 0.34859716933593154
      }
    },
    "spatial_layout": {
      "negative_space_ratio": 0.5620384216308594,
      "subject_isolation": 0.10000228881835938,
      "depth_of_field": {
        "blur_gradient_strength": 511.5409616516882,
        "sharpness_variance": 924132.5873750531,
        "min_sharpness": 0.7351980007689352,
        "max_sharpness": 5386.828406724353
      },
      "perspective": {
        "has_vanishing_point": 1,
        "perspective_strength": 0.9413489736070382
      }
    },
    "contrast_color": {
      "high_contrast_ratio": 0.3118629455566406,
      "low_contrast_ratio": 0.6881370544433594,
      "mean_contrast": 17.54698944091797,
      "highlight_ratio": 0.3889007568359375,
      "shadow_ratio": 0.021991729736328125,
      "midtone_ratio": 0.5891075134277344,
      "warm_color_ratio": 0.00841522216796875,
      "cool_color_ratio": 0.0,
      "complementary_color_score": 0.0
    },
    "motion_dynamics": {
      "s_curve_count": 121,
      "motion_blur_score": 12.847020102005745,
      "dominant_direction_deg": 95.0,
      "direction_strength": 0.13551330566354555
    },
    "pattern_rhythm": {
      "repetition_score": 1.0,
      "rhythm_score": 1.0,
      "pattern_breaks": 2
    },
    "visual_mass_focus": {
      "point_of_interest": {
        "x": 0.123046875,
        "y": 0.853515625,
        "strength": 1.0
      },
      "visual_mass_concentration": 0.18810653686523438,
      "mean_visual_weight": 0.03382335230708122,
      "face_count": 0,
      "has_directional_cues": 0
    },
    "framing_breathing": {
      "frame_in_frame_count": 0,
      "breathing_space": {
        "top": 0.916015625,
        "bottom": 0.0,
        "left": 0.0,
        "right": 0.595703125,
        "min_margin": 0.0,
        "mean_margin": 0.3779296875
      },
      "corner_anchors": {
        "top_left": 0.13212832808494568,
        "top_right": 0.2011776566505432,
        "bottom_left": 0.4032875895500183,
        "bottom_right": 0.26967862248420715,
        "max_corner_weight": 0.4032875895500183,
        "has_corner_subject": 1
      }
    }
  }
}