{
  "meta": {
    "_dataset": "tvm_data",
    "_label": "testImages_artphoto",
    "_relpath": "testImages_artphoto/sad_0611.jpg",
    "_filename": "sad_0611.jpg",
    "_width": 447,
    "_height": 447
  },
  "features": {
    "geometric_structural": {
      "leading_lines": {
        "diagonal": 18,
        "vertical": 0,
        "horizontal": 1,
        "curved": 188
      },
      "leading_lines_strength": 0.404296875,
      "symmetry_vertical": 0.3270163572810153,
      "symmetry_horizontal": 0.39243083075388707,
      "symmetry_radial": 0.29972203910282613,
      "rule_of_thirds": {
        "alignment_score": 0,
        "num_salient_objects": 18
      },
      "golden_ratio": {
        "golden_alignment_score": 1
      },
      "balance": {
        "static_balance": 0.908088207244873,
        "dynamic_balance": 1.0,
        "dominant_quadrant": 3
      },
      "layering": {
        "foreground_ratio": 0.31561279296875,
        "midground_ratio": 0.3004722595214844,
        "background_ratio": 0.3839149475097656,
        "depth_complexity": 0.5692135824057623
      }
    },
    "spatial_layout": {
      "negative_space_ratio": 0.5650825500488281,
      "subject_isolation": 0.09999847412109375,
      "depth_of_field": {
        "blur_gradient_strength": 528.8768284706567,
        "sharpness_variance": 734488.9299652451,
        "min_sharpness": 0.0,
        "max_sharpness": 3359.1596119612705
      },
      "perspective": {
        "has_vanishing_point": 1,
        "perspective_strength": 0.532051282051282
      }
    },
    "contrast_color": {
      "high_contrast_ratio": 0.4671134948730469,
      "low_contrast_ratio": 0.5328865051269531,
      "mean_contrast": 32.487239837646484,
      "highlight_ratio": 0.12321090698242188,
      "shadow_ratio": 0.4715461730957031,
      "midtone_ratio": 0.405242919921875,
      "warm_color_ratio": 0.002780914306640625,
      "cool_color_ratio": 0.49196624755859375,
      "complementary_color_score": 2.111111111111111
    },
    "motion_dynamics": {
      "s_curve_count": 131,
      "motion_blur_score": 5.767011769025444,
      "dominant_direction_deg": 4.999999999999995,
      "direction_strength": 0.21121215820231928
    },
    "pattern_rhythm": {
      "repetition_score": 1.0,
      "rhythm_score": 1.0,
      "pattern_breaks": 2
    },
    "visual_mass_focus": {
      "point_of_interest": {
        "x": 0.45703125,
        "y": 0.60546875,
        "strength": 1.0
      },
      "visual_mass_concentration": 0.19251251220703125,
      "mean_visual_weight": 0.08348456025123596,
      "face_count": 0,
      "has_directional_cues": 0
    },
    "framing_breathing": {
      "frame_in_frame_count": 0,
      "breathing_space": {
        "top": 0.0,
        "bottom": 0.0,
        "left": 0.0,
        "right": 0.0,
        "min_margin": 0.0,
        "mean_margin": 0.0
      },
      "corner_anchors": {
        "top_left": 0.5529543161392212,
        "top_right": 0.6936052441596985,
        "bottom_left": 0.48478400707244873,
        "bottom_right": 0.7116984128952026,
        "max_corner_weight": 0.7116984128952026,
        "has_corner_subject": 1
      }
    }
  }
}