{
  "meta": {
    "_dataset": "tvm_data",
    "_label": "testImages_artphoto",
    "_relpath": "testImages_artphoto/sad_0619.jpg",
    "_filename": "sad_0619.jpg",
    "_width": 491,
    "_height": 407
  },
  "features": {
    "geometric_structural": {
      "leading_lines": {
        "diagonal": 1,
        "vertical": 0,
        "horizontal": 1,
        "curved": 51
      },
      "leading_lines_strength": 0.08576051779935275,
      "symmetry_vertical": 0.4842381121605826,
      "symmetry_horizontal": 0.13197656246529826,
      "symmetry_radial": 0.213844933972806,
      "rule_of_thirds": {
        "alignment_score": 3,
        "num_salient_objects": 19
      },
      "golden_ratio": {
        "golden_alignment_score": 4
      },
      "balance": {
        "static_balance": 0.9826406240463257,
        "dynamic_balance": 1.0,
        "dominant_quadrant": 0
      },
      "layering": {
        "foreground_ratio": 0.3364400030339806,
        "midground_ratio": 0.18178916363268607,
        "background_ratio": 0.4817708333333333,
        "depth_complexity": 0.05742266732508925
      }
    },
    "spatial_layout": {
      "negative_space_ratio": 0.5360885669498382,
      "subject_isolation": 0.10000126415857605,
      "depth_of_field": {
        "blur_gradient_strength": 47.454734479352084,
        "sharpness_variance": 13278.78299947133,
        "min_sharpness": 3.3037293348712033,
        "max_sharpness": 859.0109287218518
      },
      "perspective": {
        "has_vanishing_point": 1,
        "perspective_strength": 0.3333333333333333
      }
    },
    "contrast_color": {
      "high_contrast_ratio": 0.2557930066747573,
      "low_contrast_ratio": 0.7442069933252426,
      "mean_contrast": 18.634536743164062,
      "highlight_ratio": 0.11521225422620773,
      "shadow_ratio": 0.42640385031700134,
      "midtone_ratio": 0.4583838880062103,
      "warm_color_ratio": 0.22286483616504854,
      "cool_color_ratio": 0.2706563511326861,
      "complementary_color_score": 2.3333333333333335
    },
    "motion_dynamics": {
      "s_curve_count": 51,
      "motion_blur_score": 12.105644952952401,
      "dominant_direction_deg": -85.0,
      "direction_strength": 0.05075596682831855
    },
    "pattern_rhythm": {
      "repetition_score": 1.0,
      "rhythm_score": 1.0,
      "pattern_breaks": 5
    },
    "visual_mass_focus": {
      "point_of_interest": {
        "x": 0.5048543689320388,
        "y": 0.333984375,
        "strength": 1.0
      },
      "visual_mass_concentration": 0.1998192253236246,
      "mean_visual_weight": 0.12053345888853073,
      "face_count": 0,
      "has_directional_cues": 0
    },
    "framing_breathing": {
      "frame_in_frame_count": 0,
      "breathing_space": {
        "top": 0.044921875,
        "bottom": 0.5234375,
        "left": 0.3640776699029126,
        "right": 0.18122977346278318,
        "min_margin": 0.044921875,
        "mean_margin": 0.278416704591424
      },
      "corner_anchors": {
        "top_left": 0.378948450088501,
        "top_right": 0.1795617938041687,
        "bottom_left": 0.5393391251564026,
        "bottom_right": 0.5818120837211609,
        "max_corner_weight": 0.5818120837211609,
        "has_corner_subject": 1
      }
    }
  }
}