{
  "meta": {
    "_dataset": "tvm_data",
    "_label": "testImages_artphoto",
    "_relpath": "testImages_artphoto/sad_0368.jpg",
    "_filename": "sad_0368.jpg",
    "_width": 387,
    "_height": 516
  },
  "features": {
    "geometric_structural": {
      "leading_lines": {
        "diagonal": 0,
        "vertical": 1,
        "horizontal": 0,
        "curved": 111
      },
      "leading_lines_strength": 0.16398243045387995,
      "symmetry_vertical": 0.36414599601243364,
      "symmetry_horizontal": 0.33879352415448255,
      "symmetry_radial": 0.2550198726464105,
      "rule_of_thirds": {
        "alignment_score": 0,
        "num_salient_objects": 1
      },
      "golden_ratio": {
        "golden_alignment_score": 0
      },
      "balance": {
        "static_balance": 0.8252540230751038,
        "dynamic_balance": 1.0,
        "dominant_quadrant": 0
      },
      "layering": {
        "foreground_ratio": 0.26869623901903367,
        "midground_ratio": 0.2819162930087848,
        "background_ratio": 0.44938746797218154,
        "depth_complexity": 0.04271129553187017
      }
    },
    "spatial_layout": {
      "negative_space_ratio": 0.402126418374817,
      "subject_isolation": 0.10000114385065886,
      "depth_of_field": {
        "blur_gradient_strength": 31.358155382411802,
        "sharpness_variance": 1981.4529894399025,
        "min_sharpness": 0.0,
        "max_sharpness": 351.264371598124
      },
      "perspective": {
        "has_vanishing_point": 1,
        "perspective_strength": 0.5833333333333334
      }
    },
    "contrast_color": {
      "high_contrast_ratio": 0.46012822565885797,
      "low_contrast_ratio": 0.5398717743411421,
      "mean_contrast": 23.078384399414062,
      "highlight_ratio": 0.003417253727093339,
      "shadow_ratio": 0.2664857506752014,
      "midtone_ratio": 0.7300969958305359,
      "warm_color_ratio": 0.3124885614934114,
      "cool_color_ratio": 0.0022133510248901903,
      "complementary_color_score": 2.0555555555555554
    },
    "motion_dynamics": {
      "s_curve_count": 151,
      "motion_blur_score": 10.97082291111368,
      "dominant_direction_deg": 4.999999999999995,
      "direction_strength": 0.07027246522673902
    },
    "pattern_rhythm": {
      "repetition_score": 1.0,
      "rhythm_score": 1.0,
      "pattern_breaks": 1
    },
    "visual_mass_focus": {
      "point_of_interest": {
        "x": 0.8203125,
        "y": 0.38653001464128844,
        "strength": 1.0
      },
      "visual_mass_concentration": 0.19997655106149342,
      "mean_visual_weight": 0.07358019053936005,
      "face_count": 0,
      "has_directional_cues": 0
    },
    "framing_breathing": {
      "frame_in_frame_count": 0,
      "breathing_space": {
        "top": 0.22840409956076135,
        "bottom": 0.18594436310395315,
        "left": 0.244140625,
        "right": 0.30078125,
        "min_margin": 0.18594436310395315,
        "mean_margin": 0.23981758441617862
      },
      "corner_anchors": {
        "top_left": 0.41226449608802795,
        "top_right": 0.28209438920021057,
        "bottom_left": 0.17747284471988678,
        "bottom_right": 0.15832170844078064,
        "max_corner_weight": 0.41226449608802795,
        "has_corner_subject": 1
      }
    }
  }
}