{
  "meta": {
    "_dataset": "tvm_data",
    "_label": "testImages_artphoto",
    "_relpath": "testImages_artphoto/sad_0427.jpg",
    "_filename": "sad_0427.jpg",
    "_width": 550,
    "_height": 364
  },
  "features": {
    "geometric_structural": {
      "leading_lines": {
        "diagonal": 0,
        "vertical": 0,
        "horizontal": 0,
        "curved": 49
      },
      "leading_lines_strength": 0.06330749354005168,
      "symmetry_vertical": 0.4437601196344136,
      "symmetry_horizontal": 0.5251077373123998,
      "symmetry_radial": 0.5113435062150046,
      "rule_of_thirds": {
        "alignment_score": 2,
        "num_salient_objects": 17
      },
      "golden_ratio": {
        "golden_alignment_score": 5
      },
      "balance": {
        "static_balance": 0.9412398338317871,
        "dynamic_balance": 1.0,
        "dominant_quadrant": 1
      },
      "layering": {
        "foreground_ratio": 0.3374364098837209,
        "midground_ratio": 0.0,
        "background_ratio": 0.6625635901162791,
        "depth_complexity": 0.06576057538979263
      }
    },
    "spatial_layout": {
      "negative_space_ratio": 0.7387531290374677,
      "subject_isolation": 0.10000050468346253,
      "depth_of_field": {
        "blur_gradient_strength": 70.61980305967091,
        "sharpness_variance": 15962.877148040496,
        "min_sharpness": 0.0,
        "max_sharpness": 829.3585284457921
      },
      "perspective": {
        "has_vanishing_point": 0,
        "perspective_strength": 0.0
      }
    },
    "contrast_color": {
      "high_contrast_ratio": 0.39727925145348836,
      "low_contrast_ratio": 0.6027207485465116,
      "mean_contrast": 23.18076515197754,
      "highlight_ratio": 0.0841231644153595,
      "shadow_ratio": 0.7075334191322327,
      "midtone_ratio": 0.20834344625473022,
      "warm_color_ratio": 0.014174035045219639,
      "cool_color_ratio": 0.1979419008397933,
      "complementary_color_score": 2.1666666666666665
    },
    "motion_dynamics": {
      "s_curve_count": 77,
      "motion_blur_score": 8.072991175883336,
      "dominant_direction_deg": 4.999999999999995,
      "direction_strength": 0.5989810440876358
    },
    "pattern_rhythm": {
      "repetition_score": 1.0,
      "rhythm_score": 1.0,
      "pattern_breaks": 8
    },
    "visual_mass_focus": {
      "point_of_interest": {
        "x": 0.4883720930232558,
        "y": 0.486328125,
        "strength": 1.0
      },
      "visual_mass_concentration": 0.19990511950904394,
      "mean_visual_weight": 0.036360617727041245,
      "face_count": 0,
      "has_directional_cues": 0
    },
    "framing_breathing": {
      "frame_in_frame_count": 0,
      "breathing_space": {
        "top": 0.21484375,
        "bottom": 0.212890625,
        "left": 0.3049095607235142,
        "right": 0.17054263565891473,
        "min_margin": 0.17054263565891473,
        "mean_margin": 0.22579664284560721
      },
      "corner_anchors": {
        "top_left": 0.24576646089553833,
        "top_right": 0.324737012386322,
        "bottom_left": 0.24034880101680756,
        "bottom_right": 0.24576646089553833,
        "max_corner_weight": 0.324737012386322,
        "has_corner_subject": 1
      }
    }
  }
}