{
  "meta": {
    "_dataset": "tvm_data",
    "_label": "testImages_artphoto",
    "_relpath": "testImages_artphoto/sad_0615.jpg",
    "_filename": "sad_0615.jpg",
    "_width": 447,
    "_height": 447
  },
  "features": {
    "geometric_structural": {
      "leading_lines": {
        "diagonal": 0,
        "vertical": 0,
        "horizontal": 0,
        "curved": 49
      },
      "leading_lines_strength": 0.095703125,
      "symmetry_vertical": 0.7704855633021958,
      "symmetry_horizontal": 0.6782038906188698,
      "symmetry_radial": 0.6839880549627321,
      "rule_of_thirds": {
        "alignment_score": 0,
        "num_salient_objects": 1
      },
      "golden_ratio": {
        "golden_alignment_score": 2
      },
      "balance": {
        "static_balance": 0.9109431505203247,
        "dynamic_balance": 1.0,
        "dominant_quadrant": 0
      },
      "layering": {
        "foreground_ratio": 0.1745758056640625,
        "midground_ratio": 0.22702407836914062,
        "background_ratio": 0.5984001159667969,
        "depth_complexity": 0.03091078947664937
      }
    },
    "spatial_layout": {
      "negative_space_ratio": 0.9297256469726562,
      "subject_isolation": 0.10000228881835938,
      "depth_of_field": {
        "blur_gradient_strength": 33.10669659853206,
        "sharpness_variance": 8766.216888836365,
        "min_sharpness": 0.0,
        "max_sharpness": 909.1758527204145
      },
      "perspective": {
        "has_vanishing_point": 1,
        "perspective_strength": 0.7777777777777778
      }
    },
    "contrast_color": {
      "high_contrast_ratio": 0.29766082763671875,
      "low_contrast_ratio": 0.7023391723632812,
      "mean_contrast": 7.983019828796387,
      "highlight_ratio": 0.0048675537109375,
      "shadow_ratio": 0.8901557922363281,
      "midtone_ratio": 0.10497665405273438,
      "warm_color_ratio": 6.103515625e-05,
      "cool_color_ratio": 0.22161865234375,
      "complementary_color_score": 0.1111111111111111
    },
    "motion_dynamics": {
      "s_curve_count": 51,
      "motion_blur_score": 10.347627557374784,
      "dominant_direction_deg": 4.999999999999995,
      "direction_strength": 0.3077125549304668
    },
    "pattern_rhythm": {
      "repetition_score": 1.0,
      "rhythm_score": 1.0,
      "pattern_breaks": 1
    },
    "visual_mass_focus": {
      "point_of_interest": {
        "x": 0.482421875,
        "y": 0.357421875,
        "strength": 1.0
      },
      "visual_mass_concentration": 0.19888687133789062,
      "mean_visual_weight": 0.0277812872081995,
      "face_count": 0,
      "has_directional_cues": 0
    },
    "framing_breathing": {
      "frame_in_frame_count": 0,
      "breathing_space": {
        "top": 0.279296875,
        "bottom": 0.564453125,
        "left": 0.369140625,
        "right": 0.384765625,
        "min_margin": 0.279296875,
        "mean_margin": 0.3994140625
      },
      "corner_anchors": {
        "top_left": 0.08163901418447495,
        "top_right": 0.09101990610361099,
        "bottom_left": 0.10391131043434143,
        "bottom_right": 0.1085609644651413,
        "max_corner_weight": 0.1085609644651413,
        "has_corner_subject": 0
      }
    }
  }
}