{
  "meta": {
    "_dataset": "tvm_data",
    "_label": "testImages_artphoto",
    "_relpath": "testImages_artphoto/sad_0445.jpg",
    "_filename": "sad_0445.jpg",
    "_width": 554,
    "_height": 361
  },
  "features": {
    "geometric_structural": {
      "leading_lines": {
        "diagonal": 0,
        "vertical": 2,
        "horizontal": 0,
        "curved": 22
      },
      "leading_lines_strength": 0.030534351145038167,
      "symmetry_vertical": 0.36661556530475553,
      "symmetry_horizontal": 0.41803804903586667,
      "symmetry_radial": 0.2885475531502333,
      "rule_of_thirds": {
        "alignment_score": 0,
        "num_salient_objects": 3
      },
      "golden_ratio": {
        "golden_alignment_score": 1
      },
      "balance": {
        "static_balance": 0.9408721923828125,
        "dynamic_balance": 1.0,
        "dominant_quadrant": 1
      },
      "layering": {
        "foreground_ratio": 0.22379930025445294,
        "midground_ratio": 0.3225936307251908,
        "background_ratio": 0.45360706902035625,
        "depth_complexity": 0.093206978605003
      }
    },
    "spatial_layout": {
      "negative_space_ratio": 0.6365522622455471,
      "subject_isolation": 0.10000198791348601,
      "depth_of_field": {
        "blur_gradient_strength": 360.7775231964655,
        "sharpness_variance": 1539802.3471762142,
        "min_sharpness": 0.42445154253362166,
        "max_sharpness": 12027.587850826607
      },
      "perspective": {
        "has_vanishing_point": 1,
        "perspective_strength": 0.4
      }
    },
    "contrast_color": {
      "high_contrast_ratio": 0.4198324188931298,
      "low_contrast_ratio": 0.5801675811068703,
      "mean_contrast": 25.669340133666992,
      "highlight_ratio": 0.008051049895584583,
      "shadow_ratio": 0.5169618725776672,
      "midtone_ratio": 0.47498708963394165,
      "warm_color_ratio": 0.7925289241412213,
      "cool_color_ratio": 0.11793296755725191,
      "complementary_color_score": 2.4444444444444446
    },
    "motion_dynamics": {
      "s_curve_count": 57,
      "motion_blur_score": 8.86775009171956,
      "dominant_direction_deg": 4.999999999999995,
      "direction_strength": 0.15486343034312663
    },
    "pattern_rhythm": {
      "repetition_score": 1.0,
      "rhythm_score": 1.0,
      "pattern_breaks": 2
    },
    "visual_mass_focus": {
      "point_of_interest": {
        "x": 0.5152671755725191,
        "y": 0.5,
        "strength": 1.0
      },
      "visual_mass_concentration": 0.19982257872137404,
      "mean_visual_weight": 0.4059610664844513,
      "face_count": 1,
      "has_directional_cues": 1
    },
    "framing_breathing": {
      "frame_in_frame_count": 0,
      "breathing_space": {
        "top": 0.0,
        "bottom": 0.0,
        "left": 0.5089058524173028,
        "right": 0.48091603053435117,
        "min_margin": 0.0,
        "mean_margin": 0.2474554707379135
      },
      "corner_anchors": {
        "top_left": 0.3110363781452179,
        "top_right": 0.28646931052207947,
        "bottom_left": 0.32702264189720154,
        "bottom_right": 0.35870105028152466,
        "max_corner_weight": 0.35870105028152466,
        "has_corner_subject": 1
      }
    }
  }
}