{
  "meta": {
    "_dataset": "tvm_data",
    "_label": "testImages_artphoto",
    "_relpath": "testImages_artphoto/sad_0430.jpg",
    "_filename": "sad_0430.jpg",
    "_width": 527,
    "_height": 379
  },
  "features": {
    "geometric_structural": {
      "leading_lines": {
        "diagonal": 21,
        "vertical": 1,
        "horizontal": 15,
        "curved": 97
      },
      "leading_lines_strength": 0.18820224719101122,
      "symmetry_vertical": 0.5422878761617174,
      "symmetry_horizontal": 0.5452309047417215,
      "symmetry_radial": 0.41825825533064376,
      "rule_of_thirds": {
        "alignment_score": 0,
        "num_salient_objects": 5
      },
      "golden_ratio": {
        "golden_alignment_score": 0
      },
      "balance": {
        "static_balance": 0.7272300720214844,
        "dynamic_balance": 1.0,
        "dominant_quadrant": 1
      },
      "layering": {
        "foreground_ratio": 0.2825118504213483,
        "midground_ratio": 0.16194752896769662,
        "background_ratio": 0.5555406206109551,
        "depth_complexity": 0.18765303076922388
      }
    },
    "spatial_layout": {
      "negative_space_ratio": 0.07702499561095505,
      "subject_isolation": 0.10000164589185394,
      "depth_of_field": {
        "blur_gradient_strength": 328.58617205186675,
        "sharpness_variance": 640146.678780666,
        "min_sharpness": 0.25282826038723755,
        "max_sharpness": 7566.9704921184175
      },
      "perspective": {
        "has_vanishing_point": 1,
        "perspective_strength": 0.9962001266624446
      }
    },
    "contrast_color": {
      "high_contrast_ratio": 0.41438619206460675,
      "low_contrast_ratio": 0.5856138079353932,
      "mean_contrast": 20.25945472717285,
      "highlight_ratio": 0.45068633556365967,
      "shadow_ratio": 0.044735342264175415,
      "midtone_ratio": 0.5045783519744873,
      "warm_color_ratio": 0.054808198735955056,
      "cool_color_ratio": 0.0006995040379213483,
      "complementary_color_score": 2.111111111111111
    },
    "motion_dynamics": {
      "s_curve_count": 127,
      "motion_blur_score": 15.570553487818735,
      "dominant_direction_deg": 4.999999999999995,
      "direction_strength": 0.3003121708208054
    },
    "pattern_rhythm": {
      "repetition_score": 1.0,
      "rhythm_score": 1.0,
      "pattern_breaks": 2
    },
    "visual_mass_focus": {
      "point_of_interest": {
        "x": 0.8230337078651685,
        "y": 0.375,
        "strength": 1.0
      },
      "visual_mass_concentration": 0.19977012377106743,
      "mean_visual_weight": 0.05413604527711868,
      "face_count": 0,
      "has_directional_cues": 0
    },
    "framing_breathing": {
      "frame_in_frame_count": 0,
      "breathing_space": {
        "top": 0.080078125,
        "bottom": 0.23046875,
        "left": 0.7373595505617978,
        "right": 0.12640449438202248,
        "min_margin": 0.080078125,
        "mean_margin": 0.29357772998595505
      },
      "corner_anchors": {
        "top_left": 0.16378279030323029,
        "top_right": 0.40835627913475037,
        "bottom_left": 0.20261092483997345,
        "bottom_right": 0.31825265288352966,
        "max_corner_weight": 0.40835627913475037,
        "has_corner_subject": 1
      }
    }
  }
}