{
  "meta": {
    "_dataset": "tvm_data",
    "_label": "testImages_artphoto",
    "_relpath": "testImages_artphoto/sad_0447.jpg",
    "_filename": "sad_0447.jpg",
    "_width": 530,
    "_height": 377
  },
  "features": {
    "geometric_structural": {
      "leading_lines": {
        "diagonal": 0,
        "vertical": 0,
        "horizontal": 0,
        "curved": 103
      },
      "leading_lines_strength": 0.14305555555555555,
      "symmetry_vertical": 0.3682952251320573,
      "symmetry_horizontal": 0.3090820074596599,
      "symmetry_radial": 0.2371899229837604,
      "rule_of_thirds": {
        "alignment_score": 0,
        "num_salient_objects": 19
      },
      "golden_ratio": {
        "golden_alignment_score": 4
      },
      "balance": {
        "static_balance": 0.9214479923248291,
        "dynamic_balance": 1.0,
        "dominant_quadrant": 3
      },
      "layering": {
        "foreground_ratio": 0.2664659288194444,
        "midground_ratio": 0.15201009114583333,
        "background_ratio": 0.5815239800347223,
        "depth_complexity": 0.03787935363592189
      }
    },
    "spatial_layout": {
      "negative_space_ratio": 0.7490098741319444,
      "subject_isolation": 0.1,
      "depth_of_field": {
        "blur_gradient_strength": 38.12150618937743,
        "sharpness_variance": 2892.918996636259,
        "min_sharpness": 0.47058823529411764,
        "max_sharpness": 340.6178392925798
      },
      "perspective": {
        "has_vanishing_point": 1,
        "perspective_strength": 0.8333333333333334
      }
    },
    "contrast_color": {
      "high_contrast_ratio": 0.40438639322916664,
      "low_contrast_ratio": 0.5956136067708333,
      "mean_contrast": 22.298681259155273,
      "highlight_ratio": 0.00021430120978038758,
      "shadow_ratio": 0.6363661289215088,
      "midtone_ratio": 0.3634195923805237,
      "warm_color_ratio": 0.0013292100694444445,
      "cool_color_ratio": 0.9642008463541667,
      "complementary_color_score": 2.0555555555555554
    },
    "motion_dynamics": {
      "s_curve_count": 149,
      "motion_blur_score": 7.729387736712886,
      "dominant_direction_deg": 4.999999999999995,
      "direction_strength": 0.08958604600670142
    },
    "pattern_rhythm": {
      "repetition_score": 1.0,
      "rhythm_score": 1.0,
      "pattern_breaks": 6
    },
    "visual_mass_focus": {
      "point_of_interest": {
        "x": 0.5125,
        "y": 0.572265625,
        "strength": 1.0
      },
      "visual_mass_concentration": 0.19998643663194443,
      "mean_visual_weight": 0.09685071557760239,
      "face_count": 0,
      "has_directional_cues": 0
    },
    "framing_breathing": {
      "frame_in_frame_count": 0,
      "breathing_space": {
        "top": 0.45703125,
        "bottom": 0.228515625,
        "left": 0.4013888888888889,
        "right": 0.3958333333333333,
        "min_margin": 0.228515625,
        "mean_margin": 0.37069227430555557
      },
      "corner_anchors": {
        "top_left": 0.16461089253425598,
        "top_right": 0.20735590159893036,
        "bottom_left": 0.14018514752388,
        "bottom_right": 0.2178855687379837,
        "max_corner_weight": 0.2178855687379837,
        "has_corner_subject": 0
      }
    }
  }
}