{
  "meta": {
    "_dataset": "tvm_data",
    "_label": "testImages_artphoto",
    "_relpath": "testImages_artphoto/sad_0465.jpg",
    "_filename": "sad_0465.jpg",
    "_width": 520,
    "_height": 385
  },
  "features": {
    "geometric_structural": {
      "leading_lines": {
        "diagonal": 57,
        "vertical": 0,
        "horizontal": 47,
        "curved": 449
      },
      "leading_lines_strength": 0.7991329479768786,
      "symmetry_vertical": 0.23674166075392367,
      "symmetry_horizontal": 0.1469993496431175,
      "symmetry_radial": 0.11779960490880625,
      "rule_of_thirds": {
        "alignment_score": 0,
        "num_salient_objects": 55
      },
      "golden_ratio": {
        "golden_alignment_score": 3
      },
      "balance": {
        "static_balance": 0.9616808891296387,
        "dynamic_balance": 1.0,
        "dominant_quadrant": 0
      },
      "layering": {
        "foreground_ratio": 0.2949190525650289,
        "midground_ratio": 0.3307357523482659,
        "background_ratio": 0.3743451950867052,
        "depth_complexity": 0.31499911881092224
      }
    },
    "spatial_layout": {
      "negative_space_ratio": 0.5950821893063584,
      "subject_isolation": 0.10000169346098266,
      "depth_of_field": {
        "blur_gradient_strength": 253.7993843703219,
        "sharpness_variance": 232586.98834299063,
        "min_sharpness": 5.548220370688172,
        "max_sharpness": 2052.7651196077973
      },
      "perspective": {
        "has_vanishing_point": 1,
        "perspective_strength": 0.9972645429362881
      }
    },
    "contrast_color": {
      "high_contrast_ratio": 0.3808763096098266,
      "low_contrast_ratio": 0.6191236903901733,
      "mean_contrast": 30.619646072387695,
      "highlight_ratio": 0.18615087866783142,
      "shadow_ratio": 0.26138004660606384,
      "midtone_ratio": 0.55246901512146,
      "warm_color_ratio": 0.13368745484104047,
      "cool_color_ratio": 0.06544097723988439,
      "complementary_color_score": 2.1666666666666665
    },
    "motion_dynamics": {
      "s_curve_count": 381,
      "motion_blur_score": 8.533634833061543,
      "dominant_direction_deg": 95.0,
      "direction_strength": 0.05227431809956344
    },
    "pattern_rhythm": {
      "repetition_score": 1.0,
      "rhythm_score": 1.0,
      "pattern_breaks": 16
    },
    "visual_mass_focus": {
      "point_of_interest": {
        "x": 0.4393063583815029,
        "y": 0.306640625,
        "strength": 1.0
      },
      "visual_mass_concentration": 0.19996951770231214,
      "mean_visual_weight": 0.10392505675554276,
      "face_count": 0,
      "has_directional_cues": 0
    },
    "framing_breathing": {
      "frame_in_frame_count": 0,
      "breathing_space": {
        "top": 0.0,
        "bottom": 0.36328125,
        "left": 0.0,
        "right": 0.2398843930635838,
        "min_margin": 0.0,
        "mean_margin": 0.15079141076589594
      },
      "corner_anchors": {
        "top_left": 0.3481639623641968,
        "top_right": 0.3462945222854614,
        "bottom_left": 0.37133410573005676,
        "bottom_right": 0.3760334253311157,
        "max_corner_weight": 0.3760334253311157,
        "has_corner_subject": 1
      }
    }
  }
}