{
  "meta": {
    "_dataset": "tvm_data",
    "_label": "testImages_artphoto",
    "_relpath": "testImages_artphoto/sad_0315.jpg",
    "_filename": "sad_0315.jpg",
    "_width": 447,
    "_height": 447
  },
  "features": {
    "geometric_structural": {
      "leading_lines": {
        "diagonal": 31,
        "vertical": 14,
        "horizontal": 6,
        "curved": 192
      },
      "leading_lines_strength": 0.474609375,
      "symmetry_vertical": 0.14496580098269016,
      "symmetry_horizontal": 0.1261493720483955,
      "symmetry_radial": 0.15110661204507547,
      "rule_of_thirds": {
        "alignment_score": 0,
        "num_salient_objects": 28
      },
      "golden_ratio": {
        "golden_alignment_score": 2
      },
      "balance": {
        "static_balance": 0.9299606680870056,
        "dynamic_balance": 1.0,
        "dominant_quadrant": 3
      },
      "layering": {
        "foreground_ratio": 0.33998870849609375,
        "midground_ratio": 0.2798271179199219,
        "background_ratio": 0.3801841735839844,
        "depth_complexity": 0.15737909541685077
      }
    },
    "spatial_layout": {
      "negative_space_ratio": 0.5754852294921875,
      "subject_isolation": 0.10000228881835938,
      "depth_of_field": {
        "blur_gradient_strength": 161.98686105182472,
        "sharpness_variance": 69592.19690300532,
        "min_sharpness": 0.0,
        "max_sharpness": 1275.7089580930412
      },
      "perspective": {
        "has_vanishing_point": 1,
        "perspective_strength": 0.9907323688969258
      }
    },
    "contrast_color": {
      "high_contrast_ratio": 0.4678916931152344,
      "low_contrast_ratio": 0.5321083068847656,
      "mean_contrast": 28.296321868896484,
      "highlight_ratio": 0.012859344482421875,
      "shadow_ratio": 0.5054664611816406,
      "midtone_ratio": 0.4816741943359375,
      "warm_color_ratio": 0.0,
      "cool_color_ratio": 0.0,
      "complementary_color_score": 0.0
    },
    "motion_dynamics": {
      "s_curve_count": 183,
      "motion_blur_score": 7.495009483084383,
      "dominant_direction_deg": 4.999999999999995,
      "direction_strength": 0.28930282592663076
    },
    "pattern_rhythm": {
      "repetition_score": 1.0,
      "rhythm_score": 1.0,
      "pattern_breaks": 6
    },
    "visual_mass_focus": {
      "point_of_interest": {
        "x": 0.5859375,
        "y": 0.748046875,
        "strength": 1.0
      },
      "visual_mass_concentration": 0.0,
      "mean_visual_weight": 0.0,
      "face_count": 1,
      "has_directional_cues": 1
    },
    "framing_breathing": {
      "frame_in_frame_count": 0,
      "breathing_space": {
        "top": 0.64453125,
        "bottom": 0.0,
        "left": 0.37890625,
        "right": 0.056640625,
        "min_margin": 0.0,
        "mean_margin": 0.27001953125
      },
      "corner_anchors": {
        "top_left": 0.3527485728263855,
        "top_right": 0.4143335521221161,
        "bottom_left": 0.45745164155960083,
        "bottom_right": 0.49350741505622864,
        "max_corner_weight": 0.49350741505622864,
        "has_corner_subject": 1
      }
    }
  }
}