{
  "meta": {
    "_dataset": "tvm_data",
    "_label": "testImages_artphoto",
    "_relpath": "testImages_artphoto/sad_0324.jpg",
    "_filename": "sad_0324.jpg",
    "_width": 500,
    "_height": 400
  },
  "features": {
    "geometric_structural": {
      "leading_lines": {
        "diagonal": 1,
        "vertical": 0,
        "horizontal": 0,
        "curved": 167
      },
      "leading_lines_strength": 0.2625,
      "symmetry_vertical": 0.4147947403324203,
      "symmetry_horizontal": 0.3473007421796375,
      "symmetry_radial": 0.2900393291203797,
      "rule_of_thirds": {
        "alignment_score": 1,
        "num_salient_objects": 17
      },
      "golden_ratio": {
        "golden_alignment_score": 5
      },
      "balance": {
        "static_balance": 0.9407978057861328,
        "dynamic_balance": 1.0,
        "dominant_quadrant": 1
      },
      "layering": {
        "foreground_ratio": 0.300372314453125,
        "midground_ratio": 0.3068359375,
        "background_ratio": 0.392791748046875,
        "depth_complexity": 0.05673633525963871
      }
    },
    "spatial_layout": {
      "negative_space_ratio": 0.51275634765625,
      "subject_isolation": 0.1,
      "depth_of_field": {
        "blur_gradient_strength": 33.78559922413076,
        "sharpness_variance": 1536.9337472062155,
        "min_sharpness": 8.791148999120647,
        "max_sharpness": 229.5104092250917
      },
      "perspective": {
        "has_vanishing_point": 1,
        "perspective_strength": 0.8909090909090909
      }
    },
    "contrast_color": {
      "high_contrast_ratio": 0.4250518798828125,
      "low_contrast_ratio": 0.5749481201171875,
      "mean_contrast": 22.078901290893555,
      "highlight_ratio": 0.06479492038488388,
      "shadow_ratio": 0.04134826734662056,
      "midtone_ratio": 0.8938568234443665,
      "warm_color_ratio": 0.44830322265625,
      "cool_color_ratio": 0.0002166748046875,
      "complementary_color_score": 2.388888888888889
    },
    "motion_dynamics": {
      "s_curve_count": 208,
      "motion_blur_score": 13.588407074157644,
      "dominant_direction_deg": 95.0,
      "direction_strength": 0.04182128906237237
    },
    "pattern_rhythm": {
      "repetition_score": 1.0,
      "rhythm_score": 1.0,
      "pattern_breaks": 9
    },
    "visual_mass_focus": {
      "point_of_interest": {
        "x": 0.4765625,
        "y": 0.408203125,
        "strength": 1.0
      },
      "visual_mass_concentration": 0.199761962890625,
      "mean_visual_weight": 0.08403974771499634,
      "face_count": 0,
      "has_directional_cues": 0
    },
    "framing_breathing": {
      "frame_in_frame_count": 0,
      "breathing_space": {
        "top": 0.205078125,
        "bottom": 0.208984375,
        "left": 0.1625,
        "right": 0.171875,
        "min_margin": 0.1625,
        "mean_margin": 0.187109375
      },
      "corner_anchors": {
        "top_left": 0.22572143375873566,
        "top_right": 0.2497783899307251,
        "bottom_left": 0.27648189663887024,
        "bottom_right": 0.20901863276958466,
        "max_corner_weight": 0.27648189663887024,
        "has_corner_subject": 0
      }
    }
  }
}