{
  "meta": {
    "_dataset": "tvm_data",
    "_label": "testImages_artphoto",
    "_relpath": "testImages_artphoto/sad_0366.jpg",
    "_filename": "sad_0366.jpg",
    "_width": 551,
    "_height": 363
  },
  "features": {
    "geometric_structural": {
      "leading_lines": {
        "diagonal": 1,
        "vertical": 0,
        "horizontal": 0,
        "curved": 268
      },
      "leading_lines_strength": 0.3462033462033462,
      "symmetry_vertical": 0.2756268669433634,
      "symmetry_horizontal": 0.2974861291533885,
      "symmetry_radial": 0.18887767855425067,
      "rule_of_thirds": {
        "alignment_score": 2,
        "num_salient_objects": 11
      },
      "golden_ratio": {
        "golden_alignment_score": 2
      },
      "balance": {
        "static_balance": 0.897844672203064,
        "dynamic_balance": 1.0,
        "dominant_quadrant": 0
      },
      "layering": {
        "foreground_ratio": 0.24561363819176318,
        "midground_ratio": 0.26446116875804376,
        "background_ratio": 0.48992519305019305,
        "depth_complexity": 0.043449661552126775
      }
    },
    "spatial_layout": {
      "negative_space_ratio": 0.8303571428571429,
      "subject_isolation": 0.1000015082046332,
      "depth_of_field": {
        "blur_gradient_strength": 36.552240507832074,
        "sharpness_variance": 2116.6594800805524,
        "min_sharpness": 1.0735267418514247,
        "max_sharpness": 235.5335981887308
      },
      "perspective": {
        "has_vanishing_point": 1,
        "perspective_strength": 0.8333333333333334
      }
    },
    "contrast_color": {
      "high_contrast_ratio": 0.3797206805019305,
      "low_contrast_ratio": 0.6202793194980696,
      "mean_contrast": 28.127283096313477,
      "highlight_ratio": 0.03400498628616333,
      "shadow_ratio": 0.5253227353096008,
      "midtone_ratio": 0.44067227840423584,
      "warm_color_ratio": 0.9032562138030888,
      "cool_color_ratio": 0.002890725546975547,
      "complementary_color_score": 2.2222222222222223
    },
    "motion_dynamics": {
      "s_curve_count": 274,
      "motion_blur_score": 8.037299461876069,
      "dominant_direction_deg": 4.999999999999995,
      "direction_strength": 0.05777931949792426
    },
    "pattern_rhythm": {
      "repetition_score": 1.0,
      "rhythm_score": 1.0,
      "pattern_breaks": 8
    },
    "visual_mass_focus": {
      "point_of_interest": {
        "x": 0.5276705276705277,
        "y": 0.318359375,
        "strength": 1.0
      },
      "visual_mass_concentration": 0.1997390805984556,
      "mean_visual_weight": 0.17806203663349152,
      "face_count": 0,
      "has_directional_cues": 0
    },
    "framing_breathing": {
      "frame_in_frame_count": 0,
      "breathing_space": {
        "top": 0.16796875,
        "bottom": 0.599609375,
        "left": 0.4066924066924067,
        "right": 0.32175032175032175,
        "min_margin": 0.16796875,
        "mean_margin": 0.3740052133606821
      },
      "corner_anchors": {
        "top_left": 0.17401853203773499,
        "top_right": 0.1061989888548851,
        "bottom_left": 0.15044662356376648,
        "bottom_right": 0.14365679025650024,
        "max_corner_weight": 0.17401853203773499,
        "has_corner_subject": 0
      }
    }
  }
}