{
  "meta": {
    "_dataset": "tvm_data",
    "_label": "testImages_artphoto",
    "_relpath": "testImages_artphoto/sad_0350.jpg",
    "_filename": "sad_0350.jpg",
    "_width": 522,
    "_height": 383
  },
  "features": {
    "geometric_structural": {
      "leading_lines": {
        "diagonal": 1,
        "vertical": 0,
        "horizontal": 20,
        "curved": 83
      },
      "leading_lines_strength": 0.1489971346704871,
      "symmetry_vertical": 0.5095812758693812,
      "symmetry_horizontal": 0.377771080604946,
      "symmetry_radial": 0.2804642931554615,
      "rule_of_thirds": {
        "alignment_score": 0,
        "num_salient_objects": 12
      },
      "golden_ratio": {
        "golden_alignment_score": 2
      },
      "balance": {
        "static_balance": 0.9121514558792114,
        "dynamic_balance": 1.0,
        "dominant_quadrant": 1
      },
      "layering": {
        "foreground_ratio": 0.300607763252149,
        "midground_ratio": 0.3142628492120344,
        "background_ratio": 0.3851293875358166,
        "depth_complexity": 0.1305432047224715
      }
    },
    "spatial_layout": {
      "negative_space_ratio": 0.3819086900071633,
      "subject_isolation": 0.10000111926934098,
      "depth_of_field": {
        "blur_gradient_strength": 143.9493235325875,
        "sharpness_variance": 147628.2087651044,
        "min_sharpness": 0.5156692314093845,
        "max_sharpness": 2805.081122645136
      },
      "perspective": {
        "has_vanishing_point": 1,
        "perspective_strength": 0.9919191919191919
      }
    },
    "contrast_color": {
      "high_contrast_ratio": 0.4343996239255014,
      "low_contrast_ratio": 0.5656003760744985,
      "mean_contrast": 18.524446487426758,
      "highlight_ratio": 0.20569652318954468,
      "shadow_ratio": 0.1636987328529358,
      "midtone_ratio": 0.6306047439575195,
      "warm_color_ratio": 0.7393333631805158,
      "cool_color_ratio": 0.009841175680515759,
      "complementary_color_score": 2.1666666666666665
    },
    "motion_dynamics": {
      "s_curve_count": 83,
      "motion_blur_score": 14.63925122958577,
      "dominant_direction_deg": 4.999999999999995,
      "direction_strength": 0.10588287965586418
    },
    "pattern_rhythm": {
      "repetition_score": 1.0,
      "rhythm_score": 1.0,
      "pattern_breaks": 5
    },
    "visual_mass_focus": {
      "point_of_interest": {
        "x": 0.6160458452722063,
        "y": 0.255859375,
        "strength": 1.0
      },
      "visual_mass_concentration": 0.1988577856375358,
      "mean_visual_weight": 0.19880494475364685,
      "face_count": 0,
      "has_directional_cues": 0
    },
    "framing_breathing": {
      "frame_in_frame_count": 0,
      "breathing_space": {
        "top": 0.0,
        "bottom": 0.53125,
        "left": 0.17621776504297995,
        "right": 0.0,
        "min_margin": 0.0,
        "mean_margin": 0.17686694126074498
      },
      "corner_anchors": {
        "top_left": 0.12780244648456573,
        "top_right": 0.645699143409729,
        "bottom_left": 0.48089340329170227,
        "bottom_right": 0.6526344418525696,
        "max_corner_weight": 0.6526344418525696,
        "has_corner_subject": 1
      }
    }
  }
}