{
  "meta": {
    "_dataset": "tvm_data",
    "_label": "testImages_artphoto",
    "_relpath": "testImages_artphoto/sad_0304.jpg",
    "_filename": "sad_0304.jpg",
    "_width": 447,
    "_height": 447
  },
  "features": {
    "geometric_structural": {
      "leading_lines": {
        "diagonal": 0,
        "vertical": 0,
        "horizontal": 0,
        "curved": 110
      },
      "leading_lines_strength": 0.21484375,
      "symmetry_vertical": 0.4911203909005519,
      "symmetry_horizontal": 0.44219932894676584,
      "symmetry_radial": 0.45744207655930286,
      "rule_of_thirds": {
        "alignment_score": 0,
        "num_salient_objects": 21
      },
      "golden_ratio": {
        "golden_alignment_score": 0
      },
      "balance": {
        "static_balance": 0.8272464871406555,
        "dynamic_balance": 1.0,
        "dominant_quadrant": 1
      },
      "layering": {
        "foreground_ratio": 0.3141021728515625,
        "midground_ratio": 0.3261985778808594,
        "background_ratio": 0.3596992492675781,
        "depth_complexity": 0.06016731202229857
      }
    },
    "spatial_layout": {
      "negative_space_ratio": 0.7383041381835938,
      "subject_isolation": 0.10000228881835938,
      "depth_of_field": {
        "blur_gradient_strength": 61.739051776672106,
        "sharpness_variance": 19612.596182303583,
        "min_sharpness": 1.5294117647058822,
        "max_sharpness": 725.4521537497556
      },
      "perspective": {
        "has_vanishing_point": 1,
        "perspective_strength": 0.676923076923077
      }
    },
    "contrast_color": {
      "high_contrast_ratio": 0.41672515869140625,
      "low_contrast_ratio": 0.5832748413085938,
      "mean_contrast": 23.84935188293457,
      "highlight_ratio": 0.09310531616210938,
      "shadow_ratio": 0.0873565673828125,
      "midtone_ratio": 0.8195381164550781,
      "warm_color_ratio": 0.8617095947265625,
      "cool_color_ratio": 0.000701904296875,
      "complementary_color_score": 2.111111111111111
    },
    "motion_dynamics": {
      "s_curve_count": 105,
      "motion_blur_score": 10.117647294194903,
      "dominant_direction_deg": 4.999999999999995,
      "direction_strength": 0.06339645385718004
    },
    "pattern_rhythm": {
      "repetition_score": 1.0,
      "rhythm_score": 1.0,
      "pattern_breaks": 5
    },
    "visual_mass_focus": {
      "point_of_interest": {
        "x": 0.603515625,
        "y": 0.24609375,
        "strength": 1.0
      },
      "visual_mass_concentration": 0.199798583984375,
      "mean_visual_weight": 0.2661847472190857,
      "face_count": 0,
      "has_directional_cues": 0
    },
    "framing_breathing": {
      "frame_in_frame_count": 0,
      "breathing_space": {
        "top": 0.03125,
        "bottom": 0.71875,
        "left": 0.193359375,
        "right": 0.396484375,
        "min_margin": 0.03125,
        "mean_margin": 0.3349609375
      },
      "corner_anchors": {
        "top_left": 0.3711138963699341,
        "top_right": 0.38678011298179626,
        "bottom_left": 0.260267972946167,
        "bottom_right": 0.21003217995166779,
        "max_corner_weight": 0.38678011298179626,
        "has_corner_subject": 1
      }
    }
  }
}