{
  "meta": {
    "_dataset": "tvm_data",
    "_label": "testImages_artphoto",
    "_relpath": "testImages_artphoto/sad_0610.jpg",
    "_filename": "sad_0610.jpg",
    "_width": 447,
    "_height": 447
  },
  "features": {
    "geometric_structural": {
      "leading_lines": {
        "diagonal": 2,
        "vertical": 0,
        "horizontal": 2,
        "curved": 129
      },
      "leading_lines_strength": 0.259765625,
      "symmetry_vertical": 0.5589051016176871,
      "symmetry_horizontal": 0.4109040942284882,
      "symmetry_radial": 0.4457043428916622,
      "rule_of_thirds": {
        "alignment_score": 0,
        "num_salient_objects": 3
      },
      "golden_ratio": {
        "golden_alignment_score": 1
      },
      "balance": {
        "static_balance": 0.9572268128395081,
        "dynamic_balance": 1.0,
        "dominant_quadrant": 1
      },
      "layering": {
        "foreground_ratio": 0.317352294921875,
        "midground_ratio": 0.12601089477539062,
        "background_ratio": 0.5566368103027344,
        "depth_complexity": 0.12028999225607549
      }
    },
    "spatial_layout": {
      "negative_space_ratio": 0.5472145080566406,
      "subject_isolation": 0.10000228881835938,
      "depth_of_field": {
        "blur_gradient_strength": 108.1906625724923,
        "sharpness_variance": 29104.707946911352,
        "min_sharpness": 0.0,
        "max_sharpness": 1202.4039900662226
      },
      "perspective": {
        "has_vanishing_point": 1,
        "perspective_strength": 0.912621359223301
      }
    },
    "contrast_color": {
      "high_contrast_ratio": 0.3869590759277344,
      "low_contrast_ratio": 0.6130409240722656,
      "mean_contrast": 14.58289623260498,
      "highlight_ratio": 3.814697265625e-06,
      "shadow_ratio": 0.2985191345214844,
      "midtone_ratio": 0.70147705078125,
      "warm_color_ratio": 0.0428009033203125,
      "cool_color_ratio": 9.918212890625e-05,
      "complementary_color_score": 1.7222222222222223
    },
    "motion_dynamics": {
      "s_curve_count": 108,
      "motion_blur_score": 11.475934177181836,
      "dominant_direction_deg": 4.999999999999995,
      "direction_strength": 0.05830383300759009
    },
    "pattern_rhythm": {
      "repetition_score": 1.0,
      "rhythm_score": 1.0,
      "pattern_breaks": 1
    },
    "visual_mass_focus": {
      "point_of_interest": {
        "x": 0.5,
        "y": 0.2890625,
        "strength": 1.0
      },
      "visual_mass_concentration": 0.19989013671875,
      "mean_visual_weight": 0.2106686681509018,
      "face_count": 0,
      "has_directional_cues": 0
    },
    "framing_breathing": {
      "frame_in_frame_count": 0,
      "breathing_space": {
        "top": 0.1640625,
        "bottom": 0.59375,
        "left": 0.189453125,
        "right": 0.154296875,
        "min_margin": 0.154296875,
        "mean_margin": 0.275390625
      },
      "corner_anchors": {
        "top_left": 0.215209499001503,
        "top_right": 0.21120211482048035,
        "bottom_left": 0.5142093300819397,
        "bottom_right": 0.5194671154022217,
        "max_corner_weight": 0.5194671154022217,
        "has_corner_subject": 1
      }
    }
  }
}