{
  "meta": {
    "_dataset": "tvm_data",
    "_label": "testImages_artphoto",
    "_relpath": "testImages_artphoto/sad_0373.jpg",
    "_filename": "sad_0373.jpg",
    "_width": 513,
    "_height": 390
  },
  "features": {
    "geometric_structural": {
      "leading_lines": {
        "diagonal": 0,
        "vertical": 0,
        "horizontal": 0,
        "curved": 39
      },
      "leading_lines_strength": 0.05794947994056464,
      "symmetry_vertical": 0.6488890342314096,
      "symmetry_horizontal": 0.609845474494561,
      "symmetry_radial": 0.4810220021401717,
      "rule_of_thirds": {
        "alignment_score": 0,
        "num_salient_objects": 6
      },
      "golden_ratio": {
        "golden_alignment_score": 3
      },
      "balance": {
        "static_balance": 0.9420785307884216,
        "dynamic_balance": 1.0,
        "dominant_quadrant": 1
      },
      "layering": {
        "foreground_ratio": 0.2105021823922734,
        "midground_ratio": 0.15500499164190193,
        "background_ratio": 0.6344928259658247,
        "depth_complexity": 0.022170826696532635
      }
    },
    "spatial_layout": {
      "negative_space_ratio": 0.29098079959138184,
      "subject_isolation": 0.10000116084695394,
      "depth_of_field": {
        "blur_gradient_strength": 15.025526422482356,
        "sharpness_variance": 671.0270531310709,
        "min_sharpness": 0.7377779315056566,
        "max_sharpness": 225.59091621963634
      },
      "perspective": {
        "has_vanishing_point": 0,
        "perspective_strength": 0.0
      }
    },
    "contrast_color": {
      "high_contrast_ratio": 0.3562552238112927,
      "low_contrast_ratio": 0.6437447761887073,
      "mean_contrast": 13.480661392211914,
      "highlight_ratio": 0.13568559288978577,
      "shadow_ratio": 0.02010296657681465,
      "midtone_ratio": 0.8442114591598511,
      "warm_color_ratio": 0.05503575408618128,
      "cool_color_ratio": 2.0314821693907874e-05,
      "complementary_color_score": 1.7777777777777777
    },
    "motion_dynamics": {
      "s_curve_count": 58,
      "motion_blur_score": 27.790603496181365,
      "dominant_direction_deg": 4.999999999999995,
      "direction_strength": 0.09891576894473522
    },
    "pattern_rhythm": {
      "repetition_score": 1.0,
      "rhythm_score": 1.0,
      "pattern_breaks": 3
    },
    "visual_mass_focus": {
      "point_of_interest": {
        "x": 0.4635958395245171,
        "y": 0.673828125,
        "strength": 1.0
      },
      "visual_mass_concentration": 0.19965696972511143,
      "mean_visual_weight": 0.03777359426021576,
      "face_count": 0,
      "has_directional_cues": 0
    },
    "framing_breathing": {
      "frame_in_frame_count": 0,
      "breathing_space": {
        "top": 0.642578125,
        "bottom": 0.173828125,
        "left": 0.3447251114413076,
        "right": 0.46656760772659733,
        "min_margin": 0.173828125,
        "mean_margin": 0.4069247422919763
      },
      "corner_anchors": {
        "top_left": 0.2602033317089081,
        "top_right": 0.3167433440685272,
        "bottom_left": 0.07898357510566711,
        "bottom_right": 0.06407321989536285,
        "max_corner_weight": 0.3167433440685272,
        "has_corner_subject": 1
      }
    }
  }
}