{
  "meta": {
    "_dataset": "tvm_data",
    "_label": "testImages_artphoto",
    "_relpath": "testImages_artphoto/sad_0464.jpg",
    "_filename": "sad_0464.jpg",
    "_width": 520,
    "_height": 385
  },
  "features": {
    "geometric_structural": {
      "leading_lines": {
        "diagonal": 31,
        "vertical": 0,
        "horizontal": 108,
        "curved": 582
      },
      "leading_lines_strength": 1.0419075144508672,
      "symmetry_vertical": 0.20121379246050397,
      "symmetry_horizontal": 0.13292844956049135,
      "symmetry_radial": 0.09561228591357024,
      "rule_of_thirds": {
        "alignment_score": 0,
        "num_salient_objects": 14
      },
      "golden_ratio": {
        "golden_alignment_score": 0
      },
      "balance": {
        "static_balance": 0.8856773972511292,
        "dynamic_balance": 1.0,
        "dominant_quadrant": 1
      },
      "layering": {
        "foreground_ratio": 0.32448123645231214,
        "midground_ratio": 0.31660382044797686,
        "background_ratio": 0.358914943099711,
        "depth_complexity": 0.5190304511013866
      }
    },
    "spatial_layout": {
      "negative_space_ratio": 0.622414649566474,
      "subject_isolation": 0.10000169346098266,
      "depth_of_field": {
        "blur_gradient_strength": 359.136785800155,
        "sharpness_variance": 289829.78029276617,
        "min_sharpness": 0.2278562027501542,
        "max_sharpness": 2504.681344131534
      },
      "perspective": {
        "has_vanishing_point": 1,
        "perspective_strength": 0.998202527813517
      }
    },
    "contrast_color": {
      "high_contrast_ratio": 0.38404308164739887,
      "low_contrast_ratio": 0.6159569183526011,
      "mean_contrast": 30.70604133605957,
      "highlight_ratio": 0.1914542317390442,
      "shadow_ratio": 0.4080337882041931,
      "midtone_ratio": 0.4005119800567627,
      "warm_color_ratio": 0.09112795791184972,
      "cool_color_ratio": 0.06427248916184972,
      "complementary_color_score": 2.2222222222222223
    },
    "motion_dynamics": {
      "s_curve_count": 403,
      "motion_blur_score": 6.292385929562,
      "dominant_direction_deg": 4.999999999999995,
      "direction_strength": 0.08244614794051874
    },
    "pattern_rhythm": {
      "repetition_score": 1.0,
      "rhythm_score": 1.0,
      "pattern_breaks": 5
    },
    "visual_mass_focus": {
      "point_of_interest": {
        "x": 0.8829479768786127,
        "y": 0.205078125,
        "strength": 1.0
      },
      "visual_mass_concentration": 0.19967033959537572,
      "mean_visual_weight": 0.10010208934545517,
      "face_count": 0,
      "has_directional_cues": 0
    },
    "framing_breathing": {
      "frame_in_frame_count": 0,
      "breathing_space": {
        "top": 0.0,
        "bottom": 0.421875,
        "left": 0.44508670520231214,
        "right": 0.0,
        "min_margin": 0.0,
        "mean_margin": 0.21674042630057805
      },
      "corner_anchors": {
        "top_left": 0.19277556240558624,
        "top_right": 0.9524966478347778,
        "bottom_left": 0.44486621022224426,
        "bottom_right": 0.4110945463180542,
        "max_corner_weight": 0.9524966478347778,
        "has_corner_subject": 1
      }
    }
  }
}