{
  "meta": {
    "_dataset": "tvm_data",
    "_label": "testImages_artphoto",
    "_relpath": "testImages_artphoto/sad_0409.jpg",
    "_filename": "sad_0409.jpg",
    "_width": 447,
    "_height": 447
  },
  "features": {
    "geometric_structural": {
      "leading_lines": {
        "diagonal": 4,
        "vertical": 0,
        "horizontal": 1,
        "curved": 81
      },
      "leading_lines_strength": 0.16796875,
      "symmetry_vertical": 0.640967921912953,
      "symmetry_horizontal": 0.4777579299506484,
      "symmetry_radial": 0.5179377633573621,
      "rule_of_thirds": {
        "alignment_score": 3,
        "num_salient_objects": 58
      },
      "golden_ratio": {
        "golden_alignment_score": 3
      },
      "balance": {
        "static_balance": 0.9524588584899902,
        "dynamic_balance": 1.0,
        "dominant_quadrant": 2
      },
      "layering": {
        "foreground_ratio": 0.32245635986328125,
        "midground_ratio": 0.2945098876953125,
        "background_ratio": 0.38303375244140625,
        "depth_complexity": 0.11681319721695035
      }
    },
    "spatial_layout": {
      "negative_space_ratio": 0.3765106201171875,
      "subject_isolation": 0.10000228881835938,
      "depth_of_field": {
        "blur_gradient_strength": 122.87983152209517,
        "sharpness_variance": 74662.29442903979,
        "min_sharpness": 1.3899483548234561,
        "max_sharpness": 1606.5887641771471
      },
      "perspective": {
        "has_vanishing_point": 1,
        "perspective_strength": 0.9565217391304348
      }
    },
    "contrast_color": {
      "high_contrast_ratio": 0.20875167846679688,
      "low_contrast_ratio": 0.7912483215332031,
      "mean_contrast": 16.361494064331055,
      "highlight_ratio": 0.01668548583984375,
      "shadow_ratio": 0.16146087646484375,
      "midtone_ratio": 0.8218536376953125,
      "warm_color_ratio": 0.8237533569335938,
      "cool_color_ratio": 0.057758331298828125,
      "complementary_color_score": 2.4444444444444446
    },
    "motion_dynamics": {
      "s_curve_count": 87,
      "motion_blur_score": 12.304994377767521,
      "dominant_direction_deg": 4.999999999999995,
      "direction_strength": 0.07701110839814372
    },
    "pattern_rhythm": {
      "repetition_score": 1.0,
      "rhythm_score": 1.0,
      "pattern_breaks": 9
    },
    "visual_mass_focus": {
      "point_of_interest": {
        "x": 0.4375,
        "y": 0.810546875,
        "strength": 1.0
      },
      "visual_mass_concentration": 0.19970321655273438,
      "mean_visual_weight": 0.1391771286725998,
      "face_count": 0,
      "has_directional_cues": 0
    },
    "framing_breathing": {
      "frame_in_frame_count": 0,
      "breathing_space": {
        "top": 0.728515625,
        "bottom": 0.0,
        "left": 0.0,
        "right": 0.0,
        "min_margin": 0.0,
        "mean_margin": 0.18212890625
      },
      "corner_anchors": {
        "top_left": 0.23153917491436005,
        "top_right": 0.21496416628360748,
        "bottom_left": 0.744047224521637,
        "bottom_right": 0.5989038944244385,
        "max_corner_weight": 0.744047224521637,
        "has_corner_subject": 1
      }
    }
  }
}