{
  "meta": {
    "_dataset": "tvm_data",
    "_label": "testImages_artphoto",
    "_relpath": "testImages_artphoto/sad_0335.jpg",
    "_filename": "sad_0335.jpg",
    "_width": 387,
    "_height": 516
  },
  "features": {
    "geometric_structural": {
      "leading_lines": {
        "diagonal": 0,
        "vertical": 2,
        "horizontal": 0,
        "curved": 36
      },
      "leading_lines_strength": 0.055636896046852125,
      "symmetry_vertical": 0.5799956258100003,
      "symmetry_horizontal": 0.5466870282013004,
      "symmetry_radial": 0.5032512088926174,
      "rule_of_thirds": {
        "alignment_score": 0,
        "num_salient_objects": 8
      },
      "golden_ratio": {
        "golden_alignment_score": 1
      },
      "balance": {
        "static_balance": 0.8543717265129089,
        "dynamic_balance": 1.0,
        "dominant_quadrant": 1
      },
      "layering": {
        "foreground_ratio": 0.3275587939238653,
        "midground_ratio": 0.0,
        "background_ratio": 0.6724412060761347,
        "depth_complexity": 0.16462187442800108
      }
    },
    "spatial_layout": {
      "negative_space_ratio": 0.9763966416544656,
      "subject_isolation": 0.09645806643484627,
      "depth_of_field": {
        "blur_gradient_strength": 346.31696482660624,
        "sharpness_variance": 863507.8311055179,
        "min_sharpness": 0.06265623149999534,
        "max_sharpness": 8117.571406189926
      },
      "perspective": {
        "has_vanishing_point": 1,
        "perspective_strength": 0.8220338983050848
      }
    },
    "contrast_color": {
      "high_contrast_ratio": 0.25711761072474376,
      "low_contrast_ratio": 0.7428823892752563,
      "mean_contrast": 11.59113883972168,
      "highlight_ratio": 0.0052731516771018505,
      "shadow_ratio": 0.966951310634613,
      "midtone_ratio": 0.02777552604675293,
      "warm_color_ratio": 0.026525896778916546,
      "cool_color_ratio": 0.8428320598462665,
      "complementary_color_score": 2.4444444444444446
    },
    "motion_dynamics": {
      "s_curve_count": 40,
      "motion_blur_score": 3.240713792069175,
      "dominant_direction_deg": 4.999999999999995,
      "direction_strength": 0.4403481881392971
    },
    "pattern_rhythm": {
      "repetition_score": 1.0,
      "rhythm_score": 1.0,
      "pattern_breaks": 2
    },
    "visual_mass_focus": {
      "point_of_interest": {
        "x": 0.736328125,
        "y": 0.2240117130307467,
        "strength": 1.0
      },
      "visual_mass_concentration": 0.19279602855051245,
      "mean_visual_weight": 0.04357622191309929,
      "face_count": 0,
      "has_directional_cues": 0
    },
    "framing_breathing": {
      "frame_in_frame_count": 0,
      "breathing_space": {
        "top": 0.08931185944363104,
        "bottom": 0.8667642752562226,
        "left": 0.689453125,
        "right": 0.166015625,
        "min_margin": 0.08931185944363104,
        "mean_margin": 0.4528862211749634
      },
      "corner_anchors": {
        "top_left": 0.0619463250041008,
        "top_right": 0.06463523954153061,
        "bottom_left": 0.09812995791435242,
        "bottom_right": 0.04517187178134918,
        "max_corner_weight": 0.09812995791435242,
        "has_corner_subject": 0
      }
    }
  }
}