{
  "meta": {
    "_dataset": "tvm_data",
    "_label": "testImages_artphoto",
    "_relpath": "testImages_artphoto/sad_0443.jpg",
    "_filename": "sad_0443.jpg",
    "_width": 446,
    "_height": 448
  },
  "features": {
    "geometric_structural": {
      "leading_lines": {
        "diagonal": 9,
        "vertical": 23,
        "horizontal": 0,
        "curved": 208
      },
      "leading_lines_strength": 0.4669260700389105,
      "symmetry_vertical": 0.33759096963956614,
      "symmetry_horizontal": 0.3624803821175535,
      "symmetry_radial": 0.3148068099669552,
      "rule_of_thirds": {
        "alignment_score": 1,
        "num_salient_objects": 39
      },
      "golden_ratio": {
        "golden_alignment_score": 1
      },
      "balance": {
        "static_balance": 0.9518526792526245,
        "dynamic_balance": 1.0,
        "dominant_quadrant": 0
      },
      "layering": {
        "foreground_ratio": 0.3206886855544747,
        "midground_ratio": 0.20694005350194553,
        "background_ratio": 0.4723712609435798,
        "depth_complexity": 0.16943731288293085
      }
    },
    "spatial_layout": {
      "negative_space_ratio": 0.5727900048638133,
      "subject_isolation": 0.10000075997081712,
      "depth_of_field": {
        "blur_gradient_strength": 163.13380893168403,
        "sharpness_variance": 76229.99056350696,
        "min_sharpness": 3.412147843057435,
        "max_sharpness": 1482.0515186466744
      },
      "perspective": {
        "has_vanishing_point": 1,
        "perspective_strength": 0.9972672262346282
      }
    },
    "contrast_color": {
      "high_contrast_ratio": 0.3813837548638132,
      "low_contrast_ratio": 0.6186162451361867,
      "mean_contrast": 15.452902793884277,
      "highlight_ratio": 0.0,
      "shadow_ratio": 0.25406205654144287,
      "midtone_ratio": 0.7459379434585571,
      "warm_color_ratio": 0.16194978112840466,
      "cool_color_ratio": 0.0014515442607003892,
      "complementary_color_score": 3.611111111111111
    },
    "motion_dynamics": {
      "s_curve_count": 174,
      "motion_blur_score": 10.46149007848819,
      "dominant_direction_deg": 4.999999999999995,
      "direction_strength": 0.07706104085573831
    },
    "pattern_rhythm": {
      "repetition_score": 1.0,
      "rhythm_score": 1.0,
      "pattern_breaks": 9
    },
    "visual_mass_focus": {
      "point_of_interest": {
        "x": 0.70703125,
        "y": 0.8424124513618677,
        "strength": 1.0
      },
      "visual_mass_concentration": 0.19976592898832685,
      "mean_visual_weight": 0.0614023320376873,
      "face_count": 0,
      "has_directional_cues": 0
    },
    "framing_breathing": {
      "frame_in_frame_count": 0,
      "breathing_space": {
        "top": 0.0,
        "bottom": 0.11867704280155641,
        "left": 0.0,
        "right": 0.0,
        "min_margin": 0.0,
        "mean_margin": 0.029669260700389104
      },
      "corner_anchors": {
        "top_left": 0.600257158279419,
        "top_right": 0.5767282247543335,
        "bottom_left": 0.48630189895629883,
        "bottom_right": 0.7724395990371704,
        "max_corner_weight": 0.7724395990371704,
        "has_corner_subject": 1
      }
    }
  }
}