{
  "meta": {
    "_dataset": "tvm_data",
    "_label": "testImages_artphoto",
    "_relpath": "testImages_artphoto/sad_0314.jpg",
    "_filename": "sad_0314.jpg",
    "_width": 516,
    "_height": 387
  },
  "features": {
    "geometric_structural": {
      "leading_lines": {
        "diagonal": 0,
        "vertical": 0,
        "horizontal": 1,
        "curved": 125
      },
      "leading_lines_strength": 0.18448023426061494,
      "symmetry_vertical": 0.33530802926579645,
      "symmetry_horizontal": 0.3765266753740838,
      "symmetry_radial": 0.26885249969138936,
      "rule_of_thirds": {
        "alignment_score": 1,
        "num_salient_objects": 43
      },
      "golden_ratio": {
        "golden_alignment_score": 2
      },
      "balance": {
        "static_balance": 0.922048807144165,
        "dynamic_balance": 1.0,
        "dominant_quadrant": 0
      },
      "layering": {
        "foreground_ratio": 0.2975298545021962,
        "midground_ratio": 0.22347410322108346,
        "background_ratio": 0.4789960422767203,
        "depth_complexity": 0.07051243863077633
      }
    },
    "spatial_layout": {
      "negative_space_ratio": 0.7256845946193266,
      "subject_isolation": 0.10000114385065886,
      "depth_of_field": {
        "blur_gradient_strength": 1850.1165447073638,
        "sharpness_variance": 14732722.49006214,
        "min_sharpness": 0.0,
        "max_sharpness": 14694.411764705883
      },
      "perspective": {
        "has_vanishing_point": 1,
        "perspective_strength": 0.7111111111111111
      }
    },
    "contrast_color": {
      "high_contrast_ratio": 0.49582780472181553,
      "low_contrast_ratio": 0.5041721952781845,
      "mean_contrast": 29.38686752319336,
      "highlight_ratio": 0.09296360611915588,
      "shadow_ratio": 0.6024547219276428,
      "midtone_ratio": 0.3045817017555237,
      "warm_color_ratio": 0.544209827964861,
      "cool_color_ratio": 0.13408217423133237,
      "complementary_color_score": 1.8888888888888888
    },
    "motion_dynamics": {
      "s_curve_count": 164,
      "motion_blur_score": 7.87950322152321,
      "dominant_direction_deg": 4.999999999999995,
      "direction_strength": 0.2848073755482339
    },
    "pattern_rhythm": {
      "repetition_score": 1.0,
      "rhythm_score": 1.0,
      "pattern_breaks": 21
    },
    "visual_mass_focus": {
      "point_of_interest": {
        "x": 0.6120058565153733,
        "y": 0.322265625,
        "strength": 1.0
      },
      "visual_mass_concentration": 0.19849812408491949,
      "mean_visual_weight": 0.08054586499929428,
      "face_count": 0,
      "has_directional_cues": 0
    },
    "framing_breathing": {
      "frame_in_frame_count": 0,
      "breathing_space": {
        "top": 0.0,
        "bottom": 0.6171875,
        "left": 0.8169838945827232,
        "right": 0.0,
        "min_margin": 0.0,
        "mean_margin": 0.3585428486456808
      },
      "corner_anchors": {
        "top_left": 0.3357788622379303,
        "top_right": 0.6144102215766907,
        "bottom_left": 0.32304587960243225,
        "bottom_right": 0.27974891662597656,
        "max_corner_weight": 0.6144102215766907,
        "has_corner_subject": 1
      }
    }
  }
}