{
  "meta": {
    "_dataset": "tvm_data",
    "_label": "testImages_artphoto",
    "_relpath": "testImages_artphoto/sad_0337.jpg",
    "_filename": "sad_0337.jpg",
    "_width": 421,
    "_height": 475
  },
  "features": {
    "geometric_structural": {
      "leading_lines": {
        "diagonal": 0,
        "vertical": 0,
        "horizontal": 0,
        "curved": 14
      },
      "leading_lines_strength": 0.02422145328719723,
      "symmetry_vertical": 0.4110572501323669,
      "symmetry_horizontal": 0.43449487962894123,
      "symmetry_radial": 0.37422975246402207,
      "rule_of_thirds": {
        "alignment_score": 0,
        "num_salient_objects": 3
      },
      "golden_ratio": {
        "golden_alignment_score": 0
      },
      "balance": {
        "static_balance": 0.8732521533966064,
        "dynamic_balance": 1.0,
        "dominant_quadrant": 1
      },
      "layering": {
        "foreground_ratio": 0.1938696204584775,
        "midground_ratio": 0.18805755298442905,
        "background_ratio": 0.6180728265570934,
        "depth_complexity": 0.014005740204578603
      }
    },
    "spatial_layout": {
      "negative_space_ratio": 0.7337701394896193,
      "subject_isolation": 0.10000135164359862,
      "depth_of_field": {
        "blur_gradient_strength": 17.95755495440257,
        "sharpness_variance": 1296.7513553817962,
        "min_sharpness": 0.6167820069204152,
        "max_sharpness": 370.4309880815072
      },
      "perspective": {
        "has_vanishing_point": 0,
        "perspective_strength": 0.0
      }
    },
    "contrast_color": {
      "high_contrast_ratio": 0.4141199448529412,
      "low_contrast_ratio": 0.5858800551470589,
      "mean_contrast": 20.846227645874023,
      "highlight_ratio": 0.056657519191503525,
      "shadow_ratio": 0.3546307384967804,
      "midtone_ratio": 0.5887117385864258,
      "warm_color_ratio": 0.6059823745674741,
      "cool_color_ratio": 0.029587478373702424,
      "complementary_color_score": 2.0
    },
    "motion_dynamics": {
      "s_curve_count": 55,
      "motion_blur_score": 13.364513425853032,
      "dominant_direction_deg": 4.999999999999995,
      "direction_strength": 0.055457936851023674
    },
    "pattern_rhythm": {
      "repetition_score": 1.0,
      "rhythm_score": 1.0,
      "pattern_breaks": 1
    },
    "visual_mass_focus": {
      "point_of_interest": {
        "x": 0.908203125,
        "y": 0.2041522491349481,
        "strength": 1.0
      },
      "visual_mass_concentration": 0.19981347318339102,
      "mean_visual_weight": 0.1561852991580963,
      "face_count": 0,
      "has_directional_cues": 0
    },
    "framing_breathing": {
      "frame_in_frame_count": 0,
      "breathing_space": {
        "top": 0.0,
        "bottom": 0.5882352941176471,
        "left": 0.7578125,
        "right": 0.0,
        "min_margin": 0.0,
        "mean_margin": 0.3365119485294118
      },
      "corner_anchors": {
        "top_left": 0.1939171552658081,
        "top_right": 0.6488056182861328,
        "bottom_left": 0.24729368090629578,
        "bottom_right": 0.22456809878349304,
        "max_corner_weight": 0.6488056182861328,
        "has_corner_subject": 1
      }
    }
  }
}