{
  "meta": {
    "_dataset": "tvm_data",
    "_label": "testImages_artphoto",
    "_relpath": "testImages_artphoto/sad_0343.jpg",
    "_filename": "sad_0343.jpg",
    "_width": 554,
    "_height": 361
  },
  "features": {
    "geometric_structural": {
      "leading_lines": {
        "diagonal": 0,
        "vertical": 2,
        "horizontal": 0,
        "curved": 21
      },
      "leading_lines_strength": 0.029262086513994912,
      "symmetry_vertical": 0.8073835893035829,
      "symmetry_horizontal": 0.8423294439384746,
      "symmetry_radial": 0.8307427234836684,
      "rule_of_thirds": {
        "alignment_score": 0,
        "num_salient_objects": 5
      },
      "golden_ratio": {
        "golden_alignment_score": 1
      },
      "balance": {
        "static_balance": 0.8912023901939392,
        "dynamic_balance": 1.0,
        "dominant_quadrant": 0
      },
      "layering": {
        "foreground_ratio": 0.10775485050890585,
        "midground_ratio": 0.0,
        "background_ratio": 0.8922451494910941,
        "depth_complexity": 0.056754462861602
      }
    },
    "spatial_layout": {
      "negative_space_ratio": 0.977514213581425,
      "subject_isolation": 0.08328612038804072,
      "depth_of_field": {
        "blur_gradient_strength": 81.22326168192134,
        "sharpness_variance": 46833.207672719116,
        "min_sharpness": 0.0,
        "max_sharpness": 1581.1459952187674
      },
      "perspective": {
        "has_vanishing_point": 1,
        "perspective_strength": 0.8571428571428571
      }
    },
    "contrast_color": {
      "high_contrast_ratio": 0.2200023854961832,
      "low_contrast_ratio": 0.7799976145038168,
      "mean_contrast": 7.505402565002441,
      "highlight_ratio": 0.005409609526395798,
      "shadow_ratio": 0.9690854549407959,
      "midtone_ratio": 0.0255049467086792,
      "warm_color_ratio": 0.04239970976463105,
      "cool_color_ratio": 0.03288008905852417,
      "complementary_color_score": 2.2777777777777777
    },
    "motion_dynamics": {
      "s_curve_count": 27,
      "motion_blur_score": 3.286313333604663,
      "dominant_direction_deg": 4.999999999999995,
      "direction_strength": 0.8689641976759578
    },
    "pattern_rhythm": {
      "repetition_score": 1.0,
      "rhythm_score": 1.0,
      "pattern_breaks": 1
    },
    "visual_mass_focus": {
      "point_of_interest": {
        "x": 0.40966921119592875,
        "y": 0.47265625,
        "strength": 1.0
      },
      "visual_mass_concentration": 0.13612237595419846,
      "mean_visual_weight": 0.017407512292265892,
      "face_count": 0,
      "has_directional_cues": 0
    },
    "framing_breathing": {
      "frame_in_frame_count": 0,
      "breathing_space": {
        "top": 0.248046875,
        "bottom": 0.45703125,
        "left": 0.3256997455470738,
        "right": 0.4071246819338422,
        "min_margin": 0.248046875,
        "mean_margin": 0.359475638120229
      },
      "corner_anchors": {
        "top_left": 0.023274144157767296,
        "top_right": 0.032956693321466446,
        "bottom_left": 0.023274146020412445,
        "bottom_right": 0.03681071475148201,
        "max_corner_weight": 0.03681071475148201,
        "has_corner_subject": 0
      }
    }
  }
}