{
  "meta": {
    "_dataset": "tvm_data",
    "_label": "testImages_artphoto",
    "_relpath": "testImages_artphoto/sad_0622.jpg",
    "_filename": "sad_0622.jpg",
    "_width": 329,
    "_height": 608
  },
  "features": {
    "geometric_structural": {
      "leading_lines": {
        "diagonal": 1,
        "vertical": 0,
        "horizontal": 1,
        "curved": 137
      },
      "leading_lines_strength": 0.14693446088794926,
      "symmetry_vertical": 0.6114741678556408,
      "symmetry_horizontal": 0.5985080380790647,
      "symmetry_radial": 0.4364515387691322,
      "rule_of_thirds": {
        "alignment_score": 0,
        "num_salient_objects": 22
      },
      "golden_ratio": {
        "golden_alignment_score": 0
      },
      "balance": {
        "static_balance": 0.891119122505188,
        "dynamic_balance": 1.0,
        "dominant_quadrant": 0
      },
      "layering": {
        "foreground_ratio": 0.31069965644820297,
        "midground_ratio": 0.3329706494450317,
        "background_ratio": 0.35632969410676535,
        "depth_complexity": 0.046154895536568
      }
    },
    "spatial_layout": {
      "negative_space_ratio": 0.5598965215380549,
      "subject_isolation": 0.10000165169133192,
      "depth_of_field": {
        "blur_gradient_strength": 55.9305077800675,
        "sharpness_variance": 12036.988528757453,
        "min_sharpness": 0.48981161091887737,
        "max_sharpness": 915.0175382653061
      },
      "perspective": {
        "has_vanishing_point": 1,
        "perspective_strength": 0.6685236768802229
      }
    },
    "contrast_color": {
      "high_contrast_ratio": 0.40055372951902746,
      "low_contrast_ratio": 0.5994462704809725,
      "mean_contrast": 11.583842277526855,
      "highlight_ratio": 0.00285329669713974,
      "shadow_ratio": 0.016832798719406128,
      "midtone_ratio": 0.9803138971328735,
      "warm_color_ratio": 2.2710755813953488e-05,
      "cool_color_ratio": 0.3590611786469345,
      "complementary_color_score": 1.2222222222222223
    },
    "motion_dynamics": {
      "s_curve_count": 168,
      "motion_blur_score": 16.144757994065213,
      "dominant_direction_deg": 4.999999999999995,
      "direction_strength": 0.08543992798608152
    },
    "pattern_rhythm": {
      "repetition_score": 1.0,
      "rhythm_score": 1.0,
      "pattern_breaks": 8
    },
    "visual_mass_focus": {
      "point_of_interest": {
        "x": 0.51953125,
        "y": 0.6849894291754757,
        "strength": 1.0
      },
      "visual_mass_concentration": 0.19907009778012685,
      "mean_visual_weight": 0.07670174539089203,
      "face_count": 0,
      "has_directional_cues": 0
    },
    "framing_breathing": {
      "frame_in_frame_count": 0,
      "breathing_space": {
        "top": 0.08879492600422834,
        "bottom": 0.6331923890063424,
        "left": 0.28515625,
        "right": 0.490234375,
        "min_margin": 0.08879492600422834,
        "mean_margin": 0.3743444850026427
      },
      "corner_anchors": {
        "top_left": 0.4082477390766144,
        "top_right": 0.25112470984458923,
        "bottom_left": 0.1786348521709442,
        "bottom_right": 0.34691500663757324,
        "max_corner_weight": 0.4082477390766144,
        "has_corner_subject": 1
      }
    }
  }
}