{
  "meta": {
    "_dataset": "tvm_data",
    "_label": "testImages_artphoto",
    "_relpath": "testImages_artphoto/sad_0381.jpg",
    "_filename": "sad_0381.jpg",
    "_width": 519,
    "_height": 386
  },
  "features": {
    "geometric_structural": {
      "leading_lines": {
        "diagonal": 0,
        "vertical": 0,
        "horizontal": 0,
        "curved": 277
      },
      "leading_lines_strength": 0.40261627906976744,
      "symmetry_vertical": 0.3632882729100424,
      "symmetry_horizontal": 0.38209942984388867,
      "symmetry_radial": 0.28470619861233804,
      "rule_of_thirds": {
        "alignment_score": 1,
        "num_salient_objects": 50
      },
      "golden_ratio": {
        "golden_alignment_score": 3
      },
      "balance": {
        "static_balance": 0.8954437971115112,
        "dynamic_balance": 1.0,
        "dominant_quadrant": 1
      },
      "layering": {
        "foreground_ratio": 0.33625545058139533,
        "midground_ratio": 0.14023040061773256,
        "background_ratio": 0.5235141488008721,
        "depth_complexity": 0.06508175544456862
      }
    },
    "spatial_layout": {
      "negative_space_ratio": 0.8938697992369186,
      "subject_isolation": 0.10000113553779069,
      "depth_of_field": {
        "blur_gradient_strength": 58.071207875469355,
        "sharpness_variance": 10586.283235333303,
        "min_sharpness": 1.2549019607843137,
        "max_sharpness": 493.6098637719707
      },
      "perspective": {
        "has_vanishing_point": 1,
        "perspective_strength": 0.6666666666666666
      }
    },
    "contrast_color": {
      "high_contrast_ratio": 0.45432299236918605,
      "low_contrast_ratio": 0.545677007630814,
      "mean_contrast": 25.308513641357422,
      "highlight_ratio": 0.03132948651909828,
      "shadow_ratio": 0.04284951835870743,
      "midtone_ratio": 0.9258209466934204,
      "warm_color_ratio": 0.00017033066860465117,
      "cool_color_ratio": 0.8746990824854651,
      "complementary_color_score": 0.0
    },
    "motion_dynamics": {
      "s_curve_count": 261,
      "motion_blur_score": 8.83112284035878,
      "dominant_direction_deg": 4.999999999999995,
      "direction_strength": 0.07548771348089035
    },
    "pattern_rhythm": {
      "repetition_score": 1.0,
      "rhythm_score": 1.0,
      "pattern_breaks": 8
    },
    "visual_mass_focus": {
      "point_of_interest": {
        "x": 0.47819767441860467,
        "y": 0.47265625,
        "strength": 1.0
      },
      "visual_mass_concentration": 0.1993408203125,
      "mean_visual_weight": 0.12898048758506775,
      "face_count": 0,
      "has_directional_cues": 0
    },
    "framing_breathing": {
      "frame_in_frame_count": 0,
      "breathing_space": {
        "top": 0.427734375,
        "bottom": 0.451171875,
        "left": 0.5857558139534884,
        "right": 0.30959302325581395,
        "min_margin": 0.30959302325581395,
        "mean_margin": 0.4435637718023256
      },
      "corner_anchors": {
        "top_left": 0.1480962336063385,
        "top_right": 0.18404227495193481,
        "bottom_left": 0.10716967284679413,
        "bottom_right": 0.12338395416736603,
        "max_corner_weight": 0.18404227495193481,
        "has_corner_subject": 0
      }
    }
  }
}