{
  "meta": {
    "_dataset": "tvm_data",
    "_label": "testImages_artphoto",
    "_relpath": "testImages_artphoto/sad_0433.jpg",
    "_filename": "sad_0433.jpg",
    "_width": 452,
    "_height": 443
  },
  "features": {
    "geometric_structural": {
      "leading_lines": {
        "diagonal": 0,
        "vertical": 1,
        "horizontal": 1,
        "curved": 39
      },
      "leading_lines_strength": 0.07854406130268199,
      "symmetry_vertical": 0.5438694838021162,
      "symmetry_horizontal": 0.33930109753422877,
      "symmetry_radial": 0.3527880800909733,
      "rule_of_thirds": {
        "alignment_score": 0,
        "num_salient_objects": 3
      },
      "golden_ratio": {
        "golden_alignment_score": 3
      },
      "balance": {
        "static_balance": 0.9781693816184998,
        "dynamic_balance": 1.0,
        "dominant_quadrant": 0
      },
      "layering": {
        "foreground_ratio": 0.30096458931992337,
        "midground_ratio": 0.2693778436302682,
        "background_ratio": 0.42965756704980845,
        "depth_complexity": 0.08623023302184338
      }
    },
    "spatial_layout": {
      "negative_space_ratio": 0.7071509818007663,
      "subject_isolation": 0.10000224497126436,
      "depth_of_field": {
        "blur_gradient_strength": 70.89657670412589,
        "sharpness_variance": 14812.556372287583,
        "min_sharpness": 0.0,
        "max_sharpness": 484.7360916549264
      },
      "perspective": {
        "has_vanishing_point": 1,
        "perspective_strength": 0.8461538461538461
      }
    },
    "contrast_color": {
      "high_contrast_ratio": 0.4476697198275862,
      "low_contrast_ratio": 0.5523302801724138,
      "mean_contrast": 35.85629653930664,
      "highlight_ratio": 0.10027538239955902,
      "shadow_ratio": 0.5841677188873291,
      "midtone_ratio": 0.3155568838119507,
      "warm_color_ratio": 0.07825595665708812,
      "cool_color_ratio": 0.0043178280651341,
      "complementary_color_score": 2.611111111111111
    },
    "motion_dynamics": {
      "s_curve_count": 68,
      "motion_blur_score": 7.463428895718528,
      "dominant_direction_deg": 4.999999999999995,
      "direction_strength": 0.17935449592844768
    },
    "pattern_rhythm": {
      "repetition_score": 1.0,
      "rhythm_score": 1.0,
      "pattern_breaks": 2
    },
    "visual_mass_focus": {
      "point_of_interest": {
        "x": 0.4731800766283525,
        "y": 0.443359375,
        "strength": 1.0
      },
      "visual_mass_concentration": 0.19980244252873564,
      "mean_visual_weight": 0.03030356764793396,
      "face_count": 0,
      "has_directional_cues": 0
    },
    "framing_breathing": {
      "frame_in_frame_count": 0,
      "breathing_space": {
        "top": 0.21484375,
        "bottom": 0.2265625,
        "left": 0.19540229885057472,
        "right": 0.19540229885057472,
        "min_margin": 0.19540229885057472,
        "mean_margin": 0.20805271192528735
      },
      "corner_anchors": {
        "top_left": 0.30071142315864563,
        "top_right": 0.3034091293811798,
        "bottom_left": 0.3422902524471283,
        "bottom_right": 0.35484427213668823,
        "max_corner_weight": 0.35484427213668823,
        "has_corner_subject": 1
      }
    }
  }
}