{
  "meta": {
    "_dataset": "tvm_data",
    "_label": "testImages_artphoto",
    "_relpath": "testImages_artphoto/sad_0358.jpg",
    "_filename": "sad_0358.jpg",
    "_width": 518,
    "_height": 386
  },
  "features": {
    "geometric_structural": {
      "leading_lines": {
        "diagonal": 0,
        "vertical": 0,
        "horizontal": 0,
        "curved": 24
      },
      "leading_lines_strength": 0.034934497816593885,
      "symmetry_vertical": 0.6611772119736361,
      "symmetry_horizontal": 0.26957499527077106,
      "symmetry_radial": 0.34395499381712774,
      "rule_of_thirds": {
        "alignment_score": 0,
        "num_salient_objects": 2
      },
      "golden_ratio": {
        "golden_alignment_score": 1
      },
      "balance": {
        "static_balance": 0.9118196964263916,
        "dynamic_balance": 1.0,
        "dominant_quadrant": 0
      },
      "layering": {
        "foreground_ratio": 0.12325725527656478,
        "midground_ratio": 0.24882869359534207,
        "background_ratio": 0.6279140511280932,
        "depth_complexity": 0.0086224406872914
      }
    },
    "spatial_layout": {
      "negative_space_ratio": 0.8074395014556041,
      "subject_isolation": 0.1000017057860262,
      "depth_of_field": {
        "blur_gradient_strength": 8.716016164606474,
        "sharpness_variance": 426.9984598388014,
        "min_sharpness": 0.0392156862745098,
        "max_sharpness": 122.26673265140239
      },
      "perspective": {
        "has_vanishing_point": 0,
        "perspective_strength": 0.0
      }
    },
    "contrast_color": {
      "high_contrast_ratio": 0.34754537390829693,
      "low_contrast_ratio": 0.652454626091703,
      "mean_contrast": 12.24342155456543,
      "highlight_ratio": 0.0071614584885537624,
      "shadow_ratio": 0.802973210811615,
      "midtone_ratio": 0.1898653507232666,
      "warm_color_ratio": 0.0,
      "cool_color_ratio": 0.0,
      "complementary_color_score": 0.0
    },
    "motion_dynamics": {
      "s_curve_count": 64,
      "motion_blur_score": 9.00551034780624,
      "dominant_direction_deg": 4.999999999999995,
      "direction_strength": 0.3020804903557642
    },
    "pattern_rhythm": {
      "repetition_score": 1.0,
      "rhythm_score": 1.0,
      "pattern_breaks": 1
    },
    "visual_mass_focus": {
      "point_of_interest": {
        "x": 0.529839883551674,
        "y": 0.462890625,
        "strength": 1.0
      },
      "visual_mass_concentration": 0.0,
      "mean_visual_weight": 0.0,
      "face_count": 0,
      "has_directional_cues": 0
    },
    "framing_breathing": {
      "frame_in_frame_count": 0,
      "breathing_space": {
        "top": 0.390625,
        "bottom": 0.4296875,
        "left": 0.47307132459970885,
        "right": 0.38719068413391555,
        "min_margin": 0.38719068413391555,
        "mean_margin": 0.42014362718340614
      },
      "corner_anchors": {
        "top_left": 0.17902761697769165,
        "top_right": 0.07121486961841583,
        "bottom_left": 0.13421347737312317,
        "bottom_right": 0.1370040625333786,
        "max_corner_weight": 0.17902761697769165,
        "has_corner_subject": 0
      }
    }
  }
}