{
  "meta": {
    "_dataset": "tvm_data",
    "_label": "testImages_artphoto",
    "_relpath": "testImages_artphoto/sad_0457.jpg",
    "_filename": "sad_0457.jpg",
    "_width": 387,
    "_height": 516
  },
  "features": {
    "geometric_structural": {
      "leading_lines": {
        "diagonal": 0,
        "vertical": 0,
        "horizontal": 0,
        "curved": 8
      },
      "leading_lines_strength": 0.01171303074670571,
      "symmetry_vertical": 0.45604012039707237,
      "symmetry_horizontal": 0.3973447492595893,
      "symmetry_radial": 0.446415864229706,
      "rule_of_thirds": {
        "alignment_score": 1,
        "num_salient_objects": 5
      },
      "golden_ratio": {
        "golden_alignment_score": 1
      },
      "balance": {
        "static_balance": 0.8401511907577515,
        "dynamic_balance": 1.0,
        "dominant_quadrant": 3
      },
      "layering": {
        "foreground_ratio": 0.10350418649341142,
        "midground_ratio": 0.315637010431918,
        "background_ratio": 0.5808588030746705,
        "depth_complexity": 0.0047037123073038175
      }
    },
    "spatial_layout": {
      "negative_space_ratio": 0.509053577964861,
      "subject_isolation": 0.10000114385065886,
      "depth_of_field": {
        "blur_gradient_strength": 5.133233184875122,
        "sharpness_variance": 63.130128407932396,
        "min_sharpness": 0.0,
        "max_sharpness": 75.32718185313341
      },
      "perspective": {
        "has_vanishing_point": 0,
        "perspective_strength": 0.0
      }
    },
    "contrast_color": {
      "high_contrast_ratio": 0.417396824670571,
      "low_contrast_ratio": 0.582603175329429,
      "mean_contrast": 19.947843551635742,
      "highlight_ratio": 0.058453626930713654,
      "shadow_ratio": 0.3472101390361786,
      "midtone_ratio": 0.5943362712860107,
      "warm_color_ratio": 0.4616953010614934,
      "cool_color_ratio": 0.0051816434846266475,
      "complementary_color_score": 2.888888888888889
    },
    "motion_dynamics": {
      "s_curve_count": 30,
      "motion_blur_score": 20.01416614668898,
      "dominant_direction_deg": 4.999999999999995,
      "direction_strength": 0.19661363012388872
    },
    "pattern_rhythm": {
      "repetition_score": 1.0,
      "rhythm_score": 1.0,
      "pattern_breaks": 2
    },
    "visual_mass_focus": {
      "point_of_interest": {
        "x": 0.634765625,
        "y": 0.7232796486090776,
        "strength": 1.0
      },
      "visual_mass_concentration": 0.19977351756954612,
      "mean_visual_weight": 0.08533107489347458,
      "face_count": 0,
      "has_directional_cues": 0
    },
    "framing_breathing": {
      "frame_in_frame_count": 0,
      "breathing_space": {
        "top": 0.5607613469985359,
        "bottom": 0.13616398243045388,
        "left": 0.287109375,
        "right": 0.0,
        "min_margin": 0.0,
        "mean_margin": 0.24600867610724744
      },
      "corner_anchors": {
        "top_left": 0.17701511085033417,
        "top_right": 0.6876126527786255,
        "bottom_left": 0.5340996980667114,
        "bottom_right": 0.491071492433548,
        "max_corner_weight": 0.6876126527786255,
        "has_corner_subject": 1
      }
    }
  }
}