{
  "meta": {
    "_dataset": "tvm_data",
    "_label": "testImages_artphoto",
    "_relpath": "testImages_artphoto/sad_0298.jpg",
    "_filename": "sad_0298.jpg",
    "_width": 500,
    "_height": 400
  },
  "features": {
    "geometric_structural": {
      "leading_lines": {
        "diagonal": 0,
        "vertical": 0,
        "horizontal": 0,
        "curved": 87
      },
      "leading_lines_strength": 0.1359375,
      "symmetry_vertical": 0.36917883956116143,
      "symmetry_horizontal": 0.6603116881050013,
      "symmetry_radial": 0.3741804653185649,
      "rule_of_thirds": {
        "alignment_score": 2,
        "num_salient_objects": 32
      },
      "golden_ratio": {
        "golden_alignment_score": 2
      },
      "balance": {
        "static_balance": 0.7473206520080566,
        "dynamic_balance": 1.0,
        "dominant_quadrant": 1
      },
      "layering": {
        "foreground_ratio": 0.28865966796875,
        "midground_ratio": 0.285015869140625,
        "background_ratio": 0.426324462890625,
        "depth_complexity": 0.1086157001569029
      }
    },
    "spatial_layout": {
      "negative_space_ratio": 0.1958892822265625,
      "subject_isolation": 0.1,
      "depth_of_field": {
        "blur_gradient_strength": 98.06545213197148,
        "sharpness_variance": 45610.19408239945,
        "min_sharpness": 5.8618403207827825,
        "max_sharpness": 1034.6439510075163
      },
      "perspective": {
        "has_vanishing_point": 1,
        "perspective_strength": 0.9929577464788732
      }
    },
    "contrast_color": {
      "high_contrast_ratio": 0.378375244140625,
      "low_contrast_ratio": 0.621624755859375,
      "mean_contrast": 22.779701232910156,
      "highlight_ratio": 0.7556213140487671,
      "shadow_ratio": 0.0518798828125,
      "midtone_ratio": 0.1924988031387329,
      "warm_color_ratio": 0.0309814453125,
      "cool_color_ratio": 0.1616241455078125,
      "complementary_color_score": 2.0555555555555554
    },
    "motion_dynamics": {
      "s_curve_count": 135,
      "motion_blur_score": 14.611685084049409,
      "dominant_direction_deg": 4.999999999999995,
      "direction_strength": 0.28044128417883163
    },
    "pattern_rhythm": {
      "repetition_score": 1.0,
      "rhythm_score": 1.0,
      "pattern_breaks": 5
    },
    "visual_mass_focus": {
      "point_of_interest": {
        "x": 0.7953125,
        "y": 0.296875,
        "strength": 1.0
      },
      "visual_mass_concentration": 0.199969482421875,
      "mean_visual_weight": 0.10223601758480072,
      "face_count": 0,
      "has_directional_cues": 0
    },
    "framing_breathing": {
      "frame_in_frame_count": 0,
      "breathing_space": {
        "top": 0.091796875,
        "bottom": 0.37890625,
        "left": 0.59375,
        "right": 0.0203125,
        "min_margin": 0.0203125,
        "mean_margin": 0.27119140625
      },
      "corner_anchors": {
        "top_left": 0.16004472970962524,
        "top_right": 0.3302854299545288,
        "bottom_left": 0.1599389612674713,
        "bottom_right": 0.19436852633953094,
        "max_corner_weight": 0.3302854299545288,
        "has_corner_subject": 1
      }
    }
  }
}