{
  "meta": {
    "_dataset": "tvm_data",
    "_label": "testImages_artphoto",
    "_relpath": "testImages_artphoto/sad_0364.jpg",
    "_filename": "sad_0364.jpg",
    "_width": 496,
    "_height": 403
  },
  "features": {
    "geometric_structural": {
      "leading_lines": {
        "diagonal": 31,
        "vertical": 3,
        "horizontal": 30,
        "curved": 341
      },
      "leading_lines_strength": 0.6428571428571429,
      "symmetry_vertical": 0.1551493875073735,
      "symmetry_horizontal": 0.1700066901960239,
      "symmetry_radial": 0.1445159691066983,
      "rule_of_thirds": {
        "alignment_score": 1,
        "num_salient_objects": 10
      },
      "golden_ratio": {
        "golden_alignment_score": 2
      },
      "balance": {
        "static_balance": 0.8790928721427917,
        "dynamic_balance": 1.0,
        "dominant_quadrant": 0
      },
      "layering": {
        "foreground_ratio": 0.3180028521825397,
        "midground_ratio": 0.3461371527777778,
        "background_ratio": 0.33585999503968256,
        "depth_complexity": 0.2848297122130102
      }
    },
    "spatial_layout": {
      "negative_space_ratio": 0.2916263640873016,
      "subject_isolation": 0.1,
      "depth_of_field": {
        "blur_gradient_strength": 218.32952749194888,
        "sharpness_variance": 87551.71129638724,
        "min_sharpness": 0.04648731057658153,
        "max_sharpness": 1487.921003086235
      },
      "perspective": {
        "has_vanishing_point": 1,
        "perspective_strength": 0.9996448548344136
      }
    },
    "contrast_color": {
      "high_contrast_ratio": 0.4348028273809524,
      "low_contrast_ratio": 0.5651971726190477,
      "mean_contrast": 30.61005973815918,
      "highlight_ratio": 0.05502232164144516,
      "shadow_ratio": 0.163969486951828,
      "midtone_ratio": 0.781008243560791,
      "warm_color_ratio": 0.4331225198412698,
      "cool_color_ratio": 0.014381820436507936,
      "complementary_color_score": 2.6666666666666665
    },
    "motion_dynamics": {
      "s_curve_count": 356,
      "motion_blur_score": 8.201904053825242,
      "dominant_direction_deg": 4.999999999999995,
      "direction_strength": 0.07523561507913183
    },
    "pattern_rhythm": {
      "repetition_score": 1.0,
      "rhythm_score": 1.0,
      "pattern_breaks": 5
    },
    "visual_mass_focus": {
      "point_of_interest": {
        "x": 0.31746031746031744,
        "y": 0.37890625,
        "strength": 1.0
      },
      "visual_mass_concentration": 0.19982018849206348,
      "mean_visual_weight": 0.10608889907598495,
      "face_count": 0,
      "has_directional_cues": 0
    },
    "framing_breathing": {
      "frame_in_frame_count": 0,
      "breathing_space": {
        "top": 0.0859375,
        "bottom": 0.330078125,
        "left": 0.0,
        "right": 0.6238095238095238,
        "min_margin": 0.0,
        "mean_margin": 0.25995628720238095
      },
      "corner_anchors": {
        "top_left": 0.33517688512802124,
        "top_right": 0.2771785259246826,
        "bottom_left": 0.2394421249628067,
        "bottom_right": 0.35349947214126587,
        "max_corner_weight": 0.35349947214126587,
        "has_corner_subject": 1
      }
    }
  }
}