{
  "meta": {
    "_dataset": "tvm_data",
    "_label": "testImages_artphoto",
    "_relpath": "testImages_artphoto/sad_0309.jpg",
    "_filename": "sad_0309.jpg",
    "_width": 520,
    "_height": 385
  },
  "features": {
    "geometric_structural": {
      "leading_lines": {
        "diagonal": 0,
        "vertical": 0,
        "horizontal": 1,
        "curved": 46
      },
      "leading_lines_strength": 0.06791907514450866,
      "symmetry_vertical": 0.5192679789341363,
      "symmetry_horizontal": 0.30319719756456703,
      "symmetry_radial": 0.24624504477086342,
      "rule_of_thirds": {
        "alignment_score": 0,
        "num_salient_objects": 15
      },
      "golden_ratio": {
        "golden_alignment_score": 0
      },
      "balance": {
        "static_balance": 0.8564031720161438,
        "dynamic_balance": 1.0,
        "dominant_quadrant": 2
      },
      "layering": {
        "foreground_ratio": 0.28234792720375723,
        "midground_ratio": 0.3482574286488439,
        "background_ratio": 0.36939464414739887,
        "depth_complexity": 0.09041842540373378
      }
    },
    "spatial_layout": {
      "negative_space_ratio": 0.38026384122109824,
      "subject_isolation": 0.10000169346098266,
      "depth_of_field": {
        "blur_gradient_strength": 65.41589246645509,
        "sharpness_variance": 17755.071037713842,
        "min_sharpness": 0.0,
        "max_sharpness": 764.2117790735264
      },
      "perspective": {
        "has_vanishing_point": 1,
        "perspective_strength": 0.7904761904761904
      }
    },
    "contrast_color": {
      "high_contrast_ratio": 0.3670576679913295,
      "low_contrast_ratio": 0.6329423320086704,
      "mean_contrast": 19.645566940307617,
      "highlight_ratio": 0.09822920709848404,
      "shadow_ratio": 0.21524453163146973,
      "midtone_ratio": 0.6865262389183044,
      "warm_color_ratio": 0.058113936054913294,
      "cool_color_ratio": 0.7617836660043352,
      "complementary_color_score": 2.5555555555555554
    },
    "motion_dynamics": {
      "s_curve_count": 166,
      "motion_blur_score": 13.333553337346016,
      "dominant_direction_deg": 95.0,
      "direction_strength": 0.12091593659647953
    },
    "pattern_rhythm": {
      "repetition_score": 1.0,
      "rhythm_score": 1.0,
      "pattern_breaks": 5
    },
    "visual_mass_focus": {
      "point_of_interest": {
        "x": 0.36416184971098264,
        "y": 0.67578125,
        "strength": 1.0
      },
      "visual_mass_concentration": 0.19996951770231214,
      "mean_visual_weight": 0.25426754355430603,
      "face_count": 0,
      "has_directional_cues": 0
    },
    "framing_breathing": {
      "frame_in_frame_count": 0,
      "breathing_space": {
        "top": 0.306640625,
        "bottom": 0.0,
        "left": 0.0,
        "right": 0.0,
        "min_margin": 0.0,
        "mean_margin": 0.07666015625
      },
      "corner_anchors": {
        "top_left": 0.30739301443099976,
        "top_right": 0.21736618876457214,
        "bottom_left": 0.4796094596385956,
        "bottom_right": 0.6054967641830444,
        "max_corner_weight": 0.6054967641830444,
        "has_corner_subject": 1
      }
    }
  }
}