{
  "meta": {
    "_dataset": "tvm_data",
    "_label": "testImages_artphoto",
    "_relpath": "testImages_artphoto/sad_0306.jpg",
    "_filename": "sad_0306.jpg",
    "_width": 387,
    "_height": 516
  },
  "features": {
    "geometric_structural": {
      "leading_lines": {
        "diagonal": 0,
        "vertical": 0,
        "horizontal": 0,
        "curved": 67
      },
      "leading_lines_strength": 0.09809663250366032,
      "symmetry_vertical": 0.7739379911999096,
      "symmetry_horizontal": 0.753756694439076,
      "symmetry_radial": 0.5829472040639795,
      "rule_of_thirds": {
        "alignment_score": 1,
        "num_salient_objects": 14
      },
      "golden_ratio": {
        "golden_alignment_score": 2
      },
      "balance": {
        "static_balance": 0.8053580522537231,
        "dynamic_balance": 1.0,
        "dominant_quadrant": 1
      },
      "layering": {
        "foreground_ratio": 0.2811813689604685,
        "midground_ratio": 0.0,
        "background_ratio": 0.7188186310395315,
        "depth_complexity": 0.02990256105598065
      }
    },
    "spatial_layout": {
      "negative_space_ratio": 0.06967766288433382,
      "subject_isolation": 0.10000114385065886,
      "depth_of_field": {
        "blur_gradient_strength": 36.455469237431835,
        "sharpness_variance": 7719.099201220148,
        "min_sharpness": 0.16070682896191849,
        "max_sharpness": 546.0661863557343
      },
      "perspective": {
        "has_vanishing_point": 1,
        "perspective_strength": 0.6666666666666666
      }
    },
    "contrast_color": {
      "high_contrast_ratio": 0.2633573160688141,
      "low_contrast_ratio": 0.7366426839311859,
      "mean_contrast": 15.35850715637207,
      "highlight_ratio": 0.8795725703239441,
      "shadow_ratio": 0.027034910395741463,
      "midtone_ratio": 0.0933925211429596,
      "warm_color_ratio": 0.0009007823938506588,
      "cool_color_ratio": 0.00503294289897511,
      "complementary_color_score": 3.8333333333333335
    },
    "motion_dynamics": {
      "s_curve_count": 60,
      "motion_blur_score": 22.50379005048738,
      "dominant_direction_deg": 4.999999999999995,
      "direction_strength": 0.454835056733692
    },
    "pattern_rhythm": {
      "repetition_score": 1.0,
      "rhythm_score": 1.0,
      "pattern_breaks": 8
    },
    "visual_mass_focus": {
      "point_of_interest": {
        "x": 0.587890625,
        "y": 0.3616398243045388,
        "strength": 1.0
      },
      "visual_mass_concentration": 0.1995304493045388,
      "mean_visual_weight": 0.022406987845897675,
      "face_count": 0,
      "has_directional_cues": 0
    },
    "framing_breathing": {
      "frame_in_frame_count": 0,
      "breathing_space": {
        "top": 0.2884333821376281,
        "bottom": 0.568081991215227,
        "left": 0.61328125,
        "right": 0.078125,
        "min_margin": 0.078125,
        "mean_margin": 0.38698040583821375
      },
      "corner_anchors": {
        "top_left": 0.06636271625757217,
        "top_right": 0.10713620483875275,
        "bottom_left": 0.06082792580127716,
        "bottom_right": 0.05169661343097687,
        "max_corner_weight": 0.10713620483875275,
        "has_corner_subject": 0
      }
    }
  }
}