{
  "meta": {
    "_dataset": "tvm_data",
    "_label": "testImages_artphoto",
    "_relpath": "testImages_artphoto/sad_0328.jpg",
    "_filename": "sad_0328.jpg",
    "_width": 551,
    "_height": 363
  },
  "features": {
    "geometric_structural": {
      "leading_lines": {
        "diagonal": 0,
        "vertical": 0,
        "horizontal": 0,
        "curved": 29
      },
      "leading_lines_strength": 0.03732303732303732,
      "symmetry_vertical": 0.3366580916092599,
      "symmetry_horizontal": 0.22764111042417234,
      "symmetry_radial": 0.22105328177594416,
      "rule_of_thirds": {
        "alignment_score": 0,
        "num_salient_objects": 3
      },
      "golden_ratio": {
        "golden_alignment_score": 2
      },
      "balance": {
        "static_balance": 0.9010241627693176,
        "dynamic_balance": 1.0,
        "dominant_quadrant": 2
      },
      "layering": {
        "foreground_ratio": 0.14943794240669242,
        "midground_ratio": 0.2846660834942085,
        "background_ratio": 0.5658959740990991,
        "depth_complexity": 0.010828044555949358
      }
    },
    "spatial_layout": {
      "negative_space_ratio": 0.6292254866473617,
      "subject_isolation": 0.1000015082046332,
      "depth_of_field": {
        "blur_gradient_strength": 11.438159660285319,
        "sharpness_variance": 464.7927134617867,
        "min_sharpness": 0.0,
        "max_sharpness": 147.89696004597647
      },
      "perspective": {
        "has_vanishing_point": 1,
        "perspective_strength": 0.3333333333333333
      }
    },
    "contrast_color": {
      "high_contrast_ratio": 0.32036528716216217,
      "low_contrast_ratio": 0.6796347128378378,
      "mean_contrast": 15.109323501586914,
      "highlight_ratio": 0.0037152108270674944,
      "shadow_ratio": 0.6183086037635803,
      "midtone_ratio": 0.3779761791229248,
      "warm_color_ratio": 0.25250110601673104,
      "cool_color_ratio": 0.28922337516087515,
      "complementary_color_score": 2.388888888888889
    },
    "motion_dynamics": {
      "s_curve_count": 52,
      "motion_blur_score": 11.896145236804601,
      "dominant_direction_deg": 4.999999999999995,
      "direction_strength": 0.28318804295295613
    },
    "pattern_rhythm": {
      "repetition_score": 1.0,
      "rhythm_score": 1.0,
      "pattern_breaks": 3
    },
    "visual_mass_focus": {
      "point_of_interest": {
        "x": 0.425997425997426,
        "y": 0.55078125,
        "strength": 1.0
      },
      "visual_mass_concentration": 0.19999547538610038,
      "mean_visual_weight": 0.136443093419075,
      "face_count": 0,
      "has_directional_cues": 0
    },
    "framing_breathing": {
      "frame_in_frame_count": 0,
      "breathing_space": {
        "top": 0.3515625,
        "bottom": 0.310546875,
        "left": 0.16473616473616473,
        "right": 0.48906048906048905,
        "min_margin": 0.16473616473616473,
        "mean_margin": 0.32897650719916344
      },
      "corner_anchors": {
        "top_left": 0.21206150949001312,
        "top_right": 0.28791478276252747,
        "bottom_left": 0.46162277460098267,
        "bottom_right": 0.3175974190235138,
        "max_corner_weight": 0.46162277460098267,
        "has_corner_subject": 1
      }
    }
  }
}