{
  "meta": {
    "_dataset": "tvm_data",
    "_label": "testImages_artphoto",
    "_relpath": "testImages_artphoto/sad_0461.jpg",
    "_filename": "sad_0461.jpg",
    "_width": 387,
    "_height": 516
  },
  "features": {
    "geometric_structural": {
      "leading_lines": {
        "diagonal": 0,
        "vertical": 0,
        "horizontal": 0,
        "curved": 177
      },
      "leading_lines_strength": 0.2591508052708638,
      "symmetry_vertical": 0.23403631972631653,
      "symmetry_horizontal": 0.22563533237312255,
      "symmetry_radial": 0.18647879621994426,
      "rule_of_thirds": {
        "alignment_score": 1,
        "num_salient_objects": 70
      },
      "golden_ratio": {
        "golden_alignment_score": 1
      },
      "balance": {
        "static_balance": 0.9592987298965454,
        "dynamic_balance": 1.0,
        "dominant_quadrant": 0
      },
      "layering": {
        "foreground_ratio": 0.2958255170204978,
        "midground_ratio": 0.25304550237920936,
        "background_ratio": 0.45112898060029283,
        "depth_complexity": 0.12836581623728996
      }
    },
    "spatial_layout": {
      "negative_space_ratio": 0.3678795296486091,
      "subject_isolation": 0.10000114385065886,
      "depth_of_field": {
        "blur_gradient_strength": 124.36473320732708,
        "sharpness_variance": 26017.934223581113,
        "min_sharpness": 2.5562170288805905,
        "max_sharpness": 1511.0618593593892
      },
      "perspective": {
        "has_vanishing_point": 0,
        "perspective_strength": 0.0
      }
    },
    "contrast_color": {
      "high_contrast_ratio": 0.5034429904831625,
      "low_contrast_ratio": 0.49655700951683746,
      "mean_contrast": 40.21533966064453,
      "highlight_ratio": 0.12796257436275482,
      "shadow_ratio": 0.23353998363018036,
      "midtone_ratio": 0.6384974122047424,
      "warm_color_ratio": 0.08625205893118594,
      "cool_color_ratio": 0.3087138543191801,
      "complementary_color_score": 2.0
    },
    "motion_dynamics": {
      "s_curve_count": 195,
      "motion_blur_score": 8.680193131344094,
      "dominant_direction_deg": 4.999999999999995,
      "direction_strength": 0.05027223645666444
    },
    "pattern_rhythm": {
      "repetition_score": 1.0,
      "rhythm_score": 1.0,
      "pattern_breaks": 23
    },
    "visual_mass_focus": {
      "point_of_interest": {
        "x": 0.427734375,
        "y": 0.4055636896046852,
        "strength": 1.0
      },
      "visual_mass_concentration": 0.1995561859443631,
      "mean_visual_weight": 0.1314852237701416,
      "face_count": 0,
      "has_directional_cues": 0
    },
    "framing_breathing": {
      "frame_in_frame_count": 0,
      "breathing_space": {
        "top": 0.0,
        "bottom": 0.5080527086383602,
        "left": 0.0,
        "right": 0.53125,
        "min_margin": 0.0,
        "mean_margin": 0.25982567715959004
      },
      "corner_anchors": {
        "top_left": 0.7098885178565979,
        "top_right": 0.4277423918247223,
        "bottom_left": 0.2903172969818115,
        "bottom_right": 0.3674352467060089,
        "max_corner_weight": 0.7098885178565979,
        "has_corner_subject": 1
      }
    }
  }
}