{
  "meta": {
    "_dataset": "tvm_data",
    "_label": "testImages_artphoto",
    "_relpath": "testImages_artphoto/sad_0460.jpg",
    "_filename": "sad_0460.jpg",
    "_width": 390,
    "_height": 513
  },
  "features": {
    "geometric_structural": {
      "leading_lines": {
        "diagonal": 0,
        "vertical": 0,
        "horizontal": 0,
        "curved": 25
      },
      "leading_lines_strength": 0.03714710252600297,
      "symmetry_vertical": 0.7103622308529856,
      "symmetry_horizontal": 0.5222988094106273,
      "symmetry_radial": 0.5200968462391412,
      "rule_of_thirds": {
        "alignment_score": 1,
        "num_salient_objects": 4
      },
      "golden_ratio": {
        "golden_alignment_score": 2
      },
      "balance": {
        "static_balance": 0.8649134635925293,
        "dynamic_balance": 1.0,
        "dominant_quadrant": 1
      },
      "layering": {
        "foreground_ratio": 0.15772427563150074,
        "midground_ratio": 0.37850285568350667,
        "background_ratio": 0.46377286868499257,
        "depth_complexity": 0.009910564422708492
      }
    },
    "spatial_layout": {
      "negative_space_ratio": 0.5470549312778603,
      "subject_isolation": 0.10000116084695394,
      "depth_of_field": {
        "blur_gradient_strength": 10.165303126401719,
        "sharpness_variance": 629.1831673904102,
        "min_sharpness": 0.0,
        "max_sharpness": 200.8468741726964
      },
      "perspective": {
        "has_vanishing_point": 0,
        "perspective_strength": 0.0
      }
    },
    "contrast_color": {
      "high_contrast_ratio": 0.4761416929791976,
      "low_contrast_ratio": 0.5238583070208024,
      "mean_contrast": 13.580934524536133,
      "highlight_ratio": 0.042635004967451096,
      "shadow_ratio": 0.3053549826145172,
      "midtone_ratio": 0.6520099639892578,
      "warm_color_ratio": 0.9838990527488856,
      "cool_color_ratio": 0.0007429420505200594,
      "complementary_color_score": 1.7222222222222223
    },
    "motion_dynamics": {
      "s_curve_count": 29,
      "motion_blur_score": 22.590583032280275,
      "dominant_direction_deg": 95.0,
      "direction_strength": 0.09813800148559929
    },
    "pattern_rhythm": {
      "repetition_score": 1.0,
      "rhythm_score": 1.0,
      "pattern_breaks": 2
    },
    "visual_mass_focus": {
      "point_of_interest": {
        "x": 0.556640625,
        "y": 0.3075780089153046,
        "strength": 1.0
      },
      "visual_mass_concentration": 0.1999123560549777,
      "mean_visual_weight": 0.23505808413028717,
      "face_count": 0,
      "has_directional_cues": 0
    },
    "framing_breathing": {
      "frame_in_frame_count": 0,
      "breathing_space": {
        "top": 0.23476968796433878,
        "bottom": 0.586924219910847,
        "left": 0.203125,
        "right": 0.140625,
        "min_margin": 0.140625,
        "mean_margin": 0.2913609769687964
      },
      "corner_anchors": {
        "top_left": 0.3795584440231323,
        "top_right": 0.27985015511512756,
        "bottom_left": 0.4710771143436432,
        "bottom_right": 0.44247934222221375,
        "max_corner_weight": 0.4710771143436432,
        "has_corner_subject": 1
      }
    }
  }
}