{
  "meta": {
    "_dataset": "tvm_data",
    "_label": "testImages_artphoto",
    "_relpath": "testImages_artphoto/sad_0345.jpg",
    "_filename": "sad_0345.jpg",
    "_width": 430,
    "_height": 465
  },
  "features": {
    "geometric_structural": {
      "leading_lines": {
        "diagonal": 0,
        "vertical": 0,
        "horizontal": 0,
        "curved": 23
      },
      "leading_lines_strength": 0.04151624548736462,
      "symmetry_vertical": 0.2529947064764149,
      "symmetry_horizontal": 0.600371889978869,
      "symmetry_radial": 0.2804800621389844,
      "rule_of_thirds": {
        "alignment_score": 0,
        "num_salient_objects": 7
      },
      "golden_ratio": {
        "golden_alignment_score": 4
      },
      "balance": {
        "static_balance": 0.9099242687225342,
        "dynamic_balance": 1.0,
        "dominant_quadrant": 1
      },
      "layering": {
        "foreground_ratio": 0.1585838786101083,
        "midground_ratio": 0.1938247405234657,
        "background_ratio": 0.647591380866426,
        "depth_complexity": 0.02371796830160441
      }
    },
    "spatial_layout": {
      "negative_space_ratio": 0.6616334329873647,
      "subject_isolation": 0.10000070509927798,
      "depth_of_field": {
        "blur_gradient_strength": 31.30045584549974,
        "sharpness_variance": 2699.9462218433605,
        "min_sharpness": 0.0,
        "max_sharpness": 290.31737179723115
      },
      "perspective": {
        "has_vanishing_point": 1,
        "perspective_strength": 0.7142857142857143
      }
    },
    "contrast_color": {
      "high_contrast_ratio": 0.40293250789711194,
      "low_contrast_ratio": 0.597067492102888,
      "mean_contrast": 32.173519134521484,
      "highlight_ratio": 0.28062599897384644,
      "shadow_ratio": 0.587989330291748,
      "midtone_ratio": 0.13138467073440552,
      "warm_color_ratio": 0.001649932310469314,
      "cool_color_ratio": 0.0,
      "complementary_color_score": 0.0
    },
    "motion_dynamics": {
      "s_curve_count": 33,
      "motion_blur_score": 11.783322084165603,
      "dominant_direction_deg": 4.999999999999995,
      "direction_strength": 0.48999816674014973
    },
    "pattern_rhythm": {
      "repetition_score": 1.0,
      "rhythm_score": 1.0,
      "pattern_breaks": 5
    },
    "visual_mass_focus": {
      "point_of_interest": {
        "x": 0.787109375,
        "y": 0.463898916967509,
        "strength": 1.0
      },
      "visual_mass_concentration": 0.1875,
      "mean_visual_weight": 0.007475574966520071,
      "face_count": 0,
      "has_directional_cues": 0
    },
    "framing_breathing": {
      "frame_in_frame_count": 0,
      "breathing_space": {
        "top": 0.0,
        "bottom": 0.49097472924187724,
        "left": 0.548828125,
        "right": 0.0,
        "min_margin": 0.0,
        "mean_margin": 0.2599507135604693
      },
      "corner_anchors": {
        "top_left": 0.5240522027015686,
        "top_right": 0.9874565601348877,
        "bottom_left": 0.5310555696487427,
        "bottom_right": 0.9107012748718262,
        "max_corner_weight": 0.9874565601348877,
        "has_corner_subject": 1
      }
    }
  }
}