{
  "meta": {
    "_dataset": "tvm_data",
    "_label": "testImages_artphoto",
    "_relpath": "testImages_artphoto/sad_0355.jpg",
    "_filename": "sad_0355.jpg",
    "_width": 447,
    "_height": 447
  },
  "features": {
    "geometric_structural": {
      "leading_lines": {
        "diagonal": 3,
        "vertical": 0,
        "horizontal": 0,
        "curved": 110
      },
      "leading_lines_strength": 0.220703125,
      "symmetry_vertical": 0.3126051213790241,
      "symmetry_horizontal": 0.2318043906304467,
      "symmetry_radial": 0.236888836977848,
      "rule_of_thirds": {
        "alignment_score": 0,
        "num_salient_objects": 25
      },
      "golden_ratio": {
        "golden_alignment_score": 0
      },
      "balance": {
        "static_balance": 0.8992712497711182,
        "dynamic_balance": 1.0,
        "dominant_quadrant": 2
      },
      "layering": {
        "foreground_ratio": 0.29598236083984375,
        "midground_ratio": 0.23421096801757812,
        "background_ratio": 0.4698066711425781,
        "depth_complexity": 0.20100978547986598
      }
    },
    "spatial_layout": {
      "negative_space_ratio": 0.8140983581542969,
      "subject_isolation": 0.10000228881835938,
      "depth_of_field": {
        "blur_gradient_strength": 151.3561529499401,
        "sharpness_variance": 53513.67748011875,
        "min_sharpness": 1.0685313341022684,
        "max_sharpness": 1091.3985219360075
      },
      "perspective": {
        "has_vanishing_point": 1,
        "perspective_strength": 0.6504504504504505
      }
    },
    "contrast_color": {
      "high_contrast_ratio": 0.4881248474121094,
      "low_contrast_ratio": 0.5118751525878906,
      "mean_contrast": 23.570537567138672,
      "highlight_ratio": 0.00140380859375,
      "shadow_ratio": 0.7967796325683594,
      "midtone_ratio": 0.20181655883789062,
      "warm_color_ratio": 0.3254890441894531,
      "cool_color_ratio": 0.008453369140625,
      "complementary_color_score": 2.388888888888889
    },
    "motion_dynamics": {
      "s_curve_count": 151,
      "motion_blur_score": 3.420132239405144,
      "dominant_direction_deg": 4.999999999999995,
      "direction_strength": 0.06839370727512972
    },
    "pattern_rhythm": {
      "repetition_score": 1.0,
      "rhythm_score": 1.0,
      "pattern_breaks": 1
    },
    "visual_mass_focus": {
      "point_of_interest": {
        "x": 0.42578125,
        "y": 0.275390625,
        "strength": 1.0
      },
      "visual_mass_concentration": 0.19952774047851562,
      "mean_visual_weight": 0.023995477706193924,
      "face_count": 0,
      "has_directional_cues": 0
    },
    "framing_breathing": {
      "frame_in_frame_count": 0,
      "breathing_space": {
        "top": 0.74609375,
        "bottom": 0.15625,
        "left": 0.912109375,
        "right": 0.0,
        "min_margin": 0.0,
        "mean_margin": 0.45361328125
      },
      "corner_anchors": {
        "top_left": 0.12479158490896225,
        "top_right": 0.09040547907352448,
        "bottom_left": 0.12708702683448792,
        "bottom_right": 0.1439240574836731,
        "max_corner_weight": 0.1439240574836731,
        "has_corner_subject": 0
      }
    }
  }
}