{
  "meta": {
    "_dataset": "tvm_data",
    "_label": "testImages_artphoto",
    "_relpath": "testImages_artphoto/sad_0322.jpg",
    "_filename": "sad_0322.jpg",
    "_width": 547,
    "_height": 365
  },
  "features": {
    "geometric_structural": {
      "leading_lines": {
        "diagonal": 3,
        "vertical": 0,
        "horizontal": 0,
        "curved": 103
      },
      "leading_lines_strength": 0.13820078226857888,
      "symmetry_vertical": 0.5746587416736056,
      "symmetry_horizontal": 0.5739001457496367,
      "symmetry_radial": 0.40489921301862714,
      "rule_of_thirds": {
        "alignment_score": 1,
        "num_salient_objects": 28
      },
      "golden_ratio": {
        "golden_alignment_score": 2
      },
      "balance": {
        "static_balance": 0.8602235913276672,
        "dynamic_balance": 1.0,
        "dominant_quadrant": 1
      },
      "layering": {
        "foreground_ratio": 0.2959430003259452,
        "midground_ratio": 0.28716030394393743,
        "background_ratio": 0.41689669573011734,
        "depth_complexity": 0.0413053415727077
      }
    },
    "spatial_layout": {
      "negative_space_ratio": 0.520873227672751,
      "subject_isolation": 0.10000152786831812,
      "depth_of_field": {
        "blur_gradient_strength": 41.591503010450985,
        "sharpness_variance": 5194.356937227647,
        "min_sharpness": 0.6074586697424068,
        "max_sharpness": 401.7732540393108
      },
      "perspective": {
        "has_vanishing_point": 1,
        "perspective_strength": 0.7575757575757576
      }
    },
    "contrast_color": {
      "high_contrast_ratio": 0.38519088168187743,
      "low_contrast_ratio": 0.6148091183181226,
      "mean_contrast": 14.708817481994629,
      "highlight_ratio": 0.0,
      "shadow_ratio": 0.07907482236623764,
      "midtone_ratio": 0.9209251999855042,
      "warm_color_ratio": 0.13737064048239897,
      "cool_color_ratio": 0.0025948296936114733,
      "complementary_color_score": 2.2222222222222223
    },
    "motion_dynamics": {
      "s_curve_count": 138,
      "motion_blur_score": 16.08483632107884,
      "dominant_direction_deg": 4.999999999999995,
      "direction_strength": 0.1519821544976573
    },
    "pattern_rhythm": {
      "repetition_score": 1.0,
      "rhythm_score": 1.0,
      "pattern_breaks": 10
    },
    "visual_mass_focus": {
      "point_of_interest": {
        "x": 0.5554106910039114,
        "y": 0.33203125,
        "strength": 1.0
      },
      "visual_mass_concentration": 0.19888007252281617,
      "mean_visual_weight": 0.04069800674915314,
      "face_count": 0,
      "has_directional_cues": 0
    },
    "framing_breathing": {
      "frame_in_frame_count": 0,
      "breathing_space": {
        "top": 0.0,
        "bottom": 0.84375,
        "left": 0.7170795306388527,
        "right": 0.0,
        "min_margin": 0.0,
        "mean_margin": 0.39020738265971316
      },
      "corner_anchors": {
        "top_left": 0.373512327671051,
        "top_right": 0.4363975524902344,
        "bottom_left": 0.21119916439056396,
        "bottom_right": 0.2150353044271469,
        "max_corner_weight": 0.4363975524902344,
        "has_corner_subject": 1
      }
    }
  }
}