{
  "meta": {
    "_dataset": "tvm_data",
    "_label": "testImages_artphoto",
    "_relpath": "testImages_artphoto/sad_0435.jpg",
    "_filename": "sad_0435.jpg",
    "_width": 662,
    "_height": 302
  },
  "features": {
    "geometric_structural": {
      "leading_lines": {
        "diagonal": 121,
        "vertical": 4,
        "horizontal": 24,
        "curved": 802
      },
      "leading_lines_strength": 0.8475935828877005,
      "symmetry_vertical": 0.19339194346431066,
      "symmetry_horizontal": 0.406991966239599,
      "symmetry_radial": 0.1467840259098873,
      "rule_of_thirds": {
        "alignment_score": 0,
        "num_salient_objects": 7
      },
      "golden_ratio": {
        "golden_alignment_score": 0
      },
      "balance": {
        "static_balance": 0.9411453604698181,
        "dynamic_balance": 1.0,
        "dominant_quadrant": 2
      },
      "layering": {
        "foreground_ratio": 0.3362786876114082,
        "midground_ratio": 0.19634476659982175,
        "background_ratio": 0.46737654578877,
        "depth_complexity": 0.18908896988374035
      }
    },
    "spatial_layout": {
      "negative_space_ratio": 0.6921704406194296,
      "subject_isolation": 0.10000104445187166,
      "depth_of_field": {
        "blur_gradient_strength": 103.88618989833878,
        "sharpness_variance": 46840.93698039627,
        "min_sharpness": 0.9215686274509803,
        "max_sharpness": 1552.0134563629374
      },
      "perspective": {
        "has_vanishing_point": 1,
        "perspective_strength": 0.9996533555185801
      }
    },
    "contrast_color": {
      "high_contrast_ratio": 0.4538352272727273,
      "low_contrast_ratio": 0.5461647727272727,
      "mean_contrast": 24.206449508666992,
      "highlight_ratio": 0.029126280918717384,
      "shadow_ratio": 0.12749798595905304,
      "midtone_ratio": 0.8433757424354553,
      "warm_color_ratio": 0.222421248328877,
      "cool_color_ratio": 0.0,
      "complementary_color_score": 0.0
    },
    "motion_dynamics": {
      "s_curve_count": 737,
      "motion_blur_score": 8.483104682118313,
      "dominant_direction_deg": 4.999999999999995,
      "direction_strength": 0.0989531110738028
    },
    "pattern_rhythm": {
      "repetition_score": 1.0,
      "rhythm_score": 1.0,
      "pattern_breaks": 3
    },
    "visual_mass_focus": {
      "point_of_interest": {
        "x": 0.5062388591800356,
        "y": 0.525390625,
        "strength": 1.0
      },
      "visual_mass_concentration": 0.19982801359180036,
      "mean_visual_weight": 0.10711947083473206,
      "face_count": 0,
      "has_directional_cues": 0
    },
    "framing_breathing": {
      "frame_in_frame_count": 0,
      "breathing_space": {
        "top": 0.0,
        "bottom": 0.0,
        "left": 0.5222816399286988,
        "right": 0.45276292335115864,
        "min_margin": 0.0,
        "mean_margin": 0.24376114081996436
      },
      "corner_anchors": {
        "top_left": 0.13370700180530548,
        "top_right": 0.10125614702701569,
        "bottom_left": 0.2886914014816284,
        "bottom_right": 0.12481047958135605,
        "max_corner_weight": 0.2886914014816284,
        "has_corner_subject": 0
      }
    }
  }
}