{
  "meta": {
    "_dataset": "tvm_data",
    "_label": "testImages_artphoto",
    "_relpath": "testImages_artphoto/sad_0342.jpg",
    "_filename": "sad_0342.jpg",
    "_width": 549,
    "_height": 364
  },
  "features": {
    "geometric_structural": {
      "leading_lines": {
        "diagonal": 0,
        "vertical": 0,
        "horizontal": 0,
        "curved": 39
      },
      "leading_lines_strength": 0.050518134715025906,
      "symmetry_vertical": 0.47988510097359915,
      "symmetry_horizontal": 0.4976841971074757,
      "symmetry_radial": 0.35730268801060955,
      "rule_of_thirds": {
        "alignment_score": 0,
        "num_salient_objects": 30
      },
      "golden_ratio": {
        "golden_alignment_score": 3
      },
      "balance": {
        "static_balance": 0.9144323468208313,
        "dynamic_balance": 1.0,
        "dominant_quadrant": 2
      },
      "layering": {
        "foreground_ratio": 0.27955746033031087,
        "midground_ratio": 0.32377600793393785,
        "background_ratio": 0.3966665317357513,
        "depth_complexity": 0.014582155051866715
      }
    },
    "spatial_layout": {
      "negative_space_ratio": 0.34273042827072536,
      "subject_isolation": 0.10000151797279792,
      "depth_of_field": {
        "blur_gradient_strength": 12.709777169378556,
        "sharpness_variance": 551.7510432235141,
        "min_sharpness": 0.0,
        "max_sharpness": 152.37512529191667
      },
      "perspective": {
        "has_vanishing_point": 0,
        "perspective_strength": 0.0
      }
    },
    "contrast_color": {
      "high_contrast_ratio": 0.3950827801165803,
      "low_contrast_ratio": 0.6049172198834196,
      "mean_contrast": 16.409393310546875,
      "highlight_ratio": 2.52995459959493e-06,
      "shadow_ratio": 0.17796966433525085,
      "midtone_ratio": 0.8220278024673462,
      "warm_color_ratio": 0.13463153740284975,
      "cool_color_ratio": 0.32686255262305697,
      "complementary_color_score": 2.4444444444444446
    },
    "motion_dynamics": {
      "s_curve_count": 62,
      "motion_blur_score": 17.569294747887874,
      "dominant_direction_deg": 4.999999999999995,
      "direction_strength": 0.12706697295952307
    },
    "pattern_rhythm": {
      "repetition_score": 1.0,
      "rhythm_score": 1.0,
      "pattern_breaks": 12
    },
    "visual_mass_focus": {
      "point_of_interest": {
        "x": 0.5349740932642487,
        "y": 0.55859375,
        "strength": 1.0
      },
      "visual_mass_concentration": 0.1996690819300518,
      "mean_visual_weight": 0.09596546739339828,
      "face_count": 0,
      "has_directional_cues": 0
    },
    "framing_breathing": {
      "frame_in_frame_count": 0,
      "breathing_space": {
        "top": 0.369140625,
        "bottom": 0.0,
        "left": 0.10880829015544041,
        "right": 0.38471502590673573,
        "min_margin": 0.0,
        "mean_margin": 0.21566598526554404
      },
      "corner_anchors": {
        "top_left": 0.352133572101593,
        "top_right": 0.21318359673023224,
        "bottom_left": 0.3945748507976532,
        "bottom_right": 0.33997607231140137,
        "max_corner_weight": 0.3945748507976532,
        "has_corner_subject": 1
      }
    }
  }
}