{
  "meta": {
    "_dataset": "tvm_data",
    "_label": "testImages_artphoto",
    "_relpath": "testImages_artphoto/sad_0415.jpg",
    "_filename": "sad_0415.jpg",
    "_width": 336,
    "_height": 595
  },
  "features": {
    "geometric_structural": {
      "leading_lines": {
        "diagonal": 2,
        "vertical": 1,
        "horizontal": 1,
        "curved": 85
      },
      "leading_lines_strength": 0.09812568908489526,
      "symmetry_vertical": 0.2707674461200376,
      "symmetry_horizontal": 0.4025056970294117,
      "symmetry_radial": 0.254961737439359,
      "rule_of_thirds": {
        "alignment_score": 0,
        "num_salient_objects": 2
      },
      "golden_ratio": {
        "golden_alignment_score": 0
      },
      "balance": {
        "static_balance": 0.916145920753479,
        "dynamic_balance": 1.0,
        "dominant_quadrant": 2
      },
      "layering": {
        "foreground_ratio": 0.28033050234288864,
        "midground_ratio": 0.3186263953969129,
        "background_ratio": 0.40104310226019846,
        "depth_complexity": 0.09019230550974655
      }
    },
    "spatial_layout": {
      "negative_space_ratio": 0.8745241007442117,
      "subject_isolation": 0.10000129203417861,
      "depth_of_field": {
        "blur_gradient_strength": 67.81889575109072,
        "sharpness_variance": 33031.727187606644,
        "min_sharpness": 0.0,
        "max_sharpness": 1697.469288495641
      },
      "perspective": {
        "has_vanishing_point": 1,
        "perspective_strength": 0.9926519706078825
      }
    },
    "contrast_color": {
      "high_contrast_ratio": 0.35286099434950385,
      "low_contrast_ratio": 0.6471390056504962,
      "mean_contrast": 14.682750701904297,
      "highlight_ratio": 0.04043636471033096,
      "shadow_ratio": 0.7714499235153198,
      "midtone_ratio": 0.18811368942260742,
      "warm_color_ratio": 0.9055501481532525,
      "cool_color_ratio": 0.0017399393605292172,
      "complementary_color_score": 2.6666666666666665
    },
    "motion_dynamics": {
      "s_curve_count": 261,
      "motion_blur_score": 8.667472849299061,
      "dominant_direction_deg": 4.999999999999995,
      "direction_strength": 0.2659803093985452
    },
    "pattern_rhythm": {
      "repetition_score": 1.0,
      "rhythm_score": 1.0,
      "pattern_breaks": 2
    },
    "visual_mass_focus": {
      "point_of_interest": {
        "x": 0.302734375,
        "y": 0.4972436604189636,
        "strength": 1.0
      },
      "visual_mass_concentration": 0.1988655939911797,
      "mean_visual_weight": 0.061511047184467316,
      "face_count": 1,
      "has_directional_cues": 1
    },
    "framing_breathing": {
      "frame_in_frame_count": 0,
      "breathing_space": {
        "top": 0.36824696802646084,
        "bottom": 0.3770672546857773,
        "left": 0.162109375,
        "right": 0.564453125,
        "min_margin": 0.162109375,
        "mean_margin": 0.3679691806780595
      },
      "corner_anchors": {
        "top_left": 0.12385348230600357,
        "top_right": 0.1508714109659195,
        "bottom_left": 0.13881920278072357,
        "bottom_right": 0.16035868227481842,
        "max_corner_weight": 0.16035868227481842,
        "has_corner_subject": 0
      }
    }
  }
}