{
  "meta": {
    "_dataset": "tvm_data",
    "_label": "testImages_artphoto",
    "_relpath": "testImages_artphoto/sad_0648.jpg",
    "_filename": "sad_0648.jpg",
    "_width": 518,
    "_height": 386
  },
  "features": {
    "geometric_structural": {
      "leading_lines": {
        "diagonal": 3,
        "vertical": 0,
        "horizontal": 21,
        "curved": 180
      },
      "leading_lines_strength": 0.29694323144104806,
      "symmetry_vertical": 0.4505574427010305,
      "symmetry_horizontal": 0.17031095083714592,
      "symmetry_radial": 0.17507857463170448,
      "rule_of_thirds": {
        "alignment_score": 2,
        "num_salient_objects": 30
      },
      "golden_ratio": {
        "golden_alignment_score": 1
      },
      "balance": {
        "static_balance": 0.9419345259666443,
        "dynamic_balance": 1.0,
        "dominant_quadrant": 2
      },
      "layering": {
        "foreground_ratio": 0.32875045487627363,
        "midground_ratio": 0.22261929130276564,
        "background_ratio": 0.4486302538209607,
        "depth_complexity": 0.2761035667886797
      }
    },
    "spatial_layout": {
      "negative_space_ratio": 0.42747566411935956,
      "subject_isolation": 0.1000017057860262,
      "depth_of_field": {
        "blur_gradient_strength": 331.23176907513067,
        "sharpness_variance": 454084.10674548644,
        "min_sharpness": 2.381527762441943,
        "max_sharpness": 4635.594002306805
      },
      "perspective": {
        "has_vanishing_point": 1,
        "perspective_strength": 0.9822033898305085
      }
    },
    "contrast_color": {
      "high_contrast_ratio": 0.3521851118995633,
      "low_contrast_ratio": 0.6478148881004366,
      "mean_contrast": 23.18682289123535,
      "highlight_ratio": 0.35663720965385437,
      "shadow_ratio": 0.15831685066223145,
      "midtone_ratio": 0.4850459098815918,
      "warm_color_ratio": 0.006351209970887919,
      "cool_color_ratio": 0.708984375,
      "complementary_color_score": 2.111111111111111
    },
    "motion_dynamics": {
      "s_curve_count": 307,
      "motion_blur_score": 12.348541989423573,
      "dominant_direction_deg": -85.0,
      "direction_strength": 0.09609261280904267
    },
    "pattern_rhythm": {
      "repetition_score": 1.0,
      "rhythm_score": 1.0,
      "pattern_breaks": 7
    },
    "visual_mass_focus": {
      "point_of_interest": {
        "x": 0.5036390101892285,
        "y": 0.80859375,
        "strength": 1.0
      },
      "visual_mass_concentration": 0.19999772561863174,
      "mean_visual_weight": 0.22160474956035614,
      "face_count": 0,
      "has_directional_cues": 0
    },
    "framing_breathing": {
      "frame_in_frame_count": 0,
      "breathing_space": {
        "top": 0.59765625,
        "bottom": 0.0,
        "left": 0.0,
        "right": 0.6215429403202329,
        "min_margin": 0.0,
        "mean_margin": 0.30479979758005826
      },
      "corner_anchors": {
        "top_left": 0.3352562189102173,
        "top_right": 0.361526757478714,
        "bottom_left": 0.7533414363861084,
        "bottom_right": 0.7503781318664551,
        "max_corner_weight": 0.7533414363861084,
        "has_corner_subject": 1
      }
    }
  }
}