{
  "meta": {
    "_dataset": "tvm_data",
    "_label": "testImages_artphoto",
    "_relpath": "testImages_artphoto/sad_0638.jpg",
    "_filename": "sad_0638.jpg",
    "_width": 516,
    "_height": 387
  },
  "features": {
    "geometric_structural": {
      "leading_lines": {
        "diagonal": 19,
        "vertical": 0,
        "horizontal": 18,
        "curved": 184
      },
      "leading_lines_strength": 0.3235724743777452,
      "symmetry_vertical": 0.45766544853557517,
      "symmetry_horizontal": 0.27950183561508857,
      "symmetry_radial": 0.25689099856557085,
      "rule_of_thirds": {
        "alignment_score": 0,
        "num_salient_objects": 7
      },
      "golden_ratio": {
        "golden_alignment_score": 4
      },
      "balance": {
        "static_balance": 0.7753311395645142,
        "dynamic_balance": 1.0,
        "dominant_quadrant": 3
      },
      "layering": {
        "foreground_ratio": 0.28761266928989754,
        "midground_ratio": 0.3063546623352855,
        "background_ratio": 0.406032668374817,
        "depth_complexity": 0.3084830752454885
      }
    },
    "spatial_layout": {
      "negative_space_ratio": 0.6637193448023426,
      "subject_isolation": 0.10000114385065886,
      "depth_of_field": {
        "blur_gradient_strength": 287.15516375322716,
        "sharpness_variance": 471655.3139588585,
        "min_sharpness": 0.0,
        "max_sharpness": 4865.904242312978
      },
      "perspective": {
        "has_vanishing_point": 1,
        "perspective_strength": 0.9944680066383921
      }
    },
    "contrast_color": {
      "high_contrast_ratio": 0.4372311950951684,
      "low_contrast_ratio": 0.5627688049048316,
      "mean_contrast": 21.39023780822754,
      "highlight_ratio": 0.0994463786482811,
      "shadow_ratio": 0.302677184343338,
      "midtone_ratio": 0.5978764295578003,
      "warm_color_ratio": 0.8329263131405563,
      "cool_color_ratio": 0.019974492130307466,
      "complementary_color_score": 2.3333333333333335
    },
    "motion_dynamics": {
      "s_curve_count": 170,
      "motion_blur_score": 8.806699576954987,
      "dominant_direction_deg": 4.999999999999995,
      "direction_strength": 0.18173499267883608
    },
    "pattern_rhythm": {
      "repetition_score": 1.0,
      "rhythm_score": 1.0,
      "pattern_breaks": 4
    },
    "visual_mass_focus": {
      "point_of_interest": {
        "x": 0.5695461200585652,
        "y": 0.595703125,
        "strength": 1.0
      },
      "visual_mass_concentration": 0.19995939330161056,
      "mean_visual_weight": 0.2750560939311981,
      "face_count": 1,
      "has_directional_cues": 1
    },
    "framing_breathing": {
      "frame_in_frame_count": 0,
      "breathing_space": {
        "top": 0.359375,
        "bottom": 0.216796875,
        "left": 0.35431918008784774,
        "right": 0.2840409956076135,
        "min_margin": 0.216796875,
        "mean_margin": 0.30363301267386533
      },
      "corner_anchors": {
        "top_left": 0.21566471457481384,
        "top_right": 0.11702386289834976,
        "bottom_left": 0.4078143239021301,
        "bottom_right": 0.4835246801376343,
        "max_corner_weight": 0.4835246801376343,
        "has_corner_subject": 1
      }
    }
  }
}