{
  "meta": {
    "_dataset": "tvm_data",
    "_label": "testImages_artphoto",
    "_relpath": "testImages_artphoto/sad_0640.jpg",
    "_filename": "sad_0640.jpg",
    "_width": 341,
    "_height": 587
  },
  "features": {
    "geometric_structural": {
      "leading_lines": {
        "diagonal": 0,
        "vertical": 0,
        "horizontal": 4,
        "curved": 17
      },
      "leading_lines_strength": 0.02383654937570942,
      "symmetry_vertical": 0.8212868307865879,
      "symmetry_horizontal": 0.7835992462672089,
      "symmetry_radial": 0.590561579983282,
      "rule_of_thirds": {
        "alignment_score": 0,
        "num_salient_objects": 1
      },
      "golden_ratio": {
        "golden_alignment_score": 0
      },
      "balance": {
        "static_balance": 0.9084696769714355,
        "dynamic_balance": 1.0,
        "dominant_quadrant": 3
      },
      "layering": {
        "foreground_ratio": 0.11320144012485811,
        "midground_ratio": 0.22916962258796822,
        "background_ratio": 0.6576289372871736,
        "depth_complexity": 0.019910547370520747
      }
    },
    "spatial_layout": {
      "negative_space_ratio": 0.34703328958569807,
      "subject_isolation": 0.09998403802497162,
      "depth_of_field": {
        "blur_gradient_strength": 18.513566843428727,
        "sharpness_variance": 1591.528832766481,
        "min_sharpness": 0.19607843137254902,
        "max_sharpness": 192.67527601914563
      },
      "perspective": {
        "has_vanishing_point": 1,
        "perspective_strength": 0.5277777777777778
      }
    },
    "contrast_color": {
      "high_contrast_ratio": 0.34151532349602726,
      "low_contrast_ratio": 0.6584846765039727,
      "mean_contrast": 7.306488037109375,
      "highlight_ratio": 0.0,
      "shadow_ratio": 0.10405655950307846,
      "midtone_ratio": 0.8959434628486633,
      "warm_color_ratio": 0.13444860244040863,
      "cool_color_ratio": 0.0010397453178206584,
      "complementary_color_score": 2.3333333333333335
    },
    "motion_dynamics": {
      "s_curve_count": 31,
      "motion_blur_score": 21.749531777355838,
      "dominant_direction_deg": 4.999999999999995,
      "direction_strength": 0.288557037456795
    },
    "pattern_rhythm": {
      "repetition_score": 1.0,
      "rhythm_score": 1.0,
      "pattern_breaks": 1
    },
    "visual_mass_focus": {
      "point_of_interest": {
        "x": 0.818359375,
        "y": 0.8365493757094211,
        "strength": 1.0
      },
      "visual_mass_concentration": 0.19978628688989786,
      "mean_visual_weight": 0.03894905000925064,
      "face_count": 0,
      "has_directional_cues": 0
    },
    "framing_breathing": {
      "frame_in_frame_count": 0,
      "breathing_space": {
        "top": 0.6640181611804767,
        "bottom": 0.094211123723042,
        "left": 0.775390625,
        "right": 0.12109375,
        "min_margin": 0.094211123723042,
        "mean_margin": 0.41367841497587965
      },
      "corner_anchors": {
        "top_left": 0.4718947112560272,
        "top_right": 0.2528620660305023,
        "bottom_left": 0.16900359094142914,
        "bottom_right": 0.3582758903503418,
        "max_corner_weight": 0.4718947112560272,
        "has_corner_subject": 1
      }
    }
  }
}