{
  "meta": {
    "_dataset": "tvm_data",
    "_label": "testImages_artphoto",
    "_relpath": "testImages_artphoto/sad_0371.jpg",
    "_filename": "sad_0371.jpg",
    "_width": 447,
    "_height": 448
  },
  "features": {
    "geometric_structural": {
      "leading_lines": {
        "diagonal": 65,
        "vertical": 1,
        "horizontal": 3,
        "curved": 505
      },
      "leading_lines_strength": 1.1189083820662769,
      "symmetry_vertical": 0.10933279928074749,
      "symmetry_horizontal": 0.04146644821342215,
      "symmetry_radial": 0.04675294833961883,
      "rule_of_thirds": {
        "alignment_score": 3,
        "num_salient_objects": 87
      },
      "golden_ratio": {
        "golden_alignment_score": 6
      },
      "balance": {
        "static_balance": 0.9503709077835083,
        "dynamic_balance": 1.0,
        "dominant_quadrant": 0
      },
      "layering": {
        "foreground_ratio": 0.3311137000487329,
        "midground_ratio": 0.30000456871345027,
        "background_ratio": 0.36888173123781676,
        "depth_complexity": 1.008039664778744
      }
    },
    "spatial_layout": {
      "negative_space_ratio": 0.5487634015594542,
      "subject_isolation": 0.10000152290448343,
      "depth_of_field": {
        "blur_gradient_strength": 730.4573539843783,
        "sharpness_variance": 918028.8092645403,
        "min_sharpness": 8.451595747118231,
        "max_sharpness": 6221.248462129949
      },
      "perspective": {
        "has_vanishing_point": 1,
        "perspective_strength": 0.9997865869924772
      }
    },
    "contrast_color": {
      "high_contrast_ratio": 0.507172880116959,
      "low_contrast_ratio": 0.49282711988304095,
      "mean_contrast": 56.47988510131836,
      "highlight_ratio": 0.14994898438453674,
      "shadow_ratio": 0.4021952748298645,
      "midtone_ratio": 0.44785577058792114,
      "warm_color_ratio": 0.5655496162280702,
      "cool_color_ratio": 0.0005825109649122807,
      "complementary_color_score": 2.611111111111111
    },
    "motion_dynamics": {
      "s_curve_count": 384,
      "motion_blur_score": 3.885867922604662,
      "dominant_direction_deg": 4.999999999999995,
      "direction_strength": 0.0392224049706109
    },
    "pattern_rhythm": {
      "repetition_score": 1.0,
      "rhythm_score": 1.0,
      "pattern_breaks": 23
    },
    "visual_mass_focus": {
      "point_of_interest": {
        "x": 0.52734375,
        "y": 0.36257309941520466,
        "strength": 1.0
      },
      "visual_mass_concentration": 0.19978983918128654,
      "mean_visual_weight": 0.09477134048938751,
      "face_count": 0,
      "has_directional_cues": 0
    },
    "framing_breathing": {
      "frame_in_frame_count": 0,
      "breathing_space": {
        "top": 0.0,
        "bottom": 0.682261208576998,
        "left": 0.12109375,
        "right": 0.5390625,
        "min_margin": 0.0,
        "mean_margin": 0.3356043646442495
      },
      "corner_anchors": {
        "top_left": 0.533676028251648,
        "top_right": 0.5042749643325806,
        "bottom_left": 0.4828368127346039,
        "bottom_right": 0.45624542236328125,
        "max_corner_weight": 0.533676028251648,
        "has_corner_subject": 1
      }
    }
  }
}