{
  "meta": {
    "_dataset": "tvm_data",
    "_label": "testImages_artphoto",
    "_relpath": "testImages_artphoto/sad_0410.jpg",
    "_filename": "sad_0410.jpg",
    "_width": 447,
    "_height": 448
  },
  "features": {
    "geometric_structural": {
      "leading_lines": {
        "diagonal": 44,
        "vertical": 18,
        "horizontal": 0,
        "curved": 161
      },
      "leading_lines_strength": 0.4346978557504873,
      "symmetry_vertical": 0.10263767377812257,
      "symmetry_horizontal": 0.14622420260213193,
      "symmetry_radial": 0.12664969144044247,
      "rule_of_thirds": {
        "alignment_score": 0,
        "num_salient_objects": 6
      },
      "golden_ratio": {
        "golden_alignment_score": 0
      },
      "balance": {
        "static_balance": 0.7880805730819702,
        "dynamic_balance": 1.0,
        "dominant_quadrant": 2
      },
      "layering": {
        "foreground_ratio": 0.33439175194931775,
        "midground_ratio": 0.2713549281189084,
        "background_ratio": 0.39425331993177387,
        "depth_complexity": 0.2626939569814217
      }
    },
    "spatial_layout": {
      "negative_space_ratio": 0.6563832541423001,
      "subject_isolation": 0.10000152290448343,
      "depth_of_field": {
        "blur_gradient_strength": 351.9904498291021,
        "sharpness_variance": 541593.9036451178,
        "min_sharpness": 0.0,
        "max_sharpness": 7564.929215259089
      },
      "perspective": {
        "has_vanishing_point": 1,
        "perspective_strength": 0.9979631327019045
      }
    },
    "contrast_color": {
      "high_contrast_ratio": 0.5184347587719298,
      "low_contrast_ratio": 0.4815652412280702,
      "mean_contrast": 27.795488357543945,
      "highlight_ratio": 0.029578613117337227,
      "shadow_ratio": 0.5241342186927795,
      "midtone_ratio": 0.4462871551513672,
      "warm_color_ratio": 4.949439571150097e-05,
      "cool_color_ratio": 0.5576876218323586,
      "complementary_color_score": 1.9444444444444444
    },
    "motion_dynamics": {
      "s_curve_count": 196,
      "motion_blur_score": 5.684073335722238,
      "dominant_direction_deg": 4.999999999999995,
      "direction_strength": 0.06268274853777304
    },
    "pattern_rhythm": {
      "repetition_score": 1.0,
      "rhythm_score": 1.0,
      "pattern_breaks": 4
    },
    "visual_mass_focus": {
      "point_of_interest": {
        "x": 0.23046875,
        "y": 0.8518518518518519,
        "strength": 1.0
      },
      "visual_mass_concentration": 0.18742766203703703,
      "mean_visual_weight": 0.05208677425980568,
      "face_count": 0,
      "has_directional_cues": 0
    },
    "framing_breathing": {
      "frame_in_frame_count": 0,
      "breathing_space": {
        "top": 0.571150097465887,
        "bottom": 0.14814814814814814,
        "left": 0.0,
        "right": 0.732421875,
        "min_margin": 0.0,
        "mean_margin": 0.3629300301535088
      },
      "corner_anchors": {
        "top_left": 0.34028133749961853,
        "top_right": 0.20620383322238922,
        "bottom_left": 0.5039722323417664,
        "bottom_right": 0.35020625591278076,
        "max_corner_weight": 0.5039722323417664,
        "has_corner_subject": 1
      }
    }
  }
}