{
  "meta": {
    "_dataset": "tvm_data",
    "_label": "testImages_artphoto",
    "_relpath": "testImages_artphoto/sad_0421.jpg",
    "_filename": "sad_0421.jpg",
    "_width": 663,
    "_height": 302
  },
  "features": {
    "geometric_structural": {
      "leading_lines": {
        "diagonal": 1,
        "vertical": 0,
        "horizontal": 7,
        "curved": 63
      },
      "leading_lines_strength": 0.06316725978647687,
      "symmetry_vertical": 0.30060487890401216,
      "symmetry_horizontal": 0.34539847187864586,
      "symmetry_radial": 0.3251746353818024,
      "rule_of_thirds": {
        "alignment_score": 0,
        "num_salient_objects": 15
      },
      "golden_ratio": {
        "golden_alignment_score": 0
      },
      "balance": {
        "static_balance": 0.9669101238250732,
        "dynamic_balance": 1.0,
        "dominant_quadrant": 3
      },
      "layering": {
        "foreground_ratio": 0.20451512455516013,
        "midground_ratio": 0.21598538979092527,
        "background_ratio": 0.5794994856539146,
        "depth_complexity": 0.028638202674036124
      }
    },
    "spatial_layout": {
      "negative_space_ratio": 0.8061349671930605,
      "subject_isolation": 0.10000034753113879,
      "depth_of_field": {
        "blur_gradient_strength": 28.07513141131334,
        "sharpness_variance": 1792.25116045344,
        "min_sharpness": 0.0,
        "max_sharpness": 281.8033311944464
      },
      "perspective": {
        "has_vanishing_point": 1,
        "perspective_strength": 0.5161290322580645
      }
    },
    "contrast_color": {
      "high_contrast_ratio": 0.41128746385676157,
      "low_contrast_ratio": 0.5887125361432384,
      "mean_contrast": 13.61471176147461,
      "highlight_ratio": 8.68827828526264e-06,
      "shadow_ratio": 0.8209397792816162,
      "midtone_ratio": 0.17905151844024658,
      "warm_color_ratio": 0.0,
      "cool_color_ratio": 0.0,
      "complementary_color_score": 0.0
    },
    "motion_dynamics": {
      "s_curve_count": 66,
      "motion_blur_score": 7.332305752578388,
      "dominant_direction_deg": 4.999999999999995,
      "direction_strength": 0.4206412644565644
    },
    "pattern_rhythm": {
      "repetition_score": 1.0,
      "rhythm_score": 1.0,
      "pattern_breaks": 0
    },
    "visual_mass_focus": {
      "point_of_interest": {
        "x": 0.5355871886120996,
        "y": 0.662109375,
        "strength": 1.0
      },
      "visual_mass_concentration": 0.0,
      "mean_visual_weight": 0.0,
      "face_count": 0,
      "has_directional_cues": 0
    },
    "framing_breathing": {
      "frame_in_frame_count": 0,
      "breathing_space": {
        "top": 0.236328125,
        "bottom": 0.552734375,
        "left": 0.029359430604982206,
        "right": 0.7135231316725978,
        "min_margin": 0.029359430604982206,
        "mean_margin": 0.382986265569395
      },
      "corner_anchors": {
        "top_left": 0.1310950368642807,
        "top_right": 0.15671783685684204,
        "bottom_left": 0.09284824132919312,
        "bottom_right": 0.17639000713825226,
        "max_corner_weight": 0.17639000713825226,
        "has_corner_subject": 0
      }
    }
  }
}