{
  "meta": {
    "_dataset": "tvm_data",
    "_label": "testImages_artphoto",
    "_relpath": "testImages_artphoto/sad_0341.jpg",
    "_filename": "sad_0341.jpg",
    "_width": 539,
    "_height": 371
  },
  "features": {
    "geometric_structural": {
      "leading_lines": {
        "diagonal": 11,
        "vertical": 0,
        "horizontal": 109,
        "curved": 377
      },
      "leading_lines_strength": 0.668010752688172,
      "symmetry_vertical": 0.28681022414831525,
      "symmetry_horizontal": 0.1917195604365987,
      "symmetry_radial": 0.15312831089188458,
      "rule_of_thirds": {
        "alignment_score": 2,
        "num_salient_objects": 16
      },
      "golden_ratio": {
        "golden_alignment_score": 4
      },
      "balance": {
        "static_balance": 0.8847259879112244,
        "dynamic_balance": 1.0,
        "dominant_quadrant": 2
      },
      "layering": {
        "foreground_ratio": 0.31793934811827956,
        "midground_ratio": 0.30026146673387094,
        "background_ratio": 0.38179918514784944,
        "depth_complexity": 0.4001459818652688
      }
    },
    "spatial_layout": {
      "negative_space_ratio": 0.45907363071236557,
      "subject_isolation": 0.10000052503360216,
      "depth_of_field": {
        "blur_gradient_strength": 5541.19182476948,
        "sharpness_variance": 135549159.6282287,
        "min_sharpness": 3.8511458861310994,
        "max_sharpness": 45742.81391772395
      },
      "perspective": {
        "has_vanishing_point": 1,
        "perspective_strength": 0.9976836302147275
      }
    },
    "contrast_color": {
      "high_contrast_ratio": 0.4718293220766129,
      "low_contrast_ratio": 0.5281706779233871,
      "mean_contrast": 23.198219299316406,
      "highlight_ratio": 0.025955036282539368,
      "shadow_ratio": 0.016877206042408943,
      "midtone_ratio": 0.9571677446365356,
      "warm_color_ratio": 0.7886713499663979,
      "cool_color_ratio": 0.00017326108870967743,
      "complementary_color_score": 2.4444444444444446
    },
    "motion_dynamics": {
      "s_curve_count": 310,
      "motion_blur_score": 9.387249360141782,
      "dominant_direction_deg": 95.0,
      "direction_strength": 0.046806745631597556
    },
    "pattern_rhythm": {
      "repetition_score": 1.0,
      "rhythm_score": 1.0,
      "pattern_breaks": 5
    },
    "visual_mass_focus": {
      "point_of_interest": {
        "x": 0.40053763440860213,
        "y": 0.666015625,
        "strength": 1.0
      },
      "visual_mass_concentration": 0.19991441952284947,
      "mean_visual_weight": 0.17730264365673065,
      "face_count": 0,
      "has_directional_cues": 0
    },
    "framing_breathing": {
      "frame_in_frame_count": 0,
      "breathing_space": {
        "top": 0.732421875,
        "bottom": 0.1796875,
        "left": 0.2782258064516129,
        "right": 0.5860215053763441,
        "min_margin": 0.1796875,
        "mean_margin": 0.44408917170698925
      },
      "corner_anchors": {
        "top_left": 0.09402710199356079,
        "top_right": 0.11954575777053833,
        "bottom_left": 0.20788513123989105,
        "bottom_right": 0.2602846324443817,
        "max_corner_weight": 0.2602846324443817,
        "has_corner_subject": 0
      }
    }
  }
}