{
  "meta": {
    "_dataset": "tvm_data",
    "_label": "testImages_artphoto",
    "_relpath": "testImages_artphoto/sad_0450.jpg",
    "_filename": "sad_0450.jpg",
    "_width": 520,
    "_height": 384
  },
  "features": {
    "geometric_structural": {
      "leading_lines": {
        "diagonal": 16,
        "vertical": 0,
        "horizontal": 6,
        "curved": 48
      },
      "leading_lines_strength": 0.10101010101010101,
      "symmetry_vertical": 0.5560554911617569,
      "symmetry_horizontal": 0.5301226938745502,
      "symmetry_radial": 0.4241121493082973,
      "rule_of_thirds": {
        "alignment_score": 0,
        "num_salient_objects": 4
      },
      "golden_ratio": {
        "golden_alignment_score": 0
      },
      "balance": {
        "static_balance": 0.969495952129364,
        "dynamic_balance": 1.0,
        "dominant_quadrant": 1
      },
      "layering": {
        "foreground_ratio": 0.31935425685425683,
        "midground_ratio": 0.3039349972943723,
        "background_ratio": 0.3767107458513709,
        "depth_complexity": 0.07646348528671373
      }
    },
    "spatial_layout": {
      "negative_space_ratio": 0.5029057314213564,
      "subject_isolation": 0.10000112734487734,
      "depth_of_field": {
        "blur_gradient_strength": 78.79300166853835,
        "sharpness_variance": 26670.61816604999,
        "min_sharpness": 0.5783352556708957,
        "max_sharpness": 860.4657239304494
      },
      "perspective": {
        "has_vanishing_point": 1,
        "perspective_strength": 0.9974358974358974
      }
    },
    "contrast_color": {
      "high_contrast_ratio": 0.36810910443722944,
      "low_contrast_ratio": 0.6318908955627706,
      "mean_contrast": 14.749218940734863,
      "highlight_ratio": 0.2104724645614624,
      "shadow_ratio": 0.002116590039804578,
      "midtone_ratio": 0.7874109745025635,
      "warm_color_ratio": 0.0011019796176046175,
      "cool_color_ratio": 0.0026915358946608945,
      "complementary_color_score": 1.2222222222222223
    },
    "motion_dynamics": {
      "s_curve_count": 106,
      "motion_blur_score": 21.111030169553256,
      "dominant_direction_deg": 4.999999999999995,
      "direction_strength": 0.0899113906923873
    },
    "pattern_rhythm": {
      "repetition_score": 1.0,
      "rhythm_score": 1.0,
      "pattern_breaks": 2
    },
    "visual_mass_focus": {
      "point_of_interest": {
        "x": 0.6378066378066378,
        "y": 0.66015625,
        "strength": 1.0
      },
      "visual_mass_concentration": 0.19902991973304474,
      "mean_visual_weight": 0.06450855731964111,
      "face_count": 0,
      "has_directional_cues": 0
    },
    "framing_breathing": {
      "frame_in_frame_count": 0,
      "breathing_space": {
        "top": 0.833984375,
        "bottom": 0.068359375,
        "left": 0.46176046176046176,
        "right": 0.5007215007215007,
        "min_margin": 0.068359375,
        "mean_margin": 0.4662064281204906
      },
      "corner_anchors": {
        "top_left": 0.1147836297750473,
        "top_right": 0.1325450986623764,
        "bottom_left": 0.27424511313438416,
        "bottom_right": 0.23913277685642242,
        "max_corner_weight": 0.27424511313438416,
        "has_corner_subject": 0
      }
    }
  }
}