{
  "meta": {
    "_dataset": "tvm_data",
    "_label": "testImages_artphoto",
    "_relpath": "testImages_artphoto/sad_0379.jpg",
    "_filename": "sad_0379.jpg",
    "_width": 520,
    "_height": 385
  },
  "features": {
    "geometric_structural": {
      "leading_lines": {
        "diagonal": 3,
        "vertical": 3,
        "horizontal": 3,
        "curved": 67
      },
      "leading_lines_strength": 0.10982658959537572,
      "symmetry_vertical": 0.2865717582141836,
      "symmetry_horizontal": 0.5579888706401871,
      "symmetry_radial": 0.2254653487649152,
      "rule_of_thirds": {
        "alignment_score": 1,
        "num_salient_objects": 1
      },
      "golden_ratio": {
        "golden_alignment_score": 0
      },
      "balance": {
        "static_balance": 0.816414475440979,
        "dynamic_balance": 1.0,
        "dominant_quadrant": 0
      },
      "layering": {
        "foreground_ratio": 0.23639586343930635,
        "midground_ratio": 0.2050611903901734,
        "background_ratio": 0.5585429461705202,
        "depth_complexity": 0.0489417782841215
      }
    },
    "spatial_layout": {
      "negative_space_ratio": 0.6535009483381503,
      "subject_isolation": 0.10000169346098266,
      "depth_of_field": {
        "blur_gradient_strength": 58.75455105194405,
        "sharpness_variance": 7264.560934396716,
        "min_sharpness": 0.4229089423950597,
        "max_sharpness": 363.37037554390474
      },
      "perspective": {
        "has_vanishing_point": 1,
        "perspective_strength": 0.9528907922912205
      }
    },
    "contrast_color": {
      "high_contrast_ratio": 0.385914356033237,
      "low_contrast_ratio": 0.614085643966763,
      "mean_contrast": 16.77002716064453,
      "highlight_ratio": 0.2265794277191162,
      "shadow_ratio": 0.5056843757629395,
      "midtone_ratio": 0.26773619651794434,
      "warm_color_ratio": 0.0563075776734104,
      "cool_color_ratio": 0.016446328576589595,
      "complementary_color_score": 2.6666666666666665
    },
    "motion_dynamics": {
      "s_curve_count": 106,
      "motion_blur_score": 13.982048437782556,
      "dominant_direction_deg": 4.999999999999995,
      "direction_strength": 0.29926842485464666
    },
    "pattern_rhythm": {
      "repetition_score": 1.0,
      "rhythm_score": 1.0,
      "pattern_breaks": 1
    },
    "visual_mass_focus": {
      "point_of_interest": {
        "x": 0.2658959537572254,
        "y": 0.33203125,
        "strength": 1.0
      },
      "visual_mass_concentration": 0.19965058255057805,
      "mean_visual_weight": 0.24159659445285797,
      "face_count": 0,
      "has_directional_cues": 0
    },
    "framing_breathing": {
      "frame_in_frame_count": 0,
      "breathing_space": {
        "top": 0.0,
        "bottom": 0.27734375,
        "left": 0.005780346820809248,
        "right": 0.5404624277456648,
        "min_margin": 0.0,
        "mean_margin": 0.2058966311416185
      },
      "corner_anchors": {
        "top_left": 0.5845009684562683,
        "top_right": 0.32313990592956543,
        "bottom_left": 0.25913238525390625,
        "bottom_right": 0.21440830826759338,
        "max_corner_weight": 0.5845009684562683,
        "has_corner_subject": 1
      }
    }
  }
}