{
  "meta": {
    "_dataset": "tvm_data",
    "_label": "testImages_artphoto",
    "_relpath": "testImages_artphoto/sad_0459.jpg",
    "_filename": "sad_0459.jpg",
    "_width": 378,
    "_height": 529
  },
  "features": {
    "geometric_structural": {
      "leading_lines": {
        "diagonal": 39,
        "vertical": 1,
        "horizontal": 0,
        "curved": 164
      },
      "leading_lines_strength": 0.28451882845188287,
      "symmetry_vertical": 0.5652441552260984,
      "symmetry_horizontal": 0.403308906179235,
      "symmetry_radial": 0.3392358937114288,
      "rule_of_thirds": {
        "alignment_score": 0,
        "num_salient_objects": 40
      },
      "golden_ratio": {
        "golden_alignment_score": 7
      },
      "balance": {
        "static_balance": 0.8868456482887268,
        "dynamic_balance": 1.0,
        "dominant_quadrant": 3
      },
      "layering": {
        "foreground_ratio": 0.3054747428521618,
        "midground_ratio": 0.13355888249651324,
        "background_ratio": 0.5609663746513249,
        "depth_complexity": 0.09538094719912008
      }
    },
    "spatial_layout": {
      "negative_space_ratio": 0.5442408690725244,
      "subject_isolation": 0.10000163441422594,
      "depth_of_field": {
        "blur_gradient_strength": 78.45103177561167,
        "sharpness_variance": 32449.457879744063,
        "min_sharpness": 0.7058823529411765,
        "max_sharpness": 1162.1430709893175
      },
      "perspective": {
        "has_vanishing_point": 1,
        "perspective_strength": 0.9840153452685422
      }
    },
    "contrast_color": {
      "high_contrast_ratio": 0.418581655334728,
      "low_contrast_ratio": 0.581418344665272,
      "mean_contrast": 11.588613510131836,
      "highlight_ratio": 0.11126819998025894,
      "shadow_ratio": 0.22466930747032166,
      "midtone_ratio": 0.6640625,
      "warm_color_ratio": 0.15817588476290098,
      "cool_color_ratio": 0.0,
      "complementary_color_score": 0.0
    },
    "motion_dynamics": {
      "s_curve_count": 159,
      "motion_blur_score": 18.12155031730084,
      "dominant_direction_deg": 4.999999999999995,
      "direction_strength": 0.06965056223830399
    },
    "pattern_rhythm": {
      "repetition_score": 1.0,
      "rhythm_score": 1.0,
      "pattern_breaks": 10
    },
    "visual_mass_focus": {
      "point_of_interest": {
        "x": 0.564453125,
        "y": 0.4504881450488145,
        "strength": 1.0
      },
      "visual_mass_concentration": 0.19974993462343096,
      "mean_visual_weight": 0.07212941348552704,
      "face_count": 1,
      "has_directional_cues": 1
    },
    "framing_breathing": {
      "frame_in_frame_count": 0,
      "breathing_space": {
        "top": 0.24546722454672246,
        "bottom": 0.38493723849372385,
        "left": 0.333984375,
        "right": 0.142578125,
        "min_margin": 0.142578125,
        "mean_margin": 0.2767417407601116
      },
      "corner_anchors": {
        "top_left": 0.2548160254955292,
        "top_right": 0.14828774333000183,
        "bottom_left": 0.6473591327667236,
        "bottom_right": 0.6604090929031372,
        "max_corner_weight": 0.6604090929031372,
        "has_corner_subject": 1
      }
    }
  }
}