{
  "meta": {
    "_dataset": "tvm_data",
    "_label": "testImages_artphoto",
    "_relpath": "testImages_artphoto/sad_0340.jpg",
    "_filename": "sad_0340.jpg",
    "_width": 516,
    "_height": 387
  },
  "features": {
    "geometric_structural": {
      "leading_lines": {
        "diagonal": 3,
        "vertical": 0,
        "horizontal": 1,
        "curved": 256
      },
      "leading_lines_strength": 0.3806734992679356,
      "symmetry_vertical": 0.20812355680107925,
      "symmetry_horizontal": 0.23011152770835197,
      "symmetry_radial": 0.15944488346190708,
      "rule_of_thirds": {
        "alignment_score": 2,
        "num_salient_objects": 8
      },
      "golden_ratio": {
        "golden_alignment_score": 3
      },
      "balance": {
        "static_balance": 0.7984460592269897,
        "dynamic_balance": 1.0,
        "dominant_quadrant": 3
      },
      "layering": {
        "foreground_ratio": 0.33945198114934116,
        "midground_ratio": 0.2581327781844802,
        "background_ratio": 0.4024152406661786,
        "depth_complexity": 0.2249309404342336
      }
    },
    "spatial_layout": {
      "negative_space_ratio": 0.3855806185944363,
      "subject_isolation": 0.10000114385065886,
      "depth_of_field": {
        "blur_gradient_strength": 305.80386888185546,
        "sharpness_variance": 243862.2150619057,
        "min_sharpness": 0.215301215736236,
        "max_sharpness": 4357.7090542099195
      },
      "perspective": {
        "has_vanishing_point": 1,
        "perspective_strength": 0.88
      }
    },
    "contrast_color": {
      "high_contrast_ratio": 0.3889578376647145,
      "low_contrast_ratio": 0.6110421623352855,
      "mean_contrast": 27.244953155517578,
      "highlight_ratio": 0.17727111279964447,
      "shadow_ratio": 0.2824939489364624,
      "midtone_ratio": 0.5402349233627319,
      "warm_color_ratio": 0.7503917688506588,
      "cool_color_ratio": 0.014463991581259151,
      "complementary_color_score": 2.3333333333333335
    },
    "motion_dynamics": {
      "s_curve_count": 251,
      "motion_blur_score": 8.728579212060525,
      "dominant_direction_deg": 4.999999999999995,
      "direction_strength": 0.09651239934086603
    },
    "pattern_rhythm": {
      "repetition_score": 1.0,
      "rhythm_score": 1.0,
      "pattern_breaks": 5
    },
    "visual_mass_focus": {
      "point_of_interest": {
        "x": 0.8418740849194729,
        "y": 0.38671875,
        "strength": 1.0
      },
      "visual_mass_concentration": 0.19937316983894582,
      "mean_visual_weight": 0.15256547927856445,
      "face_count": 0,
      "has_directional_cues": 0
    },
    "framing_breathing": {
      "frame_in_frame_count": 0,
      "breathing_space": {
        "top": 0.0,
        "bottom": 0.314453125,
        "left": 0.6734992679355783,
        "right": 0.0,
        "min_margin": 0.0,
        "mean_margin": 0.2469880982338946
      },
      "corner_anchors": {
        "top_left": 0.4961871802806854,
        "top_right": 0.7032478451728821,
        "bottom_left": 0.1439266800880432,
        "bottom_right": 0.3546712100505829,
        "max_corner_weight": 0.7032478451728821,
        "has_corner_subject": 1
      }
    }
  }
}