{
  "meta": {
    "_dataset": "tvm_data",
    "_label": "testImages_artphoto",
    "_relpath": "testImages_artphoto/sad_0446.jpg",
    "_filename": "sad_0446.jpg",
    "_width": 384,
    "_height": 520
  },
  "features": {
    "geometric_structural": {
      "leading_lines": {
        "diagonal": 151,
        "vertical": 34,
        "horizontal": 8,
        "curved": 536
      },
      "leading_lines_strength": 1.051948051948052,
      "symmetry_vertical": 0.11103394719531696,
      "symmetry_horizontal": 0.08984835720460664,
      "symmetry_radial": 0.06323802243374257,
      "rule_of_thirds": {
        "alignment_score": 1,
        "num_salient_objects": 136
      },
      "golden_ratio": {
        "golden_alignment_score": 6
      },
      "balance": {
        "static_balance": 0.9253036975860596,
        "dynamic_balance": 1.0,
        "dominant_quadrant": 1
      },
      "layering": {
        "foreground_ratio": 0.29739639700577203,
        "midground_ratio": 0.3107638888888889,
        "background_ratio": 0.39183971410533913,
        "depth_complexity": 0.41007442847549447
      }
    },
    "spatial_layout": {
      "negative_space_ratio": 0.4000496031746032,
      "subject_isolation": 0.09999830898268398,
      "depth_of_field": {
        "blur_gradient_strength": 289.3346243732672,
        "sharpness_variance": 419238.64133787394,
        "min_sharpness": 0.8406827823740936,
        "max_sharpness": 3559.916763448714
      },
      "perspective": {
        "has_vanishing_point": 1,
        "perspective_strength": 0.9997783491444276
      }
    },
    "contrast_color": {
      "high_contrast_ratio": 0.3820515422077922,
      "low_contrast_ratio": 0.6179484577922079,
      "mean_contrast": 36.08675003051758,
      "highlight_ratio": 0.23823615908622742,
      "shadow_ratio": 0.28863412141799927,
      "midtone_ratio": 0.4731296896934509,
      "warm_color_ratio": 0.11639272186147186,
      "cool_color_ratio": 0.18771983225108224,
      "complementary_color_score": 2.5
    },
    "motion_dynamics": {
      "s_curve_count": 496,
      "motion_blur_score": 7.762687512520388,
      "dominant_direction_deg": 4.999999999999995,
      "direction_strength": 0.08374481421332819
    },
    "pattern_rhythm": {
      "repetition_score": 1.0,
      "rhythm_score": 1.0,
      "pattern_breaks": 21
    },
    "visual_mass_focus": {
      "point_of_interest": {
        "x": 0.5390625,
        "y": 0.2958152958152958,
        "strength": 1.0
      },
      "visual_mass_concentration": 0.19992334054834054,
      "mean_visual_weight": 0.07619985938072205,
      "face_count": 0,
      "has_directional_cues": 0
    },
    "framing_breathing": {
      "frame_in_frame_count": 0,
      "breathing_space": {
        "top": 0.04040404040404041,
        "bottom": 0.45454545454545453,
        "left": 0.0,
        "right": 0.0,
        "min_margin": 0.0,
        "mean_margin": 0.12373737373737373
      },
      "corner_anchors": {
        "top_left": 0.5381754636764526,
        "top_right": 0.7077184319496155,
        "bottom_left": 0.5102978944778442,
        "bottom_right": 0.3465787470340729,
        "max_corner_weight": 0.7077184319496155,
        "has_corner_subject": 1
      }
    }
  }
}