{
  "meta": {
    "_dataset": "tvm_data",
    "_label": "testImages_artphoto",
    "_relpath": "testImages_artphoto/sad_0388.jpg",
    "_filename": "sad_0388.jpg",
    "_width": 447,
    "_height": 447
  },
  "features": {
    "geometric_structural": {
      "leading_lines": {
        "diagonal": 14,
        "vertical": 0,
        "horizontal": 0,
        "curved": 64
      },
      "leading_lines_strength": 0.15234375,
      "symmetry_vertical": 0.4243531731186743,
      "symmetry_horizontal": 0.5056751430026939,
      "symmetry_radial": 0.4265383716883486,
      "rule_of_thirds": {
        "alignment_score": 0,
        "num_salient_objects": 17
      },
      "golden_ratio": {
        "golden_alignment_score": 0
      },
      "balance": {
        "static_balance": 0.8491214513778687,
        "dynamic_balance": 1.0,
        "dominant_quadrant": 0
      },
      "layering": {
        "foreground_ratio": 0.3108482360839844,
        "midground_ratio": 0.0,
        "background_ratio": 0.6891517639160156,
        "depth_complexity": 0.08093771238229237
      }
    },
    "spatial_layout": {
      "negative_space_ratio": 0.825897216796875,
      "subject_isolation": 0.10000228881835938,
      "depth_of_field": {
        "blur_gradient_strength": 78.02378290494332,
        "sharpness_variance": 36704.81853289619,
        "min_sharpness": 0.0,
        "max_sharpness": 998.563387547539
      },
      "perspective": {
        "has_vanishing_point": 1,
        "perspective_strength": 0.9946284691136974
      }
    },
    "contrast_color": {
      "high_contrast_ratio": 0.3984375,
      "low_contrast_ratio": 0.6015625,
      "mean_contrast": 18.172550201416016,
      "highlight_ratio": 0.014705657958984375,
      "shadow_ratio": 0.8034515380859375,
      "midtone_ratio": 0.18184280395507812,
      "warm_color_ratio": 0.3335533142089844,
      "cool_color_ratio": 0.023040771484375,
      "complementary_color_score": 2.3333333333333335
    },
    "motion_dynamics": {
      "s_curve_count": 75,
      "motion_blur_score": 5.215808945356707,
      "dominant_direction_deg": 4.999999999999995,
      "direction_strength": 0.6507415771459552
    },
    "pattern_rhythm": {
      "repetition_score": 1.0,
      "rhythm_score": 1.0,
      "pattern_breaks": 3
    },
    "visual_mass_focus": {
      "point_of_interest": {
        "x": 0.0625,
        "y": 0.236328125,
        "strength": 1.0
      },
      "visual_mass_concentration": 0.19992828369140625,
      "mean_visual_weight": 0.06252244114875793,
      "face_count": 0,
      "has_directional_cues": 0
    },
    "framing_breathing": {
      "frame_in_frame_count": 0,
      "breathing_space": {
        "top": 0.037109375,
        "bottom": 0.57421875,
        "left": 0.0,
        "right": 0.84765625,
        "min_margin": 0.0,
        "mean_margin": 0.36474609375
      },
      "corner_anchors": {
        "top_left": 0.41448065638542175,
        "top_right": 0.12497535347938538,
        "bottom_left": 0.12497535347938538,
        "bottom_right": 0.12497535347938538,
        "max_corner_weight": 0.41448065638542175,
        "has_corner_subject": 1
      }
    }
  }
}