{
  "meta": {
    "_dataset": "tvm_data",
    "_label": "testImages_artphoto",
    "_relpath": "testImages_artphoto/sad_0436.jpg",
    "_filename": "sad_0436.jpg",
    "_width": 552,
    "_height": 362
  },
  "features": {
    "geometric_structural": {
      "leading_lines": {
        "diagonal": 2,
        "vertical": 0,
        "horizontal": 2,
        "curved": 35
      },
      "leading_lines_strength": 0.0499359795134443,
      "symmetry_vertical": 0.5310855728285102,
      "symmetry_horizontal": 0.3753628700694715,
      "symmetry_radial": 0.28595747778912384,
      "rule_of_thirds": {
        "alignment_score": 0,
        "num_salient_objects": 18
      },
      "golden_ratio": {
        "golden_alignment_score": 3
      },
      "balance": {
        "static_balance": 0.7947934865951538,
        "dynamic_balance": 1.0,
        "dominant_quadrant": 0
      },
      "layering": {
        "foreground_ratio": 0.12393966069142126,
        "midground_ratio": 0.25248079385403327,
        "background_ratio": 0.6235795454545454,
        "depth_complexity": 0.10759928493076393
      }
    },
    "spatial_layout": {
      "negative_space_ratio": 0.4860130241677337,
      "subject_isolation": 0.10000200064020487,
      "depth_of_field": {
        "blur_gradient_strength": 119.87981839861418,
        "sharpness_variance": 106094.34750335944,
        "min_sharpness": 0.11764705882352941,
        "max_sharpness": 2449.49222912963
      },
      "perspective": {
        "has_vanishing_point": 1,
        "perspective_strength": 0.9526315789473684
      }
    },
    "contrast_color": {
      "high_contrast_ratio": 0.36004771526888607,
      "low_contrast_ratio": 0.6399522847311139,
      "mean_contrast": 15.7874755859375,
      "highlight_ratio": 0.05742337554693222,
      "shadow_ratio": 0.3479713499546051,
      "midtone_ratio": 0.5946053266525269,
      "warm_color_ratio": 0.0047265124839948785,
      "cool_color_ratio": 0.2451934619078105,
      "complementary_color_score": 2.7777777777777777
    },
    "motion_dynamics": {
      "s_curve_count": 54,
      "motion_blur_score": 10.688673949212296,
      "dominant_direction_deg": 4.999999999999995,
      "direction_strength": 0.20731133962816273
    },
    "pattern_rhythm": {
      "repetition_score": 1.0,
      "rhythm_score": 1.0,
      "pattern_breaks": 4
    },
    "visual_mass_focus": {
      "point_of_interest": {
        "x": 0.14340588988476313,
        "y": 0.111328125,
        "strength": 1.0
      },
      "visual_mass_concentration": 0.19999899967989757,
      "mean_visual_weight": 0.061039503663778305,
      "face_count": 0,
      "has_directional_cues": 0
    },
    "framing_breathing": {
      "frame_in_frame_count": 0,
      "breathing_space": {
        "top": 0.0,
        "bottom": 0.796875,
        "left": 0.0,
        "right": 0.5108834827144686,
        "min_margin": 0.0,
        "mean_margin": 0.32693962067861715
      },
      "corner_anchors": {
        "top_left": 0.9010857343673706,
        "top_right": 0.5661954879760742,
        "bottom_left": 0.38494953513145447,
        "bottom_right": 0.28978705406188965,
        "max_corner_weight": 0.9010857343673706,
        "has_corner_subject": 1
      }
    }
  }
}