{
  "meta": {
    "_dataset": "tvm_data",
    "_label": "testImages_artphoto",
    "_relpath": "testImages_artphoto/sad_0397.jpg",
    "_filename": "sad_0397.jpg",
    "_width": 507,
    "_height": 394
  },
  "features": {
    "geometric_structural": {
      "leading_lines": {
        "diagonal": 0,
        "vertical": 0,
        "horizontal": 2,
        "curved": 38
      },
      "leading_lines_strength": 0.06069802731411229,
      "symmetry_vertical": 0.5137445624748255,
      "symmetry_horizontal": 0.11248542319121933,
      "symmetry_radial": 0.209260746260713,
      "rule_of_thirds": {
        "alignment_score": 0,
        "num_salient_objects": 4
      },
      "golden_ratio": {
        "golden_alignment_score": 0
      },
      "balance": {
        "static_balance": 0.8794002532958984,
        "dynamic_balance": 1.0,
        "dominant_quadrant": 0
      },
      "layering": {
        "foreground_ratio": 0.21882113050075871,
        "midground_ratio": 0.2146036845599393,
        "background_ratio": 0.5665751849393019,
        "depth_complexity": 0.046021863498528014
      }
    },
    "spatial_layout": {
      "negative_space_ratio": 0.6240634484066768,
      "subject_isolation": 0.10000059275417299,
      "depth_of_field": {
        "blur_gradient_strength": 48.88697935004605,
        "sharpness_variance": 9031.490929503241,
        "min_sharpness": 0.0,
        "max_sharpness": 569.7595249572038
      },
      "perspective": {
        "has_vanishing_point": 1,
        "perspective_strength": 0.8545454545454545
      }
    },
    "contrast_color": {
      "high_contrast_ratio": 0.3456853423748103,
      "low_contrast_ratio": 0.6543146576251897,
      "mean_contrast": 14.733202934265137,
      "highlight_ratio": 0.001967943739145994,
      "shadow_ratio": 0.5764238238334656,
      "midtone_ratio": 0.42160820960998535,
      "warm_color_ratio": 0.6918004315250379,
      "cool_color_ratio": 0.03696118645675266,
      "complementary_color_score": 2.2222222222222223
    },
    "motion_dynamics": {
      "s_curve_count": 60,
      "motion_blur_score": 8.732335511718098,
      "dominant_direction_deg": 4.999999999999995,
      "direction_strength": 0.3252916350521467
    },
    "pattern_rhythm": {
      "repetition_score": 1.0,
      "rhythm_score": 1.0,
      "pattern_breaks": 1
    },
    "visual_mass_focus": {
      "point_of_interest": {
        "x": 0.19271623672230653,
        "y": 0.435546875,
        "strength": 1.0
      },
      "visual_mass_concentration": 0.1994143588770865,
      "mean_visual_weight": 0.22306180000305176,
      "face_count": 0,
      "has_directional_cues": 0
    },
    "framing_breathing": {
      "frame_in_frame_count": 0,
      "breathing_space": {
        "top": 0.041015625,
        "bottom": 0.81640625,
        "left": 0.24430955993930198,
        "right": 0.5993930197268589,
        "min_margin": 0.041015625,
        "mean_margin": 0.4252811136665402
      },
      "corner_anchors": {
        "top_left": 0.16324825584888458,
        "top_right": 0.0676206424832344,
        "bottom_left": 0.21301166713237762,
        "bottom_right": 0.23174148797988892,
        "max_corner_weight": 0.23174148797988892,
        "has_corner_subject": 0
      }
    }
  }
}