{
  "meta": {
    "_dataset": "tvm_data",
    "_label": "testImages_artphoto",
    "_relpath": "testImages_artphoto/sad_0387.jpg",
    "_filename": "sad_0387.jpg",
    "_width": 361,
    "_height": 554
  },
  "features": {
    "geometric_structural": {
      "leading_lines": {
        "diagonal": 0,
        "vertical": 0,
        "horizontal": 0,
        "curved": 198
      },
      "leading_lines_strength": 0.25190839694656486,
      "symmetry_vertical": 0.2961988150258065,
      "symmetry_horizontal": 0.10919252424013304,
      "symmetry_radial": 0.1794702579435438,
      "rule_of_thirds": {
        "alignment_score": 0,
        "num_salient_objects": 18
      },
      "golden_ratio": {
        "golden_alignment_score": 0
      },
      "balance": {
        "static_balance": 0.8235481381416321,
        "dynamic_balance": 1.0,
        "dominant_quadrant": 0
      },
      "layering": {
        "foreground_ratio": 0.3055721215012723,
        "midground_ratio": 0.3563409470419847,
        "background_ratio": 0.338086931456743,
        "depth_complexity": 0.024253366675762587
      }
    },
    "spatial_layout": {
      "negative_space_ratio": 0.6618211275445293,
      "subject_isolation": 0.10000198791348601,
      "depth_of_field": {
        "blur_gradient_strength": 23.99758768859131,
        "sharpness_variance": 1383.0305504593832,
        "min_sharpness": 0.0,
        "max_sharpness": 198.0188066512008
      },
      "perspective": {
        "has_vanishing_point": 1,
        "perspective_strength": 0.7857142857142857
      }
    },
    "contrast_color": {
      "high_contrast_ratio": 0.36561456345419846,
      "low_contrast_ratio": 0.6343854365458015,
      "mean_contrast": 29.45966339111328,
      "highlight_ratio": 0.03424181044101715,
      "shadow_ratio": 0.4787342846393585,
      "midtone_ratio": 0.4870239198207855,
      "warm_color_ratio": 0.6884442589058524,
      "cool_color_ratio": 0.022314328880407124,
      "complementary_color_score": 2.611111111111111
    },
    "motion_dynamics": {
      "s_curve_count": 168,
      "motion_blur_score": 8.03098519144917,
      "dominant_direction_deg": 4.999999999999995,
      "direction_strength": 0.21807410941421637
    },
    "pattern_rhythm": {
      "repetition_score": 1.0,
      "rhythm_score": 1.0,
      "pattern_breaks": 7
    },
    "visual_mass_focus": {
      "point_of_interest": {
        "x": 0.41796875,
        "y": 0.138676844783715,
        "strength": 1.0
      },
      "visual_mass_concentration": 0.19946475429389313,
      "mean_visual_weight": 0.1448936015367508,
      "face_count": 0,
      "has_directional_cues": 0
    },
    "framing_breathing": {
      "frame_in_frame_count": 0,
      "breathing_space": {
        "top": 0.15521628498727735,
        "bottom": 0.6997455470737913,
        "left": 0.451171875,
        "right": 0.388671875,
        "min_margin": 0.15521628498727735,
        "mean_margin": 0.4237013955152672
      },
      "corner_anchors": {
        "top_left": 0.3799164295196533,
        "top_right": 0.3140108287334442,
        "bottom_left": 0.13040077686309814,
        "bottom_right": 0.17008516192436218,
        "max_corner_weight": 0.3799164295196533,
        "has_corner_subject": 1
      }
    }
  }
}