{
  "meta": {
    "_dataset": "tvm_data",
    "_label": "testImages_artphoto",
    "_relpath": "testImages_artphoto/sad_0290.jpg",
    "_filename": "sad_0290.jpg",
    "_width": 658,
    "_height": 304
  },
  "features": {
    "geometric_structural": {
      "leading_lines": {
        "diagonal": 0,
        "vertical": 2,
        "horizontal": 0,
        "curved": 179
      },
      "leading_lines_strength": 0.16335740072202165,
      "symmetry_vertical": 0.42633729418396604,
      "symmetry_horizontal": 0.3656955997774461,
      "symmetry_radial": 0.20572726976833208,
      "rule_of_thirds": {
        "alignment_score": 0,
        "num_salient_objects": 71
      },
      "golden_ratio": {
        "golden_alignment_score": 2
      },
      "balance": {
        "static_balance": 0.9455099105834961,
        "dynamic_balance": 1.0,
        "dominant_quadrant": 2
      },
      "layering": {
        "foreground_ratio": 0.30075304602888087,
        "midground_ratio": 0.23974609375,
        "background_ratio": 0.45950086022111913,
        "depth_complexity": 0.09354211381709748
      }
    },
    "spatial_layout": {
      "negative_space_ratio": 0.7940969088447654,
      "subject_isolation": 0.10000070509927798,
      "depth_of_field": {
        "blur_gradient_strength": 106.68077956107011,
        "sharpness_variance": 31823.962565435642,
        "min_sharpness": 0.1568627450980392,
        "max_sharpness": 987.0197793088483
      },
      "perspective": {
        "has_vanishing_point": 1,
        "perspective_strength": 0.4583333333333333
      }
    },
    "contrast_color": {
      "high_contrast_ratio": 0.4089558184792419,
      "low_contrast_ratio": 0.5910441815207581,
      "mean_contrast": 29.25588035583496,
      "highlight_ratio": 0.0510791540145874,
      "shadow_ratio": 0.7107294797897339,
      "midtone_ratio": 0.2381913661956787,
      "warm_color_ratio": 0.030160621615523464,
      "cool_color_ratio": 0.581899043885379,
      "complementary_color_score": 2.0555555555555554
    },
    "motion_dynamics": {
      "s_curve_count": 182,
      "motion_blur_score": 6.4410930587907576,
      "dominant_direction_deg": 4.999999999999995,
      "direction_strength": 0.20674392204385938
    },
    "pattern_rhythm": {
      "repetition_score": 1.0,
      "rhythm_score": 1.0,
      "pattern_breaks": 39
    },
    "visual_mass_focus": {
      "point_of_interest": {
        "x": 0.5018050541516246,
        "y": 0.48046875,
        "strength": 1.0
      },
      "visual_mass_concentration": 0.199772252933213,
      "mean_visual_weight": 0.08583718538284302,
      "face_count": 0,
      "has_directional_cues": 0
    },
    "framing_breathing": {
      "frame_in_frame_count": 0,
      "breathing_space": {
        "top": 0.4375,
        "bottom": 0.353515625,
        "left": 0.703971119133574,
        "right": 0.15433212996389892,
        "min_margin": 0.15433212996389892,
        "mean_margin": 0.4123297185243682
      },
      "corner_anchors": {
        "top_left": 0.2160116583108902,
        "top_right": 0.1460864543914795,
        "bottom_left": 0.33540743589401245,
        "bottom_right": 0.1787060648202896,
        "max_corner_weight": 0.33540743589401245,
        "has_corner_subject": 1
      }
    }
  }
}