{
  "meta": {
    "_dataset": "tvm_data",
    "_label": "testImages_artphoto",
    "_relpath": "testImages_artphoto/sad_0444.jpg",
    "_filename": "sad_0444.jpg",
    "_width": 412,
    "_height": 486
  },
  "features": {
    "geometric_structural": {
      "leading_lines": {
        "diagonal": 3,
        "vertical": 1,
        "horizontal": 1,
        "curved": 103
      },
      "leading_lines_strength": 0.17880794701986755,
      "symmetry_vertical": 0.34770539976705694,
      "symmetry_horizontal": 0.40301753033832444,
      "symmetry_radial": 0.3392393000240334,
      "rule_of_thirds": {
        "alignment_score": 1,
        "num_salient_objects": 13
      },
      "golden_ratio": {
        "golden_alignment_score": 3
      },
      "balance": {
        "static_balance": 0.9537075757980347,
        "dynamic_balance": 1.0,
        "dominant_quadrant": 2
      },
      "layering": {
        "foreground_ratio": 0.29008433360927155,
        "midground_ratio": 0.30953797599337746,
        "background_ratio": 0.400377690397351,
        "depth_complexity": 0.16910051095621098
      }
    },
    "spatial_layout": {
      "negative_space_ratio": 0.6366185068294702,
      "subject_isolation": 0.10000064673013245,
      "depth_of_field": {
        "blur_gradient_strength": 190.58550986519953,
        "sharpness_variance": 133369.90807964915,
        "min_sharpness": 0.04265800823951869,
        "max_sharpness": 2748.9234909650136
      },
      "perspective": {
        "has_vanishing_point": 1,
        "perspective_strength": 0.5888888888888889
      }
    },
    "contrast_color": {
      "high_contrast_ratio": 0.4612705660182119,
      "low_contrast_ratio": 0.5387294339817881,
      "mean_contrast": 20.563684463500977,
      "highlight_ratio": 0.0041649420745670795,
      "shadow_ratio": 0.5842947959899902,
      "midtone_ratio": 0.41154026985168457,
      "warm_color_ratio": 0.07769815811258278,
      "cool_color_ratio": 0.8229964300496688,
      "complementary_color_score": 2.0
    },
    "motion_dynamics": {
      "s_curve_count": 96,
      "motion_blur_score": 5.731122571290831,
      "dominant_direction_deg": 4.999999999999995,
      "direction_strength": 0.15654102855909643
    },
    "pattern_rhythm": {
      "repetition_score": 1.0,
      "rhythm_score": 1.0,
      "pattern_breaks": 3
    },
    "visual_mass_focus": {
      "point_of_interest": {
        "x": 0.326171875,
        "y": 0.48509933774834435,
        "strength": 1.0
      },
      "visual_mass_concentration": 0.1998008071192053,
      "mean_visual_weight": 0.16739580035209656,
      "face_count": 0,
      "has_directional_cues": 0
    },
    "framing_breathing": {
      "frame_in_frame_count": 0,
      "breathing_space": {
        "top": 0.4288079470198676,
        "bottom": 0.43543046357615894,
        "left": 0.173828125,
        "right": 0.6484375,
        "min_margin": 0.173828125,
        "mean_margin": 0.42162600889900664
      },
      "corner_anchors": {
        "top_left": 0.2479158639907837,
        "top_right": 0.2693314254283905,
        "bottom_left": 0.19168820977210999,
        "bottom_right": 0.25332877039909363,
        "max_corner_weight": 0.2693314254283905,
        "has_corner_subject": 0
      }
    }
  }
}