{
  "meta": {
    "_dataset": "tvm_data",
    "_label": "testImages_artphoto",
    "_relpath": "testImages_artphoto/sad_0624.jpg",
    "_filename": "sad_0624.jpg",
    "_width": 599,
    "_height": 334
  },
  "features": {
    "geometric_structural": {
      "leading_lines": {
        "diagonal": 68,
        "vertical": 0,
        "horizontal": 85,
        "curved": 680
      },
      "leading_lines_strength": 0.9074074074074074,
      "symmetry_vertical": 0.17530167725644125,
      "symmetry_horizontal": 0.1876147536073451,
      "symmetry_radial": 0.1338696728564037,
      "rule_of_thirds": {
        "alignment_score": 0,
        "num_salient_objects": 13
      },
      "golden_ratio": {
        "golden_alignment_score": 0
      },
      "balance": {
        "static_balance": 0.8277979493141174,
        "dynamic_balance": 1.0,
        "dominant_quadrant": 3
      },
      "layering": {
        "foreground_ratio": 0.3226294424019608,
        "midground_ratio": 0.261997463916122,
        "background_ratio": 0.4153730936819172,
        "depth_complexity": 0.30425842098268113
      }
    },
    "spatial_layout": {
      "negative_space_ratio": 0.23276228894335513,
      "subject_isolation": 0.10000085103485838,
      "depth_of_field": {
        "blur_gradient_strength": 131.91760599669138,
        "sharpness_variance": 44551.61841299349,
        "min_sharpness": 1.9803921568627452,
        "max_sharpness": 998.6670660635214
      },
      "perspective": {
        "has_vanishing_point": 1,
        "perspective_strength": 0.9996683250414594
      }
    },
    "contrast_color": {
      "high_contrast_ratio": 0.3497178819444444,
      "low_contrast_ratio": 0.6502821180555556,
      "mean_contrast": 23.886566162109375,
      "highlight_ratio": 0.27368855476379395,
      "shadow_ratio": 0.016607945784926414,
      "midtone_ratio": 0.7097035050392151,
      "warm_color_ratio": 0.0,
      "cool_color_ratio": 0.004465805419389978,
      "complementary_color_score": 0.0
    },
    "motion_dynamics": {
      "s_curve_count": 600,
      "motion_blur_score": 12.187279686713518,
      "dominant_direction_deg": 95.0,
      "direction_strength": 0.04333469498901456
    },
    "pattern_rhythm": {
      "repetition_score": 1.0,
      "rhythm_score": 1.0,
      "pattern_breaks": 4
    },
    "visual_mass_focus": {
      "point_of_interest": {
        "x": 0.906318082788671,
        "y": 0.775390625,
        "strength": 1.0
      },
      "visual_mass_concentration": 0.19660181781045752,
      "mean_visual_weight": 0.04356164485216141,
      "face_count": 0,
      "has_directional_cues": 0
    },
    "framing_breathing": {
      "frame_in_frame_count": 0,
      "breathing_space": {
        "top": 0.517578125,
        "bottom": 0.0,
        "left": 0.835511982570806,
        "right": 0.007625272331154684,
        "min_margin": 0.0,
        "mean_margin": 0.34017884497549017
      },
      "corner_anchors": {
        "top_left": 0.08682733029127121,
        "top_right": 0.1986405998468399,
        "bottom_left": 0.24368371069431305,
        "bottom_right": 0.38020801544189453,
        "max_corner_weight": 0.38020801544189453,
        "has_corner_subject": 1
      }
    }
  }
}