{
  "meta": {
    "_dataset": "tvm_data",
    "_label": "testImages_artphoto",
    "_relpath": "testImages_artphoto/sad_0632.jpg",
    "_filename": "sad_0632.jpg",
    "_width": 377,
    "_height": 531
  },
  "features": {
    "geometric_structural": {
      "leading_lines": {
        "diagonal": 0,
        "vertical": 0,
        "horizontal": 0,
        "curved": 43
      },
      "leading_lines_strength": 0.059639389736477116,
      "symmetry_vertical": 0.6442938915390224,
      "symmetry_horizontal": 0.16556346098696642,
      "symmetry_radial": 0.2141623918866048,
      "rule_of_thirds": {
        "alignment_score": 0,
        "num_salient_objects": 12
      },
      "golden_ratio": {
        "golden_alignment_score": 0
      },
      "balance": {
        "static_balance": 0.9094325304031372,
        "dynamic_balance": 1.0,
        "dominant_quadrant": 0
      },
      "layering": {
        "foreground_ratio": 0.29770934466019416,
        "midground_ratio": 0.15340835211511789,
        "background_ratio": 0.5488823032246879,
        "depth_complexity": 0.04340361993343258
      }
    },
    "spatial_layout": {
      "negative_space_ratio": 0.4672628077323162,
      "subject_isolation": 0.009546203190013869,
      "depth_of_field": {
        "blur_gradient_strength": 40.94585449649719,
        "sharpness_variance": 5348.458727286847,
        "min_sharpness": 0.0,
        "max_sharpness": 302.0285467128028
      },
      "perspective": {
        "has_vanishing_point": 1,
        "perspective_strength": 0.6666666666666666
      }
    },
    "contrast_color": {
      "high_contrast_ratio": 0.19023870925797504,
      "low_contrast_ratio": 0.809761290742025,
      "mean_contrast": 14.99410629272461,
      "highlight_ratio": 0.3410654664039612,
      "shadow_ratio": 0.38439178466796875,
      "midtone_ratio": 0.27454274892807007,
      "warm_color_ratio": 0.6367079143550625,
      "cool_color_ratio": 0.0,
      "complementary_color_score": 0.0
    },
    "motion_dynamics": {
      "s_curve_count": 42,
      "motion_blur_score": 16.05120028473682,
      "dominant_direction_deg": 4.999999999999995,
      "direction_strength": 0.45657344400015015
    },
    "pattern_rhythm": {
      "repetition_score": 1.0,
      "rhythm_score": 1.0,
      "pattern_breaks": 6
    },
    "visual_mass_focus": {
      "point_of_interest": {
        "x": 0.392578125,
        "y": 0.5436893203883495,
        "strength": 1.0
      },
      "visual_mass_concentration": 0.19999078970180306,
      "mean_visual_weight": 0.0948600322008133,
      "face_count": 0,
      "has_directional_cues": 0
    },
    "framing_breathing": {
      "frame_in_frame_count": 0,
      "breathing_space": {
        "top": 0.3897364771151179,
        "bottom": 0.0,
        "left": 0.0,
        "right": 0.0,
        "min_margin": 0.0,
        "mean_margin": 0.09743411927877947
      },
      "corner_anchors": {
        "top_left": 0.982678234577179,
        "top_right": 0.303432434797287,
        "bottom_left": 0.8788020014762878,
        "bottom_right": 0.8833993077278137,
        "max_corner_weight": 0.982678234577179,
        "has_corner_subject": 1
      }
    }
  }
}