{
  "meta": {
    "_dataset": "tvm_data",
    "_label": "testImages_artphoto",
    "_relpath": "testImages_artphoto/sad_0299.jpg",
    "_filename": "sad_0299.jpg",
    "_width": 511,
    "_height": 392
  },
  "features": {
    "geometric_structural": {
      "leading_lines": {
        "diagonal": 0,
        "vertical": 0,
        "horizontal": 0,
        "curved": 32
      },
      "leading_lines_strength": 0.047976011994003,
      "symmetry_vertical": 0.651288393867437,
      "symmetry_horizontal": 0.28961299272607455,
      "symmetry_radial": 0.3126260770122879,
      "rule_of_thirds": {
        "alignment_score": 2,
        "num_salient_objects": 24
      },
      "golden_ratio": {
        "golden_alignment_score": 4
      },
      "balance": {
        "static_balance": 0.991832971572876,
        "dynamic_balance": 1.0,
        "dominant_quadrant": 1
      },
      "layering": {
        "foreground_ratio": 0.17976070558470764,
        "midground_ratio": 0.2513616238755622,
        "background_ratio": 0.5688776705397302,
        "depth_complexity": 0.04682790243989709
      }
    },
    "spatial_layout": {
      "negative_space_ratio": 0.395459496814093,
      "subject_isolation": 0.10000175693403299,
      "depth_of_field": {
        "blur_gradient_strength": 56.46106030161877,
        "sharpness_variance": 14700.170158941688,
        "min_sharpness": 0.0,
        "max_sharpness": 881.9013262133675
      },
      "perspective": {
        "has_vanishing_point": 1,
        "perspective_strength": 0.5
      }
    },
    "contrast_color": {
      "high_contrast_ratio": 0.41128068778110943,
      "low_contrast_ratio": 0.5887193122188905,
      "mean_contrast": 17.584592819213867,
      "highlight_ratio": 0.330329954624176,
      "shadow_ratio": 0.24077023565769196,
      "midtone_ratio": 0.4288998246192932,
      "warm_color_ratio": 0.8883673397676162,
      "cool_color_ratio": 0.002357219827586207,
      "complementary_color_score": 2.5
    },
    "motion_dynamics": {
      "s_curve_count": 28,
      "motion_blur_score": 15.365703831493727,
      "dominant_direction_deg": 4.999999999999995,
      "direction_strength": 0.22303691903982664
    },
    "pattern_rhythm": {
      "repetition_score": 1.0,
      "rhythm_score": 1.0,
      "pattern_breaks": 13
    },
    "visual_mass_focus": {
      "point_of_interest": {
        "x": 0.5037481259370314,
        "y": 0.662109375,
        "strength": 1.0
      },
      "visual_mass_concentration": 0.19996251874062967,
      "mean_visual_weight": 0.29451173543930054,
      "face_count": 0,
      "has_directional_cues": 0
    },
    "framing_breathing": {
      "frame_in_frame_count": 0,
      "breathing_space": {
        "top": 0.65625,
        "bottom": 0.0,
        "left": 0.0,
        "right": 0.0,
        "min_margin": 0.0,
        "mean_margin": 0.1640625
      },
      "corner_anchors": {
        "top_left": 0.545572817325592,
        "top_right": 0.6772123575210571,
        "bottom_left": 0.9711413979530334,
        "bottom_right": 0.8965002298355103,
        "max_corner_weight": 0.9711413979530334,
        "has_corner_subject": 1
      }
    }
  }
}