{
  "meta": {
    "_dataset": "tvm_data",
    "_label": "testImages_artphoto",
    "_relpath": "testImages_artphoto/sad_0331.jpg",
    "_filename": "sad_0331.jpg",
    "_width": 447,
    "_height": 447
  },
  "features": {
    "geometric_structural": {
      "leading_lines": {
        "diagonal": 54,
        "vertical": 40,
        "horizontal": 22,
        "curved": 461
      },
      "leading_lines_strength": 1.126953125,
      "symmetry_vertical": 0.1613973368613837,
      "symmetry_horizontal": 0.1400315511351764,
      "symmetry_radial": 0.06796500263027005,
      "rule_of_thirds": {
        "alignment_score": 3,
        "num_salient_objects": 49
      },
      "golden_ratio": {
        "golden_alignment_score": 10
      },
      "balance": {
        "static_balance": 0.9686609506607056,
        "dynamic_balance": 1.0,
        "dominant_quadrant": 2
      },
      "layering": {
        "foreground_ratio": 0.324127197265625,
        "midground_ratio": 0.3064727783203125,
        "background_ratio": 0.3694000244140625,
        "depth_complexity": 0.8834777535533067
      }
    },
    "spatial_layout": {
      "negative_space_ratio": 0.6893692016601562,
      "subject_isolation": 0.10000228881835938,
      "depth_of_field": {
        "blur_gradient_strength": 1121.0860537955577,
        "sharpness_variance": 2407808.7606249223,
        "min_sharpness": 18.777941409279638,
        "max_sharpness": 8545.577181853132
      },
      "perspective": {
        "has_vanishing_point": 1,
        "perspective_strength": 0.9997969130787977
      }
    },
    "contrast_color": {
      "high_contrast_ratio": 0.4972686767578125,
      "low_contrast_ratio": 0.5027313232421875,
      "mean_contrast": 46.49763488769531,
      "highlight_ratio": 0.12047958374023438,
      "shadow_ratio": 0.4577064514160156,
      "midtone_ratio": 0.42181396484375,
      "warm_color_ratio": 0.15469741821289062,
      "cool_color_ratio": 0.47191619873046875,
      "complementary_color_score": 2.3333333333333335
    },
    "motion_dynamics": {
      "s_curve_count": 351,
      "motion_blur_score": 4.576737355573939,
      "dominant_direction_deg": 4.999999999999995,
      "direction_strength": 0.054046630859168825
    },
    "pattern_rhythm": {
      "repetition_score": 1.0,
      "rhythm_score": 1.0,
      "pattern_breaks": 15
    },
    "visual_mass_focus": {
      "point_of_interest": {
        "x": 0.453125,
        "y": 0.578125,
        "strength": 1.0
      },
      "visual_mass_concentration": 0.19976806640625,
      "mean_visual_weight": 0.1195550486445427,
      "face_count": 0,
      "has_directional_cues": 0
    },
    "framing_breathing": {
      "frame_in_frame_count": 0,
      "breathing_space": {
        "top": 0.681640625,
        "bottom": 0.04296875,
        "left": 0.0,
        "right": 0.857421875,
        "min_margin": 0.0,
        "mean_margin": 0.3955078125
      },
      "corner_anchors": {
        "top_left": 0.2269333153963089,
        "top_right": 0.3162508010864258,
        "bottom_left": 0.527843713760376,
        "bottom_right": 0.4062153100967407,
        "max_corner_weight": 0.527843713760376,
        "has_corner_subject": 1
      }
    }
  }
}