{
  "meta": {
    "_dataset": "tvm_data",
    "_label": "testImages_artphoto",
    "_relpath": "testImages_artphoto/sad_0612.jpg",
    "_filename": "sad_0612.jpg",
    "_width": 420,
    "_height": 476
  },
  "features": {
    "geometric_structural": {
      "leading_lines": {
        "diagonal": 0,
        "vertical": 0,
        "horizontal": 0,
        "curved": 1
      },
      "leading_lines_strength": 0.0017241379310344827,
      "symmetry_vertical": 0.8753752772994069,
      "symmetry_horizontal": 0.4907989487678554,
      "symmetry_radial": 0.5564129112835055,
      "rule_of_thirds": {
        "alignment_score": 0,
        "num_salient_objects": 4
      },
      "golden_ratio": {
        "golden_alignment_score": 2
      },
      "balance": {
        "static_balance": 0.9429745674133301,
        "dynamic_balance": 1.0,
        "dominant_quadrant": 3
      },
      "layering": {
        "foreground_ratio": 0.14623181573275862,
        "midground_ratio": 0.366534213362069,
        "background_ratio": 0.4872339709051724,
        "depth_complexity": 0.00990541047583862
      }
    },
    "spatial_layout": {
      "negative_space_ratio": 0.4823174838362069,
      "subject_isolation": 0.1,
      "depth_of_field": {
        "blur_gradient_strength": 8.163894344083902,
        "sharpness_variance": 303.74789530707545,
        "min_sharpness": 0.0,
        "max_sharpness": 138.88438200136258
      },
      "perspective": {
        "has_vanishing_point": 0,
        "perspective_strength": 0.0
      }
    },
    "contrast_color": {
      "high_contrast_ratio": 0.3594524515086207,
      "low_contrast_ratio": 0.6405475484913793,
      "mean_contrast": 8.430877685546875,
      "highlight_ratio": 0.0,
      "shadow_ratio": 0.4776501953601837,
      "midtone_ratio": 0.5223498344421387,
      "warm_color_ratio": 0.8111833243534483,
      "cool_color_ratio": 0.11165476831896552,
      "complementary_color_score": 2.4444444444444446
    },
    "motion_dynamics": {
      "s_curve_count": 5,
      "motion_blur_score": 19.460092818735845,
      "dominant_direction_deg": 4.999999999999995,
      "direction_strength": 0.16531519396496056
    },
    "pattern_rhythm": {
      "repetition_score": 1.0,
      "rhythm_score": 1.0,
      "pattern_breaks": 1
    },
    "visual_mass_focus": {
      "point_of_interest": {
        "x": 0.486328125,
        "y": 0.4206896551724138,
        "strength": 1.0
      },
      "visual_mass_concentration": 0.19907731681034482,
      "mean_visual_weight": 0.11651339381933212,
      "face_count": 0,
      "has_directional_cues": 0
    },
    "framing_breathing": {
      "frame_in_frame_count": 0,
      "breathing_space": {
        "top": 0.6810344827586207,
        "bottom": 0.0,
        "left": 0.0,
        "right": 0.0,
        "min_margin": 0.0,
        "mean_margin": 0.17025862068965517
      },
      "corner_anchors": {
        "top_left": 0.30630263686180115,
        "top_right": 0.35253408551216125,
        "bottom_left": 0.6545470952987671,
        "bottom_right": 0.67243492603302,
        "max_corner_weight": 0.67243492603302,
        "has_corner_subject": 1
      }
    }
  }
}