{
  "meta": {
    "_dataset": "tvm_data",
    "_label": "testImages_artphoto",
    "_relpath": "testImages_artphoto/sad_0463.jpg",
    "_filename": "sad_0463.jpg",
    "_width": 553,
    "_height": 362
  },
  "features": {
    "geometric_structural": {
      "leading_lines": {
        "diagonal": 0,
        "vertical": 0,
        "horizontal": 3,
        "curved": 65
      },
      "leading_lines_strength": 0.08695652173913043,
      "symmetry_vertical": 0.6501988933911717,
      "symmetry_horizontal": 0.7477153848367573,
      "symmetry_radial": 0.45240153788927007,
      "rule_of_thirds": {
        "alignment_score": 0,
        "num_salient_objects": 5
      },
      "golden_ratio": {
        "golden_alignment_score": 1
      },
      "balance": {
        "static_balance": 0.6501222848892212,
        "dynamic_balance": 1.0,
        "dominant_quadrant": 3
      },
      "layering": {
        "foreground_ratio": 0.27384710677749363,
        "midground_ratio": 0.0,
        "background_ratio": 0.7261528932225064,
        "depth_complexity": 0.08155461554040377
      }
    },
    "spatial_layout": {
      "negative_space_ratio": 0.640517603101023,
      "subject_isolation": 0.10000149856138107,
      "depth_of_field": {
        "blur_gradient_strength": 80.79225484658559,
        "sharpness_variance": 33775.91970508674,
        "min_sharpness": 0.08571127450610853,
        "max_sharpness": 1197.2776731984757
      },
      "perspective": {
        "has_vanishing_point": 1,
        "perspective_strength": 0.8732394366197183
      }
    },
    "contrast_color": {
      "high_contrast_ratio": 0.28634510869565216,
      "low_contrast_ratio": 0.7136548913043479,
      "mean_contrast": 12.863014221191406,
      "highlight_ratio": 0.004880314692854881,
      "shadow_ratio": 0.07925641536712646,
      "midtone_ratio": 0.9158632755279541,
      "warm_color_ratio": 0.1597666240409207,
      "cool_color_ratio": 0.003614030530690537,
      "complementary_color_score": 2.4444444444444446
    },
    "motion_dynamics": {
      "s_curve_count": 67,
      "motion_blur_score": 10.296235406964064,
      "dominant_direction_deg": 4.999999999999995,
      "direction_strength": 0.4884211157276804
    },
    "pattern_rhythm": {
      "repetition_score": 1.0,
      "rhythm_score": 1.0,
      "pattern_breaks": 1
    },
    "visual_mass_focus": {
      "point_of_interest": {
        "x": 0.5933503836317136,
        "y": 0.369140625,
        "strength": 1.0
      },
      "visual_mass_concentration": 0.19985064338235295,
      "mean_visual_weight": 0.038448359817266464,
      "face_count": 0,
      "has_directional_cues": 0
    },
    "framing_breathing": {
      "frame_in_frame_count": 0,
      "breathing_space": {
        "top": 0.552734375,
        "bottom": 0.25,
        "left": 0.6675191815856778,
        "right": 0.26214833759590794,
        "min_margin": 0.25,
        "mean_margin": 0.43310047354539644
      },
      "corner_anchors": {
        "top_left": 0.12249025702476501,
        "top_right": 0.035082802176475525,
        "bottom_left": 0.07160533219575882,
        "bottom_right": 0.2841550409793854,
        "max_corner_weight": 0.2841550409793854,
        "has_corner_subject": 0
      }
    }
  }
}