{
  "meta": {
    "_dataset": "tvm_data",
    "_label": "testImages_artphoto",
    "_relpath": "testImages_artphoto/sad_0634.jpg",
    "_filename": "sad_0634.jpg",
    "_width": 526,
    "_height": 380
  },
  "features": {
    "geometric_structural": {
      "leading_lines": {
        "diagonal": 0,
        "vertical": 7,
        "horizontal": 0,
        "curved": 40
      },
      "leading_lines_strength": 0.06629055007052186,
      "symmetry_vertical": 0.4450792609454007,
      "symmetry_horizontal": 0.5327316702195216,
      "symmetry_radial": 0.35952299663088866,
      "rule_of_thirds": {
        "alignment_score": 2,
        "num_salient_objects": 2
      },
      "golden_ratio": {
        "golden_alignment_score": 1
      },
      "balance": {
        "static_balance": 0.8462717533111572,
        "dynamic_balance": 1.0,
        "dominant_quadrant": 1
      },
      "layering": {
        "foreground_ratio": 0.24024263928067702,
        "midground_ratio": 0.11493961565585331,
        "background_ratio": 0.6448177450634697,
        "depth_complexity": 0.16449526405623988
      }
    },
    "spatial_layout": {
      "negative_space_ratio": 0.21976375176304655,
      "subject_isolation": 0.10000055095204513,
      "depth_of_field": {
        "blur_gradient_strength": 132.58360603212387,
        "sharpness_variance": 131754.18042425433,
        "min_sharpness": 0.9019607843137255,
        "max_sharpness": 2216.8120480086254
      },
      "perspective": {
        "has_vanishing_point": 1,
        "perspective_strength": 0.6910569105691057
      }
    },
    "contrast_color": {
      "high_contrast_ratio": 0.4005448915726375,
      "low_contrast_ratio": 0.5994551084273625,
      "mean_contrast": 19.7288875579834,
      "highlight_ratio": 0.005666541866958141,
      "shadow_ratio": 0.19406184554100037,
      "midtone_ratio": 0.8002716302871704,
      "warm_color_ratio": 0.44167070698166433,
      "cool_color_ratio": 0.05988297778561354,
      "complementary_color_score": 2.3333333333333335
    },
    "motion_dynamics": {
      "s_curve_count": 67,
      "motion_blur_score": 10.606286189906681,
      "dominant_direction_deg": 4.999999999999995,
      "direction_strength": 0.1099755377288931
    },
    "pattern_rhythm": {
      "repetition_score": 1.0,
      "rhythm_score": 1.0,
      "pattern_breaks": 2
    },
    "visual_mass_focus": {
      "point_of_interest": {
        "x": 0.30888575458392104,
        "y": 0.34375,
        "strength": 1.0
      },
      "visual_mass_concentration": 0.19880278120592385,
      "mean_visual_weight": 0.09066537022590637,
      "face_count": 0,
      "has_directional_cues": 0
    },
    "framing_breathing": {
      "frame_in_frame_count": 0,
      "breathing_space": {
        "top": 0.220703125,
        "bottom": 0.55078125,
        "left": 0.2947813822284908,
        "right": 0.6727785613540197,
        "min_margin": 0.220703125,
        "mean_margin": 0.4347610796456276
      },
      "corner_anchors": {
        "top_left": 0.29594725370407104,
        "top_right": 0.23464469611644745,
        "bottom_left": 0.07855523377656937,
        "bottom_right": 0.0512901209294796,
        "max_corner_weight": 0.29594725370407104,
        "has_corner_subject": 0
      }
    }
  }
}