{
  "meta": {
    "_dataset": "tvm_data",
    "_label": "testImages_artphoto",
    "_relpath": "testImages_artphoto/sad_0302.jpg",
    "_filename": "sad_0302.jpg",
    "_width": 408,
    "_height": 490
  },
  "features": {
    "geometric_structural": {
      "leading_lines": {
        "diagonal": 0,
        "vertical": 0,
        "horizontal": 0,
        "curved": 67
      },
      "leading_lines_strength": 0.10894308943089431,
      "symmetry_vertical": 0.46448794807170657,
      "symmetry_horizontal": 0.3636234883910824,
      "symmetry_radial": 0.36893359623454997,
      "rule_of_thirds": {
        "alignment_score": 0,
        "num_salient_objects": 5
      },
      "golden_ratio": {
        "golden_alignment_score": 3
      },
      "balance": {
        "static_balance": 0.9755148887634277,
        "dynamic_balance": 1.0,
        "dominant_quadrant": 0
      },
      "layering": {
        "foreground_ratio": 0.2885511941056911,
        "midground_ratio": 0.24658600101626016,
        "background_ratio": 0.46486280487804876,
        "depth_complexity": 0.02445713922727919
      }
    },
    "spatial_layout": {
      "negative_space_ratio": 0.6327680386178862,
      "subject_isolation": 0.1,
      "depth_of_field": {
        "blur_gradient_strength": 27.82439155725392,
        "sharpness_variance": 2177.3881486874093,
        "min_sharpness": 0.0,
        "max_sharpness": 326.2245503126958
      },
      "perspective": {
        "has_vanishing_point": 1,
        "perspective_strength": 0.6666666666666666
      }
    },
    "contrast_color": {
      "high_contrast_ratio": 0.4543159298780488,
      "low_contrast_ratio": 0.5456840701219512,
      "mean_contrast": 25.78865623474121,
      "highlight_ratio": 0.16543127596378326,
      "shadow_ratio": 0.5322344899177551,
      "midtone_ratio": 0.3023342490196228,
      "warm_color_ratio": 0.009270198170731707,
      "cool_color_ratio": 0.5393514989837398,
      "complementary_color_score": 2.5555555555555554
    },
    "motion_dynamics": {
      "s_curve_count": 93,
      "motion_blur_score": 12.452171535213841,
      "dominant_direction_deg": 4.999999999999995,
      "direction_strength": 0.2808117378039862
    },
    "pattern_rhythm": {
      "repetition_score": 1.0,
      "rhythm_score": 1.0,
      "pattern_breaks": 3
    },
    "visual_mass_focus": {
      "point_of_interest": {
        "x": 0.482421875,
        "y": 0.44715447154471544,
        "strength": 1.0
      },
      "visual_mass_concentration": 0.19998412093495935,
      "mean_visual_weight": 0.12156005948781967,
      "face_count": 0,
      "has_directional_cues": 0
    },
    "framing_breathing": {
      "frame_in_frame_count": 0,
      "breathing_space": {
        "top": 0.13821138211382114,
        "bottom": 0.25040650406504067,
        "left": 0.224609375,
        "right": 0.255859375,
        "min_margin": 0.13821138211382114,
        "mean_margin": 0.21727165904471546
      },
      "corner_anchors": {
        "top_left": 0.42032694816589355,
        "top_right": 0.4086371660232544,
        "bottom_left": 0.495289146900177,
        "bottom_right": 0.4733544588088989,
        "max_corner_weight": 0.495289146900177,
        "has_corner_subject": 1
      }
    }
  }
}