{
  "meta": {
    "_dataset": "tvm_data",
    "_label": "testImages_artphoto",
    "_relpath": "testImages_artphoto/sad_0293.jpg",
    "_filename": "sad_0293.jpg",
    "_width": 516,
    "_height": 387
  },
  "features": {
    "geometric_structural": {
      "leading_lines": {
        "diagonal": 3,
        "vertical": 0,
        "horizontal": 21,
        "curved": 30
      },
      "leading_lines_strength": 0.07906295754026355,
      "symmetry_vertical": 0.6775308801625886,
      "symmetry_horizontal": 0.6238110152172647,
      "symmetry_radial": 0.48861297934127174,
      "rule_of_thirds": {
        "alignment_score": 0,
        "num_salient_objects": 23
      },
      "golden_ratio": {
        "golden_alignment_score": 10
      },
      "balance": {
        "static_balance": 0.9481198787689209,
        "dynamic_balance": 1.0,
        "dominant_quadrant": 2
      },
      "layering": {
        "foreground_ratio": 0.2911757640922401,
        "midground_ratio": 0.0,
        "background_ratio": 0.7088242359077599,
        "depth_complexity": 0.2669443538230462
      }
    },
    "spatial_layout": {
      "negative_space_ratio": 0.9507543695095169,
      "subject_isolation": 0.09388726207906296,
      "depth_of_field": {
        "blur_gradient_strength": 288.3754245297013,
        "sharpness_variance": 546520.9858983168,
        "min_sharpness": 0.0,
        "max_sharpness": 4814.926841937143
      },
      "perspective": {
        "has_vanishing_point": 1,
        "perspective_strength": 0.9622137404580152
      }
    },
    "contrast_color": {
      "high_contrast_ratio": 0.1859472227306003,
      "low_contrast_ratio": 0.8140527772693997,
      "mean_contrast": 11.337318420410156,
      "highlight_ratio": 0.019391128793358803,
      "shadow_ratio": 0.9337596297264099,
      "midtone_ratio": 0.04684925079345703,
      "warm_color_ratio": 0.674520154648609,
      "cool_color_ratio": 0.0,
      "complementary_color_score": 0.0
    },
    "motion_dynamics": {
      "s_curve_count": 54,
      "motion_blur_score": 4.224541362123242,
      "dominant_direction_deg": 4.999999999999995,
      "direction_strength": 0.5795119189222081
    },
    "pattern_rhythm": {
      "repetition_score": 1.0,
      "rhythm_score": 1.0,
      "pattern_breaks": 9
    },
    "visual_mass_focus": {
      "point_of_interest": {
        "x": 0.5036603221083455,
        "y": 0.501953125,
        "strength": 1.0
      },
      "visual_mass_concentration": 0.19786900622254758,
      "mean_visual_weight": 0.013393114320933819,
      "face_count": 0,
      "has_directional_cues": 0
    },
    "framing_breathing": {
      "frame_in_frame_count": 0,
      "breathing_space": {
        "top": 0.447265625,
        "bottom": 0.482421875,
        "left": 0.39092240117130306,
        "right": 0.40702781844802344,
        "min_margin": 0.39092240117130306,
        "mean_margin": 0.4319094299048316
      },
      "corner_anchors": {
        "top_left": 0.04713067784905434,
        "top_right": 0.04556439071893692,
        "bottom_left": 0.05892648920416832,
        "bottom_right": 0.049232251942157745,
        "max_corner_weight": 0.05892648920416832,
        "has_corner_subject": 0
      }
    }
  }
}