{
  "meta": {
    "_dataset": "tvm_data",
    "_label": "testImages_artphoto",
    "_relpath": "testImages_artphoto/sad_0637.jpg",
    "_filename": "sad_0637.jpg",
    "_width": 365,
    "_height": 548
  },
  "features": {
    "geometric_structural": {
      "leading_lines": {
        "diagonal": 10,
        "vertical": 38,
        "horizontal": 0,
        "curved": 586
      },
      "leading_lines_strength": 0.8244473342002601,
      "symmetry_vertical": 0.17076578077279925,
      "symmetry_horizontal": 0.19560886926612786,
      "symmetry_radial": 0.11968187919569744,
      "rule_of_thirds": {
        "alignment_score": 0,
        "num_salient_objects": 30
      },
      "golden_ratio": {
        "golden_alignment_score": 1
      },
      "balance": {
        "static_balance": 0.884404182434082,
        "dynamic_balance": 1.0,
        "dominant_quadrant": 2
      },
      "layering": {
        "foreground_ratio": 0.30391285354356307,
        "midground_ratio": 0.30305185305591675,
        "background_ratio": 0.3930352934005202,
        "depth_complexity": 0.24149125717855047
      }
    },
    "spatial_layout": {
      "negative_space_ratio": 0.3465946033810143,
      "subject_isolation": 0.10000050796488946,
      "depth_of_field": {
        "blur_gradient_strength": 136.3165730484622,
        "sharpness_variance": 49313.97078237093,
        "min_sharpness": 0.6185300333279086,
        "max_sharpness": 1290.9285994606812
      },
      "perspective": {
        "has_vanishing_point": 1,
        "perspective_strength": 0.9992323260520622
      }
    },
    "contrast_color": {
      "high_contrast_ratio": 0.4040073350130039,
      "low_contrast_ratio": 0.5959926649869961,
      "mean_contrast": 30.23136329650879,
      "highlight_ratio": 0.024844562634825706,
      "shadow_ratio": 0.14551924169063568,
      "midtone_ratio": 0.8296361565589905,
      "warm_color_ratio": 0.7713904014954487,
      "cool_color_ratio": 0.07065283647594278,
      "complementary_color_score": 2.3333333333333335
    },
    "motion_dynamics": {
      "s_curve_count": 519,
      "motion_blur_score": 8.77307849758408,
      "dominant_direction_deg": 4.999999999999995,
      "direction_strength": 0.06509824040945755
    },
    "pattern_rhythm": {
      "repetition_score": 1.0,
      "rhythm_score": 1.0,
      "pattern_breaks": 5
    },
    "visual_mass_focus": {
      "point_of_interest": {
        "x": 0.34375,
        "y": 0.540962288686606,
        "strength": 1.0
      },
      "visual_mass_concentration": 0.19996545838751625,
      "mean_visual_weight": 0.21964633464813232,
      "face_count": 0,
      "has_directional_cues": 0
    },
    "framing_breathing": {
      "frame_in_frame_count": 0,
      "breathing_space": {
        "top": 0.23797139141742524,
        "bottom": 0.10143042912873862,
        "left": 0.09375,
        "right": 0.5390625,
        "min_margin": 0.09375,
        "mean_margin": 0.24305358013654096
      },
      "corner_anchors": {
        "top_left": 0.33079349994659424,
        "top_right": 0.31397101283073425,
        "bottom_left": 0.5891096591949463,
        "bottom_right": 0.4160957634449005,
        "max_corner_weight": 0.5891096591949463,
        "has_corner_subject": 1
      }
    }
  }
}