{
  "meta": {
    "_dataset": "tvm_data",
    "_label": "testImages_artphoto",
    "_relpath": "testImages_artphoto/sad_0361.jpg",
    "_filename": "sad_0361.jpg",
    "_width": 531,
    "_height": 377
  },
  "features": {
    "geometric_structural": {
      "leading_lines": {
        "diagonal": 0,
        "vertical": 0,
        "horizontal": 0,
        "curved": 128
      },
      "leading_lines_strength": 0.17753120665742025,
      "symmetry_vertical": 0.6613974422562499,
      "symmetry_horizontal": 0.5767909493473466,
      "symmetry_radial": 0.46790528676277665,
      "rule_of_thirds": {
        "alignment_score": 0,
        "num_salient_objects": 40
      },
      "golden_ratio": {
        "golden_alignment_score": 0
      },
      "balance": {
        "static_balance": 0.9548741579055786,
        "dynamic_balance": 1.0,
        "dominant_quadrant": 0
      },
      "layering": {
        "foreground_ratio": 0.22825286061026354,
        "midground_ratio": 0.3113974731276006,
        "background_ratio": 0.4603496662621359,
        "depth_complexity": 0.023253838405397687
      }
    },
    "spatial_layout": {
      "negative_space_ratio": 0.4060874653259362,
      "subject_isolation": 0.10000216712898752,
      "depth_of_field": {
        "blur_gradient_strength": 29.093538389711725,
        "sharpness_variance": 880.7076833186761,
        "min_sharpness": 1.4255741512291191,
        "max_sharpness": 139.8537924973911
      },
      "perspective": {
        "has_vanishing_point": 0,
        "perspective_strength": 0.0
      }
    },
    "contrast_color": {
      "high_contrast_ratio": 0.4880997529472954,
      "low_contrast_ratio": 0.5119002470527045,
      "mean_contrast": 14.440804481506348,
      "highlight_ratio": 0.025482727214694023,
      "shadow_ratio": 0.028029104694724083,
      "midtone_ratio": 0.9464882016181946,
      "warm_color_ratio": 0.9687825069348127,
      "cool_color_ratio": 4.334257975034674e-05,
      "complementary_color_score": 1.7222222222222223
    },
    "motion_dynamics": {
      "s_curve_count": 108,
      "motion_blur_score": 18.83381691895656,
      "dominant_direction_deg": 95.0,
      "direction_strength": 0.12837259448647612
    },
    "pattern_rhythm": {
      "repetition_score": 1.0,
      "rhythm_score": 1.0,
      "pattern_breaks": 1
    },
    "visual_mass_focus": {
      "point_of_interest": {
        "x": 0.5561719833564494,
        "y": 0.689453125,
        "strength": 1.0
      },
      "visual_mass_concentration": 0.19999891643550624,
      "mean_visual_weight": 0.28244081139564514,
      "face_count": 0,
      "has_directional_cues": 0
    },
    "framing_breathing": {
      "frame_in_frame_count": 0,
      "breathing_space": {
        "top": 0.0,
        "bottom": 0.7890625,
        "left": 0.0,
        "right": 0.5672676837725381,
        "min_margin": 0.0,
        "mean_margin": 0.33908254594313453
      },
      "corner_anchors": {
        "top_left": 0.5809946656227112,
        "top_right": 0.39794638752937317,
        "bottom_left": 0.2958730161190033,
        "bottom_right": 0.3522784411907196,
        "max_corner_weight": 0.5809946656227112,
        "has_corner_subject": 1
      }
    }
  }
}