{
  "meta": {
    "_dataset": "tvm_data",
    "_label": "testImages_artphoto",
    "_relpath": "testImages_artphoto/sad_0418.jpg",
    "_filename": "sad_0418.jpg",
    "_width": 547,
    "_height": 366
  },
  "features": {
    "geometric_structural": {
      "leading_lines": {
        "diagonal": 20,
        "vertical": 0,
        "horizontal": 19,
        "curved": 74
      },
      "leading_lines_strength": 0.1477124183006536,
      "symmetry_vertical": 0.6401918495909185,
      "symmetry_horizontal": 0.1966075999578295,
      "symmetry_radial": 0.23489131902382385,
      "rule_of_thirds": {
        "alignment_score": 0,
        "num_salient_objects": 27
      },
      "golden_ratio": {
        "golden_alignment_score": 0
      },
      "balance": {
        "static_balance": 0.9310288429260254,
        "dynamic_balance": 1.0,
        "dominant_quadrant": 1
      },
      "layering": {
        "foreground_ratio": 0.20074040032679738,
        "midground_ratio": 0.22425194035947713,
        "background_ratio": 0.5750076593137254,
        "depth_complexity": 0.522876248467348
      }
    },
    "spatial_layout": {
      "negative_space_ratio": 0.5214179942810457,
      "subject_isolation": 0.1,
      "depth_of_field": {
        "blur_gradient_strength": 494.69187516729636,
        "sharpness_variance": 1771095.5708777143,
        "min_sharpness": 0.35294117647058826,
        "max_sharpness": 6413.898965603535
      },
      "perspective": {
        "has_vanishing_point": 1,
        "perspective_strength": 0.995598752980011
      }
    },
    "contrast_color": {
      "high_contrast_ratio": 0.25234375,
      "low_contrast_ratio": 0.74765625,
      "mean_contrast": 19.072813034057617,
      "highlight_ratio": 0.08397671580314636,
      "shadow_ratio": 0.48484477400779724,
      "midtone_ratio": 0.431178480386734,
      "warm_color_ratio": 0.762390216503268,
      "cool_color_ratio": 0.001031454248366013,
      "complementary_color_score": 2.4444444444444446
    },
    "motion_dynamics": {
      "s_curve_count": 81,
      "motion_blur_score": 7.130456304968476,
      "dominant_direction_deg": 4.999999999999995,
      "direction_strength": 0.2084712009798599
    },
    "pattern_rhythm": {
      "repetition_score": 1.0,
      "rhythm_score": 1.0,
      "pattern_breaks": 2
    },
    "visual_mass_focus": {
      "point_of_interest": {
        "x": 0.9359477124183007,
        "y": 0.33984375,
        "strength": 1.0
      },
      "visual_mass_concentration": 0.19999489379084967,
      "mean_visual_weight": 0.15999232232570648,
      "face_count": 0,
      "has_directional_cues": 0
    },
    "framing_breathing": {
      "frame_in_frame_count": 0,
      "breathing_space": {
        "top": 0.216796875,
        "bottom": 0.462890625,
        "left": 0.22745098039215686,
        "right": 0.33202614379084966,
        "min_margin": 0.216796875,
        "mean_margin": 0.30979115604575164
      },
      "corner_anchors": {
        "top_left": 0.057906266301870346,
        "top_right": 0.5967413783073425,
        "bottom_left": 0.4900915324687958,
        "bottom_right": 0.47241368889808655,
        "max_corner_weight": 0.5967413783073425,
        "has_corner_subject": 1
      }
    }
  }
}