{
  "meta": {
    "_dataset": "tvm_data",
    "_label": "testImages_artphoto",
    "_relpath": "testImages_artphoto/sad_0625.jpg",
    "_filename": "sad_0625.jpg",
    "_width": 382,
    "_height": 524
  },
  "features": {
    "geometric_structural": {
      "leading_lines": {
        "diagonal": 0,
        "vertical": 0,
        "horizontal": 0,
        "curved": 23
      },
      "leading_lines_strength": 0.03276353276353276,
      "symmetry_vertical": 0.7000032767641863,
      "symmetry_horizontal": 0.41960010785020513,
      "symmetry_radial": 0.3908633855618839,
      "rule_of_thirds": {
        "alignment_score": 2,
        "num_salient_objects": 11
      },
      "golden_ratio": {
        "golden_alignment_score": 2
      },
      "balance": {
        "static_balance": 0.8742012977600098,
        "dynamic_balance": 1.0,
        "dominant_quadrant": 2
      },
      "layering": {
        "foreground_ratio": 0.16006443643162394,
        "midground_ratio": 0.31978665865384615,
        "background_ratio": 0.5201489049145299,
        "depth_complexity": 0.016848949459334257
      }
    },
    "spatial_layout": {
      "negative_space_ratio": 0.6862424323361823,
      "subject_isolation": 0.10000166933760683,
      "depth_of_field": {
        "blur_gradient_strength": 30.201952036145233,
        "sharpness_variance": 6155.631138187712,
        "min_sharpness": 0.6097506932905615,
        "max_sharpness": 780.4520193856767
      },
      "perspective": {
        "has_vanishing_point": 0,
        "perspective_strength": 0.0
      }
    },
    "contrast_color": {
      "high_contrast_ratio": 0.3782885950854701,
      "low_contrast_ratio": 0.6217114049145299,
      "mean_contrast": 14.025491714477539,
      "highlight_ratio": 0.1168508529663086,
      "shadow_ratio": 0.3567235469818115,
      "midtone_ratio": 0.5264256000518799,
      "warm_color_ratio": 0.0,
      "cool_color_ratio": 0.47814837072649574,
      "complementary_color_score": 0.8333333333333334
    },
    "motion_dynamics": {
      "s_curve_count": 30,
      "motion_blur_score": 19.555527780350744,
      "dominant_direction_deg": 4.999999999999995,
      "direction_strength": 0.15922142093972794
    },
    "pattern_rhythm": {
      "repetition_score": 1.0,
      "rhythm_score": 1.0,
      "pattern_breaks": 7
    },
    "visual_mass_focus": {
      "point_of_interest": {
        "x": 0.337890625,
        "y": 0.7535612535612536,
        "strength": 1.0
      },
      "visual_mass_concentration": 0.19776086182336183,
      "mean_visual_weight": 0.06768784672021866,
      "face_count": 0,
      "has_directional_cues": 0
    },
    "framing_breathing": {
      "frame_in_frame_count": 0,
      "breathing_space": {
        "top": 0.7065527065527065,
        "bottom": 0.09971509971509972,
        "left": 0.0,
        "right": 0.0,
        "min_margin": 0.0,
        "mean_margin": 0.20156695156695156
      },
      "corner_anchors": {
        "top_left": 0.4448009133338928,
        "top_right": 0.18580374121665955,
        "bottom_left": 0.5279477834701538,
        "bottom_right": 0.47588980197906494,
        "max_corner_weight": 0.5279477834701538,
        "has_corner_subject": 1
      }
    }
  }
}