{
  "meta": {
    "_dataset": "tvm_data",
    "_label": "testImages_artphoto",
    "_relpath": "testImages_artphoto/sad_0452.jpg",
    "_filename": "sad_0452.jpg",
    "_width": 462,
    "_height": 433
  },
  "features": {
    "geometric_structural": {
      "leading_lines": {
        "diagonal": 2,
        "vertical": 0,
        "horizontal": 2,
        "curved": 79
      },
      "leading_lines_strength": 0.152014652014652,
      "symmetry_vertical": 0.09050602063992952,
      "symmetry_horizontal": 0.5528409926139041,
      "symmetry_radial": 0.20121107856789164,
      "rule_of_thirds": {
        "alignment_score": 1,
        "num_salient_objects": 11
      },
      "golden_ratio": {
        "golden_alignment_score": 3
      },
      "balance": {
        "static_balance": 0.9764268398284912,
        "dynamic_balance": 1.0,
        "dominant_quadrant": 0
      },
      "layering": {
        "foreground_ratio": 0.25722584706959706,
        "midground_ratio": 0.16867344894688643,
        "background_ratio": 0.5741007039835165,
        "depth_complexity": 0.10562299153160147
      }
    },
    "spatial_layout": {
      "negative_space_ratio": 0.5858230311355311,
      "subject_isolation": 0.10000286172161173,
      "depth_of_field": {
        "blur_gradient_strength": 114.53485074990965,
        "sharpness_variance": 67497.36187091072,
        "min_sharpness": 0.0,
        "max_sharpness": 1401.1172779640988
      },
      "perspective": {
        "has_vanishing_point": 1,
        "perspective_strength": 0.9883449883449883
      }
    },
    "contrast_color": {
      "high_contrast_ratio": 0.3721668956043956,
      "low_contrast_ratio": 0.6278331043956045,
      "mean_contrast": 18.975669860839844,
      "highlight_ratio": 0.1284269094467163,
      "shadow_ratio": 0.5408117175102234,
      "midtone_ratio": 0.3307613730430603,
      "warm_color_ratio": 0.026174021291208792,
      "cool_color_ratio": 0.204183836996337,
      "complementary_color_score": 2.111111111111111
    },
    "motion_dynamics": {
      "s_curve_count": 79,
      "motion_blur_score": 8.074916147256308,
      "dominant_direction_deg": 4.999999999999995,
      "direction_strength": 0.45848357371630866
    },
    "pattern_rhythm": {
      "repetition_score": 1.0,
      "rhythm_score": 1.0,
      "pattern_breaks": 5
    },
    "visual_mass_focus": {
      "point_of_interest": {
        "x": 0.2271062271062271,
        "y": 0.345703125,
        "strength": 1.0
      },
      "visual_mass_concentration": 0.19479381295787546,
      "mean_visual_weight": 0.06493169069290161,
      "face_count": 0,
      "has_directional_cues": 0
    },
    "framing_breathing": {
      "frame_in_frame_count": 0,
      "breathing_space": {
        "top": 0.0,
        "bottom": 0.240234375,
        "left": 0.0,
        "right": 0.4157509157509158,
        "min_margin": 0.0,
        "mean_margin": 0.16399632268772896
      },
      "corner_anchors": {
        "top_left": 0.4942302703857422,
        "top_right": 0.47188475728034973,
        "bottom_left": 0.21547868847846985,
        "bottom_right": 0.47217029333114624,
        "max_corner_weight": 0.4942302703857422,
        "has_corner_subject": 1
      }
    }
  }
}