{
  "meta": {
    "_dataset": "tvm_data",
    "_label": "testImages_artphoto",
    "_relpath": "testImages_artphoto/sad_0398.jpg",
    "_filename": "sad_0398.jpg",
    "_width": 553,
    "_height": 362
  },
  "features": {
    "geometric_structural": {
      "leading_lines": {
        "diagonal": 0,
        "vertical": 0,
        "horizontal": 0,
        "curved": 40
      },
      "leading_lines_strength": 0.05115089514066496,
      "symmetry_vertical": 0.5301755146795336,
      "symmetry_horizontal": 0.5138431129663752,
      "symmetry_radial": 0.3370177908582182,
      "rule_of_thirds": {
        "alignment_score": 0,
        "num_salient_objects": 9
      },
      "golden_ratio": {
        "golden_alignment_score": 0
      },
      "balance": {
        "static_balance": 0.8638602495193481,
        "dynamic_balance": 1.0,
        "dominant_quadrant": 1
      },
      "layering": {
        "foreground_ratio": 0.22472925991048592,
        "midground_ratio": 0.3217511189258312,
        "background_ratio": 0.4535196211636829,
        "depth_complexity": 0.009368751448521253
      }
    },
    "spatial_layout": {
      "negative_space_ratio": 0.6134086277173914,
      "subject_isolation": 0.10000149856138107,
      "depth_of_field": {
        "blur_gradient_strength": 7.12384821459606,
        "sharpness_variance": 188.73844306571473,
        "min_sharpness": 0.7173572522087664,
        "max_sharpness": 102.52606182728348
      },
      "perspective": {
        "has_vanishing_point": 0,
        "perspective_strength": 0.0
      }
    },
    "contrast_color": {
      "high_contrast_ratio": 0.36837635869565216,
      "low_contrast_ratio": 0.6316236413043479,
      "mean_contrast": 18.335346221923828,
      "highlight_ratio": 0.006573689170181751,
      "shadow_ratio": 0.22585317492485046,
      "midtone_ratio": 0.7675731182098389,
      "warm_color_ratio": 0.0036714753836317136,
      "cool_color_ratio": 0.003214414162404092,
      "complementary_color_score": 2.388888888888889
    },
    "motion_dynamics": {
      "s_curve_count": 38,
      "motion_blur_score": 18.01930831448523,
      "dominant_direction_deg": 4.999999999999995,
      "direction_strength": 0.14295776054951506
    },
    "pattern_rhythm": {
      "repetition_score": 1.0,
      "rhythm_score": 1.0,
      "pattern_breaks": 3
    },
    "visual_mass_focus": {
      "point_of_interest": {
        "x": 0.7365728900255755,
        "y": 0.435546875,
        "strength": 1.0
      },
      "visual_mass_concentration": 0.19926620444373402,
      "mean_visual_weight": 0.052031174302101135,
      "face_count": 0,
      "has_directional_cues": 0
    },
    "framing_breathing": {
      "frame_in_frame_count": 0,
      "breathing_space": {
        "top": 0.0,
        "bottom": 0.671875,
        "left": 0.40153452685422,
        "right": 0.08567774936061381,
        "min_margin": 0.0,
        "mean_margin": 0.28977181905370847
      },
      "corner_anchors": {
        "top_left": 0.1448095142841339,
        "top_right": 0.470658540725708,
        "bottom_left": 0.4522455632686615,
        "bottom_right": 0.19433535635471344,
        "max_corner_weight": 0.470658540725708,
        "has_corner_subject": 1
      }
    }
  }
}