{
  "meta": {
    "_dataset": "tvm_data",
    "_label": "testImages_artphoto",
    "_relpath": "testImages_artphoto/sad_0348.jpg",
    "_filename": "sad_0348.jpg",
    "_width": 521,
    "_height": 384
  },
  "features": {
    "geometric_structural": {
      "leading_lines": {
        "diagonal": 29,
        "vertical": 5,
        "horizontal": 9,
        "curved": 279
      },
      "leading_lines_strength": 0.4633093525179856,
      "symmetry_vertical": 0.22863379795476835,
      "symmetry_horizontal": 0.25069768764612155,
      "symmetry_radial": 0.17406884639054684,
      "rule_of_thirds": {
        "alignment_score": 0,
        "num_salient_objects": 47
      },
      "golden_ratio": {
        "golden_alignment_score": 3
      },
      "balance": {
        "static_balance": 0.945205569267273,
        "dynamic_balance": 1.0,
        "dominant_quadrant": 0
      },
      "layering": {
        "foreground_ratio": 0.32195087679856116,
        "midground_ratio": 0.2513742131294964,
        "background_ratio": 0.42667491007194247,
        "depth_complexity": 0.12272491807666643
      }
    },
    "spatial_layout": {
      "negative_space_ratio": 0.49143716276978416,
      "subject_isolation": 0.1,
      "depth_of_field": {
        "blur_gradient_strength": 97.88114381517236,
        "sharpness_variance": 27999.979316728448,
        "min_sharpness": 0.0,
        "max_sharpness": 581.1229541372309
      },
      "perspective": {
        "has_vanishing_point": 1,
        "perspective_strength": 0.9993014320642682
      }
    },
    "contrast_color": {
      "high_contrast_ratio": 0.5470632868705037,
      "low_contrast_ratio": 0.45293671312949635,
      "mean_contrast": 28.918663024902344,
      "highlight_ratio": 0.42300471663475037,
      "shadow_ratio": 0.17098133265972137,
      "midtone_ratio": 0.4060139060020447,
      "warm_color_ratio": 0.26965209082733815,
      "cool_color_ratio": 0.07288669064748202,
      "complementary_color_score": 2.0
    },
    "motion_dynamics": {
      "s_curve_count": 263,
      "motion_blur_score": 11.690301549887707,
      "dominant_direction_deg": 4.999999999999995,
      "direction_strength": 0.3664849370493298
    },
    "pattern_rhythm": {
      "repetition_score": 1.0,
      "rhythm_score": 1.0,
      "pattern_breaks": 10
    },
    "visual_mass_focus": {
      "point_of_interest": {
        "x": 0.7122302158273381,
        "y": 0.6796875,
        "strength": 1.0
      },
      "visual_mass_concentration": 0.1998257643884892,
      "mean_visual_weight": 0.09268742054700851,
      "face_count": 0,
      "has_directional_cues": 0
    },
    "framing_breathing": {
      "frame_in_frame_count": 0,
      "breathing_space": {
        "top": 0.0,
        "bottom": 0.322265625,
        "left": 0.0,
        "right": 0.30503597122302156,
        "min_margin": 0.0,
        "mean_margin": 0.15682539905575538
      },
      "corner_anchors": {
        "top_left": 0.6137821078300476,
        "top_right": 0.480508416891098,
        "bottom_left": 0.5997933149337769,
        "bottom_right": 0.6447321772575378,
        "max_corner_weight": 0.6447321772575378,
        "has_corner_subject": 1
      }
    }
  }
}