{
  "meta": {
    "_dataset": "tvm_data",
    "_label": "testImages_artphoto",
    "_relpath": "testImages_artphoto/sad_0643.jpg",
    "_filename": "sad_0643.jpg",
    "_width": 500,
    "_height": 400
  },
  "features": {
    "geometric_structural": {
      "leading_lines": {
        "diagonal": 4,
        "vertical": 0,
        "horizontal": 0,
        "curved": 141
      },
      "leading_lines_strength": 0.2265625,
      "symmetry_vertical": 0.41678506626238837,
      "symmetry_horizontal": 0.3585091112042436,
      "symmetry_radial": 0.31487120769640636,
      "rule_of_thirds": {
        "alignment_score": 1,
        "num_salient_objects": 3
      },
      "golden_ratio": {
        "golden_alignment_score": 1
      },
      "balance": {
        "static_balance": 0.8103108406066895,
        "dynamic_balance": 1.0,
        "dominant_quadrant": 0
      },
      "layering": {
        "foreground_ratio": 0.25693359375,
        "midground_ratio": 0.14578857421875,
        "background_ratio": 0.59727783203125,
        "depth_complexity": 0.045054562066039076
      }
    },
    "spatial_layout": {
      "negative_space_ratio": 0.8485687255859375,
      "subject_isolation": 0.0999237060546875,
      "depth_of_field": {
        "blur_gradient_strength": 56.121567411062735,
        "sharpness_variance": 14410.891892146923,
        "min_sharpness": 0.0,
        "max_sharpness": 864.9665513264129
      },
      "perspective": {
        "has_vanishing_point": 1,
        "perspective_strength": 0.8628571428571429
      }
    },
    "contrast_color": {
      "high_contrast_ratio": 0.3948577880859375,
      "low_contrast_ratio": 0.6051422119140625,
      "mean_contrast": 15.398724555969238,
      "highlight_ratio": 0.013644409365952015,
      "shadow_ratio": 0.759417712688446,
      "midtone_ratio": 0.2269378900527954,
      "warm_color_ratio": 0.013934326171875,
      "cool_color_ratio": 0.8804901123046875,
      "complementary_color_score": 2.111111111111111
    },
    "motion_dynamics": {
      "s_curve_count": 120,
      "motion_blur_score": 6.672070607841412,
      "dominant_direction_deg": 4.999999999999995,
      "direction_strength": 0.3868804931628818
    },
    "pattern_rhythm": {
      "repetition_score": 1.0,
      "rhythm_score": 1.0,
      "pattern_breaks": 1
    },
    "visual_mass_focus": {
      "point_of_interest": {
        "x": 0.40625,
        "y": 0.298828125,
        "strength": 1.0
      },
      "visual_mass_concentration": 0.19898681640625,
      "mean_visual_weight": 0.1704217940568924,
      "face_count": 0,
      "has_directional_cues": 0
    },
    "framing_breathing": {
      "frame_in_frame_count": 0,
      "breathing_space": {
        "top": 0.119140625,
        "bottom": 0.59375,
        "left": 0.3171875,
        "right": 0.5078125,
        "min_margin": 0.119140625,
        "mean_margin": 0.38447265625
      },
      "corner_anchors": {
        "top_left": 0.06746270507574081,
        "top_right": 0.06673705577850342,
        "bottom_left": 0.24593275785446167,
        "bottom_right": 0.26063331961631775,
        "max_corner_weight": 0.26063331961631775,
        "has_corner_subject": 0
      }
    }
  }
}