{
  "meta": {
    "_dataset": "tvm_data",
    "_label": "testImages_artphoto",
    "_relpath": "testImages_artphoto/sad_0627.jpg",
    "_filename": "sad_0627.jpg",
    "_width": 562,
    "_height": 356
  },
  "features": {
    "geometric_structural": {
      "leading_lines": {
        "diagonal": 39,
        "vertical": 10,
        "horizontal": 24,
        "curved": 332
      },
      "leading_lines_strength": 0.5012376237623762,
      "symmetry_vertical": 0.2429146041943381,
      "symmetry_horizontal": 0.24342758596772562,
      "symmetry_radial": 0.15792423061298233,
      "rule_of_thirds": {
        "alignment_score": 2,
        "num_salient_objects": 60
      },
      "golden_ratio": {
        "golden_alignment_score": 2
      },
      "balance": {
        "static_balance": 0.9079177975654602,
        "dynamic_balance": 1.0,
        "dominant_quadrant": 1
      },
      "layering": {
        "foreground_ratio": 0.29208404238861385,
        "midground_ratio": 0.29543191135519803,
        "background_ratio": 0.4124840462561881,
        "depth_complexity": 0.2105031918028841
      }
    },
    "spatial_layout": {
      "negative_space_ratio": 0.5072662051361386,
      "subject_isolation": 0.10000096689356436,
      "depth_of_field": {
        "blur_gradient_strength": 147.79355286486572,
        "sharpness_variance": 48406.893078716406,
        "min_sharpness": 1.736976329306402,
        "max_sharpness": 1193.1066024498016
      },
      "perspective": {
        "has_vanishing_point": 1,
        "perspective_strength": 0.9976914539400666
      }
    },
    "contrast_color": {
      "high_contrast_ratio": 0.4328323213180693,
      "low_contrast_ratio": 0.5671676786819306,
      "mean_contrast": 34.71710205078125,
      "highlight_ratio": 0.1904417723417282,
      "shadow_ratio": 0.2581944167613983,
      "midtone_ratio": 0.5513638257980347,
      "warm_color_ratio": 0.05607740949876237,
      "cool_color_ratio": 0.015637086169554455,
      "complementary_color_score": 2.1666666666666665
    },
    "motion_dynamics": {
      "s_curve_count": 335,
      "motion_blur_score": 8.643382828670115,
      "dominant_direction_deg": 4.999999999999995,
      "direction_strength": 0.06818291692434013
    },
    "pattern_rhythm": {
      "repetition_score": 1.0,
      "rhythm_score": 1.0,
      "pattern_breaks": 14
    },
    "visual_mass_focus": {
      "point_of_interest": {
        "x": 0.3502475247524752,
        "y": 0.3515625,
        "strength": 1.0
      },
      "visual_mass_concentration": 0.19774423731435645,
      "mean_visual_weight": 0.03505847230553627,
      "face_count": 1,
      "has_directional_cues": 1
    },
    "framing_breathing": {
      "frame_in_frame_count": 0,
      "breathing_space": {
        "top": 0.095703125,
        "bottom": 0.314453125,
        "left": 0.0,
        "right": 0.7945544554455446,
        "min_margin": 0.0,
        "mean_margin": 0.30117767636138615
      },
      "corner_anchors": {
        "top_left": 0.2397301197052002,
        "top_right": 0.3353539705276489,
        "bottom_left": 0.36213308572769165,
        "bottom_right": 0.30098849534988403,
        "max_corner_weight": 0.36213308572769165,
        "has_corner_subject": 1
      }
    }
  }
}