{
  "meta": {
    "_dataset": "tvm_data",
    "_label": "testImages_artphoto",
    "_relpath": "testImages_artphoto/sad_0623.jpg",
    "_filename": "sad_0623.jpg",
    "_width": 447,
    "_height": 447
  },
  "features": {
    "geometric_structural": {
      "leading_lines": {
        "diagonal": 0,
        "vertical": 0,
        "horizontal": 1,
        "curved": 9
      },
      "leading_lines_strength": 0.01953125,
      "symmetry_vertical": 0.7236130520857743,
      "symmetry_horizontal": 0.3394480562673587,
      "symmetry_radial": 0.4285142708705247,
      "rule_of_thirds": {
        "alignment_score": 0,
        "num_salient_objects": 3
      },
      "golden_ratio": {
        "golden_alignment_score": 1
      },
      "balance": {
        "static_balance": 0.9413156509399414,
        "dynamic_balance": 1.0,
        "dominant_quadrant": 1
      },
      "layering": {
        "foreground_ratio": 0.24802780151367188,
        "midground_ratio": 0.2854499816894531,
        "background_ratio": 0.466522216796875,
        "depth_complexity": 0.04604260062094545
      }
    },
    "spatial_layout": {
      "negative_space_ratio": 0.5941619873046875,
      "subject_isolation": 0.10000228881835938,
      "depth_of_field": {
        "blur_gradient_strength": 507.04124499865645,
        "sharpness_variance": 2370483.104800516,
        "min_sharpness": 1.392156862745098,
        "max_sharpness": 13944.580161476355
      },
      "perspective": {
        "has_vanishing_point": 1,
        "perspective_strength": 0.6666666666666666
      }
    },
    "contrast_color": {
      "high_contrast_ratio": 0.23015213012695312,
      "low_contrast_ratio": 0.7698478698730469,
      "mean_contrast": 15.103716850280762,
      "highlight_ratio": 0.0445556640625,
      "shadow_ratio": 0.4474945068359375,
      "midtone_ratio": 0.5079498291015625,
      "warm_color_ratio": 0.155242919921875,
      "cool_color_ratio": 0.32736968994140625,
      "complementary_color_score": 2.3333333333333335
    },
    "motion_dynamics": {
      "s_curve_count": 20,
      "motion_blur_score": 16.448743781167774,
      "dominant_direction_deg": 95.0,
      "direction_strength": 0.14910507202091558
    },
    "pattern_rhythm": {
      "repetition_score": 1.0,
      "rhythm_score": 1.0,
      "pattern_breaks": 1
    },
    "visual_mass_focus": {
      "point_of_interest": {
        "x": 0.681640625,
        "y": 0.44140625,
        "strength": 1.0
      },
      "visual_mass_concentration": 0.1999053955078125,
      "mean_visual_weight": 0.16676585376262665,
      "face_count": 0,
      "has_directional_cues": 0
    },
    "framing_breathing": {
      "frame_in_frame_count": 0,
      "breathing_space": {
        "top": 0.263671875,
        "bottom": 0.42578125,
        "left": 0.234375,
        "right": 0.0,
        "min_margin": 0.0,
        "mean_margin": 0.23095703125
      },
      "corner_anchors": {
        "top_left": 0.27530160546302795,
        "top_right": 0.22060924768447876,
        "bottom_left": 0.4574037492275238,
        "bottom_right": 0.4563753008842468,
        "max_corner_weight": 0.4574037492275238,
        "has_corner_subject": 1
      }
    }
  }
}