{
  "meta": {
    "_dataset": "tvm_data",
    "_label": "testImages_artphoto",
    "_relpath": "testImages_artphoto/sad_0384.jpg",
    "_filename": "sad_0384.jpg",
    "_width": 431,
    "_height": 464
  },
  "features": {
    "geometric_structural": {
      "leading_lines": {
        "diagonal": 10,
        "vertical": 15,
        "horizontal": 0,
        "curved": 79
      },
      "leading_lines_strength": 0.18874773139745918,
      "symmetry_vertical": 0.7488594852357466,
      "symmetry_horizontal": 0.7338403842219544,
      "symmetry_radial": 0.6838438700525659,
      "rule_of_thirds": {
        "alignment_score": 0,
        "num_salient_objects": 17
      },
      "golden_ratio": {
        "golden_alignment_score": 2
      },
      "balance": {
        "static_balance": 0.9172086119651794,
        "dynamic_balance": 1.0,
        "dominant_quadrant": 3
      },
      "layering": {
        "foreground_ratio": 0.24219104469147004,
        "midground_ratio": 0.21307140426497279,
        "background_ratio": 0.5447375510435571,
        "depth_complexity": 0.10880537155095679
      }
    },
    "spatial_layout": {
      "negative_space_ratio": 0.14003658121597096,
      "subject_isolation": 0.10000283575317605,
      "depth_of_field": {
        "blur_gradient_strength": 93.37105311139847,
        "sharpness_variance": 44156.71931069819,
        "min_sharpness": 0.43790834891675795,
        "max_sharpness": 834.4388865903614
      },
      "perspective": {
        "has_vanishing_point": 1,
        "perspective_strength": 0.9976166155941437
      }
    },
    "contrast_color": {
      "high_contrast_ratio": 0.3116634528130672,
      "low_contrast_ratio": 0.6883365471869328,
      "mean_contrast": 8.261378288269043,
      "highlight_ratio": 0.5487962365150452,
      "shadow_ratio": 0.0,
      "midtone_ratio": 0.45120376348495483,
      "warm_color_ratio": 0.0,
      "cool_color_ratio": 0.0,
      "complementary_color_score": 0.0
    },
    "motion_dynamics": {
      "s_curve_count": 85,
      "motion_blur_score": 24.93154381667843,
      "dominant_direction_deg": 4.999999999999995,
      "direction_strength": 0.2938371994091218
    },
    "pattern_rhythm": {
      "repetition_score": 1.0,
      "rhythm_score": 1.0,
      "pattern_breaks": 3
    },
    "visual_mass_focus": {
      "point_of_interest": {
        "x": 0.544921875,
        "y": 0.6823956442831216,
        "strength": 1.0
      },
      "visual_mass_concentration": 0.0,
      "mean_visual_weight": 0.0,
      "face_count": 0,
      "has_directional_cues": 0
    },
    "framing_breathing": {
      "frame_in_frame_count": 0,
      "breathing_space": {
        "top": 0.3393829401088929,
        "bottom": 0.2250453720508167,
        "left": 0.37890625,
        "right": 0.435546875,
        "min_margin": 0.2250453720508167,
        "mean_margin": 0.3447203592899274
      },
      "corner_anchors": {
        "top_left": 0.02391584776341915,
        "top_right": 0.06990720331668854,
        "bottom_left": 0.1038932204246521,
        "bottom_right": 0.14524196088314056,
        "max_corner_weight": 0.14524196088314056,
        "has_corner_subject": 0
      }
    }
  }
}