{
  "meta": {
    "_dataset": "tvm_data",
    "_label": "testImages_artphoto",
    "_relpath": "testImages_artphoto/sad_0333.jpg",
    "_filename": "sad_0333.jpg",
    "_width": 530,
    "_height": 377
  },
  "features": {
    "geometric_structural": {
      "leading_lines": {
        "diagonal": 4,
        "vertical": 0,
        "horizontal": 0,
        "curved": 196
      },
      "leading_lines_strength": 0.2777777777777778,
      "symmetry_vertical": 0.2604330735089382,
      "symmetry_horizontal": 0.21807656433049413,
      "symmetry_radial": 0.16835895016145652,
      "rule_of_thirds": {
        "alignment_score": 0,
        "num_salient_objects": 55
      },
      "golden_ratio": {
        "golden_alignment_score": 1
      },
      "balance": {
        "static_balance": 0.8912830352783203,
        "dynamic_balance": 1.0,
        "dominant_quadrant": 3
      },
      "layering": {
        "foreground_ratio": 0.324462890625,
        "midground_ratio": 0.2729437934027778,
        "background_ratio": 0.4025933159722222,
        "depth_complexity": 0.09052961151308482
      }
    },
    "spatial_layout": {
      "negative_space_ratio": 0.4603325737847222,
      "subject_isolation": 0.1,
      "depth_of_field": {
        "blur_gradient_strength": 102.44700319407734,
        "sharpness_variance": 14148.558306771964,
        "min_sharpness": 3.7294460282850426,
        "max_sharpness": 680.8541666666666
      },
      "perspective": {
        "has_vanishing_point": 1,
        "perspective_strength": 0.7011494252873564
      }
    },
    "contrast_color": {
      "high_contrast_ratio": 0.3888916015625,
      "low_contrast_ratio": 0.6111083984375,
      "mean_contrast": 27.330474853515625,
      "highlight_ratio": 0.19629991054534912,
      "shadow_ratio": 0.20414496958255768,
      "midtone_ratio": 0.5995551347732544,
      "warm_color_ratio": 0.18513726128472222,
      "cool_color_ratio": 0.12105034722222222,
      "complementary_color_score": 2.5
    },
    "motion_dynamics": {
      "s_curve_count": 243,
      "motion_blur_score": 11.100835312140815,
      "dominant_direction_deg": 4.999999999999995,
      "direction_strength": 0.05700954861095646
    },
    "pattern_rhythm": {
      "repetition_score": 1.0,
      "rhythm_score": 1.0,
      "pattern_breaks": 19
    },
    "visual_mass_focus": {
      "point_of_interest": {
        "x": 0.6638888888888889,
        "y": 0.47265625,
        "strength": 1.0
      },
      "visual_mass_concentration": 0.19955240885416667,
      "mean_visual_weight": 0.0728747546672821,
      "face_count": 0,
      "has_directional_cues": 0
    },
    "framing_breathing": {
      "frame_in_frame_count": 0,
      "breathing_space": {
        "top": 0.0,
        "bottom": 0.078125,
        "left": 0.21805555555555556,
        "right": 0.0,
        "min_margin": 0.0,
        "mean_margin": 0.07404513888888889
      },
      "corner_anchors": {
        "top_left": 0.187223419547081,
        "top_right": 0.707893967628479,
        "bottom_left": 0.44605937600135803,
        "bottom_right": 0.7045332193374634,
        "max_corner_weight": 0.707893967628479,
        "has_corner_subject": 1
      }
    }
  }
}