{
  "meta": {
    "_dataset": "tvm_data",
    "_label": "testImages_artphoto",
    "_relpath": "testImages_artphoto/sad_0633.jpg",
    "_filename": "sad_0633.jpg",
    "_width": 517,
    "_height": 387
  },
  "features": {
    "geometric_structural": {
      "leading_lines": {
        "diagonal": 0,
        "vertical": 0,
        "horizontal": 0,
        "curved": 23
      },
      "leading_lines_strength": 0.033625730994152045,
      "symmetry_vertical": 0.4588788694198498,
      "symmetry_horizontal": 0.6338269617852976,
      "symmetry_radial": 0.3816393541463953,
      "rule_of_thirds": {
        "alignment_score": 0,
        "num_salient_objects": 3
      },
      "golden_ratio": {
        "golden_alignment_score": 0
      },
      "balance": {
        "static_balance": 0.8475978970527649,
        "dynamic_balance": 1.0,
        "dominant_quadrant": 2
      },
      "layering": {
        "foreground_ratio": 0.31857353344298245,
        "midground_ratio": 0.0,
        "background_ratio": 0.6814264665570176,
        "depth_complexity": 0.022298347342418326
      }
    },
    "spatial_layout": {
      "negative_space_ratio": 0.6921800758406432,
      "subject_isolation": 0.10000057108918128,
      "depth_of_field": {
        "blur_gradient_strength": 30.42472234721155,
        "sharpness_variance": 4782.667465464853,
        "min_sharpness": 1.6489691880551662,
        "max_sharpness": 726.3984333946619
      },
      "perspective": {
        "has_vanishing_point": 0,
        "perspective_strength": 0.0
      }
    },
    "contrast_color": {
      "high_contrast_ratio": 0.45421292489035087,
      "low_contrast_ratio": 0.5457870751096492,
      "mean_contrast": 14.653202056884766,
      "highlight_ratio": 0.0,
      "shadow_ratio": 0.6608615517616272,
      "midtone_ratio": 0.3391384482383728,
      "warm_color_ratio": 0.7111459475511696,
      "cool_color_ratio": 0.02184701663011696,
      "complementary_color_score": 2.5
    },
    "motion_dynamics": {
      "s_curve_count": 29,
      "motion_blur_score": 10.872213509848729,
      "dominant_direction_deg": 4.999999999999995,
      "direction_strength": 0.08614023665911076
    },
    "pattern_rhythm": {
      "repetition_score": 1.0,
      "rhythm_score": 1.0,
      "pattern_breaks": 1
    },
    "visual_mass_focus": {
      "point_of_interest": {
        "x": 0.029239766081871343,
        "y": 0.798828125,
        "strength": 1.0
      },
      "visual_mass_concentration": 0.19985836988304093,
      "mean_visual_weight": 0.18344467878341675,
      "face_count": 0,
      "has_directional_cues": 0
    },
    "framing_breathing": {
      "frame_in_frame_count": 0,
      "breathing_space": {
        "top": 0.4453125,
        "bottom": 0.0390625,
        "left": 0.0,
        "right": 0.9166666666666666,
        "min_margin": 0.0,
        "mean_margin": 0.35026041666666663
      },
      "corner_anchors": {
        "top_left": 0.21022763848304749,
        "top_right": 0.25009405612945557,
        "bottom_left": 0.38529419898986816,
        "bottom_right": 0.2282809168100357,
        "max_corner_weight": 0.38529419898986816,
        "has_corner_subject": 1
      }
    }
  }
}