{
  "meta": {
    "_dataset": "tvm_data",
    "_label": "testImages_artphoto",
    "_relpath": "testImages_artphoto/sad_0420.jpg",
    "_filename": "sad_0420.jpg",
    "_width": 589,
    "_height": 340
  },
  "features": {
    "geometric_structural": {
      "leading_lines": {
        "diagonal": 5,
        "vertical": 0,
        "horizontal": 94,
        "curved": 326
      },
      "leading_lines_strength": 0.4791431792559188,
      "symmetry_vertical": 0.37076272615558586,
      "symmetry_horizontal": 0.24742850109951858,
      "symmetry_radial": 0.15164762596893067,
      "rule_of_thirds": {
        "alignment_score": 0,
        "num_salient_objects": 36
      },
      "golden_ratio": {
        "golden_alignment_score": 0
      },
      "balance": {
        "static_balance": 0.8752021789550781,
        "dynamic_balance": 1.0,
        "dominant_quadrant": 0
      },
      "layering": {
        "foreground_ratio": 0.32476042841037206,
        "midground_ratio": 0.23646684751972943,
        "background_ratio": 0.43877272406989853,
        "depth_complexity": 0.8441557806329272
      }
    },
    "spatial_layout": {
      "negative_space_ratio": 0.42055383314543404,
      "subject_isolation": 0.10000132116685456,
      "depth_of_field": {
        "blur_gradient_strength": 396.2216401591717,
        "sharpness_variance": 1373870.4532182945,
        "min_sharpness": 0.38225682429834673,
        "max_sharpness": 4109.923191934726
      },
      "perspective": {
        "has_vanishing_point": 1,
        "perspective_strength": 0.9980196385840416
      }
    },
    "contrast_color": {
      "high_contrast_ratio": 0.4526780052142052,
      "low_contrast_ratio": 0.5473219947857948,
      "mean_contrast": 31.176197052001953,
      "highlight_ratio": 0.3854482173919678,
      "shadow_ratio": 0.07070665061473846,
      "midtone_ratio": 0.5438451170921326,
      "warm_color_ratio": 0.0,
      "cool_color_ratio": 0.0,
      "complementary_color_score": 0.0
    },
    "motion_dynamics": {
      "s_curve_count": 298,
      "motion_blur_score": 7.947727451007798,
      "dominant_direction_deg": -85.0,
      "direction_strength": 0.07534834766048798
    },
    "pattern_rhythm": {
      "repetition_score": 1.0,
      "rhythm_score": 1.0,
      "pattern_breaks": 7
    },
    "visual_mass_focus": {
      "point_of_interest": {
        "x": 0.11724915445321307,
        "y": 0.373046875,
        "strength": 1.0
      },
      "visual_mass_concentration": 0.0,
      "mean_visual_weight": 0.0,
      "face_count": 0,
      "has_directional_cues": 0
    },
    "framing_breathing": {
      "frame_in_frame_count": 0,
      "breathing_space": {
        "top": 0.0,
        "bottom": 0.201171875,
        "left": 0.0,
        "right": 0.3258173618940248,
        "min_margin": 0.0,
        "mean_margin": 0.1317473092235062
      },
      "corner_anchors": {
        "top_left": 0.44906890392303467,
        "top_right": 0.23334690928459167,
        "bottom_left": 0.24791279435157776,
        "bottom_right": 0.10589565336704254,
        "max_corner_weight": 0.44906890392303467,
        "has_corner_subject": 1
      }
    }
  }
}