{
  "meta": {
    "_dataset": "tvm_data",
    "_label": "testImages_artphoto",
    "_relpath": "testImages_artphoto/sad_0649.jpg",
    "_filename": "sad_0649.jpg",
    "_width": 516,
    "_height": 387
  },
  "features": {
    "geometric_structural": {
      "leading_lines": {
        "diagonal": 26,
        "vertical": 1,
        "horizontal": 28,
        "curved": 472
      },
      "leading_lines_strength": 0.7715959004392386,
      "symmetry_vertical": 0.24560259884230756,
      "symmetry_horizontal": 0.2032118967026421,
      "symmetry_radial": 0.16302658753224317,
      "rule_of_thirds": {
        "alignment_score": 0,
        "num_salient_objects": 13
      },
      "golden_ratio": {
        "golden_alignment_score": 0
      },
      "balance": {
        "static_balance": 0.9490178823471069,
        "dynamic_balance": 1.0,
        "dominant_quadrant": 2
      },
      "layering": {
        "foreground_ratio": 0.3248078330893119,
        "midground_ratio": 0.2678068951317716,
        "background_ratio": 0.40738527177891654,
        "depth_complexity": 0.15367921550132496
      }
    },
    "spatial_layout": {
      "negative_space_ratio": 0.5268604730966325,
      "subject_isolation": 0.10000114385065886,
      "depth_of_field": {
        "blur_gradient_strength": 88.5552125562403,
        "sharpness_variance": 14754.014324686521,
        "min_sharpness": 9.622961091621669,
        "max_sharpness": 565.166858900423
      },
      "perspective": {
        "has_vanishing_point": 1,
        "perspective_strength": 0.9981941309255079
      }
    },
    "contrast_color": {
      "high_contrast_ratio": 0.48244189238653,
      "low_contrast_ratio": 0.51755810761347,
      "mean_contrast": 25.343687057495117,
      "highlight_ratio": 0.034750182181596756,
      "shadow_ratio": 0.17709095776081085,
      "midtone_ratio": 0.7881588935852051,
      "warm_color_ratio": 0.0010780792459736458,
      "cool_color_ratio": 0.672724309114202,
      "complementary_color_score": 2.0
    },
    "motion_dynamics": {
      "s_curve_count": 433,
      "motion_blur_score": 9.165961579570352,
      "dominant_direction_deg": 95.0,
      "direction_strength": 0.043637902635307126
    },
    "pattern_rhythm": {
      "repetition_score": 1.0,
      "rhythm_score": 1.0,
      "pattern_breaks": 0
    },
    "visual_mass_focus": {
      "point_of_interest": {
        "x": 0.5212298682284041,
        "y": 0.875,
        "strength": 1.0
      },
      "visual_mass_concentration": 0.1998936218887262,
      "mean_visual_weight": 0.14350822567939758,
      "face_count": 0,
      "has_directional_cues": 0
    },
    "framing_breathing": {
      "frame_in_frame_count": 0,
      "breathing_space": {
        "top": 0.490234375,
        "bottom": 0.11328125,
        "left": 0.19326500732064422,
        "right": 0.6134699853587116,
        "min_margin": 0.11328125,
        "mean_margin": 0.3525626544198389
      },
      "corner_anchors": {
        "top_left": 0.38714534044265747,
        "top_right": 0.4590880870819092,
        "bottom_left": 0.3529268205165863,
        "bottom_right": 0.303771048784256,
        "max_corner_weight": 0.4590880870819092,
        "has_corner_subject": 1
      }
    }
  }
}