{
  "meta": {
    "_dataset": "tvm_data",
    "_label": "testImages_artphoto",
    "_relpath": "testImages_artphoto/sad_0396.jpg",
    "_filename": "sad_0396.jpg",
    "_width": 508,
    "_height": 394
  },
  "features": {
    "geometric_structural": {
      "leading_lines": {
        "diagonal": 21,
        "vertical": 0,
        "horizontal": 2,
        "curved": 181
      },
      "leading_lines_strength": 0.3090909090909091,
      "symmetry_vertical": 0.5288614535703512,
      "symmetry_horizontal": 0.49984310764094,
      "symmetry_radial": 0.39364427886955394,
      "rule_of_thirds": {
        "alignment_score": 0,
        "num_salient_objects": 18
      },
      "golden_ratio": {
        "golden_alignment_score": 5
      },
      "balance": {
        "static_balance": 0.9549891352653503,
        "dynamic_balance": 1.0,
        "dominant_quadrant": 2
      },
      "layering": {
        "foreground_ratio": 0.26411576704545453,
        "midground_ratio": 0.36399739583333335,
        "background_ratio": 0.3718868371212121,
        "depth_complexity": 0.09557093947383433
      }
    },
    "spatial_layout": {
      "negative_space_ratio": 0.30659623579545453,
      "subject_isolation": 0.1,
      "depth_of_field": {
        "blur_gradient_strength": 86.27929729137436,
        "sharpness_variance": 22960.120635122446,
        "min_sharpness": 1.0196078431372548,
        "max_sharpness": 738.6504977457433
      },
      "perspective": {
        "has_vanishing_point": 1,
        "perspective_strength": 0.9937641723356009
      }
    },
    "contrast_color": {
      "high_contrast_ratio": 0.4162464488636364,
      "low_contrast_ratio": 0.5837535511363636,
      "mean_contrast": 27.550893783569336,
      "highlight_ratio": 0.6315015554428101,
      "shadow_ratio": 0.14940518140792847,
      "midtone_ratio": 0.21909326314926147,
      "warm_color_ratio": 0.14581853693181818,
      "cool_color_ratio": 0.15774739583333333,
      "complementary_color_score": 2.5
    },
    "motion_dynamics": {
      "s_curve_count": 173,
      "motion_blur_score": 13.524676866226265,
      "dominant_direction_deg": 4.999999999999995,
      "direction_strength": 0.13301669034051544
    },
    "pattern_rhythm": {
      "repetition_score": 1.0,
      "rhythm_score": 1.0,
      "pattern_breaks": 6
    },
    "visual_mass_focus": {
      "point_of_interest": {
        "x": 0.48333333333333334,
        "y": 0.66015625,
        "strength": 1.0
      },
      "visual_mass_concentration": 0.19932824337121213,
      "mean_visual_weight": 0.09718047827482224,
      "face_count": 0,
      "has_directional_cues": 0
    },
    "framing_breathing": {
      "frame_in_frame_count": 0,
      "breathing_space": {
        "top": 0.26953125,
        "bottom": 0.1171875,
        "left": 0.21363636363636362,
        "right": 0.1803030303030303,
        "min_margin": 0.1171875,
        "mean_margin": 0.19516453598484848
      },
      "corner_anchors": {
        "top_left": 0.34090274572372437,
        "top_right": 0.35640886425971985,
        "bottom_left": 0.3082278370857239,
        "bottom_right": 0.20647676289081573,
        "max_corner_weight": 0.35640886425971985,
        "has_corner_subject": 1
      }
    }
  }
}