{
  "meta": {
    "_dataset": "tvm_data",
    "_label": "testImages_artphoto",
    "_relpath": "testImages_artphoto/sad_0357.jpg",
    "_filename": "sad_0357.jpg",
    "_width": 553,
    "_height": 362
  },
  "features": {
    "geometric_structural": {
      "leading_lines": {
        "diagonal": 272,
        "vertical": 7,
        "horizontal": 335,
        "curved": 984
      },
      "leading_lines_strength": 2.0434782608695654,
      "symmetry_vertical": 0.07060259322572565,
      "symmetry_horizontal": 0.07050617583310302,
      "symmetry_radial": 0.056698453646532455,
      "rule_of_thirds": {
        "alignment_score": 0,
        "num_salient_objects": 9
      },
      "golden_ratio": {
        "golden_alignment_score": 1
      },
      "balance": {
        "static_balance": 0.9549583792686462,
        "dynamic_balance": 1.0,
        "dominant_quadrant": 0
      },
      "layering": {
        "foreground_ratio": 0.31605408807544755,
        "midground_ratio": 0.3107716592071611,
        "background_ratio": 0.3731742527173913,
        "depth_complexity": 1.353347087313657
      }
    },
    "spatial_layout": {
      "negative_space_ratio": 0.3118281449808184,
      "subject_isolation": 0.10000149856138107,
      "depth_of_field": {
        "blur_gradient_strength": 350.1389608900881,
        "sharpness_variance": 210746.41970367488,
        "min_sharpness": 41.24526233588625,
        "max_sharpness": 3234.401864667436
      },
      "perspective": {
        "has_vanishing_point": 1,
        "perspective_strength": 0.999097278499841
      }
    },
    "contrast_color": {
      "high_contrast_ratio": 0.25004245923913043,
      "low_contrast_ratio": 0.7499575407608696,
      "mean_contrast": 28.732616424560547,
      "highlight_ratio": 0.10459708422422409,
      "shadow_ratio": 0.045428887009620667,
      "midtone_ratio": 0.8499740362167358,
      "warm_color_ratio": 0.3532833479859335,
      "cool_color_ratio": 0.168171055786445,
      "complementary_color_score": 2.1666666666666665
    },
    "motion_dynamics": {
      "s_curve_count": 654,
      "motion_blur_score": 7.592208885956128,
      "dominant_direction_deg": 4.999999999999995,
      "direction_strength": 0.03662234255105943
    },
    "pattern_rhythm": {
      "repetition_score": 1.0,
      "rhythm_score": 1.0,
      "pattern_breaks": 2
    },
    "visual_mass_focus": {
      "point_of_interest": {
        "x": 0.39641943734015345,
        "y": 0.43359375,
        "strength": 1.0
      },
      "visual_mass_concentration": 0.19982316975703324,
      "mean_visual_weight": 0.14170584082603455,
      "face_count": 0,
      "has_directional_cues": 0
    },
    "framing_breathing": {
      "frame_in_frame_count": 0,
      "breathing_space": {
        "top": 0.341796875,
        "bottom": 0.484375,
        "left": 0.5524296675191815,
        "right": 0.3350383631713555,
        "min_margin": 0.3350383631713555,
        "mean_margin": 0.42840997642263423
      },
      "corner_anchors": {
        "top_left": 0.29189735651016235,
        "top_right": 0.18956689536571503,
        "bottom_left": 0.16023194789886475,
        "bottom_right": 0.18369825184345245,
        "max_corner_weight": 0.29189735651016235,
        "has_corner_subject": 0
      }
    }
  }
}