{
  "meta": {
    "_dataset": "tvm_data",
    "_label": "testImages_artphoto",
    "_relpath": "testImages_artphoto/sad_0441.jpg",
    "_filename": "sad_0441.jpg",
    "_width": 467,
    "_height": 429
  },
  "features": {
    "geometric_structural": {
      "leading_lines": {
        "diagonal": 3,
        "vertical": 0,
        "horizontal": 0,
        "curved": 52
      },
      "leading_lines_strength": 0.09874326750448834,
      "symmetry_vertical": 0.5683114389787349,
      "symmetry_horizontal": 0.3250300208422825,
      "symmetry_radial": 0.34257579756921275,
      "rule_of_thirds": {
        "alignment_score": 0,
        "num_salient_objects": 12
      },
      "golden_ratio": {
        "golden_alignment_score": 5
      },
      "balance": {
        "static_balance": 0.9460387229919434,
        "dynamic_balance": 1.0,
        "dominant_quadrant": 2
      },
      "layering": {
        "foreground_ratio": 0.25528781418312385,
        "midground_ratio": 0.3432345433123878,
        "background_ratio": 0.4014776425044883,
        "depth_complexity": 0.06802538245285314
      }
    },
    "spatial_layout": {
      "negative_space_ratio": 0.39670177850089766,
      "subject_isolation": 0.1000021039048474,
      "depth_of_field": {
        "blur_gradient_strength": 93.94839150300997,
        "sharpness_variance": 23713.842867649604,
        "min_sharpness": 0.0,
        "max_sharpness": 788.4380046136104
      },
      "perspective": {
        "has_vanishing_point": 1,
        "perspective_strength": 0.9566160520607375
      }
    },
    "contrast_color": {
      "high_contrast_ratio": 0.3648171005385996,
      "low_contrast_ratio": 0.6351828994614004,
      "mean_contrast": 22.272602081298828,
      "highlight_ratio": 0.5402301549911499,
      "shadow_ratio": 0.20950333774089813,
      "midtone_ratio": 0.25026649236679077,
      "warm_color_ratio": 0.17253422351885098,
      "cool_color_ratio": 0.15959520870736085,
      "complementary_color_score": 2.4444444444444446
    },
    "motion_dynamics": {
      "s_curve_count": 100,
      "motion_blur_score": 14.697767593436538,
      "dominant_direction_deg": 4.999999999999995,
      "direction_strength": 0.2516480587962451
    },
    "pattern_rhythm": {
      "repetition_score": 1.0,
      "rhythm_score": 1.0,
      "pattern_breaks": 5
    },
    "visual_mass_focus": {
      "point_of_interest": {
        "x": 0.5170556552962298,
        "y": 0.787109375,
        "strength": 1.0
      },
      "visual_mass_concentration": 0.19957641382405744,
      "mean_visual_weight": 0.1197277083992958,
      "face_count": 0,
      "has_directional_cues": 0
    },
    "framing_breathing": {
      "frame_in_frame_count": 0,
      "breathing_space": {
        "top": 0.306640625,
        "bottom": 0.0,
        "left": 0.10951526032315978,
        "right": 0.0,
        "min_margin": 0.0,
        "mean_margin": 0.10403897133078994
      },
      "corner_anchors": {
        "top_left": 0.5577643513679504,
        "top_right": 0.48831066489219666,
        "bottom_left": 0.516330897808075,
        "bottom_right": 0.6724468469619751,
        "max_corner_weight": 0.6724468469619751,
        "has_corner_subject": 1
      }
    }
  }
}