{
  "meta": {
    "_dataset": "tvm_data",
    "_label": "testImages_artphoto",
    "_relpath": "testImages_artphoto/sad_0414.jpg",
    "_filename": "sad_0414.jpg",
    "_width": 515,
    "_height": 389
  },
  "features": {
    "geometric_structural": {
      "leading_lines": {
        "diagonal": 162,
        "vertical": 0,
        "horizontal": 68,
        "curved": 675
      },
      "leading_lines_strength": 1.3348082595870205,
      "symmetry_vertical": 0.03450942802918793,
      "symmetry_horizontal": 0.05843387007292391,
      "symmetry_radial": 0.05398274848676368,
      "rule_of_thirds": {
        "alignment_score": 0,
        "num_salient_objects": 44
      },
      "golden_ratio": {
        "golden_alignment_score": 0
      },
      "balance": {
        "static_balance": 0.9431056976318359,
        "dynamic_balance": 1.0,
        "dominant_quadrant": 1
      },
      "layering": {
        "foreground_ratio": 0.33826223727876104,
        "midground_ratio": 0.29831535766961653,
        "background_ratio": 0.36342240505162243,
        "depth_complexity": 1.626321357655518
      }
    },
    "spatial_layout": {
      "negative_space_ratio": 0.5727150165929203,
      "subject_isolation": 0.1000011522861357,
      "depth_of_field": {
        "blur_gradient_strength": 690.1944025492992,
        "sharpness_variance": 1015299.472107728,
        "min_sharpness": 0.0,
        "max_sharpness": 4431.0481545559405
      },
      "perspective": {
        "has_vanishing_point": 1,
        "perspective_strength": 0.9998157065572796
      }
    },
    "contrast_color": {
      "high_contrast_ratio": 0.508331028761062,
      "low_contrast_ratio": 0.49166897123893805,
      "mean_contrast": 41.03148651123047,
      "highlight_ratio": 0.010189089924097061,
      "shadow_ratio": 0.49443158507347107,
      "midtone_ratio": 0.4953792989253998,
      "warm_color_ratio": 0.006550746681415929,
      "cool_color_ratio": 0.07120840247050148,
      "complementary_color_score": 1.3333333333333333
    },
    "motion_dynamics": {
      "s_curve_count": 468,
      "motion_blur_score": 3.013192636059902,
      "dominant_direction_deg": 4.999999999999995,
      "direction_strength": 0.12791816463827457
    },
    "pattern_rhythm": {
      "repetition_score": 1.0,
      "rhythm_score": 1.0,
      "pattern_breaks": 2
    },
    "visual_mass_focus": {
      "point_of_interest": {
        "x": 0.8392330383480826,
        "y": 0.166015625,
        "strength": 1.0
      },
      "visual_mass_concentration": 0.1920601723820059,
      "mean_visual_weight": 0.011634569615125656,
      "face_count": 1,
      "has_directional_cues": 1
    },
    "framing_breathing": {
      "frame_in_frame_count": 0,
      "breathing_space": {
        "top": 0.0,
        "bottom": 0.755859375,
        "left": 0.8938053097345132,
        "right": 0.0,
        "min_margin": 0.0,
        "mean_margin": 0.4124161711836283
      },
      "corner_anchors": {
        "top_left": 0.22133710980415344,
        "top_right": 0.44929948449134827,
        "bottom_left": 0.40057358145713806,
        "bottom_right": 0.2918924391269684,
        "max_corner_weight": 0.44929948449134827,
        "has_corner_subject": 1
      }
    }
  }
}