{
  "meta": {
    "_dataset": "tvm_data",
    "_label": "testImages_artphoto",
    "_relpath": "testImages_artphoto/sad_0401.jpg",
    "_filename": "sad_0401.jpg",
    "_width": 532,
    "_height": 376
  },
  "features": {
    "geometric_structural": {
      "leading_lines": {
        "diagonal": 4,
        "vertical": 5,
        "horizontal": 0,
        "curved": 301
      },
      "leading_lines_strength": 0.4281767955801105,
      "symmetry_vertical": 0.20231000010381694,
      "symmetry_horizontal": 0.23995626089144154,
      "symmetry_radial": 0.1694048671902115,
      "rule_of_thirds": {
        "alignment_score": 0,
        "num_salient_objects": 30
      },
      "golden_ratio": {
        "golden_alignment_score": 0
      },
      "balance": {
        "static_balance": 0.9387359023094177,
        "dynamic_balance": 1.0,
        "dominant_quadrant": 2
      },
      "layering": {
        "foreground_ratio": 0.33169943456491713,
        "midground_ratio": 0.24938492748618785,
        "background_ratio": 0.418915637948895,
        "depth_complexity": 0.12735132204773464
      }
    },
    "spatial_layout": {
      "negative_space_ratio": 0.5403331103245856,
      "subject_isolation": 0.10000053953729282,
      "depth_of_field": {
        "blur_gradient_strength": 103.16686797641599,
        "sharpness_variance": 23169.649501644013,
        "min_sharpness": 4.47798923490965,
        "max_sharpness": 918.8439264406186
      },
      "perspective": {
        "has_vanishing_point": 1,
        "perspective_strength": 0.9865853658536585
      }
    },
    "contrast_color": {
      "high_contrast_ratio": 0.47768473756906077,
      "low_contrast_ratio": 0.5223152624309393,
      "mean_contrast": 33.83147430419922,
      "highlight_ratio": 0.027573052793741226,
      "shadow_ratio": 0.2990277409553528,
      "midtone_ratio": 0.6733992099761963,
      "warm_color_ratio": 0.002565499827348066,
      "cool_color_ratio": 0.006002352382596685,
      "complementary_color_score": 2.1666666666666665
    },
    "motion_dynamics": {
      "s_curve_count": 319,
      "motion_blur_score": 6.680815755488081,
      "dominant_direction_deg": 4.999999999999995,
      "direction_strength": 0.06645750604263839
    },
    "pattern_rhythm": {
      "repetition_score": 1.0,
      "rhythm_score": 1.0,
      "pattern_breaks": 5
    },
    "visual_mass_focus": {
      "point_of_interest": {
        "x": 0.4958563535911602,
        "y": 0.244140625,
        "strength": 1.0
      },
      "visual_mass_concentration": 0.19970972893646408,
      "mean_visual_weight": 0.1374368816614151,
      "face_count": 0,
      "has_directional_cues": 0
    },
    "framing_breathing": {
      "frame_in_frame_count": 0,
      "breathing_space": {
        "top": 0.0,
        "bottom": 0.876953125,
        "left": 0.46685082872928174,
        "right": 0.4281767955801105,
        "min_margin": 0.0,
        "mean_margin": 0.44299518732734805
      },
      "corner_anchors": {
        "top_left": 0.18962979316711426,
        "top_right": 0.18031427264213562,
        "bottom_left": 0.245491623878479,
        "bottom_right": 0.15481127798557281,
        "max_corner_weight": 0.245491623878479,
        "has_corner_subject": 0
      }
    }
  }
}