{
  "meta": {
    "_dataset": "tvm_data",
    "_label": "testImages_artphoto",
    "_relpath": "testImages_artphoto/sad_0456.jpg",
    "_filename": "sad_0456.jpg",
    "_width": 548,
    "_height": 365
  },
  "features": {
    "geometric_structural": {
      "leading_lines": {
        "diagonal": 0,
        "vertical": 1,
        "horizontal": 0,
        "curved": 113
      },
      "leading_lines_strength": 0.1482444733420026,
      "symmetry_vertical": 0.4376603570546388,
      "symmetry_horizontal": 0.43912938655423606,
      "symmetry_radial": 0.28547359458703836,
      "rule_of_thirds": {
        "alignment_score": 1,
        "num_salient_objects": 3
      },
      "golden_ratio": {
        "golden_alignment_score": 1
      },
      "balance": {
        "static_balance": 0.9285820126533508,
        "dynamic_balance": 1.0,
        "dominant_quadrant": 1
      },
      "layering": {
        "foreground_ratio": 0.29506664499349805,
        "midground_ratio": 0.14533637434980495,
        "background_ratio": 0.559596980656697,
        "depth_complexity": 0.10844496163276222
      }
    },
    "spatial_layout": {
      "negative_space_ratio": 0.757713446846554,
      "subject_isolation": 0.10000050796488946,
      "depth_of_field": {
        "blur_gradient_strength": 143.33537299635535,
        "sharpness_variance": 88906.07043463309,
        "min_sharpness": 0.0,
        "max_sharpness": 2324.972410132382
      },
      "perspective": {
        "has_vanishing_point": 1,
        "perspective_strength": 0.8333333333333334
      }
    },
    "contrast_color": {
      "high_contrast_ratio": 0.4227893368010403,
      "low_contrast_ratio": 0.5772106631989598,
      "mean_contrast": 18.05657196044922,
      "highlight_ratio": 0.001475638011470437,
      "shadow_ratio": 0.6791947484016418,
      "midtone_ratio": 0.3193296194076538,
      "warm_color_ratio": 0.6148381623862159,
      "cool_color_ratio": 0.35580654665149547,
      "complementary_color_score": 1.2222222222222223
    },
    "motion_dynamics": {
      "s_curve_count": 155,
      "motion_blur_score": 6.908228807561969,
      "dominant_direction_deg": 4.999999999999995,
      "direction_strength": 0.1174287833221985
    },
    "pattern_rhythm": {
      "repetition_score": 1.0,
      "rhythm_score": 1.0,
      "pattern_breaks": 1
    },
    "visual_mass_focus": {
      "point_of_interest": {
        "x": 0.3823146944083225,
        "y": 0.619140625,
        "strength": 1.0
      },
      "visual_mass_concentration": 0.1999679982119636,
      "mean_visual_weight": 0.08729644864797592,
      "face_count": 0,
      "has_directional_cues": 0
    },
    "framing_breathing": {
      "frame_in_frame_count": 0,
      "breathing_space": {
        "top": 0.302734375,
        "bottom": 0.443359375,
        "left": 0.4135240572171652,
        "right": 0.4317295188556567,
        "min_margin": 0.302734375,
        "mean_margin": 0.3978368315182055
      },
      "corner_anchors": {
        "top_left": 0.17297667264938354,
        "top_right": 0.16141416132450104,
        "bottom_left": 0.15250101685523987,
        "bottom_right": 0.14596928656101227,
        "max_corner_weight": 0.17297667264938354,
        "has_corner_subject": 0
      }
    }
  }
}