{
  "meta": {
    "_dataset": "tvm_data",
    "_label": "testImages_artphoto",
    "_relpath": "testImages_artphoto/sad_0380.jpg",
    "_filename": "sad_0380.jpg",
    "_width": 474,
    "_height": 422
  },
  "features": {
    "geometric_structural": {
      "leading_lines": {
        "diagonal": 0,
        "vertical": 0,
        "horizontal": 0,
        "curved": 0
      },
      "leading_lines_strength": 0.0,
      "symmetry_vertical": 0.6448681023416655,
      "symmetry_horizontal": 0.6447349796305641,
      "symmetry_radial": 0.5574706391413274,
      "rule_of_thirds": {
        "alignment_score": 1,
        "num_salient_objects": 9
      },
      "golden_ratio": {
        "golden_alignment_score": 3
      },
      "balance": {
        "static_balance": 0.9796981811523438,
        "dynamic_balance": 1.0,
        "dominant_quadrant": 0
      },
      "layering": {
        "foreground_ratio": 0.06152173913043478,
        "midground_ratio": 0.31260190217391304,
        "background_ratio": 0.6258763586956522,
        "depth_complexity": 0.002584730347268117
      }
    },
    "spatial_layout": {
      "negative_space_ratio": 0.32150475543478263,
      "subject_isolation": 0.1,
      "depth_of_field": {
        "blur_gradient_strength": 1.190743392589507,
        "sharpness_variance": 3.5704166685684524,
        "min_sharpness": 0.13687043444828909,
        "max_sharpness": 12.182814376099097
      },
      "perspective": {
        "has_vanishing_point": 0,
        "perspective_strength": 0.0
      }
    },
    "contrast_color": {
      "high_contrast_ratio": 0.40952445652173913,
      "low_contrast_ratio": 0.5904755434782609,
      "mean_contrast": 12.3521728515625,
      "highlight_ratio": 0.0,
      "shadow_ratio": 0.23263247311115265,
      "midtone_ratio": 0.7673675417900085,
      "warm_color_ratio": 0.0,
      "cool_color_ratio": 0.0,
      "complementary_color_score": 0.0
    },
    "motion_dynamics": {
      "s_curve_count": 1,
      "motion_blur_score": 23.013579522545466,
      "dominant_direction_deg": 4.999999999999995,
      "direction_strength": 0.18344429347763774
    },
    "pattern_rhythm": {
      "repetition_score": 1.0,
      "rhythm_score": 1.0,
      "pattern_breaks": 5
    },
    "visual_mass_focus": {
      "point_of_interest": {
        "x": 0.64,
        "y": 0.48828125,
        "strength": 1.0
      },
      "visual_mass_concentration": 0.0,
      "mean_visual_weight": 0.0,
      "face_count": 0,
      "has_directional_cues": 0
    },
    "framing_breathing": {
      "frame_in_frame_count": 0,
      "breathing_space": {
        "top": 0.0,
        "bottom": 0.53515625,
        "left": 0.28,
        "right": 0.37565217391304345,
        "min_margin": 0.0,
        "mean_margin": 0.29770210597826086
      },
      "corner_anchors": {
        "top_left": 0.1522141695022583,
        "top_right": 0.29674816131591797,
        "bottom_left": 0.18570609390735626,
        "bottom_right": 0.7326005101203918,
        "max_corner_weight": 0.7326005101203918,
        "has_corner_subject": 1
      }
    }
  }
}