{
  "meta": {
    "_dataset": "tvm_data",
    "_label": "testImages_artphoto",
    "_relpath": "testImages_artphoto/sad_0323.jpg",
    "_filename": "sad_0323.jpg",
    "_width": 551,
    "_height": 363
  },
  "features": {
    "geometric_structural": {
      "leading_lines": {
        "diagonal": 1,
        "vertical": 0,
        "horizontal": 5,
        "curved": 70
      },
      "leading_lines_strength": 0.0978120978120978,
      "symmetry_vertical": 0.4408076153850314,
      "symmetry_horizontal": 0.41520376319206287,
      "symmetry_radial": 0.2868770145928225,
      "rule_of_thirds": {
        "alignment_score": 1,
        "num_salient_objects": 19
      },
      "golden_ratio": {
        "golden_alignment_score": 1
      },
      "balance": {
        "static_balance": 0.9550553560256958,
        "dynamic_balance": 1.0,
        "dominant_quadrant": 2
      },
      "layering": {
        "foreground_ratio": 0.2642324243886744,
        "midground_ratio": 0.32826576576576577,
        "background_ratio": 0.40750180984555984,
        "depth_complexity": 0.06154541357928509
      }
    },
    "spatial_layout": {
      "negative_space_ratio": 0.3141816481660232,
      "subject_isolation": 0.1000015082046332,
      "depth_of_field": {
        "blur_gradient_strength": 62.37110746657243,
        "sharpness_variance": 8689.396483506775,
        "min_sharpness": 0.21171728674432588,
        "max_sharpness": 629.4952902729718
      },
      "perspective": {
        "has_vanishing_point": 1,
        "perspective_strength": 0.8333333333333334
      }
    },
    "contrast_color": {
      "high_contrast_ratio": 0.4235641891891892,
      "low_contrast_ratio": 0.5764358108108107,
      "mean_contrast": 23.78345489501953,
      "highlight_ratio": 0.2922498285770416,
      "shadow_ratio": 0.09551962465047836,
      "midtone_ratio": 0.6122305989265442,
      "warm_color_ratio": 0.01391821509009009,
      "cool_color_ratio": 0.0006711510617760617,
      "complementary_color_score": 3.5
    },
    "motion_dynamics": {
      "s_curve_count": 145,
      "motion_blur_score": 14.553007833311355,
      "dominant_direction_deg": 4.999999999999995,
      "direction_strength": 0.1646833775735886
    },
    "pattern_rhythm": {
      "repetition_score": 1.0,
      "rhythm_score": 1.0,
      "pattern_breaks": 7
    },
    "visual_mass_focus": {
      "point_of_interest": {
        "x": 0.3938223938223938,
        "y": 0.38671875,
        "strength": 1.0
      },
      "visual_mass_concentration": 0.19557392213642213,
      "mean_visual_weight": 0.012060442939400673,
      "face_count": 0,
      "has_directional_cues": 0
    },
    "framing_breathing": {
      "frame_in_frame_count": 0,
      "breathing_space": {
        "top": 0.01171875,
        "bottom": 0.50390625,
        "left": 0.25868725868725867,
        "right": 0.546975546975547,
        "min_margin": 0.01171875,
        "mean_margin": 0.3303219514157014
      },
      "corner_anchors": {
        "top_left": 0.11035429686307907,
        "top_right": 0.32123464345932007,
        "bottom_left": 0.5496028065681458,
        "bottom_right": 0.22769255936145782,
        "max_corner_weight": 0.5496028065681458,
        "has_corner_subject": 1
      }
    }
  }
}