{
  "meta": {
    "_dataset": "tvm_data",
    "_label": "testImages_artphoto",
    "_relpath": "testImages_artphoto/sad_0356.jpg",
    "_filename": "sad_0356.jpg",
    "_width": 516,
    "_height": 387
  },
  "features": {
    "geometric_structural": {
      "leading_lines": {
        "diagonal": 7,
        "vertical": 0,
        "horizontal": 0,
        "curved": 104
      },
      "leading_lines_strength": 0.16251830161054173,
      "symmetry_vertical": 0.26689054805292806,
      "symmetry_horizontal": 0.2814328278882892,
      "symmetry_radial": 0.17083451092601357,
      "rule_of_thirds": {
        "alignment_score": 4,
        "num_salient_objects": 57
      },
      "golden_ratio": {
        "golden_alignment_score": 6
      },
      "balance": {
        "static_balance": 0.9400004148483276,
        "dynamic_balance": 1.0,
        "dominant_quadrant": 0
      },
      "layering": {
        "foreground_ratio": 0.33365551793557835,
        "midground_ratio": 0.1387748215592972,
        "background_ratio": 0.5275696605051244,
        "depth_complexity": 0.192646936024079
      }
    },
    "spatial_layout": {
      "negative_space_ratio": 0.41635592057101023,
      "subject_isolation": 0.10000114385065886,
      "depth_of_field": {
        "blur_gradient_strength": 230.9932667391677,
        "sharpness_variance": 209942.2217121273,
        "min_sharpness": 1.3145545860352117,
        "max_sharpness": 2875.410870719141
      },
      "perspective": {
        "has_vanishing_point": 1,
        "perspective_strength": 0.990530303030303
      }
    },
    "contrast_color": {
      "high_contrast_ratio": 0.45371122346266474,
      "low_contrast_ratio": 0.5462887765373352,
      "mean_contrast": 30.94156265258789,
      "highlight_ratio": 0.21186116337776184,
      "shadow_ratio": 0.1775113195180893,
      "midtone_ratio": 0.6106275320053101,
      "warm_color_ratio": 0.6242421989385066,
      "cool_color_ratio": 0.0629832769033675,
      "complementary_color_score": 2.4444444444444446
    },
    "motion_dynamics": {
      "s_curve_count": 221,
      "motion_blur_score": 9.531111816617248,
      "dominant_direction_deg": 4.999999999999995,
      "direction_strength": 0.08893724835260072
    },
    "pattern_rhythm": {
      "repetition_score": 1.0,
      "rhythm_score": 1.0,
      "pattern_breaks": 17
    },
    "visual_mass_focus": {
      "point_of_interest": {
        "x": 0.4538799414348463,
        "y": 0.419921875,
        "strength": 1.0
      },
      "visual_mass_concentration": 0.19993079703513908,
      "mean_visual_weight": 0.2340630739927292,
      "face_count": 0,
      "has_directional_cues": 0
    },
    "framing_breathing": {
      "frame_in_frame_count": 0,
      "breathing_space": {
        "top": 0.0,
        "bottom": 0.21484375,
        "left": 0.0,
        "right": 0.18448023426061494,
        "min_margin": 0.0,
        "mean_margin": 0.09983099606515373
      },
      "corner_anchors": {
        "top_left": 0.6918342709541321,
        "top_right": 0.28926438093185425,
        "bottom_left": 0.25563672184944153,
        "bottom_right": 0.7887221574783325,
        "max_corner_weight": 0.7887221574783325,
        "has_corner_subject": 1
      }
    }
  }
}