{
  "meta": {
    "_dataset": "tvm_data",
    "_label": "testImages_artphoto",
    "_relpath": "testImages_artphoto/sad_0334.jpg",
    "_filename": "sad_0334.jpg",
    "_width": 548,
    "_height": 365
  },
  "features": {
    "geometric_structural": {
      "leading_lines": {
        "diagonal": 0,
        "vertical": 0,
        "horizontal": 8,
        "curved": 249
      },
      "leading_lines_strength": 0.3342002600780234,
      "symmetry_vertical": 0.35399043840071104,
      "symmetry_horizontal": 0.28349330223891306,
      "symmetry_radial": 0.21003704172351023,
      "rule_of_thirds": {
        "alignment_score": 2,
        "num_salient_objects": 38
      },
      "golden_ratio": {
        "golden_alignment_score": 2
      },
      "balance": {
        "static_balance": 0.8835667371749878,
        "dynamic_balance": 1.0,
        "dominant_quadrant": 3
      },
      "layering": {
        "foreground_ratio": 0.2680327535760728,
        "midground_ratio": 0.20963964970741222,
        "background_ratio": 0.522327596716515,
        "depth_complexity": 0.07888883773895777
      }
    },
    "spatial_layout": {
      "negative_space_ratio": 0.4463208103055917,
      "subject_isolation": 0.10000050796488946,
      "depth_of_field": {
        "blur_gradient_strength": 70.95976126691095,
        "sharpness_variance": 16767.515227972126,
        "min_sharpness": 1.796080855542947,
        "max_sharpness": 738.0780469050366
      },
      "perspective": {
        "has_vanishing_point": 1,
        "perspective_strength": 0.9951171875
      }
    },
    "contrast_color": {
      "high_contrast_ratio": 0.40348921082574774,
      "low_contrast_ratio": 0.5965107891742523,
      "mean_contrast": 26.078039169311523,
      "highlight_ratio": 0.04125690832734108,
      "shadow_ratio": 0.05684635043144226,
      "midtone_ratio": 0.9018967151641846,
      "warm_color_ratio": 0.2718145521781534,
      "cool_color_ratio": 0.00034033647594278285,
      "complementary_color_score": 2.111111111111111
    },
    "motion_dynamics": {
      "s_curve_count": 281,
      "motion_blur_score": 11.852961739126346,
      "dominant_direction_deg": 95.0,
      "direction_strength": 0.05821531615719935
    },
    "pattern_rhythm": {
      "repetition_score": 1.0,
      "rhythm_score": 1.0,
      "pattern_breaks": 12
    },
    "visual_mass_focus": {
      "point_of_interest": {
        "x": 0.6098829648894668,
        "y": 0.671875,
        "strength": 1.0
      },
      "visual_mass_concentration": 0.19995021944083224,
      "mean_visual_weight": 0.09843717515468597,
      "face_count": 0,
      "has_directional_cues": 0
    },
    "framing_breathing": {
      "frame_in_frame_count": 0,
      "breathing_space": {
        "top": 0.814453125,
        "bottom": 0.05859375,
        "left": 0.4850455136540962,
        "right": 0.3198959687906372,
        "min_margin": 0.05859375,
        "mean_margin": 0.41949708936118335
      },
      "corner_anchors": {
        "top_left": 0.16604968905448914,
        "top_right": 0.2495756298303604,
        "bottom_left": 0.2328788936138153,
        "bottom_right": 0.26476579904556274,
        "max_corner_weight": 0.26476579904556274,
        "has_corner_subject": 0
      }
    }
  }
}