{
  "meta": {
    "_dataset": "tvm_data",
    "_label": "testImages_artphoto",
    "_relpath": "testImages_artphoto/sad_0647.jpg",
    "_filename": "sad_0647.jpg",
    "_width": 385,
    "_height": 520
  },
  "features": {
    "geometric_structural": {
      "leading_lines": {
        "diagonal": 160,
        "vertical": 47,
        "horizontal": 3,
        "curved": 907
      },
      "leading_lines_strength": 1.6141618497109826,
      "symmetry_vertical": 0.06858144750296648,
      "symmetry_horizontal": 0.028458308944230102,
      "symmetry_radial": 0.028079516704915305,
      "rule_of_thirds": {
        "alignment_score": 0,
        "num_salient_objects": 83
      },
      "golden_ratio": {
        "golden_alignment_score": 5
      },
      "balance": {
        "static_balance": 0.8866901397705078,
        "dynamic_balance": 1.0,
        "dominant_quadrant": 0
      },
      "layering": {
        "foreground_ratio": 0.3359459673049133,
        "midground_ratio": 0.32709763367052025,
        "background_ratio": 0.3369563990245665,
        "depth_complexity": 2.8661624083450876
      }
    },
    "spatial_layout": {
      "negative_space_ratio": 0.3087574512283237,
      "subject_isolation": 0.10000169346098266,
      "depth_of_field": {
        "blur_gradient_strength": 1305.0195258723293,
        "sharpness_variance": 2615773.362171816,
        "min_sharpness": 209.70249516607126,
        "max_sharpness": 12173.860918877357
      },
      "perspective": {
        "has_vanishing_point": 1,
        "perspective_strength": 0.9997661281617674
      }
    },
    "contrast_color": {
      "high_contrast_ratio": 0.5887317106213873,
      "low_contrast_ratio": 0.4112682893786127,
      "mean_contrast": 70.18063354492188,
      "highlight_ratio": 0.5125852227210999,
      "shadow_ratio": 0.17030008137226105,
      "midtone_ratio": 0.3171147108078003,
      "warm_color_ratio": 0.011323609104046242,
      "cool_color_ratio": 0.31732071893063585,
      "complementary_color_score": 2.0555555555555554
    },
    "motion_dynamics": {
      "s_curve_count": 574,
      "motion_blur_score": 4.8853963322736185,
      "dominant_direction_deg": 4.999999999999995,
      "direction_strength": 0.05125259664002875
    },
    "pattern_rhythm": {
      "repetition_score": 1.0,
      "rhythm_score": 1.0,
      "pattern_breaks": 21
    },
    "visual_mass_focus": {
      "point_of_interest": {
        "x": 0.490234375,
        "y": 0.3439306358381503,
        "strength": 1.0
      },
      "visual_mass_concentration": 0.19998645231213874,
      "mean_visual_weight": 0.0826515257358551,
      "face_count": 0,
      "has_directional_cues": 0
    },
    "framing_breathing": {
      "frame_in_frame_count": 0,
      "breathing_space": {
        "top": 0.05057803468208093,
        "bottom": 0.44508670520231214,
        "left": 0.064453125,
        "right": 0.02734375,
        "min_margin": 0.02734375,
        "mean_margin": 0.14686540372109827
      },
      "corner_anchors": {
        "top_left": 0.4393463730812073,
        "top_right": 0.41739368438720703,
        "bottom_left": 0.2753279209136963,
        "bottom_right": 0.3281559944152832,
        "max_corner_weight": 0.4393463730812073,
        "has_corner_subject": 1
      }
    }
  }
}