{
  "meta": {
    "_dataset": "tvm_data",
    "_label": "testImages_artphoto",
    "_relpath": "testImages_artphoto/sad_0291.jpg",
    "_filename": "sad_0291.jpg",
    "_width": 365,
    "_height": 548
  },
  "features": {
    "geometric_structural": {
      "leading_lines": {
        "diagonal": 1,
        "vertical": 0,
        "horizontal": 5,
        "curved": 150
      },
      "leading_lines_strength": 0.20286085825747724,
      "symmetry_vertical": 0.4162575203760605,
      "symmetry_horizontal": 0.3443724342575625,
      "symmetry_radial": 0.2944949613652618,
      "rule_of_thirds": {
        "alignment_score": 1,
        "num_salient_objects": 29
      },
      "golden_ratio": {
        "golden_alignment_score": 1
      },
      "balance": {
        "static_balance": 0.9643088579177856,
        "dynamic_balance": 1.0,
        "dominant_quadrant": 1
      },
      "layering": {
        "foreground_ratio": 0.3028232688556567,
        "midground_ratio": 0.15255963507802342,
        "background_ratio": 0.5446170960663199,
        "depth_complexity": 0.08549966575069616
      }
    },
    "spatial_layout": {
      "negative_space_ratio": 0.43768286736020806,
      "subject_isolation": 0.10000050796488946,
      "depth_of_field": {
        "blur_gradient_strength": 176.514558874733,
        "sharpness_variance": 108174.24499557451,
        "min_sharpness": 1.0588235294117647,
        "max_sharpness": 2440.617334678969
      },
      "perspective": {
        "has_vanishing_point": 1,
        "perspective_strength": 0.8181818181818182
      }
    },
    "contrast_color": {
      "high_contrast_ratio": 0.43431759996749025,
      "low_contrast_ratio": 0.5656824000325098,
      "mean_contrast": 18.05558204650879,
      "highlight_ratio": 0.0413813591003418,
      "shadow_ratio": 0.14021863043308258,
      "midtone_ratio": 0.8184000253677368,
      "warm_color_ratio": 0.12792841758777634,
      "cool_color_ratio": 0.0005409826072821847,
      "complementary_color_score": 2.888888888888889
    },
    "motion_dynamics": {
      "s_curve_count": 157,
      "motion_blur_score": 15.805165490042267,
      "dominant_direction_deg": 95.0,
      "direction_strength": 0.052526109395185185
    },
    "pattern_rhythm": {
      "repetition_score": 1.0,
      "rhythm_score": 1.0,
      "pattern_breaks": 11
    },
    "visual_mass_focus": {
      "point_of_interest": {
        "x": 0.623046875,
        "y": 0.22366710013003901,
        "strength": 1.0
      },
      "visual_mass_concentration": 0.19686941238621586,
      "mean_visual_weight": 0.0882178544998169,
      "face_count": 0,
      "has_directional_cues": 0
    },
    "framing_breathing": {
      "frame_in_frame_count": 0,
      "breathing_space": {
        "top": 0.002600780234070221,
        "bottom": 0.7451235370611183,
        "left": 0.388671875,
        "right": 0.0859375,
        "min_margin": 0.002600780234070221,
        "mean_margin": 0.30558342307379716
      },
      "corner_anchors": {
        "top_left": 0.21917925775051117,
        "top_right": 0.4838384687900543,
        "bottom_left": 0.5166836380958557,
        "bottom_right": 0.3907502293586731,
        "max_corner_weight": 0.5166836380958557,
        "has_corner_subject": 1
      }
    }
  }
}