{
  "meta": {
    "_dataset": "tvm_data",
    "_label": "testImages_artphoto",
    "_relpath": "testImages_artphoto/sad_0307.jpg",
    "_filename": "sad_0307.jpg",
    "_width": 447,
    "_height": 447
  },
  "features": {
    "geometric_structural": {
      "leading_lines": {
        "diagonal": 0,
        "vertical": 0,
        "horizontal": 0,
        "curved": 163
      },
      "leading_lines_strength": 0.318359375,
      "symmetry_vertical": 0.36097013438821995,
      "symmetry_horizontal": 0.3822986651759823,
      "symmetry_radial": 0.36484787761450727,
      "rule_of_thirds": {
        "alignment_score": 0,
        "num_salient_objects": 27
      },
      "golden_ratio": {
        "golden_alignment_score": 0
      },
      "balance": {
        "static_balance": 0.9198083877563477,
        "dynamic_balance": 1.0,
        "dominant_quadrant": 3
      },
      "layering": {
        "foreground_ratio": 0.2768974304199219,
        "midground_ratio": 0.14345169067382812,
        "background_ratio": 0.57965087890625,
        "depth_complexity": 0.1000688685089699
      }
    },
    "spatial_layout": {
      "negative_space_ratio": 0.6498870849609375,
      "subject_isolation": 0.10000228881835938,
      "depth_of_field": {
        "blur_gradient_strength": 125.9124272495982,
        "sharpness_variance": 47391.00953815045,
        "min_sharpness": 0.0,
        "max_sharpness": 1555.7593582215814
      },
      "perspective": {
        "has_vanishing_point": 1,
        "perspective_strength": 0.9444444444444444
      }
    },
    "contrast_color": {
      "high_contrast_ratio": 0.39960479736328125,
      "low_contrast_ratio": 0.6003952026367188,
      "mean_contrast": 21.952308654785156,
      "highlight_ratio": 0.007610321044921875,
      "shadow_ratio": 0.42140960693359375,
      "midtone_ratio": 0.5709800720214844,
      "warm_color_ratio": 0.6470489501953125,
      "cool_color_ratio": 0.018283843994140625,
      "complementary_color_score": 2.3333333333333335
    },
    "motion_dynamics": {
      "s_curve_count": 140,
      "motion_blur_score": 5.761685103590964,
      "dominant_direction_deg": 4.999999999999995,
      "direction_strength": 0.05300903320292279
    },
    "pattern_rhythm": {
      "repetition_score": 1.0,
      "rhythm_score": 1.0,
      "pattern_breaks": 0
    },
    "visual_mass_focus": {
      "point_of_interest": {
        "x": 0.5234375,
        "y": 0.517578125,
        "strength": 1.0
      },
      "visual_mass_concentration": 0.19933319091796875,
      "mean_visual_weight": 0.09001946449279785,
      "face_count": 0,
      "has_directional_cues": 0
    },
    "framing_breathing": {
      "frame_in_frame_count": 0,
      "breathing_space": {
        "top": 0.361328125,
        "bottom": 0.53125,
        "left": 0.4296875,
        "right": 0.45703125,
        "min_margin": 0.361328125,
        "mean_margin": 0.44482421875
      },
      "corner_anchors": {
        "top_left": 0.211872860789299,
        "top_right": 0.15780982375144958,
        "bottom_left": 0.10288161784410477,
        "bottom_right": 0.234355628490448,
        "max_corner_weight": 0.234355628490448,
        "has_corner_subject": 0
      }
    }
  }
}