{
  "meta": {
    "_dataset": "tvm_data",
    "_label": "testImages_artphoto",
    "_relpath": "testImages_artphoto/sad_0434.jpg",
    "_filename": "sad_0434.jpg",
    "_width": 548,
    "_height": 365
  },
  "features": {
    "geometric_structural": {
      "leading_lines": {
        "diagonal": 0,
        "vertical": 0,
        "horizontal": 0,
        "curved": 37
      },
      "leading_lines_strength": 0.04811443433029909,
      "symmetry_vertical": 0.747217584271118,
      "symmetry_horizontal": 0.660443010827383,
      "symmetry_radial": 0.551775044594505,
      "rule_of_thirds": {
        "alignment_score": 0,
        "num_salient_objects": 17
      },
      "golden_ratio": {
        "golden_alignment_score": 0
      },
      "balance": {
        "static_balance": 0.9323949217796326,
        "dynamic_balance": 1.0,
        "dominant_quadrant": 1
      },
      "layering": {
        "foreground_ratio": 0.21516376788036412,
        "midground_ratio": 0.24533434249024708,
        "background_ratio": 0.5395018896293888,
        "depth_complexity": 0.1920692703005569
      }
    },
    "spatial_layout": {
      "negative_space_ratio": 0.2094593221716515,
      "subject_isolation": 0.10000050796488946,
      "depth_of_field": {
        "blur_gradient_strength": 268.2438239958328,
        "sharpness_variance": 533772.0143849876,
        "min_sharpness": 0.07189527702133314,
        "max_sharpness": 5510.643886966552
      },
      "perspective": {
        "has_vanishing_point": 1,
        "perspective_strength": 0.7857142857142857
      }
    },
    "contrast_color": {
      "high_contrast_ratio": 0.38043268449284784,
      "low_contrast_ratio": 0.6195673155071522,
      "mean_contrast": 16.959945678710938,
      "highlight_ratio": 0.5617735981941223,
      "shadow_ratio": 0.03737351670861244,
      "midtone_ratio": 0.40085288882255554,
      "warm_color_ratio": 0.2218841433680104,
      "cool_color_ratio": 0.02893368010403121,
      "complementary_color_score": 0.5555555555555556
    },
    "motion_dynamics": {
      "s_curve_count": 42,
      "motion_blur_score": 16.512565064487102,
      "dominant_direction_deg": 4.999999999999995,
      "direction_strength": 0.285041957899146
    },
    "pattern_rhythm": {
      "repetition_score": 1.0,
      "rhythm_score": 1.0,
      "pattern_breaks": 6
    },
    "visual_mass_focus": {
      "point_of_interest": {
        "x": 0.8322496749024707,
        "y": 0.65234375,
        "strength": 1.0
      },
      "visual_mass_concentration": 0.1995463873537061,
      "mean_visual_weight": 0.11925680935382843,
      "face_count": 0,
      "has_directional_cues": 0
    },
    "framing_breathing": {
      "frame_in_frame_count": 0,
      "breathing_space": {
        "top": 0.7734375,
        "bottom": 0.0703125,
        "left": 0.5942782834850455,
        "right": 0.0,
        "min_margin": 0.0,
        "mean_margin": 0.3595070708712614
      },
      "corner_anchors": {
        "top_left": 0.15705116093158722,
        "top_right": 0.3997310400009155,
        "bottom_left": 0.5591875910758972,
        "bottom_right": 0.6176727414131165,
        "max_corner_weight": 0.6176727414131165,
        "has_corner_subject": 1
      }
    }
  }
}