{
  "meta": {
    "_dataset": "tvm_data",
    "_label": "testImages_artphoto",
    "_relpath": "testImages_artphoto/sad_0618.jpg",
    "_filename": "sad_0618.jpg",
    "_width": 565,
    "_height": 354
  },
  "features": {
    "geometric_structural": {
      "leading_lines": {
        "diagonal": 0,
        "vertical": 0,
        "horizontal": 1,
        "curved": 105
      },
      "leading_lines_strength": 0.12974296205630356,
      "symmetry_vertical": 0.626618018208869,
      "symmetry_horizontal": 0.349728424098006,
      "symmetry_radial": 0.2625909967003582,
      "rule_of_thirds": {
        "alignment_score": 0,
        "num_salient_objects": 1
      },
      "golden_ratio": {
        "golden_alignment_score": 1
      },
      "balance": {
        "static_balance": 0.735018253326416,
        "dynamic_balance": 1.0,
        "dominant_quadrant": 2
      },
      "layering": {
        "foreground_ratio": 0.2394908965728274,
        "midground_ratio": 0.23834579635862913,
        "background_ratio": 0.5221633070685434,
        "depth_complexity": 0.06119859645180892
      }
    },
    "spatial_layout": {
      "negative_space_ratio": 0.4445236000611995,
      "subject_isolation": 0.050109489749082005,
      "depth_of_field": {
        "blur_gradient_strength": 62.50552400774432,
        "sharpness_variance": 10738.306987163383,
        "min_sharpness": 0.0,
        "max_sharpness": 532.773415601399
      },
      "perspective": {
        "has_vanishing_point": 1,
        "perspective_strength": 0.8545454545454545
      }
    },
    "contrast_color": {
      "high_contrast_ratio": 0.21775072674418605,
      "low_contrast_ratio": 0.782249273255814,
      "mean_contrast": 14.969687461853027,
      "highlight_ratio": 0.011551407165825367,
      "shadow_ratio": 0.3747752904891968,
      "midtone_ratio": 0.6136733293533325,
      "warm_color_ratio": 0.0057446259179926564,
      "cool_color_ratio": 0.028256961444308445,
      "complementary_color_score": 2.9444444444444446
    },
    "motion_dynamics": {
      "s_curve_count": 81,
      "motion_blur_score": 10.913738397079232,
      "dominant_direction_deg": 4.999999999999995,
      "direction_strength": 0.3004489557826355
    },
    "pattern_rhythm": {
      "repetition_score": 1.0,
      "rhythm_score": 1.0,
      "pattern_breaks": 1
    },
    "visual_mass_focus": {
      "point_of_interest": {
        "x": 0.5446756425948592,
        "y": 0.705078125,
        "strength": 1.0
      },
      "visual_mass_concentration": 0.19993832236842105,
      "mean_visual_weight": 0.2274254411458969,
      "face_count": 0,
      "has_directional_cues": 0
    },
    "framing_breathing": {
      "frame_in_frame_count": 0,
      "breathing_space": {
        "top": 0.65625,
        "bottom": 0.232421875,
        "left": 0.46266829865361075,
        "right": 0.37576499388004897,
        "min_margin": 0.232421875,
        "mean_margin": 0.43177629188341493
      },
      "corner_anchors": {
        "top_left": 0.06958288699388504,
        "top_right": 0.08533906191587448,
        "bottom_left": 0.29428601264953613,
        "bottom_right": 0.2888743579387665,
        "max_corner_weight": 0.29428601264953613,
        "has_corner_subject": 0
      }
    }
  }
}