{
  "meta": {
    "_dataset": "tvm_data",
    "_label": "testImages_artphoto",
    "_relpath": "testImages_artphoto/sad_0325.jpg",
    "_filename": "sad_0325.jpg",
    "_width": 431,
    "_height": 464
  },
  "features": {
    "geometric_structural": {
      "leading_lines": {
        "diagonal": 0,
        "vertical": 0,
        "horizontal": 4,
        "curved": 55
      },
      "leading_lines_strength": 0.10707803992740472,
      "symmetry_vertical": 0.2143023803820322,
      "symmetry_horizontal": 0.318163766710112,
      "symmetry_radial": 0.26505673202219465,
      "rule_of_thirds": {
        "alignment_score": 0,
        "num_salient_objects": 9
      },
      "golden_ratio": {
        "golden_alignment_score": 1
      },
      "balance": {
        "static_balance": 0.8828362226486206,
        "dynamic_balance": 1.0,
        "dominant_quadrant": 2
      },
      "layering": {
        "foreground_ratio": 0.3349662545372051,
        "midground_ratio": 0.16011371370235936,
        "background_ratio": 0.5049200317604355,
        "depth_complexity": 0.24547925192368025
      }
    },
    "spatial_layout": {
      "negative_space_ratio": 0.7823204968239564,
      "subject_isolation": 0.10000283575317605,
      "depth_of_field": {
        "blur_gradient_strength": 285.3897474677425,
        "sharpness_variance": 264490.35004552413,
        "min_sharpness": 0.0,
        "max_sharpness": 3464.7065195489495
      },
      "perspective": {
        "has_vanishing_point": 1,
        "perspective_strength": 0.9882352941176471
      }
    },
    "contrast_color": {
      "high_contrast_ratio": 0.3912063294010889,
      "low_contrast_ratio": 0.6087936705989111,
      "mean_contrast": 28.38410186767578,
      "highlight_ratio": 0.166171595454216,
      "shadow_ratio": 0.7451295852661133,
      "midtone_ratio": 0.08869880437850952,
      "warm_color_ratio": 0.43095295485480944,
      "cool_color_ratio": 0.21507415494555354,
      "complementary_color_score": 2.4444444444444446
    },
    "motion_dynamics": {
      "s_curve_count": 104,
      "motion_blur_score": 6.25287453863827,
      "dominant_direction_deg": 4.999999999999995,
      "direction_strength": 0.4133322935557036
    },
    "pattern_rhythm": {
      "repetition_score": 1.0,
      "rhythm_score": 1.0,
      "pattern_breaks": 3
    },
    "visual_mass_focus": {
      "point_of_interest": {
        "x": 0.384765625,
        "y": 0.5898366606170599,
        "strength": 1.0
      },
      "visual_mass_concentration": 0.19997731397459165,
      "mean_visual_weight": 0.08221304416656494,
      "face_count": 0,
      "has_directional_cues": 0
    },
    "framing_breathing": {
      "frame_in_frame_count": 0,
      "breathing_space": {
        "top": 0.20871143375680581,
        "bottom": 0.045372050816696916,
        "left": 0.0,
        "right": 0.29296875,
        "min_margin": 0.0,
        "mean_margin": 0.13676305864337568
      },
      "corner_anchors": {
        "top_left": 0.19644612073898315,
        "top_right": 0.25871363282203674,
        "bottom_left": 0.493217796087265,
        "bottom_right": 0.2593866288661957,
        "max_corner_weight": 0.493217796087265,
        "has_corner_subject": 1
      }
    }
  }
}