{
  "meta": {
    "_dataset": "tvm_data",
    "_label": "testImages_artphoto",
    "_relpath": "testImages_artphoto/sad_0411.jpg",
    "_filename": "sad_0411.jpg",
    "_width": 548,
    "_height": 365
  },
  "features": {
    "geometric_structural": {
      "leading_lines": {
        "diagonal": 0,
        "vertical": 0,
        "horizontal": 0,
        "curved": 3
      },
      "leading_lines_strength": 0.0039011703511053317,
      "symmetry_vertical": 0.3424954327124637,
      "symmetry_horizontal": 0.5201232673623148,
      "symmetry_radial": 0.40615209085297366,
      "rule_of_thirds": {
        "alignment_score": 1,
        "num_salient_objects": 8
      },
      "golden_ratio": {
        "golden_alignment_score": 1
      },
      "balance": {
        "static_balance": 0.882949948310852,
        "dynamic_balance": 1.0,
        "dominant_quadrant": 1
      },
      "layering": {
        "foreground_ratio": 0.06918735776983095,
        "midground_ratio": 0.2934640157672302,
        "background_ratio": 0.6373486264629389,
        "depth_complexity": 0.005289924874636862
      }
    },
    "spatial_layout": {
      "negative_space_ratio": 0.5737565019505851,
      "subject_isolation": 0.09999796814044214,
      "depth_of_field": {
        "blur_gradient_strength": 7.68793537616147,
        "sharpness_variance": 586.0218779512602,
        "min_sharpness": 0.0,
        "max_sharpness": 300.19460826071537
      },
      "perspective": {
        "has_vanishing_point": 0,
        "perspective_strength": 0.0
      }
    },
    "contrast_color": {
      "high_contrast_ratio": 0.40297108663849157,
      "low_contrast_ratio": 0.5970289133615084,
      "mean_contrast": 21.06538200378418,
      "highlight_ratio": 0.19956162571907043,
      "shadow_ratio": 0.33061909675598145,
      "midtone_ratio": 0.4698193073272705,
      "warm_color_ratio": 0.32523975942782835,
      "cool_color_ratio": 0.00279380689206762,
      "complementary_color_score": 3.2777777777777777
    },
    "motion_dynamics": {
      "s_curve_count": 8,
      "motion_blur_score": 27.1519035532778,
      "dominant_direction_deg": 4.999999999999995,
      "direction_strength": 0.289273305428394
    },
    "pattern_rhythm": {
      "repetition_score": 1.0,
      "rhythm_score": 1.0,
      "pattern_breaks": 4
    },
    "visual_mass_focus": {
      "point_of_interest": {
        "x": 0.3459037711313394,
        "y": 0.3984375,
        "strength": 1.0
      },
      "visual_mass_concentration": 0.1993432013979194,
      "mean_visual_weight": 0.05349307879805565,
      "face_count": 0,
      "has_directional_cues": 0
    },
    "framing_breathing": {
      "frame_in_frame_count": 0,
      "breathing_space": {
        "top": 0.0,
        "bottom": 0.20703125,
        "left": 0.729518855656697,
        "right": 0.0,
        "min_margin": 0.0,
        "mean_margin": 0.23413752641417426
      },
      "corner_anchors": {
        "top_left": 0.47567084431648254,
        "top_right": 0.6970287561416626,
        "bottom_left": 0.2862592339515686,
        "bottom_right": 0.35454076528549194,
        "max_corner_weight": 0.6970287561416626,
        "has_corner_subject": 1
      }
    }
  }
}