{
  "meta": {
    "_dataset": "tvm_data",
    "_label": "testImages_artphoto",
    "_relpath": "testImages_artphoto/sad_0616.jpg",
    "_filename": "sad_0616.jpg",
    "_width": 342,
    "_height": 585
  },
  "features": {
    "geometric_structural": {
      "leading_lines": {
        "diagonal": 0,
        "vertical": 0,
        "horizontal": 8,
        "curved": 14
      },
      "leading_lines_strength": 0.02511415525114155,
      "symmetry_vertical": 0.9097737847332378,
      "symmetry_horizontal": 0.3812383354886731,
      "symmetry_radial": 0.5372336631611763,
      "rule_of_thirds": {
        "alignment_score": 0,
        "num_salient_objects": 13
      },
      "golden_ratio": {
        "golden_alignment_score": 0
      },
      "balance": {
        "static_balance": 0.8151294589042664,
        "dynamic_balance": 1.0,
        "dominant_quadrant": 2
      },
      "layering": {
        "foreground_ratio": 0.18799051084474885,
        "midground_ratio": 0.0,
        "background_ratio": 0.8120094891552512,
        "depth_complexity": 0.14563365014469684
      }
    },
    "spatial_layout": {
      "negative_space_ratio": 0.9204926512557078,
      "subject_isolation": 0.10000178367579908,
      "depth_of_field": {
        "blur_gradient_strength": 165.76944492194164,
        "sharpness_variance": 138919.09723910186,
        "min_sharpness": 0.0,
        "max_sharpness": 2299.444658037507
      },
      "perspective": {
        "has_vanishing_point": 1,
        "perspective_strength": 0.8387096774193549
      }
    },
    "contrast_color": {
      "high_contrast_ratio": 0.23132491438356165,
      "low_contrast_ratio": 0.7686750856164384,
      "mean_contrast": 8.903016090393066,
      "highlight_ratio": 0.027769602835178375,
      "shadow_ratio": 0.754804790019989,
      "midtone_ratio": 0.21742558479309082,
      "warm_color_ratio": 0.028570027111872145,
      "cool_color_ratio": 0.2383726633847032,
      "complementary_color_score": 2.4444444444444446
    },
    "motion_dynamics": {
      "s_curve_count": 34,
      "motion_blur_score": 7.643513454283235,
      "dominant_direction_deg": 4.999999999999995,
      "direction_strength": 0.7290172838168677
    },
    "pattern_rhythm": {
      "repetition_score": 1.0,
      "rhythm_score": 1.0,
      "pattern_breaks": 7
    },
    "visual_mass_focus": {
      "point_of_interest": {
        "x": 0.5078125,
        "y": 0.9531963470319634,
        "strength": 1.0
      },
      "visual_mass_concentration": 0.1999634346461187,
      "mean_visual_weight": 0.08726289868354797,
      "face_count": 0,
      "has_directional_cues": 0
    },
    "framing_breathing": {
      "frame_in_frame_count": 0,
      "breathing_space": {
        "top": 0.9383561643835616,
        "bottom": 0.0,
        "left": 0.51171875,
        "right": 0.0,
        "min_margin": 0.0,
        "mean_margin": 0.3625187285958904
      },
      "corner_anchors": {
        "top_left": 0.12453469634056091,
        "top_right": 0.12453360855579376,
        "bottom_left": 0.38757357001304626,
        "bottom_right": 0.33919429779052734,
        "max_corner_weight": 0.38757357001304626,
        "has_corner_subject": 1
      }
    }
  }
}