{
  "meta": {
    "_dataset": "tvm_data",
    "_label": "testImages_artphoto",
    "_relpath": "testImages_artphoto/sad_0448.jpg",
    "_filename": "sad_0448.jpg",
    "_width": 459,
    "_height": 436
  },
  "features": {
    "geometric_structural": {
      "leading_lines": {
        "diagonal": 0,
        "vertical": 0,
        "horizontal": 0,
        "curved": 59
      },
      "leading_lines_strength": 0.10946196660482375,
      "symmetry_vertical": 0.2348759319262031,
      "symmetry_horizontal": 0.3127085621541227,
      "symmetry_radial": 0.22000913387775975,
      "rule_of_thirds": {
        "alignment_score": 0,
        "num_salient_objects": 6
      },
      "golden_ratio": {
        "golden_alignment_score": 2
      },
      "balance": {
        "static_balance": 0.9376829266548157,
        "dynamic_balance": 1.0,
        "dominant_quadrant": 3
      },
      "layering": {
        "foreground_ratio": 0.24060760667903525,
        "midground_ratio": 0.2017588995825603,
        "background_ratio": 0.5576334937384044,
        "depth_complexity": 0.024186079439097185
      }
    },
    "spatial_layout": {
      "negative_space_ratio": 0.5483570558905381,
      "subject_isolation": 0.09999710111317255,
      "depth_of_field": {
        "blur_gradient_strength": 39.28552804001645,
        "sharpness_variance": 3023.3545338104896,
        "min_sharpness": 0.0,
        "max_sharpness": 426.92666282199156
      },
      "perspective": {
        "has_vanishing_point": 1,
        "perspective_strength": 0.5
      }
    },
    "contrast_color": {
      "high_contrast_ratio": 0.39862230403525045,
      "low_contrast_ratio": 0.6013776959647495,
      "mean_contrast": 27.799968719482422,
      "highlight_ratio": 0.32359910011291504,
      "shadow_ratio": 0.48964011669158936,
      "midtone_ratio": 0.1867607831954956,
      "warm_color_ratio": 0.4751239274118738,
      "cool_color_ratio": 0.036033163265306124,
      "complementary_color_score": 2.5
    },
    "motion_dynamics": {
      "s_curve_count": 79,
      "motion_blur_score": 12.012538271477581,
      "dominant_direction_deg": 4.999999999999995,
      "direction_strength": 0.39762581168687083
    },
    "pattern_rhythm": {
      "repetition_score": 1.0,
      "rhythm_score": 1.0,
      "pattern_breaks": 4
    },
    "visual_mass_focus": {
      "point_of_interest": {
        "x": 0.6957328385899815,
        "y": 0.509765625,
        "strength": 1.0
      },
      "visual_mass_concentration": 0.19941442486085342,
      "mean_visual_weight": 0.12739881873130798,
      "face_count": 0,
      "has_directional_cues": 0
    },
    "framing_breathing": {
      "frame_in_frame_count": 0,
      "breathing_space": {
        "top": 0.0,
        "bottom": 0.0,
        "left": 0.0,
        "right": 0.0,
        "min_margin": 0.0,
        "mean_margin": 0.0
      },
      "corner_anchors": {
        "top_left": 0.8998337984085083,
        "top_right": 0.6711935997009277,
        "bottom_left": 0.6687663197517395,
        "bottom_right": 0.9358288645744324,
        "max_corner_weight": 0.9358288645744324,
        "has_corner_subject": 1
      }
    }
  }
}