{
  "meta": {
    "_dataset": "tvm_data",
    "_label": "testImages_artphoto",
    "_relpath": "testImages_artphoto/sad_0308.jpg",
    "_filename": "sad_0308.jpg",
    "_width": 544,
    "_height": 367
  },
  "features": {
    "geometric_structural": {
      "leading_lines": {
        "diagonal": 0,
        "vertical": 0,
        "horizontal": 0,
        "curved": 153
      },
      "leading_lines_strength": 0.2015810276679842,
      "symmetry_vertical": 0.39597052535673605,
      "symmetry_horizontal": 0.44126543237570226,
      "symmetry_radial": 0.2784341686547153,
      "rule_of_thirds": {
        "alignment_score": 0,
        "num_salient_objects": 16
      },
      "golden_ratio": {
        "golden_alignment_score": 1
      },
      "balance": {
        "static_balance": 0.983346700668335,
        "dynamic_balance": 1.0,
        "dominant_quadrant": 0
      },
      "layering": {
        "foreground_ratio": 0.28988595191040845,
        "midground_ratio": 0.3616060400197628,
        "background_ratio": 0.34850800806982873,
        "depth_complexity": 0.04664338860301563
      }
    },
    "spatial_layout": {
      "negative_space_ratio": 0.6488852519762845,
      "subject_isolation": 0.100000514657444,
      "depth_of_field": {
        "blur_gradient_strength": 51.698185164024515,
        "sharpness_variance": 6731.63910256933,
        "min_sharpness": 1.752831290600235,
        "max_sharpness": 447.32854884873336
      },
      "perspective": {
        "has_vanishing_point": 1,
        "perspective_strength": 0.6
      }
    },
    "contrast_color": {
      "high_contrast_ratio": 0.45460721343873517,
      "low_contrast_ratio": 0.5453927865612649,
      "mean_contrast": 23.982391357421875,
      "highlight_ratio": 0.007094552740454674,
      "shadow_ratio": 0.317633718252182,
      "midtone_ratio": 0.67527174949646,
      "warm_color_ratio": 0.0496876029314888,
      "cool_color_ratio": 0.9388947216732543,
      "complementary_color_score": 2.0
    },
    "motion_dynamics": {
      "s_curve_count": 156,
      "motion_blur_score": 9.063917955467792,
      "dominant_direction_deg": 4.999999999999995,
      "direction_strength": 0.05888710474293147
    },
    "pattern_rhythm": {
      "repetition_score": 1.0,
      "rhythm_score": 1.0,
      "pattern_breaks": 3
    },
    "visual_mass_focus": {
      "point_of_interest": {
        "x": 0.6086956521739131,
        "y": 0.791015625,
        "strength": 1.0
      },
      "visual_mass_concentration": 0.1999727231554677,
      "mean_visual_weight": 0.3503040373325348,
      "face_count": 0,
      "has_directional_cues": 0
    },
    "framing_breathing": {
      "frame_in_frame_count": 0,
      "breathing_space": {
        "top": 0.671875,
        "bottom": 0.099609375,
        "left": 0.530961791831357,
        "right": 0.308300395256917,
        "min_margin": 0.099609375,
        "mean_margin": 0.4026866405220685
      },
      "corner_anchors": {
        "top_left": 0.3178214430809021,
        "top_right": 0.187454491853714,
        "bottom_left": 0.14429877698421478,
        "bottom_right": 0.22877541184425354,
        "max_corner_weight": 0.3178214430809021,
        "has_corner_subject": 1
      }
    }
  }
}