{
  "meta": {
    "_dataset": "tvm_data",
    "_label": "testImages_artphoto",
    "_relpath": "testImages_artphoto/sad_0327.jpg",
    "_filename": "sad_0327.jpg",
    "_width": 360,
    "_height": 556
  },
  "features": {
    "geometric_structural": {
      "leading_lines": {
        "diagonal": 14,
        "vertical": 6,
        "horizontal": 3,
        "curved": 241
      },
      "leading_lines_strength": 0.33375474083438683,
      "symmetry_vertical": 0.45713904565353464,
      "symmetry_horizontal": 0.3211369972531944,
      "symmetry_radial": 0.23626937143205118,
      "rule_of_thirds": {
        "alignment_score": 0,
        "num_salient_objects": 1
      },
      "golden_ratio": {
        "golden_alignment_score": 0
      },
      "balance": {
        "static_balance": 0.8315199017524719,
        "dynamic_balance": 1.0,
        "dominant_quadrant": 0
      },
      "layering": {
        "foreground_ratio": 0.3142778128950695,
        "midground_ratio": 0.11070342130214918,
        "background_ratio": 0.5750187658027813,
        "depth_complexity": 0.14331798085140415
      }
    },
    "spatial_layout": {
      "negative_space_ratio": 0.4924615794879899,
      "subject_isolation": 0.10000197534766118,
      "depth_of_field": {
        "blur_gradient_strength": 138.91870254702113,
        "sharpness_variance": 53635.97596902958,
        "min_sharpness": 1.2729719338715884,
        "max_sharpness": 1304.0440075616377
      },
      "perspective": {
        "has_vanishing_point": 1,
        "perspective_strength": 0.9977569331158238
      }
    },
    "contrast_color": {
      "high_contrast_ratio": 0.3702295353982301,
      "low_contrast_ratio": 0.6297704646017699,
      "mean_contrast": 17.08334732055664,
      "highlight_ratio": 0.03684517368674278,
      "shadow_ratio": 0.3151148557662964,
      "midtone_ratio": 0.6480399966239929,
      "warm_color_ratio": 0.015963278286978508,
      "cool_color_ratio": 0.05807769042351454,
      "complementary_color_score": 2.9444444444444446
    },
    "motion_dynamics": {
      "s_curve_count": 223,
      "motion_blur_score": 9.120660423943997,
      "dominant_direction_deg": -85.0,
      "direction_strength": 0.07175203460791385
    },
    "pattern_rhythm": {
      "repetition_score": 1.0,
      "rhythm_score": 1.0,
      "pattern_breaks": 1
    },
    "visual_mass_focus": {
      "point_of_interest": {
        "x": 0.08984375,
        "y": 0.20733249051833122,
        "strength": 1.0
      },
      "visual_mass_concentration": 0.1997496246839444,
      "mean_visual_weight": 0.04798490181565285,
      "face_count": 0,
      "has_directional_cues": 0
    },
    "framing_breathing": {
      "frame_in_frame_count": 0,
      "breathing_space": {
        "top": 0.0,
        "bottom": 0.6763590391908976,
        "left": 0.0,
        "right": 0.66015625,
        "min_margin": 0.0,
        "mean_margin": 0.3341288222977244
      },
      "corner_anchors": {
        "top_left": 0.6301742792129517,
        "top_right": 0.0663660541176796,
        "bottom_left": 0.3557673394680023,
        "bottom_right": 0.2429126352071762,
        "max_corner_weight": 0.6301742792129517,
        "has_corner_subject": 1
      }
    }
  }
}