{
  "meta": {
    "_dataset": "tvm_data",
    "_label": "testImages_artphoto",
    "_relpath": "testImages_artphoto/sad_0317.jpg",
    "_filename": "sad_0317.jpg",
    "_width": 462,
    "_height": 433
  },
  "features": {
    "geometric_structural": {
      "leading_lines": {
        "diagonal": 6,
        "vertical": 0,
        "horizontal": 0,
        "curved": 94
      },
      "leading_lines_strength": 0.18315018315018314,
      "symmetry_vertical": 0.47462881945232177,
      "symmetry_horizontal": 0.44085495604005204,
      "symmetry_radial": 0.3238842562916742,
      "rule_of_thirds": {
        "alignment_score": 0,
        "num_salient_objects": 9
      },
      "golden_ratio": {
        "golden_alignment_score": 3
      },
      "balance": {
        "static_balance": 0.9593346118927002,
        "dynamic_balance": 1.0,
        "dominant_quadrant": 3
      },
      "layering": {
        "foreground_ratio": 0.26590401785714285,
        "midground_ratio": 0.25933636675824173,
        "background_ratio": 0.47475961538461536,
        "depth_complexity": 0.04354246433285799
      }
    },
    "spatial_layout": {
      "negative_space_ratio": 0.7420766082875457,
      "subject_isolation": 0.10000286172161173,
      "depth_of_field": {
        "blur_gradient_strength": 81.0631407067335,
        "sharpness_variance": 27984.333471090515,
        "min_sharpness": 0.8571225008687845,
        "max_sharpness": 1186.6332179930794
      },
      "perspective": {
        "has_vanishing_point": 1,
        "perspective_strength": 0.5643939393939394
      }
    },
    "contrast_color": {
      "high_contrast_ratio": 0.382565676510989,
      "low_contrast_ratio": 0.617434323489011,
      "mean_contrast": 25.557218551635742,
      "highlight_ratio": 0.11610004305839539,
      "shadow_ratio": 0.2537238299846649,
      "midtone_ratio": 0.6301760673522949,
      "warm_color_ratio": 0.00681805173992674,
      "cool_color_ratio": 0.8783768315018315,
      "complementary_color_score": 0.0
    },
    "motion_dynamics": {
      "s_curve_count": 113,
      "motion_blur_score": 10.096101934393644,
      "dominant_direction_deg": 4.999999999999995,
      "direction_strength": 0.2161529876365894
    },
    "pattern_rhythm": {
      "repetition_score": 1.0,
      "rhythm_score": 1.0,
      "pattern_breaks": 3
    },
    "visual_mass_focus": {
      "point_of_interest": {
        "x": 0.43772893772893773,
        "y": 0.3125,
        "strength": 1.0
      },
      "visual_mass_concentration": 0.19899338942307693,
      "mean_visual_weight": 0.2673770487308502,
      "face_count": 0,
      "has_directional_cues": 0
    },
    "framing_breathing": {
      "frame_in_frame_count": 0,
      "breathing_space": {
        "top": 0.0,
        "bottom": 0.384765625,
        "left": 0.31684981684981683,
        "right": 0.2619047619047619,
        "min_margin": 0.0,
        "mean_margin": 0.24088005093864467
      },
      "corner_anchors": {
        "top_left": 0.24805359542369843,
        "top_right": 0.22484128177165985,
        "bottom_left": 0.2624685764312744,
        "bottom_right": 0.5110841989517212,
        "max_corner_weight": 0.5110841989517212,
        "has_corner_subject": 1
      }
    }
  }
}