{
  "meta": {
    "_dataset": "tvm_data",
    "_label": "testImages_artphoto",
    "_relpath": "testImages_artphoto/sad_0391.jpg",
    "_filename": "sad_0391.jpg",
    "_width": 548,
    "_height": 365
  },
  "features": {
    "geometric_structural": {
      "leading_lines": {
        "diagonal": 2,
        "vertical": 0,
        "horizontal": 0,
        "curved": 102
      },
      "leading_lines_strength": 0.1352405721716515,
      "symmetry_vertical": 0.3735831160674217,
      "symmetry_horizontal": 0.2968403870014687,
      "symmetry_radial": 0.2868550077758725,
      "rule_of_thirds": {
        "alignment_score": 0,
        "num_salient_objects": 6
      },
      "golden_ratio": {
        "golden_alignment_score": 2
      },
      "balance": {
        "static_balance": 0.967621922492981,
        "dynamic_balance": 1.0,
        "dominant_quadrant": 3
      },
      "layering": {
        "foreground_ratio": 0.2603574040962289,
        "midground_ratio": 0.2337806810793238,
        "background_ratio": 0.5058619148244473,
        "depth_complexity": 0.05556357023171172
      }
    },
    "spatial_layout": {
      "negative_space_ratio": 0.8041363580949284,
      "subject_isolation": 0.10000050796488946,
      "depth_of_field": {
        "blur_gradient_strength": 66.33778767242731,
        "sharpness_variance": 20628.391974687263,
        "min_sharpness": 0.0,
        "max_sharpness": 1143.5408228077777
      },
      "perspective": {
        "has_vanishing_point": 1,
        "perspective_strength": 0.9545454545454546
      }
    },
    "contrast_color": {
      "high_contrast_ratio": 0.38367096066319895,
      "low_contrast_ratio": 0.616329039336801,
      "mean_contrast": 21.607980728149414,
      "highlight_ratio": 0.022652694955468178,
      "shadow_ratio": 0.7570048570632935,
      "midtone_ratio": 0.2203424572944641,
      "warm_color_ratio": 0.13691685630689207,
      "cool_color_ratio": 0.5050593302990898,
      "complementary_color_score": 2.2222222222222223
    },
    "motion_dynamics": {
      "s_curve_count": 119,
      "motion_blur_score": 6.726484556515614,
      "dominant_direction_deg": 4.999999999999995,
      "direction_strength": 0.2753499878081433
    },
    "pattern_rhythm": {
      "repetition_score": 1.0,
      "rhythm_score": 1.0,
      "pattern_breaks": 4
    },
    "visual_mass_focus": {
      "point_of_interest": {
        "x": 0.44213263979193757,
        "y": 0.447265625,
        "strength": 1.0
      },
      "visual_mass_concentration": 0.19999593628088427,
      "mean_visual_weight": 0.044156089425086975,
      "face_count": 1,
      "has_directional_cues": 1
    },
    "framing_breathing": {
      "frame_in_frame_count": 0,
      "breathing_space": {
        "top": 0.35546875,
        "bottom": 0.40234375,
        "left": 0.45123537061118335,
        "right": 0.32249674902470743,
        "min_margin": 0.32249674902470743,
        "mean_margin": 0.3828861549089727
      },
      "corner_anchors": {
        "top_left": 0.12609878182411194,
        "top_right": 0.10846709460020065,
        "bottom_left": 0.16853870451450348,
        "bottom_right": 0.16149964928627014,
        "max_corner_weight": 0.16853870451450348,
        "has_corner_subject": 0
      }
    }
  }
}