{
  "meta": {
    "_dataset": "tvm_data",
    "_label": "testImages_artphoto",
    "_relpath": "testImages_artphoto/sad_0288.jpg",
    "_filename": "sad_0288.jpg",
    "_width": 546,
    "_height": 366
  },
  "features": {
    "geometric_structural": {
      "leading_lines": {
        "diagonal": 14,
        "vertical": 2,
        "horizontal": 74,
        "curved": 747
      },
      "leading_lines_strength": 1.0955497382198953,
      "symmetry_vertical": 0.11001681224435314,
      "symmetry_horizontal": 0.07977068216377182,
      "symmetry_radial": 0.07254581830244237,
      "rule_of_thirds": {
        "alignment_score": 0,
        "num_salient_objects": 185
      },
      "golden_ratio": {
        "golden_alignment_score": 3
      },
      "balance": {
        "static_balance": 0.9427784085273743,
        "dynamic_balance": 1.0,
        "dominant_quadrant": 3
      },
      "layering": {
        "foreground_ratio": 0.31147997791230364,
        "midground_ratio": 0.3098361829188482,
        "background_ratio": 0.3786838391688482,
        "depth_complexity": 0.8585876886385523
      }
    },
    "spatial_layout": {
      "negative_space_ratio": 0.46963453043193715,
      "subject_isolation": 0.10000051128926701,
      "depth_of_field": {
        "blur_gradient_strength": 748.446494943901,
        "sharpness_variance": 3032716.2061320506,
        "min_sharpness": 13.184497844188224,
        "max_sharpness": 8377.83967704729
      },
      "perspective": {
        "has_vanishing_point": 1,
        "perspective_strength": 0.9997198722617514
      }
    },
    "contrast_color": {
      "high_contrast_ratio": 0.48591653714005234,
      "low_contrast_ratio": 0.5140834628599477,
      "mean_contrast": 41.67924499511719,
      "highlight_ratio": 0.1326744556427002,
      "shadow_ratio": 0.1647348403930664,
      "midtone_ratio": 0.7025907039642334,
      "warm_color_ratio": 0.6926921425065445,
      "cool_color_ratio": 0.12106818553664922,
      "complementary_color_score": 2.5
    },
    "motion_dynamics": {
      "s_curve_count": 668,
      "motion_blur_score": 5.806041101761957,
      "dominant_direction_deg": 4.999999999999995,
      "direction_strength": 0.03857677519623646
    },
    "pattern_rhythm": {
      "repetition_score": 1.0,
      "rhythm_score": 1.0,
      "pattern_breaks": 35
    },
    "visual_mass_focus": {
      "point_of_interest": {
        "x": 0.6230366492146597,
        "y": 0.4140625,
        "strength": 1.0
      },
      "visual_mass_concentration": 0.19997034522251309,
      "mean_visual_weight": 0.1948968917131424,
      "face_count": 0,
      "has_directional_cues": 0
    },
    "framing_breathing": {
      "frame_in_frame_count": 0,
      "breathing_space": {
        "top": 0.6953125,
        "bottom": 0.0,
        "left": 0.331151832460733,
        "right": 0.0,
        "min_margin": 0.0,
        "mean_margin": 0.25661608311518325
      },
      "corner_anchors": {
        "top_left": 0.43522197008132935,
        "top_right": 0.586242139339447,
        "bottom_left": 0.32171541452407837,
        "bottom_right": 0.5177666544914246,
        "max_corner_weight": 0.586242139339447,
        "has_corner_subject": 1
      }
    }
  }
}