{
  "meta": {
    "_dataset": "tvm_data",
    "_label": "testImages_artphoto",
    "_relpath": "testImages_artphoto/sad_0300.jpg",
    "_filename": "sad_0300.jpg",
    "_width": 447,
    "_height": 447
  },
  "features": {
    "geometric_structural": {
      "leading_lines": {
        "diagonal": 0,
        "vertical": 0,
        "horizontal": 0,
        "curved": 62
      },
      "leading_lines_strength": 0.12109375,
      "symmetry_vertical": 0.6065217661354572,
      "symmetry_horizontal": 0.19583858256535974,
      "symmetry_radial": 0.2592025909616031,
      "rule_of_thirds": {
        "alignment_score": 2,
        "num_salient_objects": 6
      },
      "golden_ratio": {
        "golden_alignment_score": 5
      },
      "balance": {
        "static_balance": 0.9688619375228882,
        "dynamic_balance": 1.0,
        "dominant_quadrant": 3
      },
      "layering": {
        "foreground_ratio": 0.22603988647460938,
        "midground_ratio": 0.4141693115234375,
        "background_ratio": 0.3597908020019531,
        "depth_complexity": 0.06728894584573572
      }
    },
    "spatial_layout": {
      "negative_space_ratio": 0.6426277160644531,
      "subject_isolation": 0.10000228881835938,
      "depth_of_field": {
        "blur_gradient_strength": 67.59830426158815,
        "sharpness_variance": 28761.68441286054,
        "min_sharpness": 0.09455003628125758,
        "max_sharpness": 1113.335918918004
      },
      "perspective": {
        "has_vanishing_point": 1,
        "perspective_strength": 0.5
      }
    },
    "contrast_color": {
      "high_contrast_ratio": 0.2778167724609375,
      "low_contrast_ratio": 0.7221832275390625,
      "mean_contrast": 19.004262924194336,
      "highlight_ratio": 0.0150146484375,
      "shadow_ratio": 0.592041015625,
      "midtone_ratio": 0.3929443359375,
      "warm_color_ratio": 0.4290924072265625,
      "cool_color_ratio": 0.4392738342285156,
      "complementary_color_score": 2.5
    },
    "motion_dynamics": {
      "s_curve_count": 55,
      "motion_blur_score": 6.297959913156744,
      "dominant_direction_deg": 4.999999999999995,
      "direction_strength": 0.16615676879819427
    },
    "pattern_rhythm": {
      "repetition_score": 1.0,
      "rhythm_score": 1.0,
      "pattern_breaks": 5
    },
    "visual_mass_focus": {
      "point_of_interest": {
        "x": 0.525390625,
        "y": 0.498046875,
        "strength": 1.0
      },
      "visual_mass_concentration": 0.19998550415039062,
      "mean_visual_weight": 0.12199801951646805,
      "face_count": 0,
      "has_directional_cues": 0
    },
    "framing_breathing": {
      "frame_in_frame_count": 0,
      "breathing_space": {
        "top": 0.482421875,
        "bottom": 0.390625,
        "left": 0.546875,
        "right": 0.369140625,
        "min_margin": 0.369140625,
        "mean_margin": 0.447265625
      },
      "corner_anchors": {
        "top_left": 0.26847636699676514,
        "top_right": 0.2634150981903076,
        "bottom_left": 0.1301337629556656,
        "bottom_right": 0.1623511016368866,
        "max_corner_weight": 0.26847636699676514,
        "has_corner_subject": 0
      }
    }
  }
}