{
  "meta": {
    "_dataset": "tvm_data",
    "_label": "testImages_artphoto",
    "_relpath": "testImages_artphoto/sad_0390.jpg",
    "_filename": "sad_0390.jpg",
    "_width": 409,
    "_height": 489
  },
  "features": {
    "geometric_structural": {
      "leading_lines": {
        "diagonal": 103,
        "vertical": 26,
        "horizontal": 23,
        "curved": 483
      },
      "leading_lines_strength": 1.0375816993464053,
      "symmetry_vertical": 0.21330133472860893,
      "symmetry_horizontal": 0.1588848140708888,
      "symmetry_radial": 0.12054708905578022,
      "rule_of_thirds": {
        "alignment_score": 0,
        "num_salient_objects": 62
      },
      "golden_ratio": {
        "golden_alignment_score": 0
      },
      "balance": {
        "static_balance": 0.9426314830780029,
        "dynamic_balance": 1.0,
        "dominant_quadrant": 1
      },
      "layering": {
        "foreground_ratio": 0.3277260774101307,
        "midground_ratio": 0.325054891748366,
        "background_ratio": 0.3472190308415033,
        "depth_complexity": 0.3468659967739093
      }
    },
    "spatial_layout": {
      "negative_space_ratio": 0.7061376633986928,
      "subject_isolation": 0.10000191482843138,
      "depth_of_field": {
        "blur_gradient_strength": 237.48811456764076,
        "sharpness_variance": 219445.38854815453,
        "min_sharpness": 12.811531837708888,
        "max_sharpness": 2335.2507689350246
      },
      "perspective": {
        "has_vanishing_point": 1,
        "perspective_strength": 0.9999450227239408
      }
    },
    "contrast_color": {
      "high_contrast_ratio": 0.4990234375,
      "low_contrast_ratio": 0.5009765625,
      "mean_contrast": 26.821758270263672,
      "highlight_ratio": 0.10147633403539658,
      "shadow_ratio": 0.31382760405540466,
      "midtone_ratio": 0.5846960544586182,
      "warm_color_ratio": 0.1458429074754902,
      "cool_color_ratio": 0.484375,
      "complementary_color_score": 2.2777777777777777
    },
    "motion_dynamics": {
      "s_curve_count": 429,
      "motion_blur_score": 6.247375311468397,
      "dominant_direction_deg": 4.999999999999995,
      "direction_strength": 0.044063393586460685
    },
    "pattern_rhythm": {
      "repetition_score": 1.0,
      "rhythm_score": 1.0,
      "pattern_breaks": 8
    },
    "visual_mass_focus": {
      "point_of_interest": {
        "x": 0.501953125,
        "y": 0.0915032679738562,
        "strength": 1.0
      },
      "visual_mass_concentration": 0.19986979166666666,
      "mean_visual_weight": 0.09691698104143143,
      "face_count": 0,
      "has_directional_cues": 0
    },
    "framing_breathing": {
      "frame_in_frame_count": 0,
      "breathing_space": {
        "top": 0.0,
        "bottom": 0.7401960784313726,
        "left": 0.169921875,
        "right": 0.34375,
        "min_margin": 0.0,
        "mean_margin": 0.31346698835784315
      },
      "corner_anchors": {
        "top_left": 0.32154807448387146,
        "top_right": 0.3926737904548645,
        "bottom_left": 0.4411049783229828,
        "bottom_right": 0.44026628136634827,
        "max_corner_weight": 0.4411049783229828,
        "has_corner_subject": 1
      }
    }
  }
}