{
  "meta": {
    "_dataset": "tvm_data",
    "_label": "testImages_artphoto",
    "_relpath": "testImages_artphoto/sad_0301.jpg",
    "_filename": "sad_0301.jpg",
    "_width": 447,
    "_height": 447
  },
  "features": {
    "geometric_structural": {
      "leading_lines": {
        "diagonal": 43,
        "vertical": 0,
        "horizontal": 19,
        "curved": 199
      },
      "leading_lines_strength": 0.509765625,
      "symmetry_vertical": 0.463095664724475,
      "symmetry_horizontal": 0.37351561837864355,
      "symmetry_radial": 0.3325052025858561,
      "rule_of_thirds": {
        "alignment_score": 1,
        "num_salient_objects": 10
      },
      "golden_ratio": {
        "golden_alignment_score": 1
      },
      "balance": {
        "static_balance": 0.8158189058303833,
        "dynamic_balance": 1.0,
        "dominant_quadrant": 3
      },
      "layering": {
        "foreground_ratio": 0.29288482666015625,
        "midground_ratio": 0.2080230712890625,
        "background_ratio": 0.49909210205078125,
        "depth_complexity": 0.15693722075059485
      }
    },
    "spatial_layout": {
      "negative_space_ratio": 0.7896308898925781,
      "subject_isolation": 0.10000228881835938,
      "depth_of_field": {
        "blur_gradient_strength": 124.31720075319737,
        "sharpness_variance": 51417.195012195494,
        "min_sharpness": 1.1168767934611257,
        "max_sharpness": 993.9950019223376
      },
      "perspective": {
        "has_vanishing_point": 1,
        "perspective_strength": 0.9986429312684602
      }
    },
    "contrast_color": {
      "high_contrast_ratio": 0.378204345703125,
      "low_contrast_ratio": 0.621795654296875,
      "mean_contrast": 22.245378494262695,
      "highlight_ratio": 0.039348602294921875,
      "shadow_ratio": 0.5293350219726562,
      "midtone_ratio": 0.4313163757324219,
      "warm_color_ratio": 0.9769172668457031,
      "cool_color_ratio": 0.00022125244140625,
      "complementary_color_score": 2.0555555555555554
    },
    "motion_dynamics": {
      "s_curve_count": 190,
      "motion_blur_score": 6.361505221717078,
      "dominant_direction_deg": 95.0,
      "direction_strength": 0.13172912597605999
    },
    "pattern_rhythm": {
      "repetition_score": 1.0,
      "rhythm_score": 1.0,
      "pattern_breaks": 2
    },
    "visual_mass_focus": {
      "point_of_interest": {
        "x": 0.919921875,
        "y": 0.52734375,
        "strength": 1.0
      },
      "visual_mass_concentration": 0.19969558715820312,
      "mean_visual_weight": 0.15001799166202545,
      "face_count": 0,
      "has_directional_cues": 0
    },
    "framing_breathing": {
      "frame_in_frame_count": 0,
      "breathing_space": {
        "top": 0.3671875,
        "bottom": 0.36328125,
        "left": 0.833984375,
        "right": 0.0,
        "min_margin": 0.0,
        "mean_margin": 0.39111328125
      },
      "corner_anchors": {
        "top_left": 0.20142671465873718,
        "top_right": 0.15744948387145996,
        "bottom_left": 0.19667384028434753,
        "bottom_right": 0.20628780126571655,
        "max_corner_weight": 0.20628780126571655,
        "has_corner_subject": 0
      }
    }
  }
}