{
  "meta": {
    "_dataset": "tvm_data",
    "_label": "testImages_artphoto",
    "_relpath": "testImages_artphoto/sad_0382.jpg",
    "_filename": "sad_0382.jpg",
    "_width": 390,
    "_height": 513
  },
  "features": {
    "geometric_structural": {
      "leading_lines": {
        "diagonal": 0,
        "vertical": 2,
        "horizontal": 0,
        "curved": 84
      },
      "leading_lines_strength": 0.1277860326894502,
      "symmetry_vertical": 0.4327867222738467,
      "symmetry_horizontal": 0.39003795874452635,
      "symmetry_radial": 0.3158290047565468,
      "rule_of_thirds": {
        "alignment_score": 0,
        "num_salient_objects": 7
      },
      "golden_ratio": {
        "golden_alignment_score": 3
      },
      "balance": {
        "static_balance": 0.8238871097564697,
        "dynamic_balance": 1.0,
        "dominant_quadrant": 2
      },
      "layering": {
        "foreground_ratio": 0.31231136236998513,
        "midground_ratio": 0.16904253343239228,
        "background_ratio": 0.5186461041976226,
        "depth_complexity": 0.10124408036156095
      }
    },
    "spatial_layout": {
      "negative_space_ratio": 0.747396800705795,
      "subject_isolation": 0.10000116084695394,
      "depth_of_field": {
        "blur_gradient_strength": 146.8055373094892,
        "sharpness_variance": 60914.16137127398,
        "min_sharpness": 3.7698000768935023,
        "max_sharpness": 1496.6043829296425
      },
      "perspective": {
        "has_vanishing_point": 1,
        "perspective_strength": 0.9769230769230769
      }
    },
    "contrast_color": {
      "high_contrast_ratio": 0.3954773402674591,
      "low_contrast_ratio": 0.6045226597325408,
      "mean_contrast": 20.924049377441406,
      "highlight_ratio": 0.04338665306568146,
      "shadow_ratio": 0.6668050289154053,
      "midtone_ratio": 0.28980833292007446,
      "warm_color_ratio": 0.6156522799034175,
      "cool_color_ratio": 0.0029543554977711738,
      "complementary_color_score": 0.7222222222222222
    },
    "motion_dynamics": {
      "s_curve_count": 168,
      "motion_blur_score": 7.959380890337525,
      "dominant_direction_deg": 4.999999999999995,
      "direction_strength": 0.060474322065203395
    },
    "pattern_rhythm": {
      "repetition_score": 1.0,
      "rhythm_score": 1.0,
      "pattern_breaks": 4
    },
    "visual_mass_focus": {
      "point_of_interest": {
        "x": 0.490234375,
        "y": 0.763744427934621,
        "strength": 1.0
      },
      "visual_mass_concentration": 0.1999907132243685,
      "mean_visual_weight": 0.13285213708877563,
      "face_count": 0,
      "has_directional_cues": 0
    },
    "framing_breathing": {
      "frame_in_frame_count": 0,
      "breathing_space": {
        "top": 0.4710252600297177,
        "bottom": 0.06686478454680535,
        "left": 0.296875,
        "right": 0.41015625,
        "min_margin": 0.06686478454680535,
        "mean_margin": 0.3112303236441307
      },
      "corner_anchors": {
        "top_left": 0.3902859687805176,
        "top_right": 0.08979122340679169,
        "bottom_left": 0.2708871364593506,
        "bottom_right": 0.2064097374677658,
        "max_corner_weight": 0.3902859687805176,
        "has_corner_subject": 1
      }
    }
  }
}