{
  "meta": {
    "_dataset": "tvm_data",
    "_label": "testImages_artphoto",
    "_relpath": "testImages_artphoto/sad_0296.jpg",
    "_filename": "sad_0296.jpg",
    "_width": 516,
    "_height": 387
  },
  "features": {
    "geometric_structural": {
      "leading_lines": {
        "diagonal": 2,
        "vertical": 3,
        "horizontal": 10,
        "curved": 237
      },
      "leading_lines_strength": 0.3689604685212299,
      "symmetry_vertical": 0.37871184765187016,
      "symmetry_horizontal": 0.3197603900638824,
      "symmetry_radial": 0.24406137349418336,
      "rule_of_thirds": {
        "alignment_score": 0,
        "num_salient_objects": 57
      },
      "golden_ratio": {
        "golden_alignment_score": 1
      },
      "balance": {
        "static_balance": 0.8543047904968262,
        "dynamic_balance": 1.0,
        "dominant_quadrant": 0
      },
      "layering": {
        "foreground_ratio": 0.3253254255124451,
        "midground_ratio": 0.2137942670204978,
        "background_ratio": 0.4608803074670571,
        "depth_complexity": 0.10251929348700413
      }
    },
    "spatial_layout": {
      "negative_space_ratio": 0.5631777315153733,
      "subject_isolation": 0.10000114385065886,
      "depth_of_field": {
        "blur_gradient_strength": 86.89689507306753,
        "sharpness_variance": 19246.51530599835,
        "min_sharpness": 1.7550476327310898,
        "max_sharpness": 717.596072607451
      },
      "perspective": {
        "has_vanishing_point": 1,
        "perspective_strength": 0.9464636542239686
      }
    },
    "contrast_color": {
      "high_contrast_ratio": 0.43049105508784774,
      "low_contrast_ratio": 0.5695089449121522,
      "mean_contrast": 27.453670501708984,
      "highlight_ratio": 0.06320346891880035,
      "shadow_ratio": 0.09680408239364624,
      "midtone_ratio": 0.8399924635887146,
      "warm_color_ratio": 0.44136621522694,
      "cool_color_ratio": 0.0020303349194729136,
      "complementary_color_score": 2.5555555555555554
    },
    "motion_dynamics": {
      "s_curve_count": 246,
      "motion_blur_score": 9.4005761869719,
      "dominant_direction_deg": -85.0,
      "direction_strength": 0.0616392523790331
    },
    "pattern_rhythm": {
      "repetition_score": 1.0,
      "rhythm_score": 1.0,
      "pattern_breaks": 5
    },
    "visual_mass_focus": {
      "point_of_interest": {
        "x": 0.3616398243045388,
        "y": 0.220703125,
        "strength": 1.0
      },
      "visual_mass_concentration": 0.1998621659956076,
      "mean_visual_weight": 0.1605147123336792,
      "face_count": 0,
      "has_directional_cues": 0
    },
    "framing_breathing": {
      "frame_in_frame_count": 0,
      "breathing_space": {
        "top": 0.0,
        "bottom": 0.74609375,
        "left": 0.032210834553440704,
        "right": 0.30600292825768666,
        "min_margin": 0.0,
        "mean_margin": 0.2710768782027818
      },
      "corner_anchors": {
        "top_left": 0.2050083577632904,
        "top_right": 0.16571776568889618,
        "bottom_left": 0.25154513120651245,
        "bottom_right": 0.23603859543800354,
        "max_corner_weight": 0.25154513120651245,
        "has_corner_subject": 0
      }
    }
  }
}