{
  "meta": {
    "_dataset": "tvm_data",
    "_label": "testImages_artphoto",
    "_relpath": "testImages_artphoto/sad_0294.jpg",
    "_filename": "sad_0294.jpg",
    "_width": 439,
    "_height": 455
  },
  "features": {
    "geometric_structural": {
      "leading_lines": {
        "diagonal": 0,
        "vertical": 0,
        "horizontal": 0,
        "curved": 59
      },
      "leading_lines_strength": 0.1111111111111111,
      "symmetry_vertical": 0.21875337440767587,
      "symmetry_horizontal": 0.24349033548331112,
      "symmetry_radial": 0.20622870807265362,
      "rule_of_thirds": {
        "alignment_score": 1,
        "num_salient_objects": 11
      },
      "golden_ratio": {
        "golden_alignment_score": 1
      },
      "balance": {
        "static_balance": 0.8949321508407593,
        "dynamic_balance": 1.0,
        "dominant_quadrant": 2
      },
      "layering": {
        "foreground_ratio": 0.2903719397363465,
        "midground_ratio": 0.1331582509416196,
        "background_ratio": 0.5764698093220338,
        "depth_complexity": 0.09218612439073465
      }
    },
    "spatial_layout": {
      "negative_space_ratio": 0.6164739289077212,
      "subject_isolation": 0.10000294256120527,
      "depth_of_field": {
        "blur_gradient_strength": 130.67394465103214,
        "sharpness_variance": 41345.91669361246,
        "min_sharpness": 1.500747723534009,
        "max_sharpness": 1165.720492118416
      },
      "perspective": {
        "has_vanishing_point": 1,
        "perspective_strength": 0.8
      }
    },
    "contrast_color": {
      "high_contrast_ratio": 0.409130031779661,
      "low_contrast_ratio": 0.590869968220339,
      "mean_contrast": 29.053558349609375,
      "highlight_ratio": 0.07393920421600342,
      "shadow_ratio": 0.3991142809391022,
      "midtone_ratio": 0.5269465446472168,
      "warm_color_ratio": 0.3532360816854991,
      "cool_color_ratio": 0.3198600812146893,
      "complementary_color_score": 2.2777777777777777
    },
    "motion_dynamics": {
      "s_curve_count": 179,
      "motion_blur_score": 8.388377278434186,
      "dominant_direction_deg": 4.999999999999995,
      "direction_strength": 0.07670889241968018
    },
    "pattern_rhythm": {
      "repetition_score": 1.0,
      "rhythm_score": 1.0,
      "pattern_breaks": 4
    },
    "visual_mass_focus": {
      "point_of_interest": {
        "x": 0.482421875,
        "y": 0.8436911487758946,
        "strength": 1.0
      },
      "visual_mass_concentration": 0.19996910310734464,
      "mean_visual_weight": 0.09235698729753494,
      "face_count": 0,
      "has_directional_cues": 0
    },
    "framing_breathing": {
      "frame_in_frame_count": 0,
      "breathing_space": {
        "top": 0.6384180790960452,
        "bottom": 0.0,
        "left": 0.341796875,
        "right": 0.47265625,
        "min_margin": 0.0,
        "mean_margin": 0.3632178010240113
      },
      "corner_anchors": {
        "top_left": 0.22673124074935913,
        "top_right": 0.38858655095100403,
        "bottom_left": 0.46800756454467773,
        "bottom_right": 0.5588914155960083,
        "max_corner_weight": 0.5588914155960083,
        "has_corner_subject": 1
      }
    }
  }
}