{
  "meta": {
    "_dataset": "tvm_data",
    "_label": "testImages_artphoto",
    "_relpath": "testImages_artphoto/sad_0620.jpg",
    "_filename": "sad_0620.jpg",
    "_width": 518,
    "_height": 386
  },
  "features": {
    "geometric_structural": {
      "leading_lines": {
        "diagonal": 74,
        "vertical": 4,
        "horizontal": 19,
        "curved": 231
      },
      "leading_lines_strength": 0.4774381368267831,
      "symmetry_vertical": 0.26652474162659406,
      "symmetry_horizontal": 0.2383284316157564,
      "symmetry_radial": 0.16030797171678465,
      "rule_of_thirds": {
        "alignment_score": 1,
        "num_salient_objects": 10
      },
      "golden_ratio": {
        "golden_alignment_score": 4
      },
      "balance": {
        "static_balance": 0.9383726119995117,
        "dynamic_balance": 1.0,
        "dominant_quadrant": 3
      },
      "layering": {
        "foreground_ratio": 0.31542258005822416,
        "midground_ratio": 0.2556887963973799,
        "background_ratio": 0.42888862354439594,
        "depth_complexity": 0.25509522229178905
      }
    },
    "spatial_layout": {
      "negative_space_ratio": 0.5453483215065502,
      "subject_isolation": 0.1000017057860262,
      "depth_of_field": {
        "blur_gradient_strength": 195.83933901132488,
        "sharpness_variance": 91261.9365623257,
        "min_sharpness": 1.7643214148404462,
        "max_sharpness": 1262.5724657700487
      },
      "perspective": {
        "has_vanishing_point": 1,
        "perspective_strength": 0.9995607774239595
      }
    },
    "contrast_color": {
      "high_contrast_ratio": 0.4892023744541485,
      "low_contrast_ratio": 0.5107976255458515,
      "mean_contrast": 25.84864044189453,
      "highlight_ratio": 0.001509620575234294,
      "shadow_ratio": 0.3320625126361847,
      "midtone_ratio": 0.6664278507232666,
      "warm_color_ratio": 0.36564944959970885,
      "cool_color_ratio": 0.0,
      "complementary_color_score": 0.0
    },
    "motion_dynamics": {
      "s_curve_count": 285,
      "motion_blur_score": 6.954464829275184,
      "dominant_direction_deg": 4.999999999999995,
      "direction_strength": 0.05285662299839412
    },
    "pattern_rhythm": {
      "repetition_score": 1.0,
      "rhythm_score": 1.0,
      "pattern_breaks": 7
    },
    "visual_mass_focus": {
      "point_of_interest": {
        "x": 0.438136826783115,
        "y": 0.8828125,
        "strength": 1.0
      },
      "visual_mass_concentration": 0.19980156022561862,
      "mean_visual_weight": 0.055279798805713654,
      "face_count": 0,
      "has_directional_cues": 0
    },
    "framing_breathing": {
      "frame_in_frame_count": 0,
      "breathing_space": {
        "top": 0.81640625,
        "bottom": 0.0,
        "left": 0.048034934497816595,
        "right": 0.75254730713246,
        "min_margin": 0.0,
        "mean_margin": 0.40424712290756915
      },
      "corner_anchors": {
        "top_left": 0.19438688457012177,
        "top_right": 0.09503234177827835,
        "bottom_left": 0.4334583878517151,
        "bottom_right": 0.23020179569721222,
        "max_corner_weight": 0.4334583878517151,
        "has_corner_subject": 1
      }
    }
  }
}