{
  "meta": {
    "_dataset": "tvm_data",
    "_label": "testImages_artphoto",
    "_relpath": "testImages_artphoto/sad_0422.jpg",
    "_filename": "sad_0422.jpg",
    "_width": 403,
    "_height": 496
  },
  "features": {
    "geometric_structural": {
      "leading_lines": {
        "diagonal": 0,
        "vertical": 0,
        "horizontal": 0,
        "curved": 3
      },
      "leading_lines_strength": 0.004761904761904762,
      "symmetry_vertical": 0.6762119440373787,
      "symmetry_horizontal": 0.3841857466942769,
      "symmetry_radial": 0.3702954264063751,
      "rule_of_thirds": {
        "alignment_score": 0,
        "num_salient_objects": 1
      },
      "golden_ratio": {
        "golden_alignment_score": 1
      },
      "balance": {
        "static_balance": 0.887427806854248,
        "dynamic_balance": 1.0,
        "dominant_quadrant": 1
      },
      "layering": {
        "foreground_ratio": 0.30614459325396826,
        "midground_ratio": 0.0,
        "background_ratio": 0.6938554067460317,
        "depth_complexity": 0.011517475749011245
      }
    },
    "spatial_layout": {
      "negative_space_ratio": 0.7902684771825397,
      "subject_isolation": 0.1,
      "depth_of_field": {
        "blur_gradient_strength": 3.956095166484395,
        "sharpness_variance": 41.58850018659668,
        "min_sharpness": 0.2222222222222222,
        "max_sharpness": 44.58334497378571
      },
      "perspective": {
        "has_vanishing_point": 0,
        "perspective_strength": 0.0
      }
    },
    "contrast_color": {
      "high_contrast_ratio": 0.27447916666666666,
      "low_contrast_ratio": 0.7255208333333334,
      "mean_contrast": 10.798480033874512,
      "highlight_ratio": 0.01812995970249176,
      "shadow_ratio": 0.6724268198013306,
      "midtone_ratio": 0.30944323539733887,
      "warm_color_ratio": 0.9982266865079366,
      "cool_color_ratio": 0.0,
      "complementary_color_score": 0.0
    },
    "motion_dynamics": {
      "s_curve_count": 8,
      "motion_blur_score": 15.091618072562115,
      "dominant_direction_deg": 4.999999999999995,
      "direction_strength": 0.06277591765853555
    },
    "pattern_rhythm": {
      "repetition_score": 1.0,
      "rhythm_score": 1.0,
      "pattern_breaks": 1
    },
    "visual_mass_focus": {
      "point_of_interest": {
        "x": 0.35546875,
        "y": 0.5317460317460317,
        "strength": 1.0
      },
      "visual_mass_concentration": 0.19973338293650794,
      "mean_visual_weight": 0.2623158097267151,
      "face_count": 0,
      "has_directional_cues": 0
    },
    "framing_breathing": {
      "frame_in_frame_count": 0,
      "breathing_space": {
        "top": 0.25555555555555554,
        "bottom": 0.6063492063492063,
        "left": 0.46484375,
        "right": 0.2890625,
        "min_margin": 0.25555555555555554,
        "mean_margin": 0.4039527529761905
      },
      "corner_anchors": {
        "top_left": 0.028385719284415245,
        "top_right": 0.04871860146522522,
        "bottom_left": 0.14104297757148743,
        "bottom_right": 0.1972377598285675,
        "max_corner_weight": 0.1972377598285675,
        "has_corner_subject": 0
      }
    }
  }
}