{
  "meta": {
    "_dataset": "tvm_data",
    "_label": "testImages_artphoto",
    "_relpath": "testImages_artphoto/sad_0419.jpg",
    "_filename": "sad_0419.jpg",
    "_width": 499,
    "_height": 401
  },
  "features": {
    "geometric_structural": {
      "leading_lines": {
        "diagonal": 11,
        "vertical": 0,
        "horizontal": 11,
        "curved": 276
      },
      "leading_lines_strength": 0.46781789638932497,
      "symmetry_vertical": 0.287367287877525,
      "symmetry_horizontal": 0.11385714399907321,
      "symmetry_radial": 0.1321872377114535,
      "rule_of_thirds": {
        "alignment_score": 0,
        "num_salient_objects": 2
      },
      "golden_ratio": {
        "golden_alignment_score": 0
      },
      "balance": {
        "static_balance": 0.8630414009094238,
        "dynamic_balance": 1.0,
        "dominant_quadrant": 1
      },
      "layering": {
        "foreground_ratio": 0.3251079277864992,
        "midground_ratio": 0.19608209870486656,
        "background_ratio": 0.47880997350863425,
        "depth_complexity": 0.1312620198420605
      }
    },
    "spatial_layout": {
      "negative_space_ratio": 0.6369487097723705,
      "subject_isolation": 0.10000183967817897,
      "depth_of_field": {
        "blur_gradient_strength": 92.80687683920765,
        "sharpness_variance": 24873.33965206647,
        "min_sharpness": 0.0,
        "max_sharpness": 678.1023801066665
      },
      "perspective": {
        "has_vanishing_point": 1,
        "perspective_strength": 0.997355663287792
      }
    },
    "contrast_color": {
      "high_contrast_ratio": 0.38655317896389324,
      "low_contrast_ratio": 0.6134468210361068,
      "mean_contrast": 18.38222312927246,
      "highlight_ratio": 0.012684580869972706,
      "shadow_ratio": 0.5964972376823425,
      "midtone_ratio": 0.39081817865371704,
      "warm_color_ratio": 0.005994284733124019,
      "cool_color_ratio": 0.42974269034536894,
      "complementary_color_score": 2.2222222222222223
    },
    "motion_dynamics": {
      "s_curve_count": 270,
      "motion_blur_score": 6.66140342249287,
      "dominant_direction_deg": 4.999999999999995,
      "direction_strength": 0.15773707319417885
    },
    "pattern_rhythm": {
      "repetition_score": 1.0,
      "rhythm_score": 1.0,
      "pattern_breaks": 2
    },
    "visual_mass_focus": {
      "point_of_interest": {
        "x": 0.8885400313971743,
        "y": 0.0234375,
        "strength": 1.0
      },
      "visual_mass_concentration": 0.1995498920722135,
      "mean_visual_weight": 0.02850186638534069,
      "face_count": 0,
      "has_directional_cues": 0
    },
    "framing_breathing": {
      "frame_in_frame_count": 0,
      "breathing_space": {
        "top": 0.0,
        "bottom": 0.9375,
        "left": 0.8131868131868132,
        "right": 0.0,
        "min_margin": 0.0,
        "mean_margin": 0.4376717032967033
      },
      "corner_anchors": {
        "top_left": 0.2953459918498993,
        "top_right": 0.3977035880088806,
        "bottom_left": 0.23191650211811066,
        "bottom_right": 0.25886398553848267,
        "max_corner_weight": 0.3977035880088806,
        "has_corner_subject": 1
      }
    }
  }
}