{
  "meta": {
    "_dataset": "tvm_data",
    "_label": "testImages_artphoto",
    "_relpath": "testImages_artphoto/sad_0451.jpg",
    "_filename": "sad_0451.jpg",
    "_width": 550,
    "_height": 363
  },
  "features": {
    "geometric_structural": {
      "leading_lines": {
        "diagonal": 92,
        "vertical": 1,
        "horizontal": 1,
        "curved": 228
      },
      "leading_lines_strength": 0.41494845360824745,
      "symmetry_vertical": 0.22057257990977275,
      "symmetry_horizontal": 0.3502522578145421,
      "symmetry_radial": 0.176032477246684,
      "rule_of_thirds": {
        "alignment_score": 0,
        "num_salient_objects": 13
      },
      "golden_ratio": {
        "golden_alignment_score": 1
      },
      "balance": {
        "static_balance": 0.8445652723312378,
        "dynamic_balance": 1.0,
        "dominant_quadrant": 1
      },
      "layering": {
        "foreground_ratio": 0.339038337628866,
        "midground_ratio": 0.10168834568298969,
        "background_ratio": 0.5592733166881443,
        "depth_complexity": 0.1746986272357542
      }
    },
    "spatial_layout": {
      "negative_space_ratio": 0.6932058432667526,
      "subject_isolation": 0.09999949661726804,
      "depth_of_field": {
        "blur_gradient_strength": 126.93562837356504,
        "sharpness_variance": 70634.74755909861,
        "min_sharpness": 0.0,
        "max_sharpness": 1213.0515903370795
      },
      "perspective": {
        "has_vanishing_point": 1,
        "perspective_strength": 0.9986689310139074
      }
    },
    "contrast_color": {
      "high_contrast_ratio": 0.3678872019974227,
      "low_contrast_ratio": 0.6321127980025774,
      "mean_contrast": 21.629074096679688,
      "highlight_ratio": 0.20648004114627838,
      "shadow_ratio": 0.37474578619003296,
      "midtone_ratio": 0.41877418756484985,
      "warm_color_ratio": 0.007158102448453608,
      "cool_color_ratio": 0.0005033827319587628,
      "complementary_color_score": 2.2777777777777777
    },
    "motion_dynamics": {
      "s_curve_count": 242,
      "motion_blur_score": 9.951036631362006,
      "dominant_direction_deg": 4.999999999999995,
      "direction_strength": 0.1109254188141538
    },
    "pattern_rhythm": {
      "repetition_score": 1.0,
      "rhythm_score": 1.0,
      "pattern_breaks": 5
    },
    "visual_mass_focus": {
      "point_of_interest": {
        "x": 0.8440721649484536,
        "y": 0.431640625,
        "strength": 1.0
      },
      "visual_mass_concentration": 0.19858197084407217,
      "mean_visual_weight": 0.018798353150486946,
      "face_count": 0,
      "has_directional_cues": 0
    },
    "framing_breathing": {
      "frame_in_frame_count": 0,
      "breathing_space": {
        "top": 0.0,
        "bottom": 0.10546875,
        "left": 0.6172680412371134,
        "right": 0.0,
        "min_margin": 0.0,
        "mean_margin": 0.18068419780927836
      },
      "corner_anchors": {
        "top_left": 0.47781625390052795,
        "top_right": 0.3625149428844452,
        "bottom_left": 0.5034840703010559,
        "bottom_right": 0.43350455164909363,
        "max_corner_weight": 0.5034840703010559,
        "has_corner_subject": 1
      }
    }
  }
}