{
  "meta": {
    "_dataset": "tvm_data",
    "_label": "testImages_artphoto",
    "_relpath": "testImages_artphoto/sad_0462.jpg",
    "_filename": "sad_0462.jpg",
    "_width": 552,
    "_height": 362
  },
  "features": {
    "geometric_structural": {
      "leading_lines": {
        "diagonal": 0,
        "vertical": 0,
        "horizontal": 0,
        "curved": 35
      },
      "leading_lines_strength": 0.04481434058898848,
      "symmetry_vertical": 0.4681977448979631,
      "symmetry_horizontal": 0.4741380733085889,
      "symmetry_radial": 0.3350293368351463,
      "rule_of_thirds": {
        "alignment_score": 1,
        "num_salient_objects": 18
      },
      "golden_ratio": {
        "golden_alignment_score": 6
      },
      "balance": {
        "static_balance": 0.8885899782180786,
        "dynamic_balance": 1.0,
        "dominant_quadrant": 3
      },
      "layering": {
        "foreground_ratio": 0.27349751920614596,
        "midground_ratio": 0.28196772967349554,
        "background_ratio": 0.4445347511203585,
        "depth_complexity": 0.06127482021438937
      }
    },
    "spatial_layout": {
      "negative_space_ratio": 0.7285706426056338,
      "subject_isolation": 0.10000200064020487,
      "depth_of_field": {
        "blur_gradient_strength": 55.96841512042133,
        "sharpness_variance": 10830.47773667623,
        "min_sharpness": 0.34984415097201105,
        "max_sharpness": 575.0074603843996
      },
      "perspective": {
        "has_vanishing_point": 1,
        "perspective_strength": 0.8333333333333334
      }
    },
    "contrast_color": {
      "high_contrast_ratio": 0.3395136443661972,
      "low_contrast_ratio": 0.6604863556338028,
      "mean_contrast": 21.78615951538086,
      "highlight_ratio": 0.07561169564723969,
      "shadow_ratio": 0.6929417252540588,
      "midtone_ratio": 0.23144656419754028,
      "warm_color_ratio": 0.13907700464148529,
      "cool_color_ratio": 0.018340869078104994,
      "complementary_color_score": 2.1666666666666665
    },
    "motion_dynamics": {
      "s_curve_count": 71,
      "motion_blur_score": 8.224709848853916,
      "dominant_direction_deg": 4.999999999999995,
      "direction_strength": 0.19397207106225497
    },
    "pattern_rhythm": {
      "repetition_score": 1.0,
      "rhythm_score": 1.0,
      "pattern_breaks": 10
    },
    "visual_mass_focus": {
      "point_of_interest": {
        "x": 0.6030729833546735,
        "y": 0.583984375,
        "strength": 1.0
      },
      "visual_mass_concentration": 0.19996648927656852,
      "mean_visual_weight": 0.1393296867609024,
      "face_count": 1,
      "has_directional_cues": 1
    },
    "framing_breathing": {
      "frame_in_frame_count": 0,
      "breathing_space": {
        "top": 0.40234375,
        "bottom": 0.0859375,
        "left": 0.48911651728553135,
        "right": 0.33162612035851474,
        "min_margin": 0.0859375,
        "mean_margin": 0.3272559719110115
      },
      "corner_anchors": {
        "top_left": 0.2182077020406723,
        "top_right": 0.23233050107955933,
        "bottom_left": 0.23338980972766876,
        "bottom_right": 0.5039144158363342,
        "max_corner_weight": 0.5039144158363342,
        "has_corner_subject": 1
      }
    }
  }
}