{
  "meta": {
    "_dataset": "tvm_data",
    "_label": "testImages_artphoto",
    "_relpath": "testImages_artphoto/sad_0617.jpg",
    "_filename": "sad_0617.jpg",
    "_width": 516,
    "_height": 387
  },
  "features": {
    "geometric_structural": {
      "leading_lines": {
        "diagonal": 5,
        "vertical": 2,
        "horizontal": 65,
        "curved": 351
      },
      "leading_lines_strength": 0.6193265007320644,
      "symmetry_vertical": 0.18043730754203868,
      "symmetry_horizontal": 0.20670778486782085,
      "symmetry_radial": 0.14848486857001855,
      "rule_of_thirds": {
        "alignment_score": 1,
        "num_salient_objects": 54
      },
      "golden_ratio": {
        "golden_alignment_score": 2
      },
      "balance": {
        "static_balance": 0.88791823387146,
        "dynamic_balance": 1.0,
        "dominant_quadrant": 0
      },
      "layering": {
        "foreground_ratio": 0.32361250915080525,
        "midground_ratio": 0.3120110038433382,
        "background_ratio": 0.3643764870058565,
        "depth_complexity": 0.658734147416639
      }
    },
    "spatial_layout": {
      "negative_space_ratio": 0.44635340409956076,
      "subject_isolation": 0.10000114385065886,
      "depth_of_field": {
        "blur_gradient_strength": 672.99923565402,
        "sharpness_variance": 2175455.5265148384,
        "min_sharpness": 6.9349770982414265,
        "max_sharpness": 14214.869374999998
      },
      "perspective": {
        "has_vanishing_point": 1,
        "perspective_strength": 0.9974131927171426
      }
    },
    "contrast_color": {
      "high_contrast_ratio": 0.4192927571376281,
      "low_contrast_ratio": 0.5807072428623719,
      "mean_contrast": 40.334800720214844,
      "highlight_ratio": 0.12448526918888092,
      "shadow_ratio": 0.16346484422683716,
      "midtone_ratio": 0.7120499014854431,
      "warm_color_ratio": 0.20350247071742314,
      "cool_color_ratio": 0.3807564284407028,
      "complementary_color_score": 2.1666666666666665
    },
    "motion_dynamics": {
      "s_curve_count": 313,
      "motion_blur_score": 7.286259484935733,
      "dominant_direction_deg": -85.0,
      "direction_strength": 0.06780746705690711
    },
    "pattern_rhythm": {
      "repetition_score": 1.0,
      "rhythm_score": 1.0,
      "pattern_breaks": 23
    },
    "visual_mass_focus": {
      "point_of_interest": {
        "x": 0.40263543191800877,
        "y": 0.37890625,
        "strength": 1.0
      },
      "visual_mass_concentration": 0.19982785047584187,
      "mean_visual_weight": 0.12921665608882904,
      "face_count": 0,
      "has_directional_cues": 0
    },
    "framing_breathing": {
      "frame_in_frame_count": 0,
      "breathing_space": {
        "top": 0.40234375,
        "bottom": 0.05859375,
        "left": 0.02342606149341142,
        "right": 0.5329428989751098,
        "min_margin": 0.02342606149341142,
        "mean_margin": 0.2543266151171303
      },
      "corner_anchors": {
        "top_left": 0.38039806485176086,
        "top_right": 0.4789789915084839,
        "bottom_left": 0.49716734886169434,
        "bottom_right": 0.3659352958202362,
        "max_corner_weight": 0.49716734886169434,
        "has_corner_subject": 1
      }
    }
  }
}