{
  "meta": {
    "_dataset": "tvm_data",
    "_label": "testImages_artphoto",
    "_relpath": "testImages_artphoto/sad_0628.jpg",
    "_filename": "sad_0628.jpg",
    "_width": 463,
    "_height": 432
  },
  "features": {
    "geometric_structural": {
      "leading_lines": {
        "diagonal": 2,
        "vertical": 1,
        "horizontal": 25,
        "curved": 165
      },
      "leading_lines_strength": 0.35154826958105645,
      "symmetry_vertical": 0.48296695847693605,
      "symmetry_horizontal": 0.46810006073346383,
      "symmetry_radial": 0.4224296671669423,
      "rule_of_thirds": {
        "alignment_score": 2,
        "num_salient_objects": 16
      },
      "golden_ratio": {
        "golden_alignment_score": 4
      },
      "balance": {
        "static_balance": 0.9301723837852478,
        "dynamic_balance": 1.0,
        "dominant_quadrant": 1
      },
      "layering": {
        "foreground_ratio": 0.2909195696721312,
        "midground_ratio": 0.11705586862477231,
        "background_ratio": 0.5920245617030966,
        "depth_complexity": 0.41346894826335984
      }
    },
    "spatial_layout": {
      "negative_space_ratio": 0.2789055384790528,
      "subject_isolation": 0.10000071152094718,
      "depth_of_field": {
        "blur_gradient_strength": 484.6039890096994,
        "sharpness_variance": 1628449.3713813284,
        "min_sharpness": 0.15839115497085748,
        "max_sharpness": 8925.435974186132
      },
      "perspective": {
        "has_vanishing_point": 1,
        "perspective_strength": 0.9849658314350798
      }
    },
    "contrast_color": {
      "high_contrast_ratio": 0.37720927254098363,
      "low_contrast_ratio": 0.6227907274590163,
      "mean_contrast": 17.58587646484375,
      "highlight_ratio": 0.0037176969926804304,
      "shadow_ratio": 0.05590775981545448,
      "midtone_ratio": 0.940374493598938,
      "warm_color_ratio": 0.012874971539162113,
      "cool_color_ratio": 0.0,
      "complementary_color_score": 0.1111111111111111
    },
    "motion_dynamics": {
      "s_curve_count": 152,
      "motion_blur_score": 12.839349923564193,
      "dominant_direction_deg": 4.999999999999995,
      "direction_strength": 0.11039247495406992
    },
    "pattern_rhythm": {
      "repetition_score": 1.0,
      "rhythm_score": 1.0,
      "pattern_breaks": 5
    },
    "visual_mass_focus": {
      "point_of_interest": {
        "x": 0.5555555555555556,
        "y": 0.703125,
        "strength": 1.0
      },
      "visual_mass_concentration": 0.19925432604735882,
      "mean_visual_weight": 0.046153828501701355,
      "face_count": 0,
      "has_directional_cues": 0
    },
    "framing_breathing": {
      "frame_in_frame_count": 0,
      "breathing_space": {
        "top": 0.5703125,
        "bottom": 0.205078125,
        "left": 0.3788706739526412,
        "right": 0.2877959927140255,
        "min_margin": 0.205078125,
        "mean_margin": 0.3605143229166667
      },
      "corner_anchors": {
        "top_left": 0.15079723298549652,
        "top_right": 0.22963501513004303,
        "bottom_left": 0.0780053660273552,
        "bottom_right": 0.05929892882704735,
        "max_corner_weight": 0.22963501513004303,
        "has_corner_subject": 0
      }
    }
  }
}