{
  "meta": {
    "_dataset": "tvm_data",
    "_label": "testImages_artphoto",
    "_relpath": "testImages_artphoto/sad_0454.jpg",
    "_filename": "sad_0454.jpg",
    "_width": 519,
    "_height": 385
  },
  "features": {
    "geometric_structural": {
      "leading_lines": {
        "diagonal": 37,
        "vertical": 6,
        "horizontal": 70,
        "curved": 339
      },
      "leading_lines_strength": 0.6550724637681159,
      "symmetry_vertical": 0.1964402314814524,
      "symmetry_horizontal": 0.14047648555524572,
      "symmetry_radial": 0.10171053303156417,
      "rule_of_thirds": {
        "alignment_score": 7,
        "num_salient_objects": 174
      },
      "golden_ratio": {
        "golden_alignment_score": 10
      },
      "balance": {
        "static_balance": 0.8787464499473572,
        "dynamic_balance": 1.0,
        "dominant_quadrant": 0
      },
      "layering": {
        "foreground_ratio": 0.3387596240942029,
        "midground_ratio": 0.27699558423913045,
        "background_ratio": 0.38424479166666664,
        "depth_complexity": 0.5431752745662128
      }
    },
    "spatial_layout": {
      "negative_space_ratio": 0.6921139039855072,
      "subject_isolation": 0.1,
      "depth_of_field": {
        "blur_gradient_strength": 274.6168034139541,
        "sharpness_variance": 332073.91633275186,
        "min_sharpness": 7.1108746066820485,
        "max_sharpness": 2712.758702069606
      },
      "perspective": {
        "has_vanishing_point": 1,
        "perspective_strength": 0.9991588033062687
      }
    },
    "contrast_color": {
      "high_contrast_ratio": 0.44650985054347825,
      "low_contrast_ratio": 0.5534901494565218,
      "mean_contrast": 38.53120040893555,
      "highlight_ratio": 0.1591513752937317,
      "shadow_ratio": 0.4251924753189087,
      "midtone_ratio": 0.4156561493873596,
      "warm_color_ratio": 0.9429517663043478,
      "cool_color_ratio": 0.0003708106884057971,
      "complementary_color_score": 2.111111111111111
    },
    "motion_dynamics": {
      "s_curve_count": 320,
      "motion_blur_score": 5.435915499901005,
      "dominant_direction_deg": 4.999999999999995,
      "direction_strength": 0.047729846014357646
    },
    "pattern_rhythm": {
      "repetition_score": 1.0,
      "rhythm_score": 1.0,
      "pattern_breaks": 42
    },
    "visual_mass_focus": {
      "point_of_interest": {
        "x": 0.5014492753623189,
        "y": 0.158203125,
        "strength": 1.0
      },
      "visual_mass_concentration": 0.19987828351449274,
      "mean_visual_weight": 0.152201309800148,
      "face_count": 0,
      "has_directional_cues": 0
    },
    "framing_breathing": {
      "frame_in_frame_count": 0,
      "breathing_space": {
        "top": 0.0,
        "bottom": 0.599609375,
        "left": 0.2942028985507246,
        "right": 0.48985507246376814,
        "min_margin": 0.0,
        "mean_margin": 0.34591683650362315
      },
      "corner_anchors": {
        "top_left": 0.5499112010002136,
        "top_right": 0.615663468837738,
        "bottom_left": 0.3810407519340515,
        "bottom_right": 0.44516924023628235,
        "max_corner_weight": 0.615663468837738,
        "has_corner_subject": 1
      }
    }
  }
}