{
  "meta": {
    "_dataset": "tvm_data",
    "_label": "testImages_artphoto",
    "_relpath": "testImages_artphoto/sad_0646.jpg",
    "_filename": "sad_0646.jpg",
    "_width": 365,
    "_height": 548
  },
  "features": {
    "geometric_structural": {
      "leading_lines": {
        "diagonal": 4,
        "vertical": 0,
        "horizontal": 4,
        "curved": 164
      },
      "leading_lines_strength": 0.22366710013003901,
      "symmetry_vertical": 0.5520213783181419,
      "symmetry_horizontal": 0.2646237994322791,
      "symmetry_radial": 0.24535655684245886,
      "rule_of_thirds": {
        "alignment_score": 1,
        "num_salient_objects": 125
      },
      "golden_ratio": {
        "golden_alignment_score": 1
      },
      "balance": {
        "static_balance": 0.9325748682022095,
        "dynamic_balance": 1.0,
        "dominant_quadrant": 1
      },
      "layering": {
        "foreground_ratio": 0.2856388166449935,
        "midground_ratio": 0.11826184574122237,
        "background_ratio": 0.5960993376137841,
        "depth_complexity": 0.10101222746316516
      }
    },
    "spatial_layout": {
      "negative_space_ratio": 0.4100444977243173,
      "subject_isolation": 0.10000050796488946,
      "depth_of_field": {
        "blur_gradient_strength": 74.29789722999679,
        "sharpness_variance": 32031.62912296363,
        "min_sharpness": 0.0,
        "max_sharpness": 1028.8061661434745
      },
      "perspective": {
        "has_vanishing_point": 1,
        "perspective_strength": 0.9832935560859188
      }
    },
    "contrast_color": {
      "high_contrast_ratio": 0.3577647513003901,
      "low_contrast_ratio": 0.6422352486996099,
      "mean_contrast": 15.379446983337402,
      "highlight_ratio": 0.11051537841558456,
      "shadow_ratio": 0.2719897925853729,
      "midtone_ratio": 0.6174948215484619,
      "warm_color_ratio": 0.247096980656697,
      "cool_color_ratio": 0.15425623780884265,
      "complementary_color_score": 2.1666666666666665
    },
    "motion_dynamics": {
      "s_curve_count": 201,
      "motion_blur_score": 14.44682847784159,
      "dominant_direction_deg": 95.0,
      "direction_strength": 0.07206243904403023
    },
    "pattern_rhythm": {
      "repetition_score": 1.0,
      "rhythm_score": 1.0,
      "pattern_breaks": 16
    },
    "visual_mass_focus": {
      "point_of_interest": {
        "x": 0.705078125,
        "y": 0.5461638491547465,
        "strength": 1.0
      },
      "visual_mass_concentration": 0.19998831680754225,
      "mean_visual_weight": 0.10239650309085846,
      "face_count": 0,
      "has_directional_cues": 0
    },
    "framing_breathing": {
      "frame_in_frame_count": 0,
      "breathing_space": {
        "top": 0.6631989596879063,
        "bottom": 0.0,
        "left": 0.0,
        "right": 0.0,
        "min_margin": 0.0,
        "mean_margin": 0.16579973992197658
      },
      "corner_anchors": {
        "top_left": 0.2902039587497711,
        "top_right": 0.3381694257259369,
        "bottom_left": 0.7552065849304199,
        "bottom_right": 0.6996563673019409,
        "max_corner_weight": 0.7552065849304199,
        "has_corner_subject": 1
      }
    }
  }
}