{
  "meta": {
    "_dataset": "tvm_data",
    "_label": "testImages_artphoto",
    "_relpath": "testImages_artphoto/sad_0453.jpg",
    "_filename": "sad_0453.jpg",
    "_width": 408,
    "_height": 490
  },
  "features": {
    "geometric_structural": {
      "leading_lines": {
        "diagonal": 0,
        "vertical": 0,
        "horizontal": 0,
        "curved": 27
      },
      "leading_lines_strength": 0.04390243902439024,
      "symmetry_vertical": 0.5898896206634276,
      "symmetry_horizontal": 0.3851501353850119,
      "symmetry_radial": 0.39649752588643894,
      "rule_of_thirds": {
        "alignment_score": 2,
        "num_salient_objects": 10
      },
      "golden_ratio": {
        "golden_alignment_score": 5
      },
      "balance": {
        "static_balance": 0.9087351560592651,
        "dynamic_balance": 1.0,
        "dominant_quadrant": 3
      },
      "layering": {
        "foreground_ratio": 0.27451727642276424,
        "midground_ratio": 0.33579458841463417,
        "background_ratio": 0.38968813516260165,
        "depth_complexity": 0.025725781016977943
      }
    },
    "spatial_layout": {
      "negative_space_ratio": 0.31280170223577236,
      "subject_isolation": 0.1,
      "depth_of_field": {
        "blur_gradient_strength": 24.017728083898376,
        "sharpness_variance": 1590.9249076400583,
        "min_sharpness": 2.2120930331559996,
        "max_sharpness": 201.6013354222587
      },
      "perspective": {
        "has_vanishing_point": 0,
        "perspective_strength": 0.0
      }
    },
    "contrast_color": {
      "high_contrast_ratio": 0.380297256097561,
      "low_contrast_ratio": 0.619702743902439,
      "mean_contrast": 14.186253547668457,
      "highlight_ratio": 0.0,
      "shadow_ratio": 0.2150724083185196,
      "midtone_ratio": 0.7849276065826416,
      "warm_color_ratio": 0.5245395071138211,
      "cool_color_ratio": 0.013757621951219512,
      "complementary_color_score": 2.2777777777777777
    },
    "motion_dynamics": {
      "s_curve_count": 46,
      "motion_blur_score": 15.302853706632618,
      "dominant_direction_deg": 4.999999999999995,
      "direction_strength": 0.13239329268250638
    },
    "pattern_rhythm": {
      "repetition_score": 1.0,
      "rhythm_score": 1.0,
      "pattern_breaks": 6
    },
    "visual_mass_focus": {
      "point_of_interest": {
        "x": 0.564453125,
        "y": 0.8195121951219512,
        "strength": 1.0
      },
      "visual_mass_concentration": 0.1999904725609756,
      "mean_visual_weight": 0.09431618452072144,
      "face_count": 0,
      "has_directional_cues": 0
    },
    "framing_breathing": {
      "frame_in_frame_count": 0,
      "breathing_space": {
        "top": 0.5365853658536586,
        "bottom": 0.014634146341463415,
        "left": 0.064453125,
        "right": 0.02734375,
        "min_margin": 0.014634146341463415,
        "mean_margin": 0.1607540967987805
      },
      "corner_anchors": {
        "top_left": 0.6040196418762207,
        "top_right": 0.2785815894603729,
        "bottom_left": 0.3193294405937195,
        "bottom_right": 0.5780982375144958,
        "max_corner_weight": 0.6040196418762207,
        "has_corner_subject": 1
      }
    }
  }
}