{
  "meta": {
    "_dataset": "tvm_data",
    "_label": "testImages_artphoto",
    "_relpath": "testImages_artphoto/sad_0626.jpg",
    "_filename": "sad_0626.jpg",
    "_width": 647,
    "_height": 309
  },
  "features": {
    "geometric_structural": {
      "leading_lines": {
        "diagonal": 0,
        "vertical": 0,
        "horizontal": 15,
        "curved": 261
      },
      "leading_lines_strength": 0.2574626865671642,
      "symmetry_vertical": 0.708153614616879,
      "symmetry_horizontal": 0.4756140924052011,
      "symmetry_radial": 0.2800053254902429,
      "rule_of_thirds": {
        "alignment_score": 1,
        "num_salient_objects": 19
      },
      "golden_ratio": {
        "golden_alignment_score": 0
      },
      "balance": {
        "static_balance": 0.8089867830276489,
        "dynamic_balance": 1.0,
        "dominant_quadrant": 2
      },
      "layering": {
        "foreground_ratio": 0.3171441377098881,
        "midground_ratio": 0.3172734958022388,
        "background_ratio": 0.3655823664878731,
        "depth_complexity": 0.3094921072985181
      }
    },
    "spatial_layout": {
      "negative_space_ratio": 0.8981660302005597,
      "subject_isolation": 0.10000109316697761,
      "depth_of_field": {
        "blur_gradient_strength": 236.85230472649002,
        "sharpness_variance": 311912.9881341265,
        "min_sharpness": 0.0,
        "max_sharpness": 2782.6333523571584
      },
      "perspective": {
        "has_vanishing_point": 1,
        "perspective_strength": 0.9954571266325951
      }
    },
    "contrast_color": {
      "high_contrast_ratio": 0.3411992770522388,
      "low_contrast_ratio": 0.6588007229477613,
      "mean_contrast": 20.331266403198242,
      "highlight_ratio": 0.024240978062152863,
      "shadow_ratio": 0.8346056342124939,
      "midtone_ratio": 0.14115339517593384,
      "warm_color_ratio": 0.6303874912546642,
      "cool_color_ratio": 0.03342358034048507,
      "complementary_color_score": 2.388888888888889
    },
    "motion_dynamics": {
      "s_curve_count": 249,
      "motion_blur_score": 4.429815034416066,
      "dominant_direction_deg": 4.999999999999995,
      "direction_strength": 0.22245583605369917
    },
    "pattern_rhythm": {
      "repetition_score": 1.0,
      "rhythm_score": 1.0,
      "pattern_breaks": 4
    },
    "visual_mass_focus": {
      "point_of_interest": {
        "x": 0.47201492537313433,
        "y": 0.65625,
        "strength": 1.0
      },
      "visual_mass_concentration": 0.1995029734141791,
      "mean_visual_weight": 0.07222628593444824,
      "face_count": 0,
      "has_directional_cues": 0
    },
    "framing_breathing": {
      "frame_in_frame_count": 0,
      "breathing_space": {
        "top": 0.517578125,
        "bottom": 0.212890625,
        "left": 0.37779850746268656,
        "right": 0.40671641791044777,
        "min_margin": 0.212890625,
        "mean_margin": 0.37874591884328357
      },
      "corner_anchors": {
        "top_left": 0.10179735720157623,
        "top_right": 0.10256688296794891,
        "bottom_left": 0.0914355143904686,
        "bottom_right": 0.08484283834695816,
        "max_corner_weight": 0.10256688296794891,
        "has_corner_subject": 0
      }
    }
  }
}