{
  "meta": {
    "_dataset": "tvm_data",
    "_label": "testImages_artphoto",
    "_relpath": "testImages_artphoto/sad_0311.jpg",
    "_filename": "sad_0311.jpg",
    "_width": 362,
    "_height": 553
  },
  "features": {
    "geometric_structural": {
      "leading_lines": {
        "diagonal": 53,
        "vertical": 20,
        "horizontal": 67,
        "curved": 210
      },
      "leading_lines_strength": 0.4475703324808184,
      "symmetry_vertical": 0.40577892545825883,
      "symmetry_horizontal": 0.42605818892345226,
      "symmetry_radial": 0.2571312421428121,
      "rule_of_thirds": {
        "alignment_score": 1,
        "num_salient_objects": 8
      },
      "golden_ratio": {
        "golden_alignment_score": 3
      },
      "balance": {
        "static_balance": 0.9058119058609009,
        "dynamic_balance": 1.0,
        "dominant_quadrant": 2
      },
      "layering": {
        "foreground_ratio": 0.3072025855179028,
        "midground_ratio": 0.09555077125959079,
        "background_ratio": 0.5972466432225064,
        "depth_complexity": 0.15374311080440464
      }
    },
    "spatial_layout": {
      "negative_space_ratio": 0.6555456761508951,
      "subject_isolation": 0.10000149856138107,
      "depth_of_field": {
        "blur_gradient_strength": 122.78568812037055,
        "sharpness_variance": 70123.22447639712,
        "min_sharpness": 0.0530565167243368,
        "max_sharpness": 986.3121876201461
      },
      "perspective": {
        "has_vanishing_point": 1,
        "perspective_strength": 0.9998090327508832
      }
    },
    "contrast_color": {
      "high_contrast_ratio": 0.4625084918478261,
      "low_contrast_ratio": 0.5374915081521738,
      "mean_contrast": 18.62179183959961,
      "highlight_ratio": 0.0010639785323292017,
      "shadow_ratio": 0.51099693775177,
      "midtone_ratio": 0.4879390597343445,
      "warm_color_ratio": 0.8998811141304348,
      "cool_color_ratio": 0.008047274616368286,
      "complementary_color_score": 2.5555555555555554
    },
    "motion_dynamics": {
      "s_curve_count": 199,
      "motion_blur_score": 7.276644730863437,
      "dominant_direction_deg": 4.999999999999995,
      "direction_strength": 0.11091352301762579
    },
    "pattern_rhythm": {
      "repetition_score": 1.0,
      "rhythm_score": 1.0,
      "pattern_breaks": 3
    },
    "visual_mass_focus": {
      "point_of_interest": {
        "x": 0.435546875,
        "y": 0.6624040920716112,
        "strength": 1.0
      },
      "visual_mass_concentration": 0.1999630354859335,
      "mean_visual_weight": 0.2216731458902359,
      "face_count": 0,
      "has_directional_cues": 0
    },
    "framing_breathing": {
      "frame_in_frame_count": 0,
      "breathing_space": {
        "top": 0.6112531969309463,
        "bottom": 0.18797953964194372,
        "left": 0.408203125,
        "right": 0.306640625,
        "min_margin": 0.18797953964194372,
        "mean_margin": 0.3785191216432225
      },
      "corner_anchors": {
        "top_left": 0.293709397315979,
        "top_right": 0.19265691936016083,
        "bottom_left": 0.3555462658405304,
        "bottom_right": 0.23891174793243408,
        "max_corner_weight": 0.3555462658405304,
        "has_corner_subject": 1
      }
    }
  }
}