{
  "meta": {
    "_dataset": "tvm_data",
    "_label": "testImages_artphoto",
    "_relpath": "testImages_artphoto/sad_0641.jpg",
    "_filename": "sad_0641.jpg",
    "_width": 359,
    "_height": 557
  },
  "features": {
    "geometric_structural": {
      "leading_lines": {
        "diagonal": 6,
        "vertical": 8,
        "horizontal": 3,
        "curved": 256
      },
      "leading_lines_strength": 0.3438287153652393,
      "symmetry_vertical": 0.4804817085143392,
      "symmetry_horizontal": 0.45251276959185577,
      "symmetry_radial": 0.35082192355197916,
      "rule_of_thirds": {
        "alignment_score": 0,
        "num_salient_objects": 6
      },
      "golden_ratio": {
        "golden_alignment_score": 0
      },
      "balance": {
        "static_balance": 0.843695878982544,
        "dynamic_balance": 1.0,
        "dominant_quadrant": 1
      },
      "layering": {
        "foreground_ratio": 0.2825020662783375,
        "midground_ratio": 0.2644983863350126,
        "background_ratio": 0.4529995473866499,
        "depth_complexity": 0.07455834361579554
      }
    },
    "spatial_layout": {
      "negative_space_ratio": 0.6382340207808564,
      "subject_isolation": 0.10000049197103275,
      "depth_of_field": {
        "blur_gradient_strength": 68.62133147735085,
        "sharpness_variance": 12996.225616636662,
        "min_sharpness": 5.004806509074896,
        "max_sharpness": 928.6256247597076
      },
      "perspective": {
        "has_vanishing_point": 1,
        "perspective_strength": 0.9932203389830508
      }
    },
    "contrast_color": {
      "high_contrast_ratio": 0.41901172858942065,
      "low_contrast_ratio": 0.5809882714105794,
      "mean_contrast": 10.378777503967285,
      "highlight_ratio": 7.379565431619994e-06,
      "shadow_ratio": 0.39441564679145813,
      "midtone_ratio": 0.6055769920349121,
      "warm_color_ratio": 0.10695696237405541,
      "cool_color_ratio": 0.00619637515743073,
      "complementary_color_score": 1.9444444444444444
    },
    "motion_dynamics": {
      "s_curve_count": 262,
      "motion_blur_score": 10.03387734756584,
      "dominant_direction_deg": 4.999999999999995,
      "direction_strength": 0.05686201196459564
    },
    "pattern_rhythm": {
      "repetition_score": 1.0,
      "rhythm_score": 1.0,
      "pattern_breaks": 0
    },
    "visual_mass_focus": {
      "point_of_interest": {
        "x": 0.833984375,
        "y": 0.007556675062972292,
        "strength": 1.0
      },
      "visual_mass_concentration": 0.19972302030856423,
      "mean_visual_weight": 0.03302111104130745,
      "face_count": 0,
      "has_directional_cues": 0
    },
    "framing_breathing": {
      "frame_in_frame_count": 0,
      "breathing_space": {
        "top": 0.021410579345088162,
        "bottom": 0.9269521410579346,
        "left": 0.6015625,
        "right": 0.32421875,
        "min_margin": 0.021410579345088162,
        "mean_margin": 0.4685359926007557
      },
      "corner_anchors": {
        "top_left": 0.09506983309984207,
        "top_right": 0.2328367680311203,
        "bottom_left": 0.15416720509529114,
        "bottom_right": 0.20101012289524078,
        "max_corner_weight": 0.2328367680311203,
        "has_corner_subject": 0
      }
    }
  }
}