{
  "meta": {
    "_dataset": "tvm_data",
    "_label": "testImages_artphoto",
    "_relpath": "testImages_artphoto/sad_0449.jpg",
    "_filename": "sad_0449.jpg",
    "_width": 521,
    "_height": 384
  },
  "features": {
    "geometric_structural": {
      "leading_lines": {
        "diagonal": 0,
        "vertical": 0,
        "horizontal": 1,
        "curved": 293
      },
      "leading_lines_strength": 0.42302158273381296,
      "symmetry_vertical": 0.1596859722705235,
      "symmetry_horizontal": 0.24750064134775,
      "symmetry_radial": 0.12228143764779686,
      "rule_of_thirds": {
        "alignment_score": 1,
        "num_salient_objects": 45
      },
      "golden_ratio": {
        "golden_alignment_score": 3
      },
      "balance": {
        "static_balance": 0.9494314193725586,
        "dynamic_balance": 1.0,
        "dominant_quadrant": 2
      },
      "layering": {
        "foreground_ratio": 0.32422999100719424,
        "midground_ratio": 0.34037488758992807,
        "background_ratio": 0.3353951214028777,
        "depth_complexity": 0.1003065384152876
      }
    },
    "spatial_layout": {
      "negative_space_ratio": 0.6266552383093525,
      "subject_isolation": 0.1,
      "depth_of_field": {
        "blur_gradient_strength": 95.01037736168844,
        "sharpness_variance": 13882.88853965512,
        "min_sharpness": 0.0,
        "max_sharpness": 807.5423828501179
      },
      "perspective": {
        "has_vanishing_point": 1,
        "perspective_strength": 0.905982905982906
      }
    },
    "contrast_color": {
      "high_contrast_ratio": 0.46712567446043163,
      "low_contrast_ratio": 0.5328743255395684,
      "mean_contrast": 35.88508605957031,
      "highlight_ratio": 0.3259021043777466,
      "shadow_ratio": 0.23958802223205566,
      "midtone_ratio": 0.43450987339019775,
      "warm_color_ratio": 0.1784566097122302,
      "cool_color_ratio": 0.4858363309352518,
      "complementary_color_score": 2.2777777777777777
    },
    "motion_dynamics": {
      "s_curve_count": 242,
      "motion_blur_score": 9.698980716510675,
      "dominant_direction_deg": 4.999999999999995,
      "direction_strength": 0.25612072841654643
    },
    "pattern_rhythm": {
      "repetition_score": 1.0,
      "rhythm_score": 1.0,
      "pattern_breaks": 12
    },
    "visual_mass_focus": {
      "point_of_interest": {
        "x": 0.47050359712230216,
        "y": 0.490234375,
        "strength": 1.0
      },
      "visual_mass_concentration": 0.19980609262589927,
      "mean_visual_weight": 0.1536572426557541,
      "face_count": 0,
      "has_directional_cues": 0
    },
    "framing_breathing": {
      "frame_in_frame_count": 0,
      "breathing_space": {
        "top": 0.234375,
        "bottom": 0.0,
        "left": 0.02158273381294964,
        "right": 0.5093525179856115,
        "min_margin": 0.0,
        "mean_margin": 0.1913275629496403
      },
      "corner_anchors": {
        "top_left": 0.5773625373840332,
        "top_right": 0.6378753781318665,
        "bottom_left": 0.52573561668396,
        "bottom_right": 0.65509432554245,
        "max_corner_weight": 0.65509432554245,
        "has_corner_subject": 1
      }
    }
  }
}