{
  "meta": {
    "_dataset": "tvm_data",
    "_label": "testImages_artphoto",
    "_relpath": "testImages_artphoto/sad_0303.jpg",
    "_filename": "sad_0303.jpg",
    "_width": 447,
    "_height": 447
  },
  "features": {
    "geometric_structural": {
      "leading_lines": {
        "diagonal": 0,
        "vertical": 0,
        "horizontal": 1,
        "curved": 96
      },
      "leading_lines_strength": 0.189453125,
      "symmetry_vertical": 0.5103101616083673,
      "symmetry_horizontal": 0.22686834746708032,
      "symmetry_radial": 0.27837983877418226,
      "rule_of_thirds": {
        "alignment_score": 0,
        "num_salient_objects": 25
      },
      "golden_ratio": {
        "golden_alignment_score": 1
      },
      "balance": {
        "static_balance": 0.9471875429153442,
        "dynamic_balance": 1.0,
        "dominant_quadrant": 2
      },
      "layering": {
        "foreground_ratio": 0.3063201904296875,
        "midground_ratio": 0.1533050537109375,
        "background_ratio": 0.540374755859375,
        "depth_complexity": 0.045393536057774325
      }
    },
    "spatial_layout": {
      "negative_space_ratio": 0.4797248840332031,
      "subject_isolation": 0.10000228881835938,
      "depth_of_field": {
        "blur_gradient_strength": 48.66394741241714,
        "sharpness_variance": 7393.488010440597,
        "min_sharpness": 0.803921568627451,
        "max_sharpness": 652.8853129419215
      },
      "perspective": {
        "has_vanishing_point": 1,
        "perspective_strength": 0.6666666666666666
      }
    },
    "contrast_color": {
      "high_contrast_ratio": 0.4678916931152344,
      "low_contrast_ratio": 0.5321083068847656,
      "mean_contrast": 27.28247833251953,
      "highlight_ratio": 0.1871795654296875,
      "shadow_ratio": 0.22917938232421875,
      "midtone_ratio": 0.5836410522460938,
      "warm_color_ratio": 0.278656005859375,
      "cool_color_ratio": 0.03659820556640625,
      "complementary_color_score": 3.0
    },
    "motion_dynamics": {
      "s_curve_count": 119,
      "motion_blur_score": 15.54349625675722,
      "dominant_direction_deg": 95.0,
      "direction_strength": 0.0963516235347887
    },
    "pattern_rhythm": {
      "repetition_score": 1.0,
      "rhythm_score": 1.0,
      "pattern_breaks": 6
    },
    "visual_mass_focus": {
      "point_of_interest": {
        "x": 0.48828125,
        "y": 0.619140625,
        "strength": 1.0
      },
      "visual_mass_concentration": 0.19959640502929688,
      "mean_visual_weight": 0.06875018775463104,
      "face_count": 0,
      "has_directional_cues": 0
    },
    "framing_breathing": {
      "frame_in_frame_count": 0,
      "breathing_space": {
        "top": 0.52734375,
        "bottom": 0.23828125,
        "left": 0.0,
        "right": 0.2734375,
        "min_margin": 0.0,
        "mean_margin": 0.259765625
      },
      "corner_anchors": {
        "top_left": 0.5261646509170532,
        "top_right": 0.6055502891540527,
        "bottom_left": 0.29309889674186707,
        "bottom_right": 0.3706951141357422,
        "max_corner_weight": 0.6055502891540527,
        "has_corner_subject": 1
      }
    }
  }
}