{
  "meta": {
    "_dataset": "tvm_data",
    "_label": "testImages_artphoto",
    "_relpath": "testImages_artphoto/sad_0330.jpg",
    "_filename": "sad_0330.jpg",
    "_width": 542,
    "_height": 369
  },
  "features": {
    "geometric_structural": {
      "leading_lines": {
        "diagonal": 0,
        "vertical": 0,
        "horizontal": 2,
        "curved": 97
      },
      "leading_lines_strength": 0.13164893617021275,
      "symmetry_vertical": 0.29740557034191845,
      "symmetry_horizontal": 0.34222427102825076,
      "symmetry_radial": 0.23685804444057126,
      "rule_of_thirds": {
        "alignment_score": 0,
        "num_salient_objects": 7
      },
      "golden_ratio": {
        "golden_alignment_score": 0
      },
      "balance": {
        "static_balance": 0.9441952705383301,
        "dynamic_balance": 1.0,
        "dominant_quadrant": 3
      },
      "layering": {
        "foreground_ratio": 0.25189338846409576,
        "midground_ratio": 0.26017079454787234,
        "background_ratio": 0.4879358169880319,
        "depth_complexity": 0.09693139182754293
      }
    },
    "spatial_layout": {
      "negative_space_ratio": 0.575577106881649,
      "subject_isolation": 0.10000155834441489,
      "depth_of_field": {
        "blur_gradient_strength": 338.71734171970564,
        "sharpness_variance": 2237730.6289921813,
        "min_sharpness": 1.2069489140086154,
        "max_sharpness": 18623.389889196675
      },
      "perspective": {
        "has_vanishing_point": 1,
        "perspective_strength": 0.9818181818181818
      }
    },
    "contrast_color": {
      "high_contrast_ratio": 0.4248618267952128,
      "low_contrast_ratio": 0.5751381732047872,
      "mean_contrast": 24.424196243286133,
      "highlight_ratio": 0.0010934383608400822,
      "shadow_ratio": 0.30077606439590454,
      "midtone_ratio": 0.6981304883956909,
      "warm_color_ratio": 0.5965134640957447,
      "cool_color_ratio": 0.3365218791555851,
      "complementary_color_score": 2.3333333333333335
    },
    "motion_dynamics": {
      "s_curve_count": 153,
      "motion_blur_score": 8.54594432050452,
      "dominant_direction_deg": 4.999999999999995,
      "direction_strength": 0.06324281083760169
    },
    "pattern_rhythm": {
      "repetition_score": 1.0,
      "rhythm_score": 1.0,
      "pattern_breaks": 0
    },
    "visual_mass_focus": {
      "point_of_interest": {
        "x": 0.9800531914893617,
        "y": 0.962890625,
        "strength": 1.0
      },
      "visual_mass_concentration": 0.19996156083776595,
      "mean_visual_weight": 0.2969045341014862,
      "face_count": 0,
      "has_directional_cues": 0
    },
    "framing_breathing": {
      "frame_in_frame_count": 0,
      "breathing_space": {
        "top": 0.0234375,
        "bottom": 0.94140625,
        "left": 0.0,
        "right": 0.839095744680851,
        "min_margin": 0.0,
        "mean_margin": 0.4509848736702128
      },
      "corner_anchors": {
        "top_left": 0.38103780150413513,
        "top_right": 0.3567536473274231,
        "bottom_left": 0.26556524634361267,
        "bottom_right": 0.4033377170562744,
        "max_corner_weight": 0.4033377170562744,
        "has_corner_subject": 1
      }
    }
  }
}