{
  "meta": {
    "_dataset": "tvm_data",
    "_label": "testImages_artphoto",
    "_relpath": "testImages_artphoto/sad_0318.jpg",
    "_filename": "sad_0318.jpg",
    "_width": 480,
    "_height": 416
  },
  "features": {
    "geometric_structural": {
      "leading_lines": {
        "diagonal": 1,
        "vertical": 0,
        "horizontal": 66,
        "curved": 261
      },
      "leading_lines_strength": 0.5549915397631133,
      "symmetry_vertical": 0.2835766997410561,
      "symmetry_horizontal": 0.12561667149267552,
      "symmetry_radial": 0.14238917121966443,
      "rule_of_thirds": {
        "alignment_score": 0,
        "num_salient_objects": 28
      },
      "golden_ratio": {
        "golden_alignment_score": 0
      },
      "balance": {
        "static_balance": 0.9280238151550293,
        "dynamic_balance": 1.0,
        "dominant_quadrant": 2
      },
      "layering": {
        "foreground_ratio": 0.31161762373096447,
        "midground_ratio": 0.25819915926395937,
        "background_ratio": 0.43018321700507617,
        "depth_complexity": 0.6447377155294705
      }
    },
    "spatial_layout": {
      "negative_space_ratio": 0.584109956641286,
      "subject_isolation": 0.10000264382402707,
      "depth_of_field": {
        "blur_gradient_strength": 447.9296498487426,
        "sharpness_variance": 1143479.9535479099,
        "min_sharpness": 2.6300179403390973,
        "max_sharpness": 4336.622796868858
      },
      "perspective": {
        "has_vanishing_point": 1,
        "perspective_strength": 0.9949118242266551
      }
    },
    "contrast_color": {
      "high_contrast_ratio": 0.43147208121827413,
      "low_contrast_ratio": 0.5685279187817258,
      "mean_contrast": 24.681726455688477,
      "highlight_ratio": 0.007574555929750204,
      "shadow_ratio": 0.36368444561958313,
      "midtone_ratio": 0.6287410259246826,
      "warm_color_ratio": 0.9151167248307953,
      "cool_color_ratio": 0.00010575296108291032,
      "complementary_color_score": 2.5
    },
    "motion_dynamics": {
      "s_curve_count": 222,
      "motion_blur_score": 5.892095870966835,
      "dominant_direction_deg": 95.0,
      "direction_strength": 0.06598323815545029
    },
    "pattern_rhythm": {
      "repetition_score": 1.0,
      "rhythm_score": 1.0,
      "pattern_breaks": 0
    },
    "visual_mass_focus": {
      "point_of_interest": {
        "x": 0.3790186125211506,
        "y": 0.72265625,
        "strength": 1.0
      },
      "visual_mass_concentration": 0.19998215418781726,
      "mean_visual_weight": 0.17078721523284912,
      "face_count": 0,
      "has_directional_cues": 0
    },
    "framing_breathing": {
      "frame_in_frame_count": 0,
      "breathing_space": {
        "top": 0.640625,
        "bottom": 0.2421875,
        "left": 0.21489001692047377,
        "right": 0.49915397631133673,
        "min_margin": 0.21489001692047377,
        "mean_margin": 0.3992141233079526
      },
      "corner_anchors": {
        "top_left": 0.44045767188072205,
        "top_right": 0.4500584900379181,
        "bottom_left": 0.2519066035747528,
        "bottom_right": 0.1440940946340561,
        "max_corner_weight": 0.4500584900379181,
        "has_corner_subject": 1
      }
    }
  }
}