{
  "meta": {
    "_dataset": "tvm_data",
    "_label": "testImages_artphoto",
    "_relpath": "testImages_artphoto/sad_0338.jpg",
    "_filename": "sad_0338.jpg",
    "_width": 462,
    "_height": 433
  },
  "features": {
    "geometric_structural": {
      "leading_lines": {
        "diagonal": 1,
        "vertical": 0,
        "horizontal": 0,
        "curved": 41
      },
      "leading_lines_strength": 0.07692307692307693,
      "symmetry_vertical": 0.6574616784033076,
      "symmetry_horizontal": 0.6332694676013724,
      "symmetry_radial": 0.5875088552530722,
      "rule_of_thirds": {
        "alignment_score": 1,
        "num_salient_objects": 11
      },
      "golden_ratio": {
        "golden_alignment_score": 6
      },
      "balance": {
        "static_balance": 0.7823087573051453,
        "dynamic_balance": 1.0,
        "dominant_quadrant": 3
      },
      "layering": {
        "foreground_ratio": 0.18826908768315018,
        "midground_ratio": 0.19085894574175824,
        "background_ratio": 0.6208719665750916,
        "depth_complexity": 0.03824488155407626
      }
    },
    "spatial_layout": {
      "negative_space_ratio": 0.8101569654304029,
      "subject_isolation": 0.10000286172161173,
      "depth_of_field": {
        "blur_gradient_strength": 41.32789018090819,
        "sharpness_variance": 7749.820080036435,
        "min_sharpness": 0.0,
        "max_sharpness": 480.02628214594074
      },
      "perspective": {
        "has_vanishing_point": 1,
        "perspective_strength": 0.9074074074074074
      }
    },
    "contrast_color": {
      "high_contrast_ratio": 0.37709263392857145,
      "low_contrast_ratio": 0.6229073660714286,
      "mean_contrast": 13.174921989440918,
      "highlight_ratio": 0.0025218920782208443,
      "shadow_ratio": 0.6442593932151794,
      "midtone_ratio": 0.3532187342643738,
      "warm_color_ratio": 0.00026113209706959706,
      "cool_color_ratio": 0.0,
      "complementary_color_score": 0.0
    },
    "motion_dynamics": {
      "s_curve_count": 61,
      "motion_blur_score": 10.685027786696617,
      "dominant_direction_deg": 4.999999999999995,
      "direction_strength": 0.41649496336847347
    },
    "pattern_rhythm": {
      "repetition_score": 1.0,
      "rhythm_score": 1.0,
      "pattern_breaks": 7
    },
    "visual_mass_focus": {
      "point_of_interest": {
        "x": 0.4945054945054945,
        "y": 0.60546875,
        "strength": 1.0
      },
      "visual_mass_concentration": 0.19743375114468864,
      "mean_visual_weight": 0.025085197761654854,
      "face_count": 0,
      "has_directional_cues": 0
    },
    "framing_breathing": {
      "frame_in_frame_count": 0,
      "breathing_space": {
        "top": 0.447265625,
        "bottom": 0.12109375,
        "left": 0.3498168498168498,
        "right": 0.22893772893772893,
        "min_margin": 0.12109375,
        "mean_margin": 0.2867784884386447
      },
      "corner_anchors": {
        "top_left": 0.0949397161602974,
        "top_right": 0.1737072914838791,
        "bottom_left": 0.17148339748382568,
        "bottom_right": 0.17051030695438385,
        "max_corner_weight": 0.1737072914838791,
        "has_corner_subject": 0
      }
    }
  }
}