{
  "meta": {
    "_dataset": "tvm_data",
    "_label": "testImages_artphoto",
    "_relpath": "testImages_artphoto/sad_0630.jpg",
    "_filename": "sad_0630.jpg",
    "_width": 360,
    "_height": 555
  },
  "features": {
    "geometric_structural": {
      "leading_lines": {
        "diagonal": 0,
        "vertical": 0,
        "horizontal": 13,
        "curved": 110
      },
      "leading_lines_strength": 0.155893536121673,
      "symmetry_vertical": 0.7848528469587173,
      "symmetry_horizontal": 0.5328314875843754,
      "symmetry_radial": 0.4901493752850179,
      "rule_of_thirds": {
        "alignment_score": 0,
        "num_salient_objects": 3
      },
      "golden_ratio": {
        "golden_alignment_score": 0
      },
      "balance": {
        "static_balance": 0.8865007162094116,
        "dynamic_balance": 1.0,
        "dominant_quadrant": 3
      },
      "layering": {
        "foreground_ratio": 0.14171419518377693,
        "midground_ratio": 0.2973428588403042,
        "background_ratio": 0.5609429459759189,
        "depth_complexity": 0.07722153236504989
      }
    },
    "spatial_layout": {
      "negative_space_ratio": 0.7281170785804816,
      "subject_isolation": 0.1000004950887199,
      "depth_of_field": {
        "blur_gradient_strength": 91.22794324418852,
        "sharpness_variance": 69905.39117332736,
        "min_sharpness": 0.1933870109698145,
        "max_sharpness": 1764.8900660896843
      },
      "perspective": {
        "has_vanishing_point": 1,
        "perspective_strength": 0.9925925925925926
      }
    },
    "contrast_color": {
      "high_contrast_ratio": 0.33126633792775667,
      "low_contrast_ratio": 0.6687336620722433,
      "mean_contrast": 10.881782531738281,
      "highlight_ratio": 0.04803598299622536,
      "shadow_ratio": 0.3610285818576813,
      "midtone_ratio": 0.590935468673706,
      "warm_color_ratio": 0.1826035725602028,
      "cool_color_ratio": 0.47116108206590623,
      "complementary_color_score": 1.4444444444444444
    },
    "motion_dynamics": {
      "s_curve_count": 79,
      "motion_blur_score": 13.716626162227191,
      "dominant_direction_deg": 4.999999999999995,
      "direction_strength": 0.16431994613394052
    },
    "pattern_rhythm": {
      "repetition_score": 1.0,
      "rhythm_score": 1.0,
      "pattern_breaks": 1
    },
    "visual_mass_focus": {
      "point_of_interest": {
        "x": 0.78515625,
        "y": 0.8555133079847909,
        "strength": 1.0
      },
      "visual_mass_concentration": 0.19936975205956908,
      "mean_visual_weight": 0.11418218910694122,
      "face_count": 0,
      "has_directional_cues": 0
    },
    "framing_breathing": {
      "frame_in_frame_count": 0,
      "breathing_space": {
        "top": 0.7376425855513308,
        "bottom": 0.08618504435994931,
        "left": 0.287109375,
        "right": 0.0,
        "min_margin": 0.0,
        "mean_margin": 0.27773425122782003
      },
      "corner_anchors": {
        "top_left": 0.4130439758300781,
        "top_right": 0.2947338819503784,
        "bottom_left": 0.4664488434791565,
        "bottom_right": 0.6178867220878601,
        "max_corner_weight": 0.6178867220878601,
        "has_corner_subject": 1
      }
    }
  }
}