{
  "meta": {
    "_dataset": "tvm_data",
    "_label": "testImages_artphoto",
    "_relpath": "testImages_artphoto/sad_0339.jpg",
    "_filename": "sad_0339.jpg",
    "_width": 345,
    "_height": 580
  },
  "features": {
    "geometric_structural": {
      "leading_lines": {
        "diagonal": 0,
        "vertical": 0,
        "horizontal": 9,
        "curved": 208
      },
      "leading_lines_strength": 0.25203252032520324,
      "symmetry_vertical": 0.4650741573829213,
      "symmetry_horizontal": 0.2784730648064088,
      "symmetry_radial": 0.28581215844462243,
      "rule_of_thirds": {
        "alignment_score": 0,
        "num_salient_objects": 29
      },
      "golden_ratio": {
        "golden_alignment_score": 0
      },
      "balance": {
        "static_balance": 0.8918592929840088,
        "dynamic_balance": 1.0,
        "dominant_quadrant": 2
      },
      "layering": {
        "foreground_ratio": 0.2717792719221835,
        "midground_ratio": 0.16496080139372823,
        "background_ratio": 0.5632599266840883,
        "depth_complexity": 0.13891887763874924
      }
    },
    "spatial_layout": {
      "negative_space_ratio": 0.37186048199767713,
      "subject_isolation": 0.09999954631242741,
      "depth_of_field": {
        "blur_gradient_strength": 173.2596813997351,
        "sharpness_variance": 103060.69475983962,
        "min_sharpness": 0.0,
        "max_sharpness": 3143.2694942840576
      },
      "perspective": {
        "has_vanishing_point": 1,
        "perspective_strength": 0.9781312127236581
      }
    },
    "contrast_color": {
      "high_contrast_ratio": 0.3031086672473868,
      "low_contrast_ratio": 0.6968913327526132,
      "mean_contrast": 24.41592025756836,
      "highlight_ratio": 0.614340603351593,
      "shadow_ratio": 0.3398732542991638,
      "midtone_ratio": 0.045786142349243164,
      "warm_color_ratio": 0.0,
      "cool_color_ratio": 0.0,
      "complementary_color_score": 0.0
    },
    "motion_dynamics": {
      "s_curve_count": 143,
      "motion_blur_score": 12.624104944001033,
      "dominant_direction_deg": 4.999999999999995,
      "direction_strength": 0.4453760162591523
    },
    "pattern_rhythm": {
      "repetition_score": 1.0,
      "rhythm_score": 1.0,
      "pattern_breaks": 1
    },
    "visual_mass_focus": {
      "point_of_interest": {
        "x": 0.439453125,
        "y": 0.7537746806039489,
        "strength": 1.0
      },
      "visual_mass_concentration": 0.0,
      "mean_visual_weight": 0.0,
      "face_count": 0,
      "has_directional_cues": 0
    },
    "framing_breathing": {
      "frame_in_frame_count": 0,
      "breathing_space": {
        "top": 0.4343786295005807,
        "bottom": 0.0,
        "left": 0.0,
        "right": 0.0,
        "min_margin": 0.0,
        "mean_margin": 0.10859465737514518
      },
      "corner_anchors": {
        "top_left": 0.49861693382263184,
        "top_right": 0.5261219143867493,
        "bottom_left": 0.6069828867912292,
        "bottom_right": 0.8449381589889526,
        "max_corner_weight": 0.8449381589889526,
        "has_corner_subject": 1
      }
    }
  }
}