{
  "meta": {
    "_dataset": "tvm_data",
    "_label": "testImages_artphoto",
    "_relpath": "testImages_artphoto/sad_0644.jpg",
    "_filename": "sad_0644.jpg",
    "_width": 554,
    "_height": 361
  },
  "features": {
    "geometric_structural": {
      "leading_lines": {
        "diagonal": 0,
        "vertical": 0,
        "horizontal": 0,
        "curved": 39
      },
      "leading_lines_strength": 0.04961832061068702,
      "symmetry_vertical": 0.5166103989309587,
      "symmetry_horizontal": 0.5020515012967913,
      "symmetry_radial": 0.3709040071602406,
      "rule_of_thirds": {
        "alignment_score": 0,
        "num_salient_objects": 9
      },
      "golden_ratio": {
        "golden_alignment_score": 0
      },
      "balance": {
        "static_balance": 0.8870559930801392,
        "dynamic_balance": 1.0,
        "dominant_quadrant": 1
      },
      "layering": {
        "foreground_ratio": 0.2616765068384224,
        "midground_ratio": 0.3528720380089059,
        "background_ratio": 0.38545145515267176,
        "depth_complexity": 0.06928695014526348
      }
    },
    "spatial_layout": {
      "negative_space_ratio": 0.3353933086832061,
      "subject_isolation": 0.10000198791348601,
      "depth_of_field": {
        "blur_gradient_strength": 97.05455454641645,
        "sharpness_variance": 77019.97711057086,
        "min_sharpness": 0.8949404459675329,
        "max_sharpness": 2131.6146050945126
      },
      "perspective": {
        "has_vanishing_point": 0,
        "perspective_strength": 0.0
      }
    },
    "contrast_color": {
      "high_contrast_ratio": 0.41172173187022904,
      "low_contrast_ratio": 0.5882782681297709,
      "mean_contrast": 21.21100616455078,
      "highlight_ratio": 0.16280266642570496,
      "shadow_ratio": 0.0537780299782753,
      "midtone_ratio": 0.7834192514419556,
      "warm_color_ratio": 0.0,
      "cool_color_ratio": 0.42444189328880405,
      "complementary_color_score": 0.0
    },
    "motion_dynamics": {
      "s_curve_count": 44,
      "motion_blur_score": 15.429967892171321,
      "dominant_direction_deg": 4.999999999999995,
      "direction_strength": 0.0866879373407515
    },
    "pattern_rhythm": {
      "repetition_score": 1.0,
      "rhythm_score": 1.0,
      "pattern_breaks": 5
    },
    "visual_mass_focus": {
      "point_of_interest": {
        "x": 0.8256997455470738,
        "y": 0.708984375,
        "strength": 1.0
      },
      "visual_mass_concentration": 0.1989478967875318,
      "mean_visual_weight": 0.13026998937129974,
      "face_count": 0,
      "has_directional_cues": 0
    },
    "framing_breathing": {
      "frame_in_frame_count": 0,
      "breathing_space": {
        "top": 0.0,
        "bottom": 0.75390625,
        "left": 0.5267175572519084,
        "right": 0.22519083969465647,
        "min_margin": 0.0,
        "mean_margin": 0.3764536617366412
      },
      "corner_anchors": {
        "top_left": 0.5359789133071899,
        "top_right": 0.30610689520835876,
        "bottom_left": 0.1087370291352272,
        "bottom_right": 0.23053142428398132,
        "max_corner_weight": 0.5359789133071899,
        "has_corner_subject": 1
      }
    }
  }
}