{
  "meta": {
    "_dataset": "tvm_data",
    "_label": "testImages_artphoto",
    "_relpath": "testImages_artphoto/sad_0642.jpg",
    "_filename": "sad_0642.jpg",
    "_width": 556,
    "_height": 360
  },
  "features": {
    "geometric_structural": {
      "leading_lines": {
        "diagonal": 0,
        "vertical": 0,
        "horizontal": 5,
        "curved": 93
      },
      "leading_lines_strength": 0.12389380530973451,
      "symmetry_vertical": 0.546128210775417,
      "symmetry_horizontal": 0.5195537434147817,
      "symmetry_radial": 0.3538303306865549,
      "rule_of_thirds": {
        "alignment_score": 1,
        "num_salient_objects": 19
      },
      "golden_ratio": {
        "golden_alignment_score": 1
      },
      "balance": {
        "static_balance": 0.7358865737915039,
        "dynamic_balance": 1.0,
        "dominant_quadrant": 1
      },
      "layering": {
        "foreground_ratio": 0.2387405183312263,
        "midground_ratio": 0.24549373814791403,
        "background_ratio": 0.5157657435208597,
        "depth_complexity": 0.030613295401158057
      }
    },
    "spatial_layout": {
      "negative_space_ratio": 0.33358683628318586,
      "subject_isolation": 0.09981925568900127,
      "depth_of_field": {
        "blur_gradient_strength": 42.40908440255234,
        "sharpness_variance": 11353.065851689693,
        "min_sharpness": 0.2202997368444781,
        "max_sharpness": 623.8170895809303
      },
      "perspective": {
        "has_vanishing_point": 1,
        "perspective_strength": 0.9714285714285714
      }
    },
    "contrast_color": {
      "high_contrast_ratio": 0.34126600031605564,
      "low_contrast_ratio": 0.6587339996839443,
      "mean_contrast": 16.889556884765625,
      "highlight_ratio": 0.23962201178073883,
      "shadow_ratio": 0.0731792226433754,
      "midtone_ratio": 0.6871987581253052,
      "warm_color_ratio": 0.0,
      "cool_color_ratio": 0.0,
      "complementary_color_score": 0.0
    },
    "motion_dynamics": {
      "s_curve_count": 90,
      "motion_blur_score": 19.474604034595256,
      "dominant_direction_deg": 4.999999999999995,
      "direction_strength": 0.2514716340069644
    },
    "pattern_rhythm": {
      "repetition_score": 1.0,
      "rhythm_score": 1.0,
      "pattern_breaks": 5
    },
    "visual_mass_focus": {
      "point_of_interest": {
        "x": 0.7319848293299621,
        "y": 0.48828125,
        "strength": 1.0
      },
      "visual_mass_concentration": 0.0,
      "mean_visual_weight": 0.0,
      "face_count": 0,
      "has_directional_cues": 0
    },
    "framing_breathing": {
      "frame_in_frame_count": 0,
      "breathing_space": {
        "top": 0.0,
        "bottom": 0.744140625,
        "left": 0.7458912768647282,
        "right": 0.0,
        "min_margin": 0.0,
        "mean_margin": 0.3725079754661821
      },
      "corner_anchors": {
        "top_left": 0.19669775664806366,
        "top_right": 0.6021029949188232,
        "bottom_left": 0.2211264967918396,
        "bottom_right": 0.05380714684724808,
        "max_corner_weight": 0.6021029949188232,
        "has_corner_subject": 1
      }
    }
  }
}