{
  "meta": {
    "_dataset": "tvm_data",
    "_label": "testImages_artphoto",
    "_relpath": "testImages_artphoto/sad_0363.jpg",
    "_filename": "sad_0363.jpg",
    "_width": 365,
    "_height": 548
  },
  "features": {
    "geometric_structural": {
      "leading_lines": {
        "diagonal": 11,
        "vertical": 1,
        "horizontal": 0,
        "curved": 158
      },
      "leading_lines_strength": 0.22106631989596878,
      "symmetry_vertical": 0.25475541574917715,
      "symmetry_horizontal": 0.29943142499439224,
      "symmetry_radial": 0.19895261882918805,
      "rule_of_thirds": {
        "alignment_score": 4,
        "num_salient_objects": 31
      },
      "golden_ratio": {
        "golden_alignment_score": 9
      },
      "balance": {
        "static_balance": 0.9736468195915222,
        "dynamic_balance": 1.0,
        "dominant_quadrant": 1
      },
      "layering": {
        "foreground_ratio": 0.2843333468790637,
        "midground_ratio": 0.18136124431079323,
        "background_ratio": 0.534305408810143,
        "depth_complexity": 0.20026381153373615
      }
    },
    "spatial_layout": {
      "negative_space_ratio": 0.7650967165149545,
      "subject_isolation": 0.10000050796488946,
      "depth_of_field": {
        "blur_gradient_strength": 169.9502478991171,
        "sharpness_variance": 87773.11580211089,
        "min_sharpness": 0.0,
        "max_sharpness": 1391.953227997217
      },
      "perspective": {
        "has_vanishing_point": 1,
        "perspective_strength": 0.9961706783369803
      }
    },
    "contrast_color": {
      "high_contrast_ratio": 0.4293954201885566,
      "low_contrast_ratio": 0.5706045798114434,
      "mean_contrast": 25.32414436340332,
      "highlight_ratio": 0.02879144996404648,
      "shadow_ratio": 0.6612534523010254,
      "midtone_ratio": 0.3099551200866699,
      "warm_color_ratio": 0.6431775235695709,
      "cool_color_ratio": 0.3453221513328999,
      "complementary_color_score": 2.4444444444444446
    },
    "motion_dynamics": {
      "s_curve_count": 251,
      "motion_blur_score": 5.65463477049175,
      "dominant_direction_deg": 4.999999999999995,
      "direction_strength": 0.14824447334162608
    },
    "pattern_rhythm": {
      "repetition_score": 1.0,
      "rhythm_score": 1.0,
      "pattern_breaks": 12
    },
    "visual_mass_focus": {
      "point_of_interest": {
        "x": 0.552734375,
        "y": 0.4616384915474642,
        "strength": 1.0
      },
      "visual_mass_concentration": 0.19997307786085824,
      "mean_visual_weight": 0.13417623937129974,
      "face_count": 0,
      "has_directional_cues": 0
    },
    "framing_breathing": {
      "frame_in_frame_count": 0,
      "breathing_space": {
        "top": 0.2223667100130039,
        "bottom": 0.26788036410923277,
        "left": 0.123046875,
        "right": 0.162109375,
        "min_margin": 0.123046875,
        "mean_margin": 0.19385083103055917
      },
      "corner_anchors": {
        "top_left": 0.2358652800321579,
        "top_right": 0.288353830575943,
        "bottom_left": 0.26928865909576416,
        "bottom_right": 0.26770785450935364,
        "max_corner_weight": 0.288353830575943,
        "has_corner_subject": 0
      }
    }
  }
}