{
  "meta": {
    "_dataset": "tvm_data",
    "_label": "testImages_artphoto",
    "_relpath": "testImages_artphoto/sad_0351.jpg",
    "_filename": "sad_0351.jpg",
    "_width": 482,
    "_height": 415
  },
  "features": {
    "geometric_structural": {
      "leading_lines": {
        "diagonal": 0,
        "vertical": 0,
        "horizontal": 4,
        "curved": 53
      },
      "leading_lines_strength": 0.0957983193277311,
      "symmetry_vertical": 0.3754004669819052,
      "symmetry_horizontal": 0.5586985940096929,
      "symmetry_radial": 0.34923465160690004,
      "rule_of_thirds": {
        "alignment_score": 1,
        "num_salient_objects": 15
      },
      "golden_ratio": {
        "golden_alignment_score": 3
      },
      "balance": {
        "static_balance": 0.808147668838501,
        "dynamic_balance": 1.0,
        "dominant_quadrant": 2
      },
      "layering": {
        "foreground_ratio": 0.24591977415966387,
        "midground_ratio": 0.3128315388655462,
        "background_ratio": 0.4412486869747899,
        "depth_complexity": 0.12114433193838486
      }
    },
    "spatial_layout": {
      "negative_space_ratio": 0.2540244222689076,
      "subject_isolation": 0.1,
      "depth_of_field": {
        "blur_gradient_strength": 138.28942407123168,
        "sharpness_variance": 51449.9641501808,
        "min_sharpness": 0.0,
        "max_sharpness": 1303.4047284034873
      },
      "perspective": {
        "has_vanishing_point": 1,
        "perspective_strength": 0.75
      }
    },
    "contrast_color": {
      "high_contrast_ratio": 0.3912388392857143,
      "low_contrast_ratio": 0.6087611607142858,
      "mean_contrast": 22.781673431396484,
      "highlight_ratio": 0.11323529481887817,
      "shadow_ratio": 0.18727022409439087,
      "midtone_ratio": 0.699494481086731,
      "warm_color_ratio": 0.7848641018907563,
      "cool_color_ratio": 0.008409926470588235,
      "complementary_color_score": 2.4444444444444446
    },
    "motion_dynamics": {
      "s_curve_count": 69,
      "motion_blur_score": 12.225326726353423,
      "dominant_direction_deg": 4.999999999999995,
      "direction_strength": 0.18270745798259352
    },
    "pattern_rhythm": {
      "repetition_score": 1.0,
      "rhythm_score": 1.0,
      "pattern_breaks": 5
    },
    "visual_mass_focus": {
      "point_of_interest": {
        "x": 0.20336134453781513,
        "y": 0.642578125,
        "strength": 1.0
      },
      "visual_mass_concentration": 0.1941045168067227,
      "mean_visual_weight": 0.151984304189682,
      "face_count": 0,
      "has_directional_cues": 0
    },
    "framing_breathing": {
      "frame_in_frame_count": 0,
      "breathing_space": {
        "top": 0.30078125,
        "bottom": 0.0,
        "left": 0.0453781512605042,
        "right": 0.6100840336134454,
        "min_margin": 0.0,
        "mean_margin": 0.23906085871848742
      },
      "corner_anchors": {
        "top_left": 0.26150619983673096,
        "top_right": 0.4443429410457611,
        "bottom_left": 0.6492128968238831,
        "bottom_right": 0.06957519054412842,
        "max_corner_weight": 0.6492128968238831,
        "has_corner_subject": 1
      }
    }
  }
}