{
  "meta": {
    "_dataset": "tvm_data",
    "_label": "testImages_artphoto",
    "_relpath": "testImages_artphoto/sad_0432.jpg",
    "_filename": "sad_0432.jpg",
    "_width": 666,
    "_height": 300
  },
  "features": {
    "geometric_structural": {
      "leading_lines": {
        "diagonal": 1,
        "vertical": 1,
        "horizontal": 0,
        "curved": 106
      },
      "leading_lines_strength": 0.09498680738786279,
      "symmetry_vertical": 0.34575080704353073,
      "symmetry_horizontal": 0.4051852536525007,
      "symmetry_radial": 0.21728435540641922,
      "rule_of_thirds": {
        "alignment_score": 0,
        "num_salient_objects": 10
      },
      "golden_ratio": {
        "golden_alignment_score": 0
      },
      "balance": {
        "static_balance": 0.9428442716598511,
        "dynamic_balance": 1.0,
        "dominant_quadrant": 3
      },
      "layering": {
        "foreground_ratio": 0.21048572174582234,
        "midground_ratio": 0.1364250082453826,
        "background_ratio": 0.653089270008795,
        "depth_complexity": 0.08076586414984974
      }
    },
    "spatial_layout": {
      "negative_space_ratio": 0.6687846993183817,
      "subject_isolation": 0.10000103067282322,
      "depth_of_field": {
        "blur_gradient_strength": 187.0754146696882,
        "sharpness_variance": 202400.891230162,
        "min_sharpness": 0.2760476739715494,
        "max_sharpness": 4224.763238070826
      },
      "perspective": {
        "has_vanishing_point": 1,
        "perspective_strength": 0.9047619047619048
      }
    },
    "contrast_color": {
      "high_contrast_ratio": 0.4029570003298153,
      "low_contrast_ratio": 0.5970429996701847,
      "mean_contrast": 26.70444679260254,
      "highlight_ratio": 0.082663394510746,
      "shadow_ratio": 0.45184868574142456,
      "midtone_ratio": 0.46548789739608765,
      "warm_color_ratio": 0.19656820305628847,
      "cool_color_ratio": 0.021810754727352683,
      "complementary_color_score": 2.0
    },
    "motion_dynamics": {
      "s_curve_count": 126,
      "motion_blur_score": 10.744065698405002,
      "dominant_direction_deg": 4.999999999999995,
      "direction_strength": 0.1053296091686845
    },
    "pattern_rhythm": {
      "repetition_score": 1.0,
      "rhythm_score": 1.0,
      "pattern_breaks": 7
    },
    "visual_mass_focus": {
      "point_of_interest": {
        "x": 0.5373790677220757,
        "y": 0.109375,
        "strength": 1.0
      },
      "visual_mass_concentration": 0.1998526137862797,
      "mean_visual_weight": 0.04903241619467735,
      "face_count": 0,
      "has_directional_cues": 0
    },
    "framing_breathing": {
      "frame_in_frame_count": 0,
      "breathing_space": {
        "top": 0.0,
        "bottom": 0.783203125,
        "left": 0.26824978012313105,
        "right": 0.2937554969217238,
        "min_margin": 0.0,
        "mean_margin": 0.3363021005112137
      },
      "corner_anchors": {
        "top_left": 0.3669602572917938,
        "top_right": 0.4464462101459503,
        "bottom_left": 0.34347304701805115,
        "bottom_right": 0.4319377839565277,
        "max_corner_weight": 0.4464462101459503,
        "has_corner_subject": 1
      }
    }
  }
}