{
  "meta": {
    "_dataset": "tvm_data",
    "_label": "testImages_artphoto",
    "_relpath": "testImages_artphoto/sad_0636.jpg",
    "_filename": "sad_0636.jpg",
    "_width": 394,
    "_height": 507
  },
  "features": {
    "geometric_structural": {
      "leading_lines": {
        "diagonal": 1,
        "vertical": 2,
        "horizontal": 0,
        "curved": 147
      },
      "leading_lines_strength": 0.2276176024279211,
      "symmetry_vertical": 0.5092755841874157,
      "symmetry_horizontal": 0.3914683430514794,
      "symmetry_radial": 0.40018639104074993,
      "rule_of_thirds": {
        "alignment_score": 0,
        "num_salient_objects": 5
      },
      "golden_ratio": {
        "golden_alignment_score": 0
      },
      "balance": {
        "static_balance": 0.9509294033050537,
        "dynamic_balance": 1.0,
        "dominant_quadrant": 1
      },
      "layering": {
        "foreground_ratio": 0.3376950161229135,
        "midground_ratio": 0.20348658004552353,
        "background_ratio": 0.45881840383156297,
        "depth_complexity": 0.044227403859568144
      }
    },
    "spatial_layout": {
      "negative_space_ratio": 0.7963563400986343,
      "subject_isolation": 0.10000059275417299,
      "depth_of_field": {
        "blur_gradient_strength": 47.9675377504086,
        "sharpness_variance": 7654.41610190199,
        "min_sharpness": 0.0,
        "max_sharpness": 547.9325220344525
      },
      "perspective": {
        "has_vanishing_point": 1,
        "perspective_strength": 0.9090909090909091
      }
    },
    "contrast_color": {
      "high_contrast_ratio": 0.3922165449544765,
      "low_contrast_ratio": 0.6077834550455234,
      "mean_contrast": 16.026004791259766,
      "highlight_ratio": 0.0018671756843104959,
      "shadow_ratio": 0.7715880870819092,
      "midtone_ratio": 0.22654473781585693,
      "warm_color_ratio": 0.6780159332321699,
      "cool_color_ratio": 0.00701228186646434,
      "complementary_color_score": 2.2777777777777777
    },
    "motion_dynamics": {
      "s_curve_count": 156,
      "motion_blur_score": 6.531481145975605,
      "dominant_direction_deg": 4.999999999999995,
      "direction_strength": 0.3073311836106218
    },
    "pattern_rhythm": {
      "repetition_score": 1.0,
      "rhythm_score": 1.0,
      "pattern_breaks": 1
    },
    "visual_mass_focus": {
      "point_of_interest": {
        "x": 0.5390625,
        "y": 0.15629742033383914,
        "strength": 1.0
      },
      "visual_mass_concentration": 0.19994783763277693,
      "mean_visual_weight": 0.09868133068084717,
      "face_count": 0,
      "has_directional_cues": 0
    },
    "framing_breathing": {
      "frame_in_frame_count": 0,
      "breathing_space": {
        "top": 0.0,
        "bottom": 0.8406676783004552,
        "left": 0.3984375,
        "right": 0.384765625,
        "min_margin": 0.0,
        "mean_margin": 0.4059677008251138
      },
      "corner_anchors": {
        "top_left": 0.14592891931533813,
        "top_right": 0.14497244358062744,
        "bottom_left": 0.14545579254627228,
        "bottom_right": 0.1276562213897705,
        "max_corner_weight": 0.14592891931533813,
        "has_corner_subject": 0
      }
    }
  }
}