{
  "meta": {
    "_dataset": "tvm_data",
    "_label": "testImages_artphoto",
    "_relpath": "testImages_artphoto/sad_0424.jpg",
    "_filename": "sad_0424.jpg",
    "_width": 555,
    "_height": 360
  },
  "features": {
    "geometric_structural": {
      "leading_lines": {
        "diagonal": 0,
        "vertical": 0,
        "horizontal": 2,
        "curved": 4
      },
      "leading_lines_strength": 0.0076045627376425855,
      "symmetry_vertical": 0.67707502405808,
      "symmetry_horizontal": 0.2293511880635109,
      "symmetry_radial": 0.2981138168007282,
      "rule_of_thirds": {
        "alignment_score": 0,
        "num_salient_objects": 9
      },
      "golden_ratio": {
        "golden_alignment_score": 2
      },
      "balance": {
        "static_balance": 0.8481321334838867,
        "dynamic_balance": 1.0,
        "dominant_quadrant": 3
      },
      "layering": {
        "foreground_ratio": 0.19431489622940432,
        "midground_ratio": 0.3018531170785805,
        "background_ratio": 0.5038319866920152,
        "depth_complexity": 0.037910271438107705
      }
    },
    "spatial_layout": {
      "negative_space_ratio": 0.4115127930925222,
      "subject_isolation": 0.06353473542458808,
      "depth_of_field": {
        "blur_gradient_strength": 38.859227691633194,
        "sharpness_variance": 12494.701538843476,
        "min_sharpness": 0.0,
        "max_sharpness": 807.5211317446444
      },
      "perspective": {
        "has_vanishing_point": 0,
        "perspective_strength": 0.0
      }
    },
    "contrast_color": {
      "high_contrast_ratio": 0.4404779586501901,
      "low_contrast_ratio": 0.5595220413498099,
      "mean_contrast": 17.61251449584961,
      "highlight_ratio": 0.012768338434398174,
      "shadow_ratio": 0.35407012701034546,
      "midtone_ratio": 0.6331615447998047,
      "warm_color_ratio": 0.02396229404309252,
      "cool_color_ratio": 0.5533359077946768,
      "complementary_color_score": 2.2222222222222223
    },
    "motion_dynamics": {
      "s_curve_count": 13,
      "motion_blur_score": 15.22681073586274,
      "dominant_direction_deg": 4.999999999999995,
      "direction_strength": 0.2563198075088712
    },
    "pattern_rhythm": {
      "repetition_score": 1.0,
      "rhythm_score": 1.0,
      "pattern_breaks": 4
    },
    "visual_mass_focus": {
      "point_of_interest": {
        "x": 0.779467680608365,
        "y": 0.59375,
        "strength": 1.0
      },
      "visual_mass_concentration": 0.19991187420785805,
      "mean_visual_weight": 0.1432213932275772,
      "face_count": 0,
      "has_directional_cues": 0
    },
    "framing_breathing": {
      "frame_in_frame_count": 0,
      "breathing_space": {
        "top": 0.525390625,
        "bottom": 0.326171875,
        "left": 0.6932826362484157,
        "right": 0.04182509505703422,
        "min_margin": 0.04182509505703422,
        "mean_margin": 0.3966675578263625
      },
      "corner_anchors": {
        "top_left": 0.264665812253952,
        "top_right": 0.275469571352005,
        "bottom_left": 0.5857555866241455,
        "bottom_right": 0.585774838924408,
        "max_corner_weight": 0.585774838924408,
        "has_corner_subject": 1
      }
    }
  }
}