{
  "meta": {
    "_dataset": "tvm_data",
    "_label": "testImages_artphoto",
    "_relpath": "testImages_artphoto/sad_0402.jpg",
    "_filename": "sad_0402.jpg",
    "_width": 516,
    "_height": 387
  },
  "features": {
    "geometric_structural": {
      "leading_lines": {
        "diagonal": 0,
        "vertical": 0,
        "horizontal": 1,
        "curved": 44
      },
      "leading_lines_strength": 0.06588579795021962,
      "symmetry_vertical": 0.3115420345356071,
      "symmetry_horizontal": 0.502535525195851,
      "symmetry_radial": 0.2667278269980145,
      "rule_of_thirds": {
        "alignment_score": 0,
        "num_salient_objects": 65
      },
      "golden_ratio": {
        "golden_alignment_score": 1
      },
      "balance": {
        "static_balance": 0.8763530254364014,
        "dynamic_balance": 1.0,
        "dominant_quadrant": 3
      },
      "layering": {
        "foreground_ratio": 0.25001715775988287,
        "midground_ratio": 0.15714506314055637,
        "background_ratio": 0.5928377790995608,
        "depth_complexity": 0.032593506899278625
      }
    },
    "spatial_layout": {
      "negative_space_ratio": 0.5056048682284041,
      "subject_isolation": 0.10000114385065886,
      "depth_of_field": {
        "blur_gradient_strength": 23.808148451634374,
        "sharpness_variance": 2224.974264393703,
        "min_sharpness": 0.0,
        "max_sharpness": 329.81053068489757
      },
      "perspective": {
        "has_vanishing_point": 1,
        "perspective_strength": 0.7222222222222222
      }
    },
    "contrast_color": {
      "high_contrast_ratio": 0.44656501647144947,
      "low_contrast_ratio": 0.5534349835285506,
      "mean_contrast": 11.757737159729004,
      "highlight_ratio": 0.0,
      "shadow_ratio": 0.41152316331863403,
      "midtone_ratio": 0.588476836681366,
      "warm_color_ratio": 0.4732396138360176,
      "cool_color_ratio": 0.007443608162518302,
      "complementary_color_score": 0.0
    },
    "motion_dynamics": {
      "s_curve_count": 63,
      "motion_blur_score": 14.734111400742014,
      "dominant_direction_deg": 4.999999999999995,
      "direction_strength": 0.1595414302704076
    },
    "pattern_rhythm": {
      "repetition_score": 1.0,
      "rhythm_score": 1.0,
      "pattern_breaks": 8
    },
    "visual_mass_focus": {
      "point_of_interest": {
        "x": 0.2913616398243045,
        "y": 0.564453125,
        "strength": 1.0
      },
      "visual_mass_concentration": 0.199967972181552,
      "mean_visual_weight": 0.06245651841163635,
      "face_count": 0,
      "has_directional_cues": 0
    },
    "framing_breathing": {
      "frame_in_frame_count": 0,
      "breathing_space": {
        "top": 0.0,
        "bottom": 0.0,
        "left": 0.6881405563689604,
        "right": 0.0,
        "min_margin": 0.0,
        "mean_margin": 0.1720351390922401
      },
      "corner_anchors": {
        "top_left": 0.532202422618866,
        "top_right": 0.6364001035690308,
        "bottom_left": 0.6292312741279602,
        "bottom_right": 0.6735827326774597,
        "max_corner_weight": 0.6735827326774597,
        "has_corner_subject": 1
      }
    }
  }
}