{
  "meta": {
    "_dataset": "tvm_data",
    "_label": "testImages_artphoto",
    "_relpath": "testImages_artphoto/sad_0614.jpg",
    "_filename": "sad_0614.jpg",
    "_width": 447,
    "_height": 447
  },
  "features": {
    "geometric_structural": {
      "leading_lines": {
        "diagonal": 0,
        "vertical": 0,
        "horizontal": 0,
        "curved": 48
      },
      "leading_lines_strength": 0.09375,
      "symmetry_vertical": 0.400901603924121,
      "symmetry_horizontal": 0.4258087870745076,
      "symmetry_radial": 0.37264111780643966,
      "rule_of_thirds": {
        "alignment_score": 0,
        "num_salient_objects": 1
      },
      "golden_ratio": {
        "golden_alignment_score": 1
      },
      "balance": {
        "static_balance": 0.7885172367095947,
        "dynamic_balance": 1.0,
        "dominant_quadrant": 0
      },
      "layering": {
        "foreground_ratio": 0.2696075439453125,
        "midground_ratio": 0.2940101623535156,
        "background_ratio": 0.4363822937011719,
        "depth_complexity": 0.06354403609543806
      }
    },
    "spatial_layout": {
      "negative_space_ratio": 0.6945152282714844,
      "subject_isolation": 0.10000228881835938,
      "depth_of_field": {
        "blur_gradient_strength": 84.73826001833632,
        "sharpness_variance": 18954.276864672433,
        "min_sharpness": 0.11610918877354863,
        "max_sharpness": 715.4860696674053
      },
      "perspective": {
        "has_vanishing_point": 1,
        "perspective_strength": 0.8
      }
    },
    "contrast_color": {
      "high_contrast_ratio": 0.3484382629394531,
      "low_contrast_ratio": 0.6515617370605469,
      "mean_contrast": 26.457151412963867,
      "highlight_ratio": 0.19355010986328125,
      "shadow_ratio": 0.3066368103027344,
      "midtone_ratio": 0.4998130798339844,
      "warm_color_ratio": 0.7228584289550781,
      "cool_color_ratio": 0.01131439208984375,
      "complementary_color_score": 2.2222222222222223
    },
    "motion_dynamics": {
      "s_curve_count": 69,
      "motion_blur_score": 10.58132007618361,
      "dominant_direction_deg": 4.999999999999995,
      "direction_strength": 0.17548370361261184
    },
    "pattern_rhythm": {
      "repetition_score": 1.0,
      "rhythm_score": 1.0,
      "pattern_breaks": 1
    },
    "visual_mass_focus": {
      "point_of_interest": {
        "x": 0.306640625,
        "y": 0.462890625,
        "strength": 1.0
      },
      "visual_mass_concentration": 0.19977569580078125,
      "mean_visual_weight": 0.20002496242523193,
      "face_count": 0,
      "has_directional_cues": 0
    },
    "framing_breathing": {
      "frame_in_frame_count": 0,
      "breathing_space": {
        "top": 0.0859375,
        "bottom": 0.1953125,
        "left": 0.052734375,
        "right": 0.330078125,
        "min_margin": 0.052734375,
        "mean_margin": 0.166015625
      },
      "corner_anchors": {
        "top_left": 0.6099026799201965,
        "top_right": 0.5435814261436462,
        "bottom_left": 0.3704090714454651,
        "bottom_right": 0.30309009552001953,
        "max_corner_weight": 0.6099026799201965,
        "has_corner_subject": 1
      }
    }
  }
}