{
  "meta": {
    "_dataset": "tvm_data",
    "_label": "testImages_artphoto",
    "_relpath": "testImages_artphoto/sad_0645.jpg",
    "_filename": "sad_0645.jpg",
    "_width": 357,
    "_height": 560
  },
  "features": {
    "geometric_structural": {
      "leading_lines": {
        "diagonal": 0,
        "vertical": 0,
        "horizontal": 0,
        "curved": 52
      },
      "leading_lines_strength": 0.0647571606475716,
      "symmetry_vertical": 0.6454542611250275,
      "symmetry_horizontal": 0.5754014762240734,
      "symmetry_radial": 0.4359501299023208,
      "rule_of_thirds": {
        "alignment_score": 0,
        "num_salient_objects": 18
      },
      "golden_ratio": {
        "golden_alignment_score": 2
      },
      "balance": {
        "static_balance": 0.6769659519195557,
        "dynamic_balance": 1.0,
        "dominant_quadrant": 2
      },
      "layering": {
        "foreground_ratio": 0.23288157689912828,
        "midground_ratio": 0.22562850249066002,
        "background_ratio": 0.5414899206102117,
        "depth_complexity": 0.07007512441108762
      }
    },
    "spatial_layout": {
      "negative_space_ratio": 0.6882929249688667,
      "subject_isolation": 0.10000097291407223,
      "depth_of_field": {
        "blur_gradient_strength": 76.33317595657519,
        "sharpness_variance": 17887.260719473372,
        "min_sharpness": 0.6985347515912683,
        "max_sharpness": 761.4655555688589
      },
      "perspective": {
        "has_vanishing_point": 1,
        "perspective_strength": 0.9902912621359223
      }
    },
    "contrast_color": {
      "high_contrast_ratio": 0.4273403448007472,
      "low_contrast_ratio": 0.5726596551992529,
      "mean_contrast": 20.01910400390625,
      "highlight_ratio": 0.14236165583133698,
      "shadow_ratio": 0.035905394703149796,
      "midtone_ratio": 0.8217329382896423,
      "warm_color_ratio": 0.008466784713574097,
      "cool_color_ratio": 0.0050323980386052306,
      "complementary_color_score": 2.5
    },
    "motion_dynamics": {
      "s_curve_count": 96,
      "motion_blur_score": 14.714100095517063,
      "dominant_direction_deg": 4.999999999999995,
      "direction_strength": 0.23349694504924526
    },
    "pattern_rhythm": {
      "repetition_score": 1.0,
      "rhythm_score": 1.0,
      "pattern_breaks": 6
    },
    "visual_mass_focus": {
      "point_of_interest": {
        "x": 0.3984375,
        "y": 0.5703611457036114,
        "strength": 1.0
      },
      "visual_mass_concentration": 0.19951548879202988,
      "mean_visual_weight": 0.013709347695112228,
      "face_count": 0,
      "has_directional_cues": 0
    },
    "framing_breathing": {
      "frame_in_frame_count": 0,
      "breathing_space": {
        "top": 0.39227895392278955,
        "bottom": 0.4246575342465753,
        "left": 0.2421875,
        "right": 0.5234375,
        "min_margin": 0.2421875,
        "mean_margin": 0.3956403720423412
      },
      "corner_anchors": {
        "top_left": 0.1754828691482544,
        "top_right": 0.08897727727890015,
        "bottom_left": 0.3672127425670624,
        "bottom_right": 0.2793569564819336,
        "max_corner_weight": 0.3672127425670624,
        "has_corner_subject": 1
      }
    }
  }
}