{
  "meta": {
    "_dataset": "tvm_data",
    "_label": "testImages_artphoto",
    "_relpath": "testImages_artphoto/sad_0635.jpg",
    "_filename": "sad_0635.jpg",
    "_width": 365,
    "_height": 547
  },
  "features": {
    "geometric_structural": {
      "leading_lines": {
        "diagonal": 0,
        "vertical": 2,
        "horizontal": 0,
        "curved": 113
      },
      "leading_lines_strength": 0.14993481095176012,
      "symmetry_vertical": 0.4009787717150891,
      "symmetry_horizontal": 0.35911568498272406,
      "symmetry_radial": 0.2424827476337642,
      "rule_of_thirds": {
        "alignment_score": 1,
        "num_salient_objects": 8
      },
      "golden_ratio": {
        "golden_alignment_score": 2
      },
      "balance": {
        "static_balance": 0.9595822691917419,
        "dynamic_balance": 1.0,
        "dominant_quadrant": 1
      },
      "layering": {
        "foreground_ratio": 0.30123197115384615,
        "midground_ratio": 0.15682549706649282,
        "background_ratio": 0.541942531779661,
        "depth_complexity": 0.03309086408552036
      }
    },
    "spatial_layout": {
      "negative_space_ratio": 0.7437179147653195,
      "subject_isolation": 0.10000152786831812,
      "depth_of_field": {
        "blur_gradient_strength": 27.977336697885836,
        "sharpness_variance": 1671.176353728901,
        "min_sharpness": 0.0,
        "max_sharpness": 215.62706651287968
      },
      "perspective": {
        "has_vanishing_point": 1,
        "perspective_strength": 0.75
      }
    },
    "contrast_color": {
      "high_contrast_ratio": 0.3783078349087353,
      "low_contrast_ratio": 0.6216921650912647,
      "mean_contrast": 16.71152687072754,
      "highlight_ratio": 0.0,
      "shadow_ratio": 0.7682070732116699,
      "midtone_ratio": 0.23179292678833008,
      "warm_color_ratio": 0.8321432936766623,
      "cool_color_ratio": 0.00015533327900912647,
      "complementary_color_score": 2.5
    },
    "motion_dynamics": {
      "s_curve_count": 137,
      "motion_blur_score": 6.689006844493143,
      "dominant_direction_deg": 4.999999999999995,
      "direction_strength": 0.10412677232698386
    },
    "pattern_rhythm": {
      "repetition_score": 1.0,
      "rhythm_score": 1.0,
      "pattern_breaks": 3
    },
    "visual_mass_focus": {
      "point_of_interest": {
        "x": 0.548828125,
        "y": 0.32073011734028684,
        "strength": 1.0
      },
      "visual_mass_concentration": 0.19971021430899608,
      "mean_visual_weight": 0.05893184244632721,
      "face_count": 1,
      "has_directional_cues": 1
    },
    "framing_breathing": {
      "frame_in_frame_count": 0,
      "breathing_space": {
        "top": 0.16297262059973924,
        "bottom": 0.7535853976531942,
        "left": 0.44140625,
        "right": 0.35546875,
        "min_margin": 0.16297262059973924,
        "mean_margin": 0.4283582545632334
      },
      "corner_anchors": {
        "top_left": 0.09022070467472076,
        "top_right": 0.10107288509607315,
        "bottom_left": 0.15609149634838104,
        "bottom_right": 0.20357045531272888,
        "max_corner_weight": 0.20357045531272888,
        "has_corner_subject": 0
      }
    }
  }
}