{
  "meta": {
    "_dataset": "tvm_data",
    "_label": "testImages_artphoto",
    "_relpath": "testImages_artphoto/sad_0313.jpg",
    "_filename": "sad_0313.jpg",
    "_width": 548,
    "_height": 365
  },
  "features": {
    "geometric_structural": {
      "leading_lines": {
        "diagonal": 9,
        "vertical": 3,
        "horizontal": 0,
        "curved": 90
      },
      "leading_lines_strength": 0.13263979193758127,
      "symmetry_vertical": 0.4536228382027192,
      "symmetry_horizontal": 0.3175418617026205,
      "symmetry_radial": 0.25353520102073124,
      "rule_of_thirds": {
        "alignment_score": 0,
        "num_salient_objects": 22
      },
      "golden_ratio": {
        "golden_alignment_score": 0
      },
      "balance": {
        "static_balance": 0.8637170791625977,
        "dynamic_balance": 1.0,
        "dominant_quadrant": 1
      },
      "layering": {
        "foreground_ratio": 0.2776307501625488,
        "midground_ratio": 0.3898884509102731,
        "background_ratio": 0.33248079892717813,
        "depth_complexity": 0.09624471496509678
      }
    },
    "spatial_layout": {
      "negative_space_ratio": 0.7685838954811444,
      "subject_isolation": 0.10000050796488946,
      "depth_of_field": {
        "blur_gradient_strength": 95.30530584104048,
        "sharpness_variance": 17166.852432115713,
        "min_sharpness": 0.9426427980484248,
        "max_sharpness": 734.4167654442195
      },
      "perspective": {
        "has_vanishing_point": 1,
        "perspective_strength": 0.9930313588850174
      }
    },
    "contrast_color": {
      "high_contrast_ratio": 0.4040073350130039,
      "low_contrast_ratio": 0.5959926649869961,
      "mean_contrast": 19.93836212158203,
      "highlight_ratio": 0.044840600341558456,
      "shadow_ratio": 0.4939323663711548,
      "midtone_ratio": 0.46122705936431885,
      "warm_color_ratio": 4.31770156046814e-05,
      "cool_color_ratio": 0.996959830136541,
      "complementary_color_score": 1.7222222222222223
    },
    "motion_dynamics": {
      "s_curve_count": 172,
      "motion_blur_score": 8.405453385797465,
      "dominant_direction_deg": 4.999999999999995,
      "direction_strength": 0.10043989759402318
    },
    "pattern_rhythm": {
      "repetition_score": 1.0,
      "rhythm_score": 1.0,
      "pattern_breaks": 7
    },
    "visual_mass_focus": {
      "point_of_interest": {
        "x": 0.5591677503250976,
        "y": 0.0703125,
        "strength": 1.0
      },
      "visual_mass_concentration": 0.19991974154746425,
      "mean_visual_weight": 0.3665580153465271,
      "face_count": 0,
      "has_directional_cues": 0
    },
    "framing_breathing": {
      "frame_in_frame_count": 0,
      "breathing_space": {
        "top": 0.0,
        "bottom": 0.697265625,
        "left": 0.2977893368010403,
        "right": 0.2808842652795839,
        "min_margin": 0.0,
        "mean_margin": 0.31898480677015606
      },
      "corner_anchors": {
        "top_left": 0.3176749050617218,
        "top_right": 0.5425166487693787,
        "bottom_left": 0.3131130337715149,
        "bottom_right": 0.4370332360267639,
        "max_corner_weight": 0.5425166487693787,
        "has_corner_subject": 1
      }
    }
  }
}