{
  "meta": {
    "_dataset": "tvm_data",
    "_label": "testImages_artphoto",
    "_relpath": "testImages_artphoto/sad_0316.jpg",
    "_filename": "sad_0316.jpg",
    "_width": 344,
    "_height": 581
  },
  "features": {
    "geometric_structural": {
      "leading_lines": {
        "diagonal": 0,
        "vertical": 3,
        "horizontal": 0,
        "curved": 141
      },
      "leading_lines_strength": 0.16647398843930636,
      "symmetry_vertical": 0.22787281126845665,
      "symmetry_horizontal": 0.39046298059365314,
      "symmetry_radial": 0.17273393868030018,
      "rule_of_thirds": {
        "alignment_score": 1,
        "num_salient_objects": 10
      },
      "golden_ratio": {
        "golden_alignment_score": 5
      },
      "balance": {
        "static_balance": 0.8893380165100098,
        "dynamic_balance": 1.0,
        "dominant_quadrant": 2
      },
      "layering": {
        "foreground_ratio": 0.2677768244219653,
        "midground_ratio": 0.16051074783236993,
        "background_ratio": 0.5717124277456648,
        "depth_complexity": 0.05870237839049488
      }
    },
    "spatial_layout": {
      "negative_space_ratio": 0.6245190570809248,
      "subject_isolation": 0.1,
      "depth_of_field": {
        "blur_gradient_strength": 60.57515098435326,
        "sharpness_variance": 7365.284552647388,
        "min_sharpness": 1.012672646385525,
        "max_sharpness": 668.3681277171219
      },
      "perspective": {
        "has_vanishing_point": 1,
        "perspective_strength": 0.4857142857142857
      }
    },
    "contrast_color": {
      "high_contrast_ratio": 0.4219291907514451,
      "low_contrast_ratio": 0.5780708092485549,
      "mean_contrast": 22.630041122436523,
      "highlight_ratio": 0.007083182688802481,
      "shadow_ratio": 0.5107681751251221,
      "midtone_ratio": 0.4821486473083496,
      "warm_color_ratio": 0.2520569906069364,
      "cool_color_ratio": 0.010388818641618497,
      "complementary_color_score": 2.6666666666666665
    },
    "motion_dynamics": {
      "s_curve_count": 161,
      "motion_blur_score": 11.419926342610715,
      "dominant_direction_deg": 4.999999999999995,
      "direction_strength": 0.09555410043331025
    },
    "pattern_rhythm": {
      "repetition_score": 1.0,
      "rhythm_score": 1.0,
      "pattern_breaks": 6
    },
    "visual_mass_focus": {
      "point_of_interest": {
        "x": 0.345703125,
        "y": 0.5815028901734104,
        "strength": 1.0
      },
      "visual_mass_concentration": 0.1978459176300578,
      "mean_visual_weight": 0.031018560752272606,
      "face_count": 0,
      "has_directional_cues": 0
    },
    "framing_breathing": {
      "frame_in_frame_count": 0,
      "breathing_space": {
        "top": 0.21040462427745665,
        "bottom": 0.0,
        "left": 0.1484375,
        "right": 0.439453125,
        "min_margin": 0.0,
        "mean_margin": 0.19957381231936416
      },
      "corner_anchors": {
        "top_left": 0.37425491213798523,
        "top_right": 0.12303614616394043,
        "bottom_left": 0.5181570649147034,
        "bottom_right": 0.2661052644252777,
        "max_corner_weight": 0.5181570649147034,
        "has_corner_subject": 1
      }
    }
  }
}