{
  "meta": {
    "_dataset": "tvm_data",
    "_label": "testImages_artphoto",
    "_relpath": "testImages_artphoto/sad_0455.jpg",
    "_filename": "sad_0455.jpg",
    "_width": 387,
    "_height": 516
  },
  "features": {
    "geometric_structural": {
      "leading_lines": {
        "diagonal": 0,
        "vertical": 0,
        "horizontal": 0,
        "curved": 28
      },
      "leading_lines_strength": 0.040995607613469986,
      "symmetry_vertical": 0.6693352984050955,
      "symmetry_horizontal": 0.6564259173473753,
      "symmetry_radial": 0.5177161556707569,
      "rule_of_thirds": {
        "alignment_score": 0,
        "num_salient_objects": 6
      },
      "golden_ratio": {
        "golden_alignment_score": 0
      },
      "balance": {
        "static_balance": 0.8860325813293457,
        "dynamic_balance": 1.0,
        "dominant_quadrant": 0
      },
      "layering": {
        "foreground_ratio": 0.2702947703147877,
        "midground_ratio": 0.34632938323572476,
        "background_ratio": 0.3833758464494876,
        "depth_complexity": 0.03851171570716543
      }
    },
    "spatial_layout": {
      "negative_space_ratio": 0.09354410688140556,
      "subject_isolation": 0.10000114385065886,
      "depth_of_field": {
        "blur_gradient_strength": 35.006686964721055,
        "sharpness_variance": 4259.717263977209,
        "min_sharpness": 1.3038254517493273,
        "max_sharpness": 352.1248888244414
      },
      "perspective": {
        "has_vanishing_point": 1,
        "perspective_strength": 0.88
      }
    },
    "contrast_color": {
      "high_contrast_ratio": 0.3275587939238653,
      "low_contrast_ratio": 0.6724412060761347,
      "mean_contrast": 15.334540367126465,
      "highlight_ratio": 0.1282828450202942,
      "shadow_ratio": 0.05491055175662041,
      "midtone_ratio": 0.8168066143989563,
      "warm_color_ratio": 0.9462704749267935,
      "cool_color_ratio": 0.022496682833089313,
      "complementary_color_score": 2.388888888888889
    },
    "motion_dynamics": {
      "s_curve_count": 63,
      "motion_blur_score": 20.242430818405737,
      "dominant_direction_deg": 4.999999999999995,
      "direction_strength": 0.11402189330128448
    },
    "pattern_rhythm": {
      "repetition_score": 1.0,
      "rhythm_score": 1.0,
      "pattern_breaks": 2
    },
    "visual_mass_focus": {
      "point_of_interest": {
        "x": 0.5,
        "y": 0.445095168374817,
        "strength": 1.0
      },
      "visual_mass_concentration": 0.19951615117130309,
      "mean_visual_weight": 0.4737151265144348,
      "face_count": 0,
      "has_directional_cues": 0
    },
    "framing_breathing": {
      "frame_in_frame_count": 0,
      "breathing_space": {
        "top": 0.4260614934114202,
        "bottom": 0.39092240117130306,
        "left": 0.326171875,
        "right": 0.2890625,
        "min_margin": 0.2890625,
        "mean_margin": 0.3580545673956808
      },
      "corner_anchors": {
        "top_left": 0.2775612771511078,
        "top_right": 0.11318821460008621,
        "bottom_left": 0.25481244921684265,
        "bottom_right": 0.14069625735282898,
        "max_corner_weight": 0.2775612771511078,
        "has_corner_subject": 0
      }
    }
  }
}