{
  "meta": {
    "_dataset": "tvm_data",
    "_label": "testImages_artphoto",
    "_relpath": "testImages_artphoto/sad_0367.jpg",
    "_filename": "sad_0367.jpg",
    "_width": 535,
    "_height": 374
  },
  "features": {
    "geometric_structural": {
      "leading_lines": {
        "diagonal": 30,
        "vertical": 1,
        "horizontal": 30,
        "curved": 466
      },
      "leading_lines_strength": 0.7199453551912568,
      "symmetry_vertical": 0.2082134497273011,
      "symmetry_horizontal": 0.2505261122920963,
      "symmetry_radial": 0.17105439641448683,
      "rule_of_thirds": {
        "alignment_score": 1,
        "num_salient_objects": 28
      },
      "golden_ratio": {
        "golden_alignment_score": 2
      },
      "balance": {
        "static_balance": 0.8731938004493713,
        "dynamic_balance": 1.0,
        "dominant_quadrant": 1
      },
      "layering": {
        "foreground_ratio": 0.2950019211065574,
        "midground_ratio": 0.2532018442622951,
        "background_ratio": 0.45179623463114754,
        "depth_complexity": 0.22694767385039707
      }
    },
    "spatial_layout": {
      "negative_space_ratio": 0.3977757855191257,
      "subject_isolation": 0.10000160092213115,
      "depth_of_field": {
        "blur_gradient_strength": 167.55248432124017,
        "sharpness_variance": 49619.488506123154,
        "min_sharpness": 7.628946131829637,
        "max_sharpness": 966.475799906019
      },
      "perspective": {
        "has_vanishing_point": 1,
        "perspective_strength": 0.9988055626653016
      }
    },
    "contrast_color": {
      "high_contrast_ratio": 0.41231749487704916,
      "low_contrast_ratio": 0.5876825051229508,
      "mean_contrast": 22.93026351928711,
      "highlight_ratio": 7.204149733297527e-05,
      "shadow_ratio": 0.2915225923061371,
      "midtone_ratio": 0.7084053754806519,
      "warm_color_ratio": 0.09898768357240437,
      "cool_color_ratio": 0.19708151895491804,
      "complementary_color_score": 2.1666666666666665
    },
    "motion_dynamics": {
      "s_curve_count": 369,
      "motion_blur_score": 8.717486409300829,
      "dominant_direction_deg": 4.999999999999995,
      "direction_strength": 0.07672419313504118
    },
    "pattern_rhythm": {
      "repetition_score": 1.0,
      "rhythm_score": 1.0,
      "pattern_breaks": 6
    },
    "visual_mass_focus": {
      "point_of_interest": {
        "x": 0.8060109289617486,
        "y": 0.427734375,
        "strength": 1.0
      },
      "visual_mass_concentration": 0.19998986082650272,
      "mean_visual_weight": 0.06240135803818703,
      "face_count": 1,
      "has_directional_cues": 1
    },
    "framing_breathing": {
      "frame_in_frame_count": 0,
      "breathing_space": {
        "top": 0.013671875,
        "bottom": 0.16015625,
        "left": 0.40710382513661203,
        "right": 0.0,
        "min_margin": 0.0,
        "mean_margin": 0.145232987534153
      },
      "corner_anchors": {
        "top_left": 0.6299253106117249,
        "top_right": 0.577402651309967,
        "bottom_left": 0.3671925663948059,
        "bottom_right": 0.17771360278129578,
        "max_corner_weight": 0.6299253106117249,
        "has_corner_subject": 1
      }
    }
  }
}