{
  "meta": {
    "_dataset": "tvm_data",
    "_label": "testImages_artphoto",
    "_relpath": "testImages_artphoto/sad_0370.jpg",
    "_filename": "sad_0370.jpg",
    "_width": 385,
    "_height": 519
  },
  "features": {
    "geometric_structural": {
      "leading_lines": {
        "diagonal": 13,
        "vertical": 0,
        "horizontal": 6,
        "curved": 20
      },
      "leading_lines_strength": 0.05652173913043478,
      "symmetry_vertical": 0.5275265988780111,
      "symmetry_horizontal": 0.3375708492541619,
      "symmetry_radial": 0.34404717593377193,
      "rule_of_thirds": {
        "alignment_score": 0,
        "num_salient_objects": 8
      },
      "golden_ratio": {
        "golden_alignment_score": 0
      },
      "balance": {
        "static_balance": 0.9517120718955994,
        "dynamic_balance": 1.0,
        "dominant_quadrant": 1
      },
      "layering": {
        "foreground_ratio": 0.2946557971014493,
        "midground_ratio": 0.3294355751811594,
        "background_ratio": 0.3759086277173913,
        "depth_complexity": 0.021685295588215518
      }
    },
    "spatial_layout": {
      "negative_space_ratio": 0.46417855525362317,
      "subject_isolation": 0.1,
      "depth_of_field": {
        "blur_gradient_strength": 16.615552276021557,
        "sharpness_variance": 785.4885462544205,
        "min_sharpness": 1.0361397983592802,
        "max_sharpness": 127.03092842326488
      },
      "perspective": {
        "has_vanishing_point": 1,
        "perspective_strength": 0.5564516129032258
      }
    },
    "contrast_color": {
      "high_contrast_ratio": 0.43582710597826085,
      "low_contrast_ratio": 0.5641728940217392,
      "mean_contrast": 15.676451683044434,
      "highlight_ratio": 0.0,
      "shadow_ratio": 0.503006100654602,
      "midtone_ratio": 0.49699389934539795,
      "warm_color_ratio": 0.03453917572463768,
      "cool_color_ratio": 0.4322661911231884,
      "complementary_color_score": 2.111111111111111
    },
    "motion_dynamics": {
      "s_curve_count": 40,
      "motion_blur_score": 9.583053474818463,
      "dominant_direction_deg": 4.999999999999995,
      "direction_strength": 0.12414232336921381
    },
    "pattern_rhythm": {
      "repetition_score": 1.0,
      "rhythm_score": 1.0,
      "pattern_breaks": 3
    },
    "visual_mass_focus": {
      "point_of_interest": {
        "x": 0.41015625,
        "y": 0.03768115942028986,
        "strength": 1.0
      },
      "visual_mass_concentration": 0.19975373641304348,
      "mean_visual_weight": 0.05069424584507942,
      "face_count": 1,
      "has_directional_cues": 1
    },
    "framing_breathing": {
      "frame_in_frame_count": 0,
      "breathing_space": {
        "top": 0.0,
        "bottom": 0.8260869565217391,
        "left": 0.587890625,
        "right": 0.095703125,
        "min_margin": 0.0,
        "mean_margin": 0.3774201766304348
      },
      "corner_anchors": {
        "top_left": 0.6300563216209412,
        "top_right": 0.4711610972881317,
        "bottom_left": 0.5090245604515076,
        "bottom_right": 0.34905725717544556,
        "max_corner_weight": 0.6300563216209412,
        "has_corner_subject": 1
      }
    }
  }
}