{
  "meta": {
    "_dataset": "tvm_data",
    "_label": "testImages_artphoto",
    "_relpath": "testImages_artphoto/sad_0359.jpg",
    "_filename": "sad_0359.jpg",
    "_width": 520,
    "_height": 385
  },
  "features": {
    "geometric_structural": {
      "leading_lines": {
        "diagonal": 9,
        "vertical": 2,
        "horizontal": 6,
        "curved": 552
      },
      "leading_lines_strength": 0.8222543352601156,
      "symmetry_vertical": 0.15706133838233308,
      "symmetry_horizontal": 0.14336371810779747,
      "symmetry_radial": 0.1058254638297625,
      "rule_of_thirds": {
        "alignment_score": 0,
        "num_salient_objects": 15
      },
      "golden_ratio": {
        "golden_alignment_score": 2
      },
      "balance": {
        "static_balance": 0.716031014919281,
        "dynamic_balance": 1.0,
        "dominant_quadrant": 3
      },
      "layering": {
        "foreground_ratio": 0.28163102872109824,
        "midground_ratio": 0.3200895276372832,
        "background_ratio": 0.3982794436416185,
        "depth_complexity": 0.21967180579907317
      }
    },
    "spatial_layout": {
      "negative_space_ratio": 0.806815615968208,
      "subject_isolation": 0.10000169346098266,
      "depth_of_field": {
        "blur_gradient_strength": 176.46033624908705,
        "sharpness_variance": 57077.98880091111,
        "min_sharpness": 3.900867099144578,
        "max_sharpness": 1571.4411414982167
      },
      "perspective": {
        "has_vanishing_point": 1,
        "perspective_strength": 0.9983690112130479
      }
    },
    "contrast_color": {
      "high_contrast_ratio": 0.35700133218930635,
      "low_contrast_ratio": 0.6429986678106936,
      "mean_contrast": 29.95808982849121,
      "highlight_ratio": 0.11970511078834534,
      "shadow_ratio": 0.5095313787460327,
      "midtone_ratio": 0.37076354026794434,
      "warm_color_ratio": 0.012113890895953758,
      "cool_color_ratio": 0.00037538385115606937,
      "complementary_color_score": 2.7777777777777777
    },
    "motion_dynamics": {
      "s_curve_count": 503,
      "motion_blur_score": 5.996487411260989,
      "dominant_direction_deg": 4.999999999999995,
      "direction_strength": 0.039172574963762266
    },
    "pattern_rhythm": {
      "repetition_score": 1.0,
      "rhythm_score": 1.0,
      "pattern_breaks": 6
    },
    "visual_mass_focus": {
      "point_of_interest": {
        "x": 0.6777456647398844,
        "y": 0.859375,
        "strength": 1.0
      },
      "visual_mass_concentration": 0.03446757586705202,
      "mean_visual_weight": 0.003403404261916876,
      "face_count": 0,
      "has_directional_cues": 0
    },
    "framing_breathing": {
      "frame_in_frame_count": 0,
      "breathing_space": {
        "top": 0.423828125,
        "bottom": 0.0,
        "left": 0.31647398843930635,
        "right": 0.030346820809248554,
        "min_margin": 0.0,
        "mean_margin": 0.19266223356213874
      },
      "corner_anchors": {
        "top_left": 0.07976807653903961,
        "top_right": 0.0597030408680439,
        "bottom_left": 0.35254865884780884,
        "bottom_right": 0.6067864298820496,
        "max_corner_weight": 0.6067864298820496,
        "has_corner_subject": 1
      }
    }
  }
}