{
  "meta": {
    "_dataset": "tvm_data",
    "_label": "testImages_artphoto",
    "_relpath": "testImages_artphoto/awe_0599.jpg",
    "_filename": "awe_0599.jpg",
    "_width": 556,
    "_height": 360
  },
  "features": {
    "geometric_structural": {
      "leading_lines": {
        "diagonal": 0,
        "vertical": 0,
        "horizontal": 0,
        "curved": 88
      },
      "leading_lines_strength": 0.11125158027812895,
      "symmetry_vertical": 0.3500431865622086,
      "symmetry_horizontal": 0.26635302566992386,
      "symmetry_radial": 0.2231767753420355,
      "rule_of_thirds": {
        "alignment_score": 0,
        "num_salient_objects": 3
      },
      "golden_ratio": {
        "golden_alignment_score": 1
      },
      "balance": {
        "static_balance": 0.9742693305015564,
        "dynamic_balance": 1.0,
        "dominant_quadrant": 0
      },
      "layering": {
        "foreground_ratio": 0.32509531052465235,
        "midground_ratio": 0.32111992335651074,
        "background_ratio": 0.3537847661188369,
        "depth_complexity": 0.02361208569347429
      }
    },
    "spatial_layout": {
      "negative_space_ratio": 0.5880264301517067,
      "subject_isolation": 0.10000197534766118,
      "depth_of_field": {
        "blur_gradient_strength": 24.288800391666697,
        "sharpness_variance": 3196.584428232112,
        "min_sharpness": 0.0,
        "max_sharpness": 458.3176393428666
      },
      "perspective": {
        "has_vanishing_point": 0,
        "perspective_strength": 0.0
      }
    },
    "contrast_color": {
      "high_contrast_ratio": 0.4078821310050569,
      "low_contrast_ratio": 0.5921178689949431,
      "mean_contrast": 20.71588134765625,
      "highlight_ratio": 0.0033975979313254356,
      "shadow_ratio": 0.6174319386482239,
      "midtone_ratio": 0.3791704773902893,
      "warm_color_ratio": 0.05078125,
      "cool_color_ratio": 0.6923914546460177,
      "complementary_color_score": 2.388888888888889
    },
    "motion_dynamics": {
      "s_curve_count": 107,
      "motion_blur_score": 7.751954909463951,
      "dominant_direction_deg": 4.999999999999995,
      "direction_strength": 0.12593335176960055
    },
    "pattern_rhythm": {
      "repetition_score": 1.0,
      "rhythm_score": 1.0,
      "pattern_breaks": 2
    },
    "visual_mass_focus": {
      "point_of_interest": {
        "x": 0.47914032869785084,
        "y": 0.61328125,
        "strength": 1.0
      },
      "visual_mass_concentration": 0.19990765249683945,
      "mean_visual_weight": 0.15868617594242096,
      "face_count": 0,
      "has_directional_cues": 0
    },
    "framing_breathing": {
      "frame_in_frame_count": 0,
      "breathing_space": {
        "top": 0.552734375,
        "bottom": 0.34375,
        "left": 0.4450063211125158,
        "right": 0.4664981036662453,
        "min_margin": 0.34375,
        "mean_margin": 0.4519971999446903
      },
      "corner_anchors": {
        "top_left": 0.12710823118686676,
        "top_right": 0.12149810791015625,
        "bottom_left": 0.15781903266906738,
        "bottom_right": 0.2130398154258728,
        "max_corner_weight": 0.2130398154258728,
        "has_corner_subject": 0
      }
    }
  }
}