{
  "meta": {
    "_dataset": "tvm_data",
    "_label": "testImages_artphoto",
    "_relpath": "testImages_artphoto/awe_0827.jpg",
    "_filename": "awe_0827.jpg",
    "_width": 356,
    "_height": 562
  },
  "features": {
    "geometric_structural": {
      "leading_lines": {
        "diagonal": 0,
        "vertical": 0,
        "horizontal": 0,
        "curved": 82
      },
      "leading_lines_strength": 0.10148514851485149,
      "symmetry_vertical": 0.5268015409884939,
      "symmetry_horizontal": 0.4291232166928899,
      "symmetry_radial": 0.3140662909312158,
      "rule_of_thirds": {
        "alignment_score": 3,
        "num_salient_objects": 21
      },
      "golden_ratio": {
        "golden_alignment_score": 6
      },
      "balance": {
        "static_balance": 0.9399638175964355,
        "dynamic_balance": 1.0,
        "dominant_quadrant": 3
      },
      "layering": {
        "foreground_ratio": 0.25804455445544555,
        "midground_ratio": 0.3470181002475248,
        "background_ratio": 0.39493734529702973,
        "depth_complexity": 0.011832079575022301
      }
    },
    "spatial_layout": {
      "negative_space_ratio": 0.7214427985767327,
      "subject_isolation": 0.10000096689356436,
      "depth_of_field": {
        "blur_gradient_strength": 10.23201797964333,
        "sharpness_variance": 344.90032308281775,
        "min_sharpness": 0.554779377582425,
        "max_sharpness": 160.48546170320733
      },
      "perspective": {
        "has_vanishing_point": 1,
        "perspective_strength": 0.6666666666666666
      }
    },
    "contrast_color": {
      "high_contrast_ratio": 0.3583718479269802,
      "low_contrast_ratio": 0.6416281520730198,
      "mean_contrast": 19.79929542541504,
      "highlight_ratio": 0.0677453950047493,
      "shadow_ratio": 0.6503592133522034,
      "midtone_ratio": 0.28189539909362793,
      "warm_color_ratio": 0.003940091274752475,
      "cool_color_ratio": 0.0018588528774752474,
      "complementary_color_score": 2.0555555555555554
    },
    "motion_dynamics": {
      "s_curve_count": 77,
      "motion_blur_score": 14.138062335689357,
      "dominant_direction_deg": 4.999999999999995,
      "direction_strength": 0.13037351098359576
    },
    "pattern_rhythm": {
      "repetition_score": 1.0,
      "rhythm_score": 1.0,
      "pattern_breaks": 9
    },
    "visual_mass_focus": {
      "point_of_interest": {
        "x": 0.564453125,
        "y": 0.46905940594059403,
        "strength": 1.0
      },
      "visual_mass_concentration": 0.19947497679455445,
      "mean_visual_weight": 0.007658485323190689,
      "face_count": 0,
      "has_directional_cues": 0
    },
    "framing_breathing": {
      "frame_in_frame_count": 0,
      "breathing_space": {
        "top": 0.2438118811881188,
        "bottom": 0.2660891089108911,
        "left": 0.515625,
        "right": 0.150390625,
        "min_margin": 0.150390625,
        "mean_margin": 0.2939791537747525
      },
      "corner_anchors": {
        "top_left": 0.17834360897541046,
        "top_right": 0.1793442666530609,
        "bottom_left": 0.33800816535949707,
        "bottom_right": 0.29264384508132935,
        "max_corner_weight": 0.33800816535949707,
        "has_corner_subject": 1
      }
    }
  }
}