{
  "meta": {
    "_dataset": "tvm_data",
    "_label": "testImages_artphoto",
    "_relpath": "testImages_artphoto/awe_0053.jpg",
    "_filename": "awe_0053.jpg",
    "_width": 361,
    "_height": 555
  },
  "features": {
    "geometric_structural": {
      "leading_lines": {
        "diagonal": 0,
        "vertical": 0,
        "horizontal": 3,
        "curved": 18
      },
      "leading_lines_strength": 0.026683608640406607,
      "symmetry_vertical": 0.7290400015588088,
      "symmetry_horizontal": 0.3381112175378589,
      "symmetry_radial": 0.3300097995220254,
      "rule_of_thirds": {
        "alignment_score": 0,
        "num_salient_objects": 4
      },
      "golden_ratio": {
        "golden_alignment_score": 0
      },
      "balance": {
        "static_balance": 0.9492981433868408,
        "dynamic_balance": 1.0,
        "dominant_quadrant": 3
      },
      "layering": {
        "foreground_ratio": 0.2687991383418043,
        "midground_ratio": 0.18641548205209657,
        "background_ratio": 0.5447853796060991,
        "depth_complexity": 0.014941314759637874
      }
    },
    "spatial_layout": {
      "negative_space_ratio": 0.3692572665184244,
      "subject_isolation": 0.10000148904066074,
      "depth_of_field": {
        "blur_gradient_strength": 20.00880435558162,
        "sharpness_variance": 1727.3078589736629,
        "min_sharpness": 0.0,
        "max_sharpness": 314.85154867326935
      },
      "perspective": {
        "has_vanishing_point": 1,
        "perspective_strength": 0.3888888888888889
      }
    },
    "contrast_color": {
      "high_contrast_ratio": 0.39236221410419314,
      "low_contrast_ratio": 0.6076377858958069,
      "mean_contrast": 7.992313385009766,
      "highlight_ratio": 0.5785617828369141,
      "shadow_ratio": 0.1538030058145523,
      "midtone_ratio": 0.2676352262496948,
      "warm_color_ratio": 0.0,
      "cool_color_ratio": 0.3858278073379924,
      "complementary_color_score": 0.0
    },
    "motion_dynamics": {
      "s_curve_count": 32,
      "motion_blur_score": 38.10978841954634,
      "dominant_direction_deg": 4.999999999999995,
      "direction_strength": 0.3869619599736267
    },
    "pattern_rhythm": {
      "repetition_score": 1.0,
      "rhythm_score": 1.0,
      "pattern_breaks": 1
    },
    "visual_mass_focus": {
      "point_of_interest": {
        "x": 0.529296875,
        "y": 0.9237611181702668,
        "strength": 1.0
      },
      "visual_mass_concentration": 0.19978458545108005,
      "mean_visual_weight": 0.07692907750606537,
      "face_count": 0,
      "has_directional_cues": 0
    },
    "framing_breathing": {
      "frame_in_frame_count": 0,
      "breathing_space": {
        "top": 0.7445997458703939,
        "bottom": 0.0,
        "left": 0.0,
        "right": 0.0,
        "min_margin": 0.0,
        "mean_margin": 0.18614993646759848
      },
      "corner_anchors": {
        "top_left": 0.4499821364879608,
        "top_right": 0.4499908685684204,
        "bottom_left": 0.8122583627700806,
        "bottom_right": 0.8383908867835999,
        "max_corner_weight": 0.8383908867835999,
        "has_corner_subject": 1
      }
    }
  }
}