{
  "meta": {
    "_dataset": "tvm_data",
    "_label": "testImages_artphoto",
    "_relpath": "testImages_artphoto/awe_0840.jpg",
    "_filename": "awe_0840.jpg",
    "_width": 548,
    "_height": 365
  },
  "features": {
    "geometric_structural": {
      "leading_lines": {
        "diagonal": 0,
        "vertical": 0,
        "horizontal": 0,
        "curved": 109
      },
      "leading_lines_strength": 0.14174252275682706,
      "symmetry_vertical": 0.31591239362329315,
      "symmetry_horizontal": 0.25374596656739506,
      "symmetry_radial": 0.180643269591968,
      "rule_of_thirds": {
        "alignment_score": 2,
        "num_salient_objects": 27
      },
      "golden_ratio": {
        "golden_alignment_score": 3
      },
      "balance": {
        "static_balance": 0.947695255279541,
        "dynamic_balance": 1.0,
        "dominant_quadrant": 0
      },
      "layering": {
        "foreground_ratio": 0.20512384184005203,
        "midground_ratio": 0.45476826641742524,
        "background_ratio": 0.34010789174252276,
        "depth_complexity": 0.02381130614121344
      }
    },
    "spatial_layout": {
      "negative_space_ratio": 0.6151124634265279,
      "subject_isolation": 0.10000050796488946,
      "depth_of_field": {
        "blur_gradient_strength": 27.311517801307115,
        "sharpness_variance": 2137.2964878448493,
        "min_sharpness": 0.5305598458937141,
        "max_sharpness": 299.89951961516005
      },
      "perspective": {
        "has_vanishing_point": 0,
        "perspective_strength": 0.0
      }
    },
    "contrast_color": {
      "high_contrast_ratio": 0.4581513125812744,
      "low_contrast_ratio": 0.5418486874187256,
      "mean_contrast": 30.11504554748535,
      "highlight_ratio": 0.11504896730184555,
      "shadow_ratio": 0.3822918236255646,
      "midtone_ratio": 0.5026592016220093,
      "warm_color_ratio": 0.0,
      "cool_color_ratio": 0.0,
      "complementary_color_score": 0.0
    },
    "motion_dynamics": {
      "s_curve_count": 135,
      "motion_blur_score": 11.137426750654408,
      "dominant_direction_deg": 4.999999999999995,
      "direction_strength": 0.08420279990225688
    },
    "pattern_rhythm": {
      "repetition_score": 1.0,
      "rhythm_score": 1.0,
      "pattern_breaks": 15
    },
    "visual_mass_focus": {
      "point_of_interest": {
        "x": 0.5370611183355006,
        "y": 0.47265625,
        "strength": 1.0
      },
      "visual_mass_concentration": 0.0,
      "mean_visual_weight": 0.0,
      "face_count": 0,
      "has_directional_cues": 0
    },
    "framing_breathing": {
      "frame_in_frame_count": 0,
      "breathing_space": {
        "top": 0.12890625,
        "bottom": 0.064453125,
        "left": 0.5656697009102731,
        "right": 0.07932379713914174,
        "min_margin": 0.064453125,
        "mean_margin": 0.20958821826235371
      },
      "corner_anchors": {
        "top_left": 0.5377633571624756,
        "top_right": 0.3642793297767639,
        "bottom_left": 0.3782350718975067,
        "bottom_right": 0.2034877985715866,
        "max_corner_weight": 0.5377633571624756,
        "has_corner_subject": 1
      }
    }
  }
}