{
  "meta": {
    "_dataset": "tvm_data",
    "_label": "testImages_artphoto",
    "_relpath": "testImages_artphoto/awe_0584.jpg",
    "_filename": "awe_0584.jpg",
    "_width": 386,
    "_height": 518
  },
  "features": {
    "geometric_structural": {
      "leading_lines": {
        "diagonal": 0,
        "vertical": 0,
        "horizontal": 1,
        "curved": 15
      },
      "leading_lines_strength": 0.023289665211062592,
      "symmetry_vertical": 0.6909670239654421,
      "symmetry_horizontal": 0.3238236407851015,
      "symmetry_radial": 0.3416432119637311,
      "rule_of_thirds": {
        "alignment_score": 0,
        "num_salient_objects": 9
      },
      "golden_ratio": {
        "golden_alignment_score": 0
      },
      "balance": {
        "static_balance": 0.975801944732666,
        "dynamic_balance": 1.0,
        "dominant_quadrant": 2
      },
      "layering": {
        "foreground_ratio": 0.32647891648471616,
        "midground_ratio": 0.0,
        "background_ratio": 0.6735210835152838,
        "depth_complexity": 0.006599060274946552
      }
    },
    "spatial_layout": {
      "negative_space_ratio": 0.4760706650291121,
      "subject_isolation": 0.1000017057860262,
      "depth_of_field": {
        "blur_gradient_strength": 7.268924761305789,
        "sharpness_variance": 188.43048226980773,
        "min_sharpness": 0.21530180699730872,
        "max_sharpness": 79.12085213728311
      },
      "perspective": {
        "has_vanishing_point": 1,
        "perspective_strength": 0.5
      }
    },
    "contrast_color": {
      "high_contrast_ratio": 0.3410207423580786,
      "low_contrast_ratio": 0.6589792576419213,
      "mean_contrast": 15.189021110534668,
      "highlight_ratio": 0.4413948655128479,
      "shadow_ratio": 0.36373329162597656,
      "midtone_ratio": 0.19487184286117554,
      "warm_color_ratio": 0.4848981077147016,
      "cool_color_ratio": 0.005691639374090248,
      "complementary_color_score": 2.111111111111111
    },
    "motion_dynamics": {
      "s_curve_count": 32,
      "motion_blur_score": 22.971307209389824,
      "dominant_direction_deg": 4.999999999999995,
      "direction_strength": 0.2943333788201239
    },
    "pattern_rhythm": {
      "repetition_score": 1.0,
      "rhythm_score": 1.0,
      "pattern_breaks": 6
    },
    "visual_mass_focus": {
      "point_of_interest": {
        "x": 0.482421875,
        "y": 0.26200873362445415,
        "strength": 1.0
      },
      "visual_mass_concentration": 0.19973617176128095,
      "mean_visual_weight": 0.1722876876592636,
      "face_count": 0,
      "has_directional_cues": 0
    },
    "framing_breathing": {
      "frame_in_frame_count": 0,
      "breathing_space": {
        "top": 0.4570596797671033,
        "bottom": 0.0,
        "left": 0.0,
        "right": 0.0,
        "min_margin": 0.0,
        "mean_margin": 0.11426491994177583
      },
      "corner_anchors": {
        "top_left": 0.6710618138313293,
        "top_right": 0.5897805094718933,
        "bottom_left": 0.7171340584754944,
        "bottom_right": 0.580650269985199,
        "max_corner_weight": 0.7171340584754944,
        "has_corner_subject": 1
      }
    }
  }
}