{
  "meta": {
    "_dataset": "tvm_data",
    "_label": "testImages_artphoto",
    "_relpath": "testImages_artphoto/awe_0032.jpg",
    "_filename": "awe_0032.jpg",
    "_width": 387,
    "_height": 516
  },
  "features": {
    "geometric_structural": {
      "leading_lines": {
        "diagonal": 0,
        "vertical": 0,
        "horizontal": 0,
        "curved": 195
      },
      "leading_lines_strength": 0.28550512445095166,
      "symmetry_vertical": 0.5224478827770513,
      "symmetry_horizontal": 0.33734604472942104,
      "symmetry_radial": 0.3127619075762746,
      "rule_of_thirds": {
        "alignment_score": 0,
        "num_salient_objects": 13
      },
      "golden_ratio": {
        "golden_alignment_score": 0
      },
      "balance": {
        "static_balance": 0.7804300785064697,
        "dynamic_balance": 1.0,
        "dominant_quadrant": 3
      },
      "layering": {
        "foreground_ratio": 0.23285653825036604,
        "midground_ratio": 0.4321667963030747,
        "background_ratio": 0.3349766654465593,
        "depth_complexity": 0.061205335490997534
      }
    },
    "spatial_layout": {
      "negative_space_ratio": 0.18506645772327965,
      "subject_isolation": 0.10000114385065886,
      "depth_of_field": {
        "blur_gradient_strength": 55.4653297627516,
        "sharpness_variance": 13057.568057715816,
        "min_sharpness": 0.0,
        "max_sharpness": 548.0572988149206
      },
      "perspective": {
        "has_vanishing_point": 1,
        "perspective_strength": 0.8846153846153846
      }
    },
    "contrast_color": {
      "high_contrast_ratio": 0.32041258693265007,
      "low_contrast_ratio": 0.6795874130673499,
      "mean_contrast": 21.923513412475586,
      "highlight_ratio": 0.18810909986495972,
      "shadow_ratio": 0.1641225516796112,
      "midtone_ratio": 0.6477683782577515,
      "warm_color_ratio": 0.007220557284040995,
      "cool_color_ratio": 0.7947588762811127,
      "complementary_color_score": 2.2222222222222223
    },
    "motion_dynamics": {
      "s_curve_count": 143,
      "motion_blur_score": 13.33718235870409,
      "dominant_direction_deg": 4.999999999999995,
      "direction_strength": 0.07918020223257005
    },
    "pattern_rhythm": {
      "repetition_score": 1.0,
      "rhythm_score": 1.0,
      "pattern_breaks": 1
    },
    "visual_mass_focus": {
      "point_of_interest": {
        "x": 0.48828125,
        "y": 0.8301610541727672,
        "strength": 1.0
      },
      "visual_mass_concentration": 0.199987989568082,
      "mean_visual_weight": 0.21791358292102814,
      "face_count": 0,
      "has_directional_cues": 0
    },
    "framing_breathing": {
      "frame_in_frame_count": 0,
      "breathing_space": {
        "top": 0.5812591508052709,
        "bottom": 0.0,
        "left": 0.0,
        "right": 0.0,
        "min_margin": 0.0,
        "mean_margin": 0.14531478770131773
      },
      "corner_anchors": {
        "top_left": 0.11799097061157227,
        "top_right": 0.21428994834423065,
        "bottom_left": 0.2634621262550354,
        "bottom_right": 0.3759559094905853,
        "max_corner_weight": 0.3759559094905853,
        "has_corner_subject": 1
      }
    }
  }
}