{
  "meta": {
    "_dataset": "tvm_data",
    "_label": "testImages_artphoto",
    "_relpath": "testImages_artphoto/awe_0580.jpg",
    "_filename": "awe_0580.jpg",
    "_width": 365,
    "_height": 548
  },
  "features": {
    "geometric_structural": {
      "leading_lines": {
        "diagonal": 0,
        "vertical": 0,
        "horizontal": 9,
        "curved": 116
      },
      "leading_lines_strength": 0.1625487646293888,
      "symmetry_vertical": 0.7053571001926084,
      "symmetry_horizontal": 0.4927337789425994,
      "symmetry_radial": 0.4176716629912883,
      "rule_of_thirds": {
        "alignment_score": 0,
        "num_salient_objects": 18
      },
      "golden_ratio": {
        "golden_alignment_score": 0
      },
      "balance": {
        "static_balance": 0.9080527424812317,
        "dynamic_balance": 1.0,
        "dominant_quadrant": 0
      },
      "layering": {
        "foreground_ratio": 0.17034094603381014,
        "midground_ratio": 0.2684492847854356,
        "background_ratio": 0.5612097691807543,
        "depth_complexity": 0.03864409830919523
      }
    },
    "spatial_layout": {
      "negative_space_ratio": 0.5646309127113134,
      "subject_isolation": 0.10000050796488946,
      "depth_of_field": {
        "blur_gradient_strength": 40.08434272374732,
        "sharpness_variance": 11958.770534980802,
        "min_sharpness": 0.23529411764705882,
        "max_sharpness": 692.9864185853459
      },
      "perspective": {
        "has_vanishing_point": 1,
        "perspective_strength": 0.9602122015915119
      }
    },
    "contrast_color": {
      "high_contrast_ratio": 0.2845797098504551,
      "low_contrast_ratio": 0.7154202901495449,
      "mean_contrast": 14.596346855163574,
      "highlight_ratio": 0.20913422107696533,
      "shadow_ratio": 0.14051324129104614,
      "midtone_ratio": 0.6503525376319885,
      "warm_color_ratio": 0.8836328632964889,
      "cool_color_ratio": 0.0,
      "complementary_color_score": 0.0
    },
    "motion_dynamics": {
      "s_curve_count": 110,
      "motion_blur_score": 16.61807255530245,
      "dominant_direction_deg": 4.999999999999995,
      "direction_strength": 0.14145806241836634
    },
    "pattern_rhythm": {
      "repetition_score": 1.0,
      "rhythm_score": 1.0,
      "pattern_breaks": 3
    },
    "visual_mass_focus": {
      "point_of_interest": {
        "x": 0.501953125,
        "y": 0.7074122236671001,
        "strength": 1.0
      },
      "visual_mass_concentration": 0.19999593628088427,
      "mean_visual_weight": 0.2287714183330536,
      "face_count": 0,
      "has_directional_cues": 0
    },
    "framing_breathing": {
      "frame_in_frame_count": 0,
      "breathing_space": {
        "top": 0.0494148244473342,
        "bottom": 0.6163849154746424,
        "left": 0.068359375,
        "right": 0.408203125,
        "min_margin": 0.0494148244473342,
        "mean_margin": 0.28559055998049415
      },
      "corner_anchors": {
        "top_left": 0.3697997033596039,
        "top_right": 0.1966150850057602,
        "bottom_left": 0.5662997961044312,
        "bottom_right": 0.8276037573814392,
        "max_corner_weight": 0.8276037573814392,
        "has_corner_subject": 1
      }
    }
  }
}