{
  "meta": {
    "_dataset": "tvm_data",
    "_label": "testImages_artphoto",
    "_relpath": "testImages_artphoto/awe_0860.jpg",
    "_filename": "awe_0860.jpg",
    "_width": 516,
    "_height": 387
  },
  "features": {
    "geometric_structural": {
      "leading_lines": {
        "diagonal": 0,
        "vertical": 0,
        "horizontal": 0,
        "curved": 41
      },
      "leading_lines_strength": 0.060029282576866766,
      "symmetry_vertical": 0.4871293231476725,
      "symmetry_horizontal": 0.4882462967995186,
      "symmetry_radial": 0.3502866869263907,
      "rule_of_thirds": {
        "alignment_score": 1,
        "num_salient_objects": 28
      },
      "golden_ratio": {
        "golden_alignment_score": 4
      },
      "balance": {
        "static_balance": 0.9497658014297485,
        "dynamic_balance": 1.0,
        "dominant_quadrant": 1
      },
      "layering": {
        "foreground_ratio": 0.3386970397144949,
        "midground_ratio": 0.30150759516837483,
        "background_ratio": 0.3597953651171303,
        "depth_complexity": 0.015903164343121473
      }
    },
    "spatial_layout": {
      "negative_space_ratio": 0.39174883327232796,
      "subject_isolation": 0.10000114385065886,
      "depth_of_field": {
        "blur_gradient_strength": 13.129717583560637,
        "sharpness_variance": 592.4902228758451,
        "min_sharpness": 0.7820364834688577,
        "max_sharpness": 161.75774289633077
      },
      "perspective": {
        "has_vanishing_point": 0,
        "perspective_strength": 0.0
      }
    },
    "contrast_color": {
      "high_contrast_ratio": 0.31982922309663253,
      "low_contrast_ratio": 0.6801707769033675,
      "mean_contrast": 21.74185562133789,
      "highlight_ratio": 0.16528069972991943,
      "shadow_ratio": 0.1291435956954956,
      "midtone_ratio": 0.705575704574585,
      "warm_color_ratio": 0.010457654648609078,
      "cool_color_ratio": 0.0025336292093704246,
      "complementary_color_score": 1.1666666666666667
    },
    "motion_dynamics": {
      "s_curve_count": 75,
      "motion_blur_score": 19.006151660974282,
      "dominant_direction_deg": 95.0,
      "direction_strength": 0.09282062133941246
    },
    "pattern_rhythm": {
      "repetition_score": 1.0,
      "rhythm_score": 1.0,
      "pattern_breaks": 13
    },
    "visual_mass_focus": {
      "point_of_interest": {
        "x": 0.3953147877013177,
        "y": 0.5859375,
        "strength": 1.0
      },
      "visual_mass_concentration": 0.19762593795754027,
      "mean_visual_weight": 0.023965833708643913,
      "face_count": 0,
      "has_directional_cues": 0
    },
    "framing_breathing": {
      "frame_in_frame_count": 0,
      "breathing_space": {
        "top": 0.1796875,
        "bottom": 0.513671875,
        "left": 0.4465592972181552,
        "right": 0.0,
        "min_margin": 0.0,
        "mean_margin": 0.2849796680545388
      },
      "corner_anchors": {
        "top_left": 0.6545785665512085,
        "top_right": 0.3109050393104553,
        "bottom_left": 0.484340637922287,
        "bottom_right": 0.25915002822875977,
        "max_corner_weight": 0.6545785665512085,
        "has_corner_subject": 1
      }
    }
  }
}