{
  "meta": {
    "_dataset": "tvm_data",
    "_label": "testImages_artphoto",
    "_relpath": "testImages_artphoto/awe_0835.jpg",
    "_filename": "awe_0835.jpg",
    "_width": 361,
    "_height": 553
  },
  "features": {
    "geometric_structural": {
      "leading_lines": {
        "diagonal": 0,
        "vertical": 0,
        "horizontal": 0,
        "curved": 78
      },
      "leading_lines_strength": 0.09948979591836735,
      "symmetry_vertical": 0.6200821902449019,
      "symmetry_horizontal": 0.57145952668967,
      "symmetry_radial": 0.38433339504365227,
      "rule_of_thirds": {
        "alignment_score": 0,
        "num_salient_objects": 6
      },
      "golden_ratio": {
        "golden_alignment_score": 0
      },
      "balance": {
        "static_balance": 0.9360210299491882,
        "dynamic_balance": 1.0,
        "dominant_quadrant": 0
      },
      "layering": {
        "foreground_ratio": 0.2149334343112245,
        "midground_ratio": 0.24473104671556123,
        "background_ratio": 0.5403355189732143,
        "depth_complexity": 0.016071353830927768
      }
    },
    "spatial_layout": {
      "negative_space_ratio": 0.28330775669642855,
      "subject_isolation": 0.10000049824617346,
      "depth_of_field": {
        "blur_gradient_strength": 19.388254037623184,
        "sharpness_variance": 534.0447451690746,
        "min_sharpness": 0.0,
        "max_sharpness": 160.238414497958
      },
      "perspective": {
        "has_vanishing_point": 0,
        "perspective_strength": 0.0
      }
    },
    "contrast_color": {
      "high_contrast_ratio": 0.39576939174107145,
      "low_contrast_ratio": 0.6042306082589286,
      "mean_contrast": 24.94300651550293,
      "highlight_ratio": 0.6362553834915161,
      "shadow_ratio": 0.1447405070066452,
      "midtone_ratio": 0.21900410950183868,
      "warm_color_ratio": 0.12067273198341837,
      "cool_color_ratio": 0.10027702487244898,
      "complementary_color_score": 2.388888888888889
    },
    "motion_dynamics": {
      "s_curve_count": 116,
      "motion_blur_score": 22.17814331313296,
      "dominant_direction_deg": 4.999999999999995,
      "direction_strength": 0.32031000876833465
    },
    "pattern_rhythm": {
      "repetition_score": 1.0,
      "rhythm_score": 1.0,
      "pattern_breaks": 6
    },
    "visual_mass_focus": {
      "point_of_interest": {
        "x": 0.185546875,
        "y": 0.45408163265306123,
        "strength": 1.0
      },
      "visual_mass_concentration": 0.19984404894770408,
      "mean_visual_weight": 0.07076544314622879,
      "face_count": 1,
      "has_directional_cues": 1
    },
    "framing_breathing": {
      "frame_in_frame_count": 0,
      "breathing_space": {
        "top": 0.0,
        "bottom": 0.125,
        "left": 0.0,
        "right": 0.5234375,
        "min_margin": 0.0,
        "mean_margin": 0.162109375
      },
      "corner_anchors": {
        "top_left": 0.7968674898147583,
        "top_right": 0.34906303882598877,
        "bottom_left": 0.4285046458244324,
        "bottom_right": 0.3890732526779175,
        "max_corner_weight": 0.7968674898147583,
        "has_corner_subject": 1
      }
    }
  }
}