{
  "meta": {
    "_dataset": "tvm_data",
    "_label": "testImages_artphoto",
    "_relpath": "testImages_artphoto/awe_0847.jpg",
    "_filename": "awe_0847.jpg",
    "_width": 361,
    "_height": 553
  },
  "features": {
    "geometric_structural": {
      "leading_lines": {
        "diagonal": 0,
        "vertical": 0,
        "horizontal": 0,
        "curved": 179
      },
      "leading_lines_strength": 0.22831632653061223,
      "symmetry_vertical": 0.43035395470779586,
      "symmetry_horizontal": 0.4283579731405983,
      "symmetry_radial": 0.2673056663546511,
      "rule_of_thirds": {
        "alignment_score": 3,
        "num_salient_objects": 24
      },
      "golden_ratio": {
        "golden_alignment_score": 7
      },
      "balance": {
        "static_balance": 0.931902289390564,
        "dynamic_balance": 1.0,
        "dominant_quadrant": 0
      },
      "layering": {
        "foreground_ratio": 0.2704604791135204,
        "midground_ratio": 0.3549779775191326,
        "background_ratio": 0.3745615433673469,
        "depth_complexity": 0.029837048067022788
      }
    },
    "spatial_layout": {
      "negative_space_ratio": 0.6843062420280612,
      "subject_isolation": 0.10000049824617346,
      "depth_of_field": {
        "blur_gradient_strength": 30.858282897443527,
        "sharpness_variance": 2316.3512554249014,
        "min_sharpness": 0.330642060745867,
        "max_sharpness": 325.017201114941
      },
      "perspective": {
        "has_vanishing_point": 1,
        "perspective_strength": 0.5
      }
    },
    "contrast_color": {
      "high_contrast_ratio": 0.4877556002869898,
      "low_contrast_ratio": 0.5122443997130102,
      "mean_contrast": 25.088397979736328,
      "highlight_ratio": 0.17783401906490326,
      "shadow_ratio": 0.039069972932338715,
      "midtone_ratio": 0.7830960154533386,
      "warm_color_ratio": 0.15068209901147958,
      "cool_color_ratio": 0.2425113600127551,
      "complementary_color_score": 2.4444444444444446
    },
    "motion_dynamics": {
      "s_curve_count": 235,
      "motion_blur_score": 14.154154752869351,
      "dominant_direction_deg": 4.999999999999995,
      "direction_strength": 0.15470543686185947
    },
    "pattern_rhythm": {
      "repetition_score": 1.0,
      "rhythm_score": 1.0,
      "pattern_breaks": 9
    },
    "visual_mass_focus": {
      "point_of_interest": {
        "x": 0.435546875,
        "y": 0.639030612244898,
        "strength": 1.0
      },
      "visual_mass_concentration": 0.19934829400510204,
      "mean_visual_weight": 0.17379812896251678,
      "face_count": 0,
      "has_directional_cues": 0
    },
    "framing_breathing": {
      "frame_in_frame_count": 0,
      "breathing_space": {
        "top": 0.32908163265306123,
        "bottom": 0.20535714285714285,
        "left": 0.158203125,
        "right": 0.244140625,
        "min_margin": 0.158203125,
        "mean_margin": 0.234195631377551
      },
      "corner_anchors": {
        "top_left": 0.37307870388031006,
        "top_right": 0.35546359419822693,
        "bottom_left": 0.4800165891647339,
        "bottom_right": 0.28892675042152405,
        "max_corner_weight": 0.4800165891647339,
        "has_corner_subject": 1
      }
    }
  }
}