{
  "meta": {
    "_dataset": "tvm_data",
    "_label": "testImages_artphoto",
    "_relpath": "testImages_artphoto/awe_0592.jpg",
    "_filename": "awe_0592.jpg",
    "_width": 418,
    "_height": 479
  },
  "features": {
    "geometric_structural": {
      "leading_lines": {
        "diagonal": 0,
        "vertical": 0,
        "horizontal": 0,
        "curved": 83
      },
      "leading_lines_strength": 0.141396933560477,
      "symmetry_vertical": 0.42166190304991663,
      "symmetry_horizontal": 0.3625017807048033,
      "symmetry_radial": 0.3178325954756191,
      "rule_of_thirds": {
        "alignment_score": 1,
        "num_salient_objects": 22
      },
      "golden_ratio": {
        "golden_alignment_score": 3
      },
      "balance": {
        "static_balance": 0.960513710975647,
        "dynamic_balance": 1.0,
        "dominant_quadrant": 0
      },
      "layering": {
        "foreground_ratio": 0.24430366269165246,
        "midground_ratio": 0.41604224339863716,
        "background_ratio": 0.3396540939097104,
        "depth_complexity": 0.02552809542921617
      }
    },
    "spatial_layout": {
      "negative_space_ratio": 0.41772918441226575,
      "subject_isolation": 0.10000199637989779,
      "depth_of_field": {
        "blur_gradient_strength": 25.727630336243852,
        "sharpness_variance": 1338.9144781144614,
        "min_sharpness": 0.8035371011149556,
        "max_sharpness": 174.52105621104235
      },
      "perspective": {
        "has_vanishing_point": 0,
        "perspective_strength": 0.0
      }
    },
    "contrast_color": {
      "high_contrast_ratio": 0.515355488713799,
      "low_contrast_ratio": 0.484644511286201,
      "mean_contrast": 28.81854820251465,
      "highlight_ratio": 0.2256108969449997,
      "shadow_ratio": 0.06617333739995956,
      "midtone_ratio": 0.7082157731056213,
      "warm_color_ratio": 0.6441552651192505,
      "cool_color_ratio": 0.06506202086882454,
      "complementary_color_score": 2.388888888888889
    },
    "motion_dynamics": {
      "s_curve_count": 120,
      "motion_blur_score": 14.451257666845226,
      "dominant_direction_deg": 4.999999999999995,
      "direction_strength": 0.09933986371346844
    },
    "pattern_rhythm": {
      "repetition_score": 1.0,
      "rhythm_score": 1.0,
      "pattern_breaks": 8
    },
    "visual_mass_focus": {
      "point_of_interest": {
        "x": 0.19140625,
        "y": 0.18228279386712096,
        "strength": 1.0
      },
      "visual_mass_concentration": 0.19987090076660988,
      "mean_visual_weight": 0.17381291091442108,
      "face_count": 0,
      "has_directional_cues": 0
    },
    "framing_breathing": {
      "frame_in_frame_count": 0,
      "breathing_space": {
        "top": 0.0,
        "bottom": 0.6235093696763203,
        "left": 0.630859375,
        "right": 0.0,
        "min_margin": 0.0,
        "mean_margin": 0.3135921861690801
      },
      "corner_anchors": {
        "top_left": 0.7450793981552124,
        "top_right": 0.6719160676002502,
        "bottom_left": 0.40077367424964905,
        "bottom_right": 0.45551368594169617,
        "max_corner_weight": 0.7450793981552124,
        "has_corner_subject": 1
      }
    }
  }
}