{
  "meta": {
    "_dataset": "tvm_data",
    "_label": "testImages_artphoto",
    "_relpath": "testImages_artphoto/awe_0844.jpg",
    "_filename": "awe_0844.jpg",
    "_width": 546,
    "_height": 366
  },
  "features": {
    "geometric_structural": {
      "leading_lines": {
        "diagonal": 0,
        "vertical": 0,
        "horizontal": 11,
        "curved": 350
      },
      "leading_lines_strength": 0.4725130890052356,
      "symmetry_vertical": 0.2560447777041377,
      "symmetry_horizontal": 0.2058453491956768,
      "symmetry_radial": 0.17159434585227187,
      "rule_of_thirds": {
        "alignment_score": 1,
        "num_salient_objects": 24
      },
      "golden_ratio": {
        "golden_alignment_score": 1
      },
      "balance": {
        "static_balance": 0.9385929703712463,
        "dynamic_balance": 1.0,
        "dominant_quadrant": 2
      },
      "layering": {
        "foreground_ratio": 0.3195097758507853,
        "midground_ratio": 0.20825578779450263,
        "background_ratio": 0.472234436354712,
        "depth_complexity": 0.09253582851486325
      }
    },
    "spatial_layout": {
      "negative_space_ratio": 0.47022251308900526,
      "subject_isolation": 0.10000051128926701,
      "depth_of_field": {
        "blur_gradient_strength": 49.67606079465845,
        "sharpness_variance": 7394.356366444276,
        "min_sharpness": 3.052773154855266,
        "max_sharpness": 519.2067316255644
      },
      "perspective": {
        "has_vanishing_point": 1,
        "perspective_strength": 0.9507462686567164
      }
    },
    "contrast_color": {
      "high_contrast_ratio": 0.41225764888743455,
      "low_contrast_ratio": 0.5877423511125655,
      "mean_contrast": 25.731033325195312,
      "highlight_ratio": 0.008167846128344536,
      "shadow_ratio": 0.25922366976737976,
      "midtone_ratio": 0.732608437538147,
      "warm_color_ratio": 0.7831162058246073,
      "cool_color_ratio": 0.08202102421465969,
      "complementary_color_score": 2.0555555555555554
    },
    "motion_dynamics": {
      "s_curve_count": 390,
      "motion_blur_score": 9.382942072048332,
      "dominant_direction_deg": 95.0,
      "direction_strength": 0.06971684800374847
    },
    "pattern_rhythm": {
      "repetition_score": 1.0,
      "rhythm_score": 1.0,
      "pattern_breaks": 5
    },
    "visual_mass_focus": {
      "point_of_interest": {
        "x": 0.5039267015706806,
        "y": 0.302734375,
        "strength": 1.0
      },
      "visual_mass_concentration": 0.19996523232984292,
      "mean_visual_weight": 0.2703630030155182,
      "face_count": 0,
      "has_directional_cues": 0
    },
    "framing_breathing": {
      "frame_in_frame_count": 0,
      "breathing_space": {
        "top": 0.728515625,
        "bottom": 0.146484375,
        "left": 0.06806282722513089,
        "right": 0.6675392670157068,
        "min_margin": 0.06806282722513089,
        "mean_margin": 0.4026505235602094
      },
      "corner_anchors": {
        "top_left": 0.3590148389339447,
        "top_right": 0.4149768054485321,
        "bottom_left": 0.3924790918827057,
        "bottom_right": 0.19410653412342072,
        "max_corner_weight": 0.4149768054485321,
        "has_corner_subject": 1
      }
    }
  }
}