{
  "meta": {
    "_dataset": "tvm_data",
    "_label": "testImages_artphoto",
    "_relpath": "testImages_artphoto/awe_0864.jpg",
    "_filename": "awe_0864.jpg",
    "_width": 383,
    "_height": 522
  },
  "features": {
    "geometric_structural": {
      "leading_lines": {
        "diagonal": 3,
        "vertical": 15,
        "horizontal": 0,
        "curved": 548
      },
      "leading_lines_strength": 0.8108882521489972,
      "symmetry_vertical": 0.16146998523673609,
      "symmetry_horizontal": 0.1845552524861012,
      "symmetry_radial": 0.11888598206435097,
      "rule_of_thirds": {
        "alignment_score": 3,
        "num_salient_objects": 90
      },
      "golden_ratio": {
        "golden_alignment_score": 5
      },
      "balance": {
        "static_balance": 0.9638830423355103,
        "dynamic_balance": 1.0,
        "dominant_quadrant": 3
      },
      "layering": {
        "foreground_ratio": 0.3087840257879656,
        "midground_ratio": 0.29237273907593125,
        "background_ratio": 0.39884323513610315,
        "depth_complexity": 0.1590910440833021
      }
    },
    "spatial_layout": {
      "negative_space_ratio": 0.5647497313753582,
      "subject_isolation": 0.10000111926934098,
      "depth_of_field": {
        "blur_gradient_strength": 120.20123026822625,
        "sharpness_variance": 29471.556781060754,
        "min_sharpness": 1.588235294117647,
        "max_sharpness": 1304.1354286812766
      },
      "perspective": {
        "has_vanishing_point": 1,
        "perspective_strength": 0.9947368421052631
      }
    },
    "contrast_color": {
      "high_contrast_ratio": 0.47464295308022925,
      "low_contrast_ratio": 0.5253570469197708,
      "mean_contrast": 42.921409606933594,
      "highlight_ratio": 0.1487061232328415,
      "shadow_ratio": 0.3148336708545685,
      "midtone_ratio": 0.5364601612091064,
      "warm_color_ratio": 0.001130462034383954,
      "cool_color_ratio": 0.7298755372492837,
      "complementary_color_score": 2.388888888888889
    },
    "motion_dynamics": {
      "s_curve_count": 465,
      "motion_blur_score": 7.5245574498583565,
      "dominant_direction_deg": 4.999999999999995,
      "direction_strength": 0.054404884491251776
    },
    "pattern_rhythm": {
      "repetition_score": 1.0,
      "rhythm_score": 1.0,
      "pattern_breaks": 20
    },
    "visual_mass_focus": {
      "point_of_interest": {
        "x": 0.484375,
        "y": 0.5687679083094556,
        "strength": 1.0
      },
      "visual_mass_concentration": 0.1996132924426934,
      "mean_visual_weight": 0.13514436781406403,
      "face_count": 0,
      "has_directional_cues": 0
    },
    "framing_breathing": {
      "frame_in_frame_count": 0,
      "breathing_space": {
        "top": 0.7363896848137536,
        "bottom": 0.0,
        "left": 0.0,
        "right": 0.55078125,
        "min_margin": 0.0,
        "mean_margin": 0.3217927337034384
      },
      "corner_anchors": {
        "top_left": 0.4830783009529114,
        "top_right": 0.34761539101600647,
        "bottom_left": 0.5445079803466797,
        "bottom_right": 0.33486437797546387,
        "max_corner_weight": 0.5445079803466797,
        "has_corner_subject": 1
      }
    }
  }
}