{
  "meta": {
    "_dataset": "tvm_data",
    "_label": "testImages_artphoto",
    "_relpath": "testImages_artphoto/awe_0052.jpg",
    "_filename": "awe_0052.jpg",
    "_width": 366,
    "_height": 546
  },
  "features": {
    "geometric_structural": {
      "leading_lines": {
        "diagonal": 0,
        "vertical": 0,
        "horizontal": 0,
        "curved": 41
      },
      "leading_lines_strength": 0.05366492146596859,
      "symmetry_vertical": 0.7748597260591278,
      "symmetry_horizontal": 0.3107951621462903,
      "symmetry_radial": 0.34475558953098034,
      "rule_of_thirds": {
        "alignment_score": 0,
        "num_salient_objects": 43
      },
      "golden_ratio": {
        "golden_alignment_score": 0
      },
      "balance": {
        "static_balance": 0.9493612051010132,
        "dynamic_balance": 1.0,
        "dominant_quadrant": 0
      },
      "layering": {
        "foreground_ratio": 0.21870398396596857,
        "midground_ratio": 0.2229885880235602,
        "background_ratio": 0.5583074280104712,
        "depth_complexity": 0.00948907117983355
      }
    },
    "spatial_layout": {
      "negative_space_ratio": 0.5733188808900523,
      "subject_isolation": 0.09711683982329843,
      "depth_of_field": {
        "blur_gradient_strength": 5.714938111469849,
        "sharpness_variance": 128.51260499078592,
        "min_sharpness": 0.0,
        "max_sharpness": 51.42496165302406
      },
      "perspective": {
        "has_vanishing_point": 0,
        "perspective_strength": 0.0
      }
    },
    "contrast_color": {
      "high_contrast_ratio": 0.3189064545157068,
      "low_contrast_ratio": 0.6810935454842932,
      "mean_contrast": 8.528085708618164,
      "highlight_ratio": 0.41830363869667053,
      "shadow_ratio": 0.30801600217819214,
      "midtone_ratio": 0.2736803889274597,
      "warm_color_ratio": 0.5998573502945026,
      "cool_color_ratio": 0.0,
      "complementary_color_score": 0.0
    },
    "motion_dynamics": {
      "s_curve_count": 41,
      "motion_blur_score": 31.357394543867724,
      "dominant_direction_deg": 4.999999999999995,
      "direction_strength": 0.4051737360918961
    },
    "pattern_rhythm": {
      "repetition_score": 1.0,
      "rhythm_score": 1.0,
      "pattern_breaks": 11
    },
    "visual_mass_focus": {
      "point_of_interest": {
        "x": 0.50390625,
        "y": 0.362565445026178,
        "strength": 1.0
      },
      "visual_mass_concentration": 0.19990387761780104,
      "mean_visual_weight": 0.18068614602088928,
      "face_count": 0,
      "has_directional_cues": 0
    },
    "framing_breathing": {
      "frame_in_frame_count": 0,
      "breathing_space": {
        "top": 0.0,
        "bottom": 0.5680628272251309,
        "left": 0.0,
        "right": 0.0,
        "min_margin": 0.0,
        "mean_margin": 0.14201570680628273
      },
      "corner_anchors": {
        "top_left": 0.8961972594261169,
        "top_right": 0.9008233547210693,
        "bottom_left": 0.8136118054389954,
        "bottom_right": 0.8379300236701965,
        "max_corner_weight": 0.9008233547210693,
        "has_corner_subject": 1
      }
    }
  }
}