{
  "meta": {
    "_dataset": "tvm_data",
    "_label": "testImages_artphoto",
    "_relpath": "testImages_artphoto/awe_0852.jpg",
    "_filename": "awe_0852.jpg",
    "_width": 357,
    "_height": 560
  },
  "features": {
    "geometric_structural": {
      "leading_lines": {
        "diagonal": 24,
        "vertical": 38,
        "horizontal": 10,
        "curved": 571
      },
      "leading_lines_strength": 0.800747198007472,
      "symmetry_vertical": 0.20122169942102527,
      "symmetry_horizontal": 0.180255137773995,
      "symmetry_radial": 0.15799245789665622,
      "rule_of_thirds": {
        "alignment_score": 0,
        "num_salient_objects": 23
      },
      "golden_ratio": {
        "golden_alignment_score": 1
      },
      "balance": {
        "static_balance": 0.8473023772239685,
        "dynamic_balance": 1.0,
        "dominant_quadrant": 1
      },
      "layering": {
        "foreground_ratio": 0.33911406444582815,
        "midground_ratio": 0.26173820828144456,
        "background_ratio": 0.3991477272727273,
        "depth_complexity": 0.2016075191107435
      }
    },
    "spatial_layout": {
      "negative_space_ratio": 0.7508050863947696,
      "subject_isolation": 0.10000097291407223,
      "depth_of_field": {
        "blur_gradient_strength": 141.0679220946957,
        "sharpness_variance": 29663.373594527973,
        "min_sharpness": 0.0,
        "max_sharpness": 617.8547806635753
      },
      "perspective": {
        "has_vanishing_point": 1,
        "perspective_strength": 0.9994829072105716
      }
    },
    "contrast_color": {
      "high_contrast_ratio": 0.4538863052615193,
      "low_contrast_ratio": 0.5461136947384807,
      "mean_contrast": 44.27094650268555,
      "highlight_ratio": 0.10117819905281067,
      "shadow_ratio": 0.5274799466133118,
      "midtone_ratio": 0.37134188413619995,
      "warm_color_ratio": 0.02008337873599004,
      "cool_color_ratio": 0.29929998832503113,
      "complementary_color_score": 2.388888888888889
    },
    "motion_dynamics": {
      "s_curve_count": 517,
      "motion_blur_score": 5.372394461493535,
      "dominant_direction_deg": 4.999999999999995,
      "direction_strength": 0.16295824252762356
    },
    "pattern_rhythm": {
      "repetition_score": 1.0,
      "rhythm_score": 1.0,
      "pattern_breaks": 12
    },
    "visual_mass_focus": {
      "point_of_interest": {
        "x": 0.744140625,
        "y": 0.286425902864259,
        "strength": 1.0
      },
      "visual_mass_concentration": 0.19999221668742218,
      "mean_visual_weight": 0.20286357402801514,
      "face_count": 0,
      "has_directional_cues": 0
    },
    "framing_breathing": {
      "frame_in_frame_count": 0,
      "breathing_space": {
        "top": 0.043586550435865505,
        "bottom": 0.4806973848069738,
        "left": 0.669921875,
        "right": 0.0234375,
        "min_margin": 0.0234375,
        "mean_margin": 0.3044108275607098
      },
      "corner_anchors": {
        "top_left": 0.3302207887172699,
        "top_right": 0.6774582862854004,
        "bottom_left": 0.3339000642299652,
        "bottom_right": 0.304423451423645,
        "max_corner_weight": 0.6774582862854004,
        "has_corner_subject": 1
      }
    }
  }
}