{
  "meta": {
    "_dataset": "tvm_data",
    "_label": "testImages_artphoto",
    "_relpath": "testImages_artphoto/awe_0858.jpg",
    "_filename": "awe_0858.jpg",
    "_width": 447,
    "_height": 447
  },
  "features": {
    "geometric_structural": {
      "leading_lines": {
        "diagonal": 2,
        "vertical": 3,
        "horizontal": 0,
        "curved": 210
      },
      "leading_lines_strength": 0.419921875,
      "symmetry_vertical": 0.17551500266980583,
      "symmetry_horizontal": 0.14070795900188973,
      "symmetry_radial": 0.16188430764477174,
      "rule_of_thirds": {
        "alignment_score": 1,
        "num_salient_objects": 68
      },
      "golden_ratio": {
        "golden_alignment_score": 4
      },
      "balance": {
        "static_balance": 0.9750694036483765,
        "dynamic_balance": 1.0,
        "dominant_quadrant": 3
      },
      "layering": {
        "foreground_ratio": 0.2933158874511719,
        "midground_ratio": 0.33400726318359375,
        "background_ratio": 0.3726768493652344,
        "depth_complexity": 0.08772100671844964
      }
    },
    "spatial_layout": {
      "negative_space_ratio": 0.5541954040527344,
      "subject_isolation": 0.10000228881835938,
      "depth_of_field": {
        "blur_gradient_strength": 70.72239876244524,
        "sharpness_variance": 9418.356054834467,
        "min_sharpness": 4.600597971885832,
        "max_sharpness": 454.5997693194925
      },
      "perspective": {
        "has_vanishing_point": 1,
        "perspective_strength": 0.985632183908046
      }
    },
    "contrast_color": {
      "high_contrast_ratio": 0.4881248474121094,
      "low_contrast_ratio": 0.5118751525878906,
      "mean_contrast": 43.34205627441406,
      "highlight_ratio": 0.12109756469726562,
      "shadow_ratio": 0.14580917358398438,
      "midtone_ratio": 0.73309326171875,
      "warm_color_ratio": 0.284637451171875,
      "cool_color_ratio": 0.3688545227050781,
      "complementary_color_score": 2.0
    },
    "motion_dynamics": {
      "s_curve_count": 313,
      "motion_blur_score": 8.609551417064063,
      "dominant_direction_deg": 4.999999999999995,
      "direction_strength": 0.03985977172836357
    },
    "pattern_rhythm": {
      "repetition_score": 1.0,
      "rhythm_score": 1.0,
      "pattern_breaks": 19
    },
    "visual_mass_focus": {
      "point_of_interest": {
        "x": 0.63671875,
        "y": 0.529296875,
        "strength": 1.0
      },
      "visual_mass_concentration": 0.19997406005859375,
      "mean_visual_weight": 0.177683487534523,
      "face_count": 0,
      "has_directional_cues": 0
    },
    "framing_breathing": {
      "frame_in_frame_count": 0,
      "breathing_space": {
        "top": 0.0,
        "bottom": 0.86328125,
        "left": 0.0,
        "right": 0.65234375,
        "min_margin": 0.0,
        "mean_margin": 0.37890625
      },
      "corner_anchors": {
        "top_left": 0.5210726857185364,
        "top_right": 0.3655380606651306,
        "bottom_left": 0.493297815322876,
        "bottom_right": 0.4922516644001007,
        "max_corner_weight": 0.5210726857185364,
        "has_corner_subject": 1
      }
    }
  }
}