{
  "meta": {
    "_dataset": "tvm_data",
    "_label": "testImages_artphoto",
    "_relpath": "testImages_artphoto/awe_0839.jpg",
    "_filename": "awe_0839.jpg",
    "_width": 432,
    "_height": 463
  },
  "features": {
    "geometric_structural": {
      "leading_lines": {
        "diagonal": 1,
        "vertical": 3,
        "horizontal": 2,
        "curved": 92
      },
      "leading_lines_strength": 0.1785063752276867,
      "symmetry_vertical": 0.3835805472580486,
      "symmetry_horizontal": 0.3853644603754194,
      "symmetry_radial": 0.31340602609356355,
      "rule_of_thirds": {
        "alignment_score": 0,
        "num_salient_objects": 16
      },
      "golden_ratio": {
        "golden_alignment_score": 1
      },
      "balance": {
        "static_balance": 0.8832402229309082,
        "dynamic_balance": 1.0,
        "dominant_quadrant": 0
      },
      "layering": {
        "foreground_ratio": 0.3003472222222222,
        "midground_ratio": 0.3093693078324226,
        "background_ratio": 0.3902834699453552,
        "depth_complexity": 0.0646774380729801
      }
    },
    "spatial_layout": {
      "negative_space_ratio": 0.337310735428051,
      "subject_isolation": 0.10000071152094718,
      "depth_of_field": {
        "blur_gradient_strength": 61.74184632932167,
        "sharpness_variance": 7270.646006609839,
        "min_sharpness": 0.0,
        "max_sharpness": 439.0576850562163
      },
      "perspective": {
        "has_vanishing_point": 1,
        "perspective_strength": 0.948905109489051
      }
    },
    "contrast_color": {
      "high_contrast_ratio": 0.48607197745901637,
      "low_contrast_ratio": 0.5139280225409837,
      "mean_contrast": 30.912731170654297,
      "highlight_ratio": 0.550493061542511,
      "shadow_ratio": 0.13783583045005798,
      "midtone_ratio": 0.31167110800743103,
      "warm_color_ratio": 0.0,
      "cool_color_ratio": 0.0,
      "complementary_color_score": 0.0
    },
    "motion_dynamics": {
      "s_curve_count": 153,
      "motion_blur_score": 12.545365031647567,
      "dominant_direction_deg": 4.999999999999995,
      "direction_strength": 0.2528603142067507
    },
    "pattern_rhythm": {
      "repetition_score": 1.0,
      "rhythm_score": 1.0,
      "pattern_breaks": 6
    },
    "visual_mass_focus": {
      "point_of_interest": {
        "x": 0.43359375,
        "y": 0.16939890710382513,
        "strength": 1.0
      },
      "visual_mass_concentration": 0.0,
      "mean_visual_weight": 0.0,
      "face_count": 0,
      "has_directional_cues": 0
    },
    "framing_breathing": {
      "frame_in_frame_count": 0,
      "breathing_space": {
        "top": 0.0,
        "bottom": 0.0,
        "left": 0.0,
        "right": 0.158203125,
        "min_margin": 0.0,
        "mean_margin": 0.03955078125
      },
      "corner_anchors": {
        "top_left": 0.5503900051116943,
        "top_right": 0.39689385890960693,
        "bottom_left": 0.4500471353530884,
        "bottom_right": 0.4526732563972473,
        "max_corner_weight": 0.5503900051116943,
        "has_corner_subject": 1
      }
    }
  }
}