{
  "meta": {
    "_dataset": "tvm_data",
    "_label": "testImages_artphoto",
    "_relpath": "testImages_artphoto/awe_0590.jpg",
    "_filename": "awe_0590.jpg",
    "_width": 588,
    "_height": 340
  },
  "features": {
    "geometric_structural": {
      "leading_lines": {
        "diagonal": 2,
        "vertical": 0,
        "horizontal": 15,
        "curved": 191
      },
      "leading_lines_strength": 0.23502824858757063,
      "symmetry_vertical": 0.7074493364677321,
      "symmetry_horizontal": 0.5450863193615566,
      "symmetry_radial": 0.32464110914711813,
      "rule_of_thirds": {
        "alignment_score": 3,
        "num_salient_objects": 37
      },
      "golden_ratio": {
        "golden_alignment_score": 4
      },
      "balance": {
        "static_balance": 0.8828340768814087,
        "dynamic_balance": 1.0,
        "dominant_quadrant": 1
      },
      "layering": {
        "foreground_ratio": 0.27371777895480226,
        "midground_ratio": 0.1305901306497175,
        "background_ratio": 0.5956920903954802,
        "depth_complexity": 0.06510773304521714
      }
    },
    "spatial_layout": {
      "negative_space_ratio": 0.4621424788135593,
      "subject_isolation": 0.1,
      "depth_of_field": {
        "blur_gradient_strength": 49.31577959255895,
        "sharpness_variance": 14263.346461028068,
        "min_sharpness": 0.1568627450980392,
        "max_sharpness": 603.15275451535
      },
      "perspective": {
        "has_vanishing_point": 1,
        "perspective_strength": 0.9974413646055437
      }
    },
    "contrast_color": {
      "high_contrast_ratio": 0.35037738347457625,
      "low_contrast_ratio": 0.6496226165254237,
      "mean_contrast": 19.938379287719727,
      "highlight_ratio": 0.41959965229034424,
      "shadow_ratio": 0.055422402918338776,
      "midtone_ratio": 0.5249779224395752,
      "warm_color_ratio": 0.03872263418079096,
      "cool_color_ratio": 0.0,
      "complementary_color_score": 0.0
    },
    "motion_dynamics": {
      "s_curve_count": 261,
      "motion_blur_score": 15.408679828622283,
      "dominant_direction_deg": 4.999999999999995,
      "direction_strength": 0.31488788841738413
    },
    "pattern_rhythm": {
      "repetition_score": 1.0,
      "rhythm_score": 1.0,
      "pattern_breaks": 12
    },
    "visual_mass_focus": {
      "point_of_interest": {
        "x": 0.5073446327683616,
        "y": 0.55859375,
        "strength": 1.0
      },
      "visual_mass_concentration": 0.1999558615819209,
      "mean_visual_weight": 0.033397186547517776,
      "face_count": 0,
      "has_directional_cues": 0
    },
    "framing_breathing": {
      "frame_in_frame_count": 0,
      "breathing_space": {
        "top": 0.2265625,
        "bottom": 0.0,
        "left": 0.1807909604519774,
        "right": 0.1943502824858757,
        "min_margin": 0.0,
        "mean_margin": 0.15042593573446328
      },
      "corner_anchors": {
        "top_left": 0.4146866798400879,
        "top_right": 0.43802353739738464,
        "bottom_left": 0.3247285783290863,
        "bottom_right": 0.23259274661540985,
        "max_corner_weight": 0.43802353739738464,
        "has_corner_subject": 1
      }
    }
  }
}