{
  "meta": {
    "_dataset": "tvm_data",
    "_label": "testImages_artphoto",
    "_relpath": "testImages_artphoto/awe_0865.jpg",
    "_filename": "awe_0865.jpg",
    "_width": 554,
    "_height": 361
  },
  "features": {
    "geometric_structural": {
      "leading_lines": {
        "diagonal": 0,
        "vertical": 0,
        "horizontal": 0,
        "curved": 65
      },
      "leading_lines_strength": 0.08269720101781171,
      "symmetry_vertical": 0.56117025425769,
      "symmetry_horizontal": 0.5258817791648347,
      "symmetry_radial": 0.3678187789379192,
      "rule_of_thirds": {
        "alignment_score": 1,
        "num_salient_objects": 3
      },
      "golden_ratio": {
        "golden_alignment_score": 1
      },
      "balance": {
        "static_balance": 0.8732103109359741,
        "dynamic_balance": 1.0,
        "dominant_quadrant": 1
      },
      "layering": {
        "foreground_ratio": 0.24047540951017812,
        "midground_ratio": 0.2607695213104326,
        "background_ratio": 0.49875506917938933,
        "depth_complexity": 0.022047831592961545
      }
    },
    "spatial_layout": {
      "negative_space_ratio": 0.5042466801844784,
      "subject_isolation": 0.10000198791348601,
      "depth_of_field": {
        "blur_gradient_strength": 21.086382895190596,
        "sharpness_variance": 1458.4309690704474,
        "min_sharpness": 0.8511732319557098,
        "max_sharpness": 208.43266031563587
      },
      "perspective": {
        "has_vanishing_point": 0,
        "perspective_strength": 0.0
      }
    },
    "contrast_color": {
      "high_contrast_ratio": 0.3296233897900763,
      "low_contrast_ratio": 0.6703766102099237,
      "mean_contrast": 19.014795303344727,
      "highlight_ratio": 0.14423803985118866,
      "shadow_ratio": 0.06647085398435593,
      "midtone_ratio": 0.7892910838127136,
      "warm_color_ratio": 0.004726264312977099,
      "cool_color_ratio": 0.03662979087150127,
      "complementary_color_score": 2.0555555555555554
    },
    "motion_dynamics": {
      "s_curve_count": 106,
      "motion_blur_score": 17.397644433786343,
      "dominant_direction_deg": 4.999999999999995,
      "direction_strength": 0.20116690521578512
    },
    "pattern_rhythm": {
      "repetition_score": 1.0,
      "rhythm_score": 1.0,
      "pattern_breaks": 1
    },
    "visual_mass_focus": {
      "point_of_interest": {
        "x": 0.6679389312977099,
        "y": 0.28125,
        "strength": 1.0
      },
      "visual_mass_concentration": 0.1992560233778626,
      "mean_visual_weight": 0.03629131242632866,
      "face_count": 0,
      "has_directional_cues": 0
    },
    "framing_breathing": {
      "frame_in_frame_count": 0,
      "breathing_space": {
        "top": 0.029296875,
        "bottom": 0.50390625,
        "left": 0.4821882951653944,
        "right": 0.1628498727735369,
        "min_margin": 0.029296875,
        "mean_margin": 0.2945603232347328
      },
      "corner_anchors": {
        "top_left": 0.16808055341243744,
        "top_right": 0.28535741567611694,
        "bottom_left": 0.21431410312652588,
        "bottom_right": 0.3285661041736603,
        "max_corner_weight": 0.3285661041736603,
        "has_corner_subject": 1
      }
    }
  }
}