{
  "meta": {
    "_dataset": "tvm_data",
    "_label": "testImages_artphoto",
    "_relpath": "testImages_artphoto/awe_0603.jpg",
    "_filename": "awe_0603.jpg",
    "_width": 516,
    "_height": 387
  },
  "features": {
    "geometric_structural": {
      "leading_lines": {
        "diagonal": 3,
        "vertical": 0,
        "horizontal": 28,
        "curved": 411
      },
      "leading_lines_strength": 0.6471449487554904,
      "symmetry_vertical": 0.2786671820601552,
      "symmetry_horizontal": 0.13872961063879674,
      "symmetry_radial": 0.1468422262740093,
      "rule_of_thirds": {
        "alignment_score": 0,
        "num_salient_objects": 9
      },
      "golden_ratio": {
        "golden_alignment_score": 1
      },
      "balance": {
        "static_balance": 0.9486868381500244,
        "dynamic_balance": 1.0,
        "dominant_quadrant": 2
      },
      "layering": {
        "foreground_ratio": 0.3356772739751098,
        "midground_ratio": 0.32823080618594436,
        "background_ratio": 0.3360919198389458,
        "depth_complexity": 0.12037482540019834
      }
    },
    "spatial_layout": {
      "negative_space_ratio": 0.5085274066617862,
      "subject_isolation": 0.10000114385065886,
      "depth_of_field": {
        "blur_gradient_strength": 65.36094144929541,
        "sharpness_variance": 6549.30601991942,
        "min_sharpness": 4.8531483395689206,
        "max_sharpness": 450.27549957495717
      },
      "perspective": {
        "has_vanishing_point": 1,
        "perspective_strength": 0.9939656798038846
      }
    },
    "contrast_color": {
      "high_contrast_ratio": 0.37626967423133234,
      "low_contrast_ratio": 0.6237303257686677,
      "mean_contrast": 33.729087829589844,
      "highlight_ratio": 0.05880536139011383,
      "shadow_ratio": 0.258553147315979,
      "midtone_ratio": 0.6826415061950684,
      "warm_color_ratio": 0.268584713579795,
      "cool_color_ratio": 0.5557169655929722,
      "complementary_color_score": 2.388888888888889
    },
    "motion_dynamics": {
      "s_curve_count": 396,
      "motion_blur_score": 8.76179296164587,
      "dominant_direction_deg": 95.0,
      "direction_strength": 0.041147167825651004
    },
    "pattern_rhythm": {
      "repetition_score": 1.0,
      "rhythm_score": 1.0,
      "pattern_breaks": 2
    },
    "visual_mass_focus": {
      "point_of_interest": {
        "x": 0.6530014641288433,
        "y": 0.88671875,
        "strength": 1.0
      },
      "visual_mass_concentration": 0.19995367404831627,
      "mean_visual_weight": 0.275288462638855,
      "face_count": 1,
      "has_directional_cues": 1
    },
    "framing_breathing": {
      "frame_in_frame_count": 0,
      "breathing_space": {
        "top": 0.705078125,
        "bottom": 0.0,
        "left": 0.5592972181551976,
        "right": 0.07759882869692533,
        "min_margin": 0.0,
        "mean_margin": 0.33549354296303074
      },
      "corner_anchors": {
        "top_left": 0.4336853623390198,
        "top_right": 0.30592459440231323,
        "bottom_left": 0.33946967124938965,
        "bottom_right": 0.35546350479125977,
        "max_corner_weight": 0.4336853623390198,
        "has_corner_subject": 1
      }
    }
  }
}