{
  "meta": {
    "_dataset": "tvm_data",
    "_label": "testImages_artphoto",
    "_relpath": "testImages_artphoto/awe_0874.jpg",
    "_filename": "awe_0874.jpg",
    "_width": 632,
    "_height": 316
  },
  "features": {
    "geometric_structural": {
      "leading_lines": {
        "diagonal": 0,
        "vertical": 0,
        "horizontal": 0,
        "curved": 110
      },
      "leading_lines_strength": 0.107421875,
      "symmetry_vertical": 0.39319564901871795,
      "symmetry_horizontal": 0.39630875227600576,
      "symmetry_radial": 0.2879635339920515,
      "rule_of_thirds": {
        "alignment_score": 0,
        "num_salient_objects": 6
      },
      "golden_ratio": {
        "golden_alignment_score": 0
      },
      "balance": {
        "static_balance": 0.8913981914520264,
        "dynamic_balance": 1.0,
        "dominant_quadrant": 2
      },
      "layering": {
        "foreground_ratio": 0.23999595642089844,
        "midground_ratio": 0.28106117248535156,
        "background_ratio": 0.47894287109375,
        "depth_complexity": 0.023475238749393612
      }
    },
    "spatial_layout": {
      "negative_space_ratio": 0.4873924255371094,
      "subject_isolation": 0.10000038146972656,
      "depth_of_field": {
        "blur_gradient_strength": 21.358738993739987,
        "sharpness_variance": 1533.008592769104,
        "min_sharpness": 0.0,
        "max_sharpness": 248.62898885044214
      },
      "perspective": {
        "has_vanishing_point": 0,
        "perspective_strength": 0.0
      }
    },
    "contrast_color": {
      "high_contrast_ratio": 0.4071922302246094,
      "low_contrast_ratio": 0.5928077697753906,
      "mean_contrast": 19.078397750854492,
      "highlight_ratio": 0.0069408416748046875,
      "shadow_ratio": 0.4760475158691406,
      "midtone_ratio": 0.5170116424560547,
      "warm_color_ratio": 0.45755767822265625,
      "cool_color_ratio": 0.47637176513671875,
      "complementary_color_score": 2.2777777777777777
    },
    "motion_dynamics": {
      "s_curve_count": 114,
      "motion_blur_score": 9.98161435523603,
      "dominant_direction_deg": 4.999999999999995,
      "direction_strength": 0.18604087829554358
    },
    "pattern_rhythm": {
      "repetition_score": 1.0,
      "rhythm_score": 1.0,
      "pattern_breaks": 3
    },
    "visual_mass_focus": {
      "point_of_interest": {
        "x": 0.2490234375,
        "y": 0.8359375,
        "strength": 1.0
      },
      "visual_mass_concentration": 0.19936370849609375,
      "mean_visual_weight": 0.21109257638454437,
      "face_count": 0,
      "has_directional_cues": 0
    },
    "framing_breathing": {
      "frame_in_frame_count": 0,
      "breathing_space": {
        "top": 0.75390625,
        "bottom": 0.091796875,
        "left": 0.103515625,
        "right": 0.68359375,
        "min_margin": 0.091796875,
        "mean_margin": 0.408203125
      },
      "corner_anchors": {
        "top_left": 0.26383838057518005,
        "top_right": 0.2921772003173828,
        "bottom_left": 0.35168272256851196,
        "bottom_right": 0.2074580192565918,
        "max_corner_weight": 0.35168272256851196,
        "has_corner_subject": 1
      }
    }
  }
}