{
  "meta": {
    "_dataset": "tvm_data",
    "_label": "testImages_artphoto",
    "_relpath": "testImages_artphoto/awe_0041.jpg",
    "_filename": "awe_0041.jpg",
    "_width": 553,
    "_height": 362
  },
  "features": {
    "geometric_structural": {
      "leading_lines": {
        "diagonal": 9,
        "vertical": 0,
        "horizontal": 2,
        "curved": 276
      },
      "leading_lines_strength": 0.3670076726342711,
      "symmetry_vertical": 0.49660304579725395,
      "symmetry_horizontal": 0.34807702857527,
      "symmetry_radial": 0.2583711692006337,
      "rule_of_thirds": {
        "alignment_score": 0,
        "num_salient_objects": 35
      },
      "golden_ratio": {
        "golden_alignment_score": 0
      },
      "balance": {
        "static_balance": 0.9018930196762085,
        "dynamic_balance": 1.0,
        "dominant_quadrant": 2
      },
      "layering": {
        "foreground_ratio": 0.337783228101023,
        "midground_ratio": 0.1335567854859335,
        "background_ratio": 0.5286599864130435,
        "depth_complexity": 0.04449449726830992
      }
    },
    "spatial_layout": {
      "negative_space_ratio": 0.37972046835038364,
      "subject_isolation": 0.10000149856138107,
      "depth_of_field": {
        "blur_gradient_strength": 25.004806193120757,
        "sharpness_variance": 2551.3264640289362,
        "min_sharpness": 1.1399211937679308,
        "max_sharpness": 258.7760136025522
      },
      "perspective": {
        "has_vanishing_point": 1,
        "perspective_strength": 0.9941291585127201
      }
    },
    "contrast_color": {
      "high_contrast_ratio": 0.4100288722826087,
      "low_contrast_ratio": 0.5899711277173914,
      "mean_contrast": 15.636334419250488,
      "highlight_ratio": 0.10272138565778732,
      "shadow_ratio": 0.11763956397771835,
      "midtone_ratio": 0.7796390652656555,
      "warm_color_ratio": 0.47651754315856776,
      "cool_color_ratio": 0.036644820971867005,
      "complementary_color_score": 2.0
    },
    "motion_dynamics": {
      "s_curve_count": 238,
      "motion_blur_score": 17.19787700949418,
      "dominant_direction_deg": 4.999999999999995,
      "direction_strength": 0.08282298992946066
    },
    "pattern_rhythm": {
      "repetition_score": 1.0,
      "rhythm_score": 1.0,
      "pattern_breaks": 7
    },
    "visual_mass_focus": {
      "point_of_interest": {
        "x": 0.24808184143222506,
        "y": 0.796875,
        "strength": 1.0
      },
      "visual_mass_concentration": 0.19984814578005114,
      "mean_visual_weight": 0.14439955353736877,
      "face_count": 0,
      "has_directional_cues": 0
    },
    "framing_breathing": {
      "frame_in_frame_count": 0,
      "breathing_space": {
        "top": 0.7578125,
        "bottom": 0.0,
        "left": 0.3414322250639386,
        "right": 0.0,
        "min_margin": 0.0,
        "mean_margin": 0.27481118126598464
      },
      "corner_anchors": {
        "top_left": 0.42085257172584534,
        "top_right": 0.3118095099925995,
        "bottom_left": 0.8958700299263,
        "bottom_right": 0.6250774264335632,
        "max_corner_weight": 0.8958700299263,
        "has_corner_subject": 1
      }
    }
  }
}