{
  "meta": {
    "_dataset": "tvm_data",
    "_label": "testImages_artphoto",
    "_relpath": "testImages_artphoto/awe_0595.jpg",
    "_filename": "awe_0595.jpg",
    "_width": 381,
    "_height": 525
  },
  "features": {
    "geometric_structural": {
      "leading_lines": {
        "diagonal": 0,
        "vertical": 0,
        "horizontal": 0,
        "curved": 43
      },
      "leading_lines_strength": 0.060906515580736544,
      "symmetry_vertical": 0.5128477099411705,
      "symmetry_horizontal": 0.4230823627817095,
      "symmetry_radial": 0.32538018497225435,
      "rule_of_thirds": {
        "alignment_score": 6,
        "num_salient_objects": 51
      },
      "golden_ratio": {
        "golden_alignment_score": 12
      },
      "balance": {
        "static_balance": 0.9568755626678467,
        "dynamic_balance": 1.0,
        "dominant_quadrant": 1
      },
      "layering": {
        "foreground_ratio": 0.2122598707507082,
        "midground_ratio": 0.1570080116855524,
        "background_ratio": 0.6307321175637394,
        "depth_complexity": 0.029359941346720226
      }
    },
    "spatial_layout": {
      "negative_space_ratio": 0.5756268811968839,
      "subject_isolation": 0.10000221317280453,
      "depth_of_field": {
        "blur_gradient_strength": 24.828313590013583,
        "sharpness_variance": 1670.4437811588919,
        "min_sharpness": 2.116109188773548,
        "max_sharpness": 178.26089276578773
      },
      "perspective": {
        "has_vanishing_point": 1,
        "perspective_strength": 0.9047619047619048
      }
    },
    "contrast_color": {
      "high_contrast_ratio": 0.36058117917847027,
      "low_contrast_ratio": 0.6394188208215297,
      "mean_contrast": 28.739412307739258,
      "highlight_ratio": 0.17305904626846313,
      "shadow_ratio": 0.11022430658340454,
      "midtone_ratio": 0.7167166471481323,
      "warm_color_ratio": 0.9441616501416431,
      "cool_color_ratio": 0.004885578966005666,
      "complementary_color_score": 2.1666666666666665
    },
    "motion_dynamics": {
      "s_curve_count": 84,
      "motion_blur_score": 13.330505584933057,
      "dominant_direction_deg": 4.999999999999995,
      "direction_strength": 0.04972722645170379
    },
    "pattern_rhythm": {
      "repetition_score": 1.0,
      "rhythm_score": 1.0,
      "pattern_breaks": 22
    },
    "visual_mass_focus": {
      "point_of_interest": {
        "x": 0.453125,
        "y": 0.5297450424929179,
        "strength": 1.0
      },
      "visual_mass_concentration": 0.19987163597733712,
      "mean_visual_weight": 0.31915295124053955,
      "face_count": 0,
      "has_directional_cues": 0
    },
    "framing_breathing": {
      "frame_in_frame_count": 0,
      "breathing_space": {
        "top": 0.2535410764872521,
        "bottom": 0.3696883852691218,
        "left": 0.142578125,
        "right": 0.41015625,
        "min_margin": 0.142578125,
        "mean_margin": 0.29399095918909346
      },
      "corner_anchors": {
        "top_left": 0.34058821201324463,
        "top_right": 0.3595040440559387,
        "bottom_left": 0.19119060039520264,
        "bottom_right": 0.10818514227867126,
        "max_corner_weight": 0.3595040440559387,
        "has_corner_subject": 1
      }
    }
  }
}