{
  "meta": {
    "_dataset": "tvm_data",
    "_label": "testImages_artphoto",
    "_relpath": "testImages_artphoto/awe_0873.jpg",
    "_filename": "awe_0873.jpg",
    "_width": 516,
    "_height": 387
  },
  "features": {
    "geometric_structural": {
      "leading_lines": {
        "diagonal": 0,
        "vertical": 0,
        "horizontal": 3,
        "curved": 26
      },
      "leading_lines_strength": 0.0424597364568082,
      "symmetry_vertical": 0.45730967073242956,
      "symmetry_horizontal": 0.45081291277129526,
      "symmetry_radial": 0.3058592225131884,
      "rule_of_thirds": {
        "alignment_score": 0,
        "num_salient_objects": 3
      },
      "golden_ratio": {
        "golden_alignment_score": 0
      },
      "balance": {
        "static_balance": 0.8154229521751404,
        "dynamic_balance": 1.0,
        "dominant_quadrant": 3
      },
      "layering": {
        "foreground_ratio": 0.11886324121522694,
        "midground_ratio": 0.27643724835285505,
        "background_ratio": 0.604699510431918,
        "depth_complexity": 0.014530913670687382
      }
    },
    "spatial_layout": {
      "negative_space_ratio": 0.6961360724743777,
      "subject_isolation": 0.10000114385065886,
      "depth_of_field": {
        "blur_gradient_strength": 17.769569657099105,
        "sharpness_variance": 1839.6334798760745,
        "min_sharpness": 0.0,
        "max_sharpness": 321.68177264799675
      },
      "perspective": {
        "has_vanishing_point": 1,
        "perspective_strength": 0.8
      }
    },
    "contrast_color": {
      "high_contrast_ratio": 0.3240586109077599,
      "low_contrast_ratio": 0.6759413890922401,
      "mean_contrast": 12.365643501281738,
      "highlight_ratio": 0.1932850182056427,
      "shadow_ratio": 0.5329486131668091,
      "midtone_ratio": 0.2737663984298706,
      "warm_color_ratio": 0.6001670021961932,
      "cool_color_ratio": 0.013560349560761346,
      "complementary_color_score": 2.388888888888889
    },
    "motion_dynamics": {
      "s_curve_count": 39,
      "motion_blur_score": 17.537749770125647,
      "dominant_direction_deg": 4.999999999999995,
      "direction_strength": 0.2818476619684473
    },
    "pattern_rhythm": {
      "repetition_score": 1.0,
      "rhythm_score": 1.0,
      "pattern_breaks": 2
    },
    "visual_mass_focus": {
      "point_of_interest": {
        "x": 0.7935578330893118,
        "y": 0.525390625,
        "strength": 1.0
      },
      "visual_mass_concentration": 0.19990792002196192,
      "mean_visual_weight": 0.1429550051689148,
      "face_count": 0,
      "has_directional_cues": 0
    },
    "framing_breathing": {
      "frame_in_frame_count": 0,
      "breathing_space": {
        "top": 0.248046875,
        "bottom": 0.240234375,
        "left": 0.40263543191800877,
        "right": 0.0,
        "min_margin": 0.0,
        "mean_margin": 0.2227291704795022
      },
      "corner_anchors": {
        "top_left": 0.38049668073654175,
        "top_right": 0.1475457102060318,
        "bottom_left": 0.4659216105937958,
        "bottom_right": 0.41770869493484497,
        "max_corner_weight": 0.4659216105937958,
        "has_corner_subject": 1
      }
    }
  }
}