{
  "meta": {
    "_dataset": "tvm_data",
    "_label": "testImages_artphoto",
    "_relpath": "testImages_artphoto/awe_0588.jpg",
    "_filename": "awe_0588.jpg",
    "_width": 521,
    "_height": 384
  },
  "features": {
    "geometric_structural": {
      "leading_lines": {
        "diagonal": 0,
        "vertical": 0,
        "horizontal": 0,
        "curved": 45
      },
      "leading_lines_strength": 0.06474820143884892,
      "symmetry_vertical": 0.7407451403623624,
      "symmetry_horizontal": 0.6717580577546177,
      "symmetry_radial": 0.5455319331394862,
      "rule_of_thirds": {
        "alignment_score": 0,
        "num_salient_objects": 5
      },
      "golden_ratio": {
        "golden_alignment_score": 1
      },
      "balance": {
        "static_balance": 0.8850565552711487,
        "dynamic_balance": 1.0,
        "dominant_quadrant": 0
      },
      "layering": {
        "foreground_ratio": 0.32245672212230214,
        "midground_ratio": 0.0,
        "background_ratio": 0.6775432778776979,
        "depth_complexity": 0.012309169400504739
      }
    },
    "spatial_layout": {
      "negative_space_ratio": 0.8396076888489209,
      "subject_isolation": 0.09998594874100719,
      "depth_of_field": {
        "blur_gradient_strength": 19.193843480570226,
        "sharpness_variance": 1207.0478562761098,
        "min_sharpness": 0.0784313725490196,
        "max_sharpness": 223.9753940792003
      },
      "perspective": {
        "has_vanishing_point": 0,
        "perspective_strength": 0.0
      }
    },
    "contrast_color": {
      "high_contrast_ratio": 0.307857464028777,
      "low_contrast_ratio": 0.692142535971223,
      "mean_contrast": 10.924427032470703,
      "highlight_ratio": 0.01797437109053135,
      "shadow_ratio": 0.32760509848594666,
      "midtone_ratio": 0.6544204950332642,
      "warm_color_ratio": 0.0,
      "cool_color_ratio": 0.8994435701438849,
      "complementary_color_score": 0.0
    },
    "motion_dynamics": {
      "s_curve_count": 38,
      "motion_blur_score": 13.65147785611459,
      "dominant_direction_deg": 4.999999999999995,
      "direction_strength": 0.3349033273371883
    },
    "pattern_rhythm": {
      "repetition_score": 1.0,
      "rhythm_score": 1.0,
      "pattern_breaks": 3
    },
    "visual_mass_focus": {
      "point_of_interest": {
        "x": 0.5064748201438849,
        "y": 0.564453125,
        "strength": 1.0
      },
      "visual_mass_concentration": 0.19975550809352519,
      "mean_visual_weight": 0.24575269222259521,
      "face_count": 0,
      "has_directional_cues": 0
    },
    "framing_breathing": {
      "frame_in_frame_count": 0,
      "breathing_space": {
        "top": 0.42578125,
        "bottom": 0.302734375,
        "left": 0.4143884892086331,
        "right": 0.4633093525179856,
        "min_margin": 0.302734375,
        "mean_margin": 0.4015533666816547
      },
      "corner_anchors": {
        "top_left": 0.29487812519073486,
        "top_right": 0.15398246049880981,
        "bottom_left": 0.3931771516799927,
        "bottom_right": 0.15699918568134308,
        "max_corner_weight": 0.3931771516799927,
        "has_corner_subject": 1
      }
    }
  }
}