{
  "meta": {
    "_dataset": "tvm_data",
    "_label": "testImages_artphoto",
    "_relpath": "testImages_artphoto/awe_0602.jpg",
    "_filename": "awe_0602.jpg",
    "_width": 390,
    "_height": 513
  },
  "features": {
    "geometric_structural": {
      "leading_lines": {
        "diagonal": 0,
        "vertical": 0,
        "horizontal": 0,
        "curved": 19
      },
      "leading_lines_strength": 0.02823179791976226,
      "symmetry_vertical": 0.8181613656844393,
      "symmetry_horizontal": 0.8136783207763453,
      "symmetry_radial": 0.7409568646121348,
      "rule_of_thirds": {
        "alignment_score": 0,
        "num_salient_objects": 1
      },
      "golden_ratio": {
        "golden_alignment_score": 0
      },
      "balance": {
        "static_balance": 0.7996799945831299,
        "dynamic_balance": 1.0,
        "dominant_quadrant": 0
      },
      "layering": {
        "foreground_ratio": 0.11961076801634472,
        "midground_ratio": 0.0,
        "background_ratio": 0.8803892319836553,
        "depth_complexity": 0.010713743847435342
      }
    },
    "spatial_layout": {
      "negative_space_ratio": 0.9842966428306092,
      "subject_isolation": 0.08733341846210996,
      "depth_of_field": {
        "blur_gradient_strength": 13.152283695133772,
        "sharpness_variance": 1064.6457733001307,
        "min_sharpness": 0.0,
        "max_sharpness": 211.39921105078767
      },
      "perspective": {
        "has_vanishing_point": 0,
        "perspective_strength": 0.0
      }
    },
    "contrast_color": {
      "high_contrast_ratio": 0.21135540490341753,
      "low_contrast_ratio": 0.7886445950965825,
      "mean_contrast": 5.730442047119141,
      "highlight_ratio": 0.004222580697387457,
      "shadow_ratio": 0.9692201614379883,
      "midtone_ratio": 0.02655726671218872,
      "warm_color_ratio": 0.050345932392273404,
      "cool_color_ratio": 0.006166999442793462,
      "complementary_color_score": 2.388888888888889
    },
    "motion_dynamics": {
      "s_curve_count": 26,
      "motion_blur_score": 4.871106820939623,
      "dominant_direction_deg": 4.999999999999995,
      "direction_strength": 0.8276838781551017
    },
    "pattern_rhythm": {
      "repetition_score": 1.0,
      "rhythm_score": 1.0,
      "pattern_breaks": 1
    },
    "visual_mass_focus": {
      "point_of_interest": {
        "x": 0.365234375,
        "y": 0.774145616641902,
        "strength": 1.0
      },
      "visual_mass_concentration": 0.058210670505200596,
      "mean_visual_weight": 0.019259722903370857,
      "face_count": 0,
      "has_directional_cues": 0
    },
    "framing_breathing": {
      "frame_in_frame_count": 0,
      "breathing_space": {
        "top": 0.7444279346210996,
        "bottom": 0.1589895988112927,
        "left": 0.322265625,
        "right": 0.556640625,
        "min_margin": 0.1589895988112927,
        "mean_margin": 0.44558094585809804
      },
      "corner_anchors": {
        "top_left": 0.024291867390275,
        "top_right": 0.024291960522532463,
        "bottom_left": 0.02383505366742611,
        "bottom_right": 0.024291962385177612,
        "max_corner_weight": 0.024291962385177612,
        "has_corner_subject": 0
      }
    }
  }
}