{
  "meta": {
    "_dataset": "tvm_data",
    "_label": "testImages_artphoto",
    "_relpath": "testImages_artphoto/awe_0855.jpg",
    "_filename": "awe_0855.jpg",
    "_width": 557,
    "_height": 359
  },
  "features": {
    "geometric_structural": {
      "leading_lines": {
        "diagonal": 0,
        "vertical": 1,
        "horizontal": 0,
        "curved": 185
      },
      "leading_lines_strength": 0.23425692695214106,
      "symmetry_vertical": 0.39751506068515047,
      "symmetry_horizontal": 0.28677859706019404,
      "symmetry_radial": 0.20667812193443394,
      "rule_of_thirds": {
        "alignment_score": 3,
        "num_salient_objects": 37
      },
      "golden_ratio": {
        "golden_alignment_score": 10
      },
      "balance": {
        "static_balance": 0.9108635187149048,
        "dynamic_balance": 1.0,
        "dominant_quadrant": 1
      },
      "layering": {
        "foreground_ratio": 0.2511192340994962,
        "midground_ratio": 0.41763666955289674,
        "background_ratio": 0.33124409634760704,
        "depth_complexity": 0.049223654858158036
      }
    },
    "spatial_layout": {
      "negative_space_ratio": 0.5836818128148614,
      "subject_isolation": 0.10000049197103275,
      "depth_of_field": {
        "blur_gradient_strength": 50.29195918494826,
        "sharpness_variance": 6768.871085342774,
        "min_sharpness": 0.41379310344827586,
        "max_sharpness": 547.4199226305323
      },
      "perspective": {
        "has_vanishing_point": 1,
        "perspective_strength": 0.7777777777777778
      }
    },
    "contrast_color": {
      "high_contrast_ratio": 0.3848886177581864,
      "low_contrast_ratio": 0.6151113822418136,
      "mean_contrast": 20.340669631958008,
      "highlight_ratio": 0.056340523064136505,
      "shadow_ratio": 0.3790759742259979,
      "midtone_ratio": 0.5645835399627686,
      "warm_color_ratio": 0.1541025464420655,
      "cool_color_ratio": 0.7819854966939547,
      "complementary_color_score": 2.2222222222222223
    },
    "motion_dynamics": {
      "s_curve_count": 210,
      "motion_blur_score": 10.506189155117774,
      "dominant_direction_deg": 4.999999999999995,
      "direction_strength": 0.09645338082469976
    },
    "pattern_rhythm": {
      "repetition_score": 1.0,
      "rhythm_score": 1.0,
      "pattern_breaks": 13
    },
    "visual_mass_focus": {
      "point_of_interest": {
        "x": 0.5654911838790933,
        "y": 0.373046875,
        "strength": 1.0
      },
      "visual_mass_concentration": 0.19994440727329973,
      "mean_visual_weight": 0.22752924263477325,
      "face_count": 0,
      "has_directional_cues": 0
    },
    "framing_breathing": {
      "frame_in_frame_count": 0,
      "breathing_space": {
        "top": 0.0,
        "bottom": 0.404296875,
        "left": 0.4005037783375315,
        "right": 0.09319899244332494,
        "min_margin": 0.0,
        "mean_margin": 0.2244999114452141
      },
      "corner_anchors": {
        "top_left": 0.2969266474246979,
        "top_right": 0.4617735743522644,
        "bottom_left": 0.39599379897117615,
        "bottom_right": 0.4584977328777313,
        "max_corner_weight": 0.4617735743522644,
        "has_corner_subject": 1
      }
    }
  }
}