{
  "meta": {
    "_dataset": "tvm_data",
    "_label": "testImages_artphoto",
    "_relpath": "testImages_artphoto/awe_0050.jpg",
    "_filename": "awe_0050.jpg",
    "_width": 337,
    "_height": 594
  },
  "features": {
    "geometric_structural": {
      "leading_lines": {
        "diagonal": 0,
        "vertical": 0,
        "horizontal": 0,
        "curved": 24
      },
      "leading_lines_strength": 0.026607538802660754,
      "symmetry_vertical": 0.8010714602464201,
      "symmetry_horizontal": 0.25249999634900466,
      "symmetry_radial": 0.31328204251192626,
      "rule_of_thirds": {
        "alignment_score": 0,
        "num_salient_objects": 29
      },
      "golden_ratio": {
        "golden_alignment_score": 2
      },
      "balance": {
        "static_balance": 0.954325258731842,
        "dynamic_balance": 1.0,
        "dominant_quadrant": 3
      },
      "layering": {
        "foreground_ratio": 0.10211032774390244,
        "midground_ratio": 0.26440592087028825,
        "background_ratio": 0.6334837513858093,
        "depth_complexity": 0.006899289311860096
      }
    },
    "spatial_layout": {
      "negative_space_ratio": 0.35338354004988914,
      "subject_isolation": 0.07987241893015522,
      "depth_of_field": {
        "blur_gradient_strength": 7.271057178628911,
        "sharpness_variance": 279.73238073533474,
        "min_sharpness": 0.0,
        "max_sharpness": 157.1240872222422
      },
      "perspective": {
        "has_vanishing_point": 0,
        "perspective_strength": 0.0
      }
    },
    "contrast_color": {
      "high_contrast_ratio": 0.3045705723392461,
      "low_contrast_ratio": 0.6954294276607539,
      "mean_contrast": 9.517134666442871,
      "highlight_ratio": 0.13985197246074677,
      "shadow_ratio": 0.30510756373405457,
      "midtone_ratio": 0.5550404787063599,
      "warm_color_ratio": 0.08705913941241686,
      "cool_color_ratio": 0.6990715077605322,
      "complementary_color_score": 2.111111111111111
    },
    "motion_dynamics": {
      "s_curve_count": 27,
      "motion_blur_score": 29.224640343797077,
      "dominant_direction_deg": 4.999999999999995,
      "direction_strength": 0.33661524736623344
    },
    "pattern_rhythm": {
      "repetition_score": 1.0,
      "rhythm_score": 1.0,
      "pattern_breaks": 6
    },
    "visual_mass_focus": {
      "point_of_interest": {
        "x": 0.5078125,
        "y": 0.7893569844789357,
        "strength": 1.0
      },
      "visual_mass_concentration": 0.19971677522172948,
      "mean_visual_weight": 0.16613039374351501,
      "face_count": 0,
      "has_directional_cues": 0
    },
    "framing_breathing": {
      "frame_in_frame_count": 0,
      "breathing_space": {
        "top": 0.6452328159645233,
        "bottom": 0.0,
        "left": 0.0,
        "right": 0.0,
        "min_margin": 0.0,
        "mean_margin": 0.16130820399113083
      },
      "corner_anchors": {
        "top_left": 0.29156962037086487,
        "top_right": 0.26351407170295715,
        "bottom_left": 0.8091414570808411,
        "bottom_right": 0.8091768026351929,
        "max_corner_weight": 0.8091768026351929,
        "has_corner_subject": 1
      }
    }
  }
}