{
  "meta": {
    "_dataset": "tvm_data",
    "_label": "testImages_artphoto",
    "_relpath": "testImages_artphoto/awe_0838.jpg",
    "_filename": "awe_0838.jpg",
    "_width": 386,
    "_height": 519
  },
  "features": {
    "geometric_structural": {
      "leading_lines": {
        "diagonal": 2,
        "vertical": 0,
        "horizontal": 0,
        "curved": 222
      },
      "leading_lines_strength": 0.32558139534883723,
      "symmetry_vertical": 0.2258490116242988,
      "symmetry_horizontal": 0.18468268865357867,
      "symmetry_radial": 0.19372193682049424,
      "rule_of_thirds": {
        "alignment_score": 0,
        "num_salient_objects": 15
      },
      "golden_ratio": {
        "golden_alignment_score": 2
      },
      "balance": {
        "static_balance": 0.8757907152175903,
        "dynamic_balance": 1.0,
        "dominant_quadrant": 3
      },
      "layering": {
        "foreground_ratio": 0.2861072628997093,
        "midground_ratio": 0.20044229196947674,
        "background_ratio": 0.513450445130814,
        "depth_complexity": 0.0512576872421768
      }
    },
    "spatial_layout": {
      "negative_space_ratio": 0.5763336891351745,
      "subject_isolation": 0.10000113553779069,
      "depth_of_field": {
        "blur_gradient_strength": 53.921299179086866,
        "sharpness_variance": 7357.203352764305,
        "min_sharpness": 0.48981161091887726,
        "max_sharpness": 801.1323529411765
      },
      "perspective": {
        "has_vanishing_point": 1,
        "perspective_strength": 0.8589743589743589
      }
    },
    "contrast_color": {
      "high_contrast_ratio": 0.3655693586482558,
      "low_contrast_ratio": 0.6344306413517442,
      "mean_contrast": 27.534320831298828,
      "highlight_ratio": 0.1937057077884674,
      "shadow_ratio": 0.43055617809295654,
      "midtone_ratio": 0.37573814392089844,
      "warm_color_ratio": 0.23093432049418605,
      "cool_color_ratio": 0.5189265761264535,
      "complementary_color_score": 2.4444444444444446
    },
    "motion_dynamics": {
      "s_curve_count": 259,
      "motion_blur_score": 9.997335020138598,
      "dominant_direction_deg": 4.999999999999995,
      "direction_strength": 0.11668786337176176
    },
    "pattern_rhythm": {
      "repetition_score": 1.0,
      "rhythm_score": 1.0,
      "pattern_breaks": 8
    },
    "visual_mass_focus": {
      "point_of_interest": {
        "x": 0.736328125,
        "y": 0.6962209302325582,
        "strength": 1.0
      },
      "visual_mass_concentration": 0.19989723382994187,
      "mean_visual_weight": 0.18703986704349518,
      "face_count": 0,
      "has_directional_cues": 0
    },
    "framing_breathing": {
      "frame_in_frame_count": 0,
      "breathing_space": {
        "top": 0.48546511627906974,
        "bottom": 0.04796511627906977,
        "left": 0.248046875,
        "right": 0.0,
        "min_margin": 0.0,
        "mean_margin": 0.19536927688953487
      },
      "corner_anchors": {
        "top_left": 0.4274100661277771,
        "top_right": 0.38453778624534607,
        "bottom_left": 0.5615132451057434,
        "bottom_right": 0.5952359437942505,
        "max_corner_weight": 0.5952359437942505,
        "has_corner_subject": 1
      }
    }
  }
}