{
  "meta": {
    "_dataset": "tvm_data",
    "_label": "testImages_artphoto",
    "_relpath": "testImages_artphoto/awe_0868.jpg",
    "_filename": "awe_0868.jpg",
    "_width": 546,
    "_height": 366
  },
  "features": {
    "geometric_structural": {
      "leading_lines": {
        "diagonal": 7,
        "vertical": 0,
        "horizontal": 1,
        "curved": 282
      },
      "leading_lines_strength": 0.3795811518324607,
      "symmetry_vertical": 0.22864268587656605,
      "symmetry_horizontal": 0.26967340783887533,
      "symmetry_radial": 0.16064947397079857,
      "rule_of_thirds": {
        "alignment_score": 0,
        "num_salient_objects": 8
      },
      "golden_ratio": {
        "golden_alignment_score": 0
      },
      "balance": {
        "static_balance": 0.8932250142097473,
        "dynamic_balance": 1.0,
        "dominant_quadrant": 1
      },
      "layering": {
        "foreground_ratio": 0.2848494764397906,
        "midground_ratio": 0.31927969568062825,
        "background_ratio": 0.39587082787958117,
        "depth_complexity": 0.090740189183971
      }
    },
    "spatial_layout": {
      "negative_space_ratio": 0.7331274541884817,
      "subject_isolation": 0.10000051128926701,
      "depth_of_field": {
        "blur_gradient_strength": 81.31335710446706,
        "sharpness_variance": 23434.484927846395,
        "min_sharpness": 3.7940215301806988,
        "max_sharpness": 1656.7917147251057
      },
      "perspective": {
        "has_vanishing_point": 1,
        "perspective_strength": 0.6502057613168725
      }
    },
    "contrast_color": {
      "high_contrast_ratio": 0.43937643160994766,
      "low_contrast_ratio": 0.5606235683900523,
      "mean_contrast": 24.585695266723633,
      "highlight_ratio": 0.0043868618085980415,
      "shadow_ratio": 0.5955676436424255,
      "midtone_ratio": 0.4000455141067505,
      "warm_color_ratio": 0.980238669829843,
      "cool_color_ratio": 0.004964618782722513,
      "complementary_color_score": 2.6666666666666665
    },
    "motion_dynamics": {
      "s_curve_count": 361,
      "motion_blur_score": 6.144244985242591,
      "dominant_direction_deg": 4.999999999999995,
      "direction_strength": 0.04880000409018938
    },
    "pattern_rhythm": {
      "repetition_score": 1.0,
      "rhythm_score": 1.0,
      "pattern_breaks": 1
    },
    "visual_mass_focus": {
      "point_of_interest": {
        "x": 0.6348167539267016,
        "y": 0.83984375,
        "strength": 1.0
      },
      "visual_mass_concentration": 0.19974537794502617,
      "mean_visual_weight": 0.2428550124168396,
      "face_count": 0,
      "has_directional_cues": 0
    },
    "framing_breathing": {
      "frame_in_frame_count": 0,
      "breathing_space": {
        "top": 0.921875,
        "bottom": 0.03515625,
        "left": 0.5445026178010471,
        "right": 0.27356020942408377,
        "min_margin": 0.03515625,
        "mean_margin": 0.4437735193062827
      },
      "corner_anchors": {
        "top_left": 0.09459727257490158,
        "top_right": 0.18181630969047546,
        "bottom_left": 0.1909029334783554,
        "bottom_right": 0.16158010065555573,
        "max_corner_weight": 0.1909029334783554,
        "has_corner_subject": 0
      }
    }
  }
}