{
  "meta": {
    "_dataset": "tvm_data",
    "_label": "testImages_artphoto",
    "_relpath": "testImages_artphoto/awe_0833.jpg",
    "_filename": "awe_0833.jpg",
    "_width": 557,
    "_height": 359
  },
  "features": {
    "geometric_structural": {
      "leading_lines": {
        "diagonal": 0,
        "vertical": 0,
        "horizontal": 1,
        "curved": 17
      },
      "leading_lines_strength": 0.022670025188916875,
      "symmetry_vertical": 0.621135052450453,
      "symmetry_horizontal": 0.6255509260781665,
      "symmetry_radial": 0.44330889843439336,
      "rule_of_thirds": {
        "alignment_score": 2,
        "num_salient_objects": 10
      },
      "golden_ratio": {
        "golden_alignment_score": 4
      },
      "balance": {
        "static_balance": 0.8906017541885376,
        "dynamic_balance": 1.0,
        "dominant_quadrant": 1
      },
      "layering": {
        "foreground_ratio": 0.1705565176322418,
        "midground_ratio": 0.33230921363350124,
        "background_ratio": 0.4971342687342569,
        "depth_complexity": 0.010452148336807184
      }
    },
    "spatial_layout": {
      "negative_space_ratio": 0.6115888696473551,
      "subject_isolation": 0.10000049197103275,
      "depth_of_field": {
        "blur_gradient_strength": 10.323383007516997,
        "sharpness_variance": 446.9498400067069,
        "min_sharpness": 0.6666666666666666,
        "max_sharpness": 116.51951834099239
      },
      "perspective": {
        "has_vanishing_point": 0,
        "perspective_strength": 0.0
      }
    },
    "contrast_color": {
      "high_contrast_ratio": 0.3747269560768262,
      "low_contrast_ratio": 0.6252730439231737,
      "mean_contrast": 14.151987075805664,
      "highlight_ratio": 0.009851720184087753,
      "shadow_ratio": 0.3533901870250702,
      "midtone_ratio": 0.6367580890655518,
      "warm_color_ratio": 0.29366488901133503,
      "cool_color_ratio": 0.6047849102644837,
      "complementary_color_score": 2.2777777777777777
    },
    "motion_dynamics": {
      "s_curve_count": 38,
      "motion_blur_score": 19.03558430473787,
      "dominant_direction_deg": 4.999999999999995,
      "direction_strength": 0.1193620119644419
    },
    "pattern_rhythm": {
      "repetition_score": 1.0,
      "rhythm_score": 1.0,
      "pattern_breaks": 4
    },
    "visual_mass_focus": {
      "point_of_interest": {
        "x": 0.6196473551637279,
        "y": 0.376953125,
        "strength": 1.0
      },
      "visual_mass_concentration": 0.19975253857052896,
      "mean_visual_weight": 0.2086816430091858,
      "face_count": 0,
      "has_directional_cues": 0
    },
    "framing_breathing": {
      "frame_in_frame_count": 0,
      "breathing_space": {
        "top": 0.119140625,
        "bottom": 0.40625,
        "left": 0.4156171284634761,
        "right": 0.190176322418136,
        "min_margin": 0.119140625,
        "mean_margin": 0.282796018970403
      },
      "corner_anchors": {
        "top_left": 0.42291343212127686,
        "top_right": 0.23628802597522736,
        "bottom_left": 0.3313981592655182,
        "bottom_right": 0.2626483142375946,
        "max_corner_weight": 0.42291343212127686,
        "has_corner_subject": 1
      }
    }
  }
}