{
  "meta": {
    "_dataset": "tvm_data",
    "_label": "testImages_artphoto",
    "_relpath": "testImages_artphoto/awe_0046.jpg",
    "_filename": "awe_0046.jpg",
    "_width": 521,
    "_height": 384
  },
  "features": {
    "geometric_structural": {
      "leading_lines": {
        "diagonal": 0,
        "vertical": 0,
        "horizontal": 0,
        "curved": 65
      },
      "leading_lines_strength": 0.09352517985611511,
      "symmetry_vertical": 0.621042150870684,
      "symmetry_horizontal": 0.7217288848345007,
      "symmetry_radial": 0.5161006064357863,
      "rule_of_thirds": {
        "alignment_score": 2,
        "num_salient_objects": 10
      },
      "golden_ratio": {
        "golden_alignment_score": 2
      },
      "balance": {
        "static_balance": 0.8577726483345032,
        "dynamic_balance": 1.0,
        "dominant_quadrant": 3
      },
      "layering": {
        "foreground_ratio": 0.14659678507194246,
        "midground_ratio": 0.2887084082733813,
        "background_ratio": 0.5646948066546763,
        "depth_complexity": 0.012289683844145456
      }
    },
    "spatial_layout": {
      "negative_space_ratio": 0.2584841501798561,
      "subject_isolation": 0.1,
      "depth_of_field": {
        "blur_gradient_strength": 14.0910336718696,
        "sharpness_variance": 726.6038518465824,
        "min_sharpness": 0.7647058823529411,
        "max_sharpness": 165.91524686406214
      },
      "perspective": {
        "has_vanishing_point": 0,
        "perspective_strength": 0.0
      }
    },
    "contrast_color": {
      "high_contrast_ratio": 0.2926652428057554,
      "low_contrast_ratio": 0.7073347571942445,
      "mean_contrast": 12.043658256530762,
      "highlight_ratio": 0.5301259160041809,
      "shadow_ratio": 0.08117131143808365,
      "midtone_ratio": 0.38870278000831604,
      "warm_color_ratio": 0.9604822392086331,
      "cool_color_ratio": 0.0,
      "complementary_color_score": 0.0
    },
    "motion_dynamics": {
      "s_curve_count": 73,
      "motion_blur_score": 30.34744166410891,
      "dominant_direction_deg": 4.999999999999995,
      "direction_strength": 0.186783385790842
    },
    "pattern_rhythm": {
      "repetition_score": 1.0,
      "rhythm_score": 1.0,
      "pattern_breaks": 4
    },
    "visual_mass_focus": {
      "point_of_interest": {
        "x": 0.8273381294964028,
        "y": 0.703125,
        "strength": 1.0
      },
      "visual_mass_concentration": 0.19993255395683454,
      "mean_visual_weight": 0.31549519300460815,
      "face_count": 0,
      "has_directional_cues": 0
    },
    "framing_breathing": {
      "frame_in_frame_count": 0,
      "breathing_space": {
        "top": 0.1796875,
        "bottom": 0.0,
        "left": 0.6057553956834533,
        "right": 0.0,
        "min_margin": 0.0,
        "mean_margin": 0.19636072392086332
      },
      "corner_anchors": {
        "top_left": 0.25939929485321045,
        "top_right": 0.3405923545360565,
        "bottom_left": 0.26005733013153076,
        "bottom_right": 0.8920379877090454,
        "max_corner_weight": 0.8920379877090454,
        "has_corner_subject": 1
      }
    }
  }
}