{
  "meta": {
    "_dataset": "tvm_data",
    "_label": "testImages_artphoto",
    "_relpath": "testImages_artphoto/awe_0039.jpg",
    "_filename": "awe_0039.jpg",
    "_width": 550,
    "_height": 363
  },
  "features": {
    "geometric_structural": {
      "leading_lines": {
        "diagonal": 0,
        "vertical": 0,
        "horizontal": 1,
        "curved": 225
      },
      "leading_lines_strength": 0.2912371134020619,
      "symmetry_vertical": 0.28364130154428396,
      "symmetry_horizontal": 0.27631736327577255,
      "symmetry_radial": 0.18768776935073625,
      "rule_of_thirds": {
        "alignment_score": 2,
        "num_salient_objects": 23
      },
      "golden_ratio": {
        "golden_alignment_score": 4
      },
      "balance": {
        "static_balance": 0.9047437906265259,
        "dynamic_balance": 1.0,
        "dominant_quadrant": 1
      },
      "layering": {
        "foreground_ratio": 0.31923526095360827,
        "midground_ratio": 0.2645980992268041,
        "background_ratio": 0.4161666398195876,
        "depth_complexity": 0.046986768140025316
      }
    },
    "spatial_layout": {
      "negative_space_ratio": 0.7940409552190721,
      "subject_isolation": 0.10000201353092783,
      "depth_of_field": {
        "blur_gradient_strength": 37.070104906433215,
        "sharpness_variance": 3008.6183564915145,
        "min_sharpness": 2.1040430284333014,
        "max_sharpness": 476.3072856593617
      },
      "perspective": {
        "has_vanishing_point": 1,
        "perspective_strength": 0.8571428571428571
      }
    },
    "contrast_color": {
      "high_contrast_ratio": 0.42205621778350516,
      "low_contrast_ratio": 0.5779437822164948,
      "mean_contrast": 24.659032821655273,
      "highlight_ratio": 0.036029618233442307,
      "shadow_ratio": 0.39614206552505493,
      "midtone_ratio": 0.5678282976150513,
      "warm_color_ratio": 0.6681449339561856,
      "cool_color_ratio": 0.10906290270618557,
      "complementary_color_score": 2.1666666666666665
    },
    "motion_dynamics": {
      "s_curve_count": 298,
      "motion_blur_score": 9.742363781774463,
      "dominant_direction_deg": 95.0,
      "direction_strength": 0.06932586984518634
    },
    "pattern_rhythm": {
      "repetition_score": 1.0,
      "rhythm_score": 1.0,
      "pattern_breaks": 9
    },
    "visual_mass_focus": {
      "point_of_interest": {
        "x": 0.5476804123711341,
        "y": 0.359375,
        "strength": 1.0
      },
      "visual_mass_concentration": 0.19999144249355671,
      "mean_visual_weight": 0.17726068198680878,
      "face_count": 0,
      "has_directional_cues": 0
    },
    "framing_breathing": {
      "frame_in_frame_count": 0,
      "breathing_space": {
        "top": 0.203125,
        "bottom": 0.3984375,
        "left": 0.14561855670103094,
        "right": 0.00902061855670103,
        "min_margin": 0.00902061855670103,
        "mean_margin": 0.189050418814433
      },
      "corner_anchors": {
        "top_left": 0.1738758683204651,
        "top_right": 0.24698109924793243,
        "bottom_left": 0.20311081409454346,
        "bottom_right": 0.16880574822425842,
        "max_corner_weight": 0.24698109924793243,
        "has_corner_subject": 0
      }
    }
  }
}