{
  "meta": {
    "_dataset": "tvm_data",
    "_label": "testImages_artphoto",
    "_relpath": "testImages_artphoto/awe_0854.jpg",
    "_filename": "awe_0854.jpg",
    "_width": 381,
    "_height": 525
  },
  "features": {
    "geometric_structural": {
      "leading_lines": {
        "diagonal": 5,
        "vertical": 1,
        "horizontal": 0,
        "curved": 164
      },
      "leading_lines_strength": 0.24079320113314448,
      "symmetry_vertical": 0.4604033833278153,
      "symmetry_horizontal": 0.38867210620338294,
      "symmetry_radial": 0.3007818025993411,
      "rule_of_thirds": {
        "alignment_score": 1,
        "num_salient_objects": 20
      },
      "golden_ratio": {
        "golden_alignment_score": 2
      },
      "balance": {
        "static_balance": 0.8532573580741882,
        "dynamic_balance": 1.0,
        "dominant_quadrant": 3
      },
      "layering": {
        "foreground_ratio": 0.25218274167847027,
        "midground_ratio": 0.25646523105524077,
        "background_ratio": 0.49135202726628896,
        "depth_complexity": 0.046928688791620925
      }
    },
    "spatial_layout": {
      "negative_space_ratio": 0.18189237340651557,
      "subject_isolation": 0.10000221317280453,
      "depth_of_field": {
        "blur_gradient_strength": 34.67513278291718,
        "sharpness_variance": 4906.516635977737,
        "min_sharpness": 3.0489234909650134,
        "max_sharpness": 353.4127441298492
      },
      "perspective": {
        "has_vanishing_point": 1,
        "perspective_strength": 0.9966044142614601
      }
    },
    "contrast_color": {
      "high_contrast_ratio": 0.41169993803116145,
      "low_contrast_ratio": 0.5883000619688386,
      "mean_contrast": 20.954782485961914,
      "highlight_ratio": 0.7046520709991455,
      "shadow_ratio": 0.028928935527801514,
      "midtone_ratio": 0.266418993473053,
      "warm_color_ratio": 0.0,
      "cool_color_ratio": 0.39880820644475923,
      "complementary_color_score": 0.0
    },
    "motion_dynamics": {
      "s_curve_count": 245,
      "motion_blur_score": 19.391906843689835,
      "dominant_direction_deg": 95.0,
      "direction_strength": 0.05318254249277072
    },
    "pattern_rhythm": {
      "repetition_score": 1.0,
      "rhythm_score": 1.0,
      "pattern_breaks": 5
    },
    "visual_mass_focus": {
      "point_of_interest": {
        "x": 0.564453125,
        "y": 0.8385269121813032,
        "strength": 1.0
      },
      "visual_mass_concentration": 0.19948156427053823,
      "mean_visual_weight": 0.14281590282917023,
      "face_count": 0,
      "has_directional_cues": 0
    },
    "framing_breathing": {
      "frame_in_frame_count": 0,
      "breathing_space": {
        "top": 0.669971671388102,
        "bottom": 0.05807365439093484,
        "left": 0.28125,
        "right": 0.232421875,
        "min_margin": 0.05807365439093484,
        "mean_margin": 0.31042930019475923
      },
      "corner_anchors": {
        "top_left": 0.18079745769500732,
        "top_right": 0.16151578724384308,
        "bottom_left": 0.17274057865142822,
        "bottom_right": 0.17313602566719055,
        "max_corner_weight": 0.18079745769500732,
        "has_corner_subject": 0
      }
    }
  }
}