{
  "meta": {
    "_dataset": "tvm_data",
    "_label": "testImages_artphoto",
    "_relpath": "testImages_artphoto/awe_0828.jpg",
    "_filename": "awe_0828.jpg",
    "_width": 365,
    "_height": 548
  },
  "features": {
    "geometric_structural": {
      "leading_lines": {
        "diagonal": 5,
        "vertical": 0,
        "horizontal": 5,
        "curved": 53
      },
      "leading_lines_strength": 0.08192457737321196,
      "symmetry_vertical": 0.5608491033042181,
      "symmetry_horizontal": 0.36307089331280135,
      "symmetry_radial": 0.305054597245614,
      "rule_of_thirds": {
        "alignment_score": 0,
        "num_salient_objects": 4
      },
      "golden_ratio": {
        "golden_alignment_score": 0
      },
      "balance": {
        "static_balance": 0.8974194526672363,
        "dynamic_balance": 1.0,
        "dominant_quadrant": 2
      },
      "layering": {
        "foreground_ratio": 0.29264619229518857,
        "midground_ratio": 0.29851064694408325,
        "background_ratio": 0.40884316076072824,
        "depth_complexity": 0.03179508188391438
      }
    },
    "spatial_layout": {
      "negative_space_ratio": 0.7235680469765929,
      "subject_isolation": 0.10000050796488946,
      "depth_of_field": {
        "blur_gradient_strength": 28.621699707328858,
        "sharpness_variance": 4641.710853435704,
        "min_sharpness": 0.5567089580930411,
        "max_sharpness": 401.265657590957
      },
      "perspective": {
        "has_vanishing_point": 1,
        "perspective_strength": 0.9368421052631579
      }
    },
    "contrast_color": {
      "high_contrast_ratio": 0.2721447293563069,
      "low_contrast_ratio": 0.7278552706436932,
      "mean_contrast": 17.342981338500977,
      "highlight_ratio": 0.020260179415345192,
      "shadow_ratio": 0.5109568238258362,
      "midtone_ratio": 0.46878302097320557,
      "warm_color_ratio": 0.14732251706762028,
      "cool_color_ratio": 0.617278933680104,
      "complementary_color_score": 2.3333333333333335
    },
    "motion_dynamics": {
      "s_curve_count": 72,
      "motion_blur_score": 11.087325213993278,
      "dominant_direction_deg": 4.999999999999995,
      "direction_strength": 0.12338467165118207
    },
    "pattern_rhythm": {
      "repetition_score": 1.0,
      "rhythm_score": 1.0,
      "pattern_breaks": 1
    },
    "visual_mass_focus": {
      "point_of_interest": {
        "x": 0.578125,
        "y": 0.717815344603381,
        "strength": 1.0
      },
      "visual_mass_concentration": 0.19999593628088427,
      "mean_visual_weight": 0.1825951784849167,
      "face_count": 0,
      "has_directional_cues": 0
    },
    "framing_breathing": {
      "frame_in_frame_count": 0,
      "breathing_space": {
        "top": 0.6657997399219766,
        "bottom": 0.1976592977893368,
        "left": 0.1953125,
        "right": 0.0,
        "min_margin": 0.0,
        "mean_margin": 0.26469288442782835
      },
      "corner_anchors": {
        "top_left": 0.11245277523994446,
        "top_right": 0.13150428235530853,
        "bottom_left": 0.33310985565185547,
        "bottom_right": 0.26132842898368835,
        "max_corner_weight": 0.33310985565185547,
        "has_corner_subject": 1
      }
    }
  }
}