{
  "meta": {
    "_dataset": "tvm_data",
    "_label": "testImages_artphoto",
    "_relpath": "testImages_artphoto/awe_0056.jpg",
    "_filename": "awe_0056.jpg",
    "_width": 361,
    "_height": 555
  },
  "features": {
    "geometric_structural": {
      "leading_lines": {
        "diagonal": 0,
        "vertical": 0,
        "horizontal": 0,
        "curved": 70
      },
      "leading_lines_strength": 0.08894536213468869,
      "symmetry_vertical": 0.4880723442257561,
      "symmetry_horizontal": 0.36765506173444085,
      "symmetry_radial": 0.2932631326713959,
      "rule_of_thirds": {
        "alignment_score": 3,
        "num_salient_objects": 39
      },
      "golden_ratio": {
        "golden_alignment_score": 5
      },
      "balance": {
        "static_balance": 0.983066737651825,
        "dynamic_balance": 1.0,
        "dominant_quadrant": 3
      },
      "layering": {
        "foreground_ratio": 0.182285875952986,
        "midground_ratio": 0.3703616383418043,
        "background_ratio": 0.44735248570520963,
        "depth_complexity": 0.01425207472444419
      }
    },
    "spatial_layout": {
      "negative_space_ratio": 0.5293465096886912,
      "subject_isolation": 0.10000148904066074,
      "depth_of_field": {
        "blur_gradient_strength": 15.353418005448354,
        "sharpness_variance": 811.84070112816,
        "min_sharpness": 1.5319787246528227,
        "max_sharpness": 161.32185193019396
      },
      "perspective": {
        "has_vanishing_point": 0,
        "perspective_strength": 0.0
      }
    },
    "contrast_color": {
      "high_contrast_ratio": 0.3837555590851334,
      "low_contrast_ratio": 0.6162444409148666,
      "mean_contrast": 26.063074111938477,
      "highlight_ratio": 0.12188045680522919,
      "shadow_ratio": 0.16733838617801666,
      "midtone_ratio": 0.7107811570167542,
      "warm_color_ratio": 0.08014761356416772,
      "cool_color_ratio": 0.5122498411689962,
      "complementary_color_score": 2.0
    },
    "motion_dynamics": {
      "s_curve_count": 80,
      "motion_blur_score": 15.773192839615927,
      "dominant_direction_deg": 4.999999999999995,
      "direction_strength": 0.07670544790324038
    },
    "pattern_rhythm": {
      "repetition_score": 1.0,
      "rhythm_score": 1.0,
      "pattern_breaks": 18
    },
    "visual_mass_focus": {
      "point_of_interest": {
        "x": 0.494140625,
        "y": 0.6149936467598475,
        "strength": 1.0
      },
      "visual_mass_concentration": 0.19997319726810672,
      "mean_visual_weight": 0.22886237502098083,
      "face_count": 0,
      "has_directional_cues": 0
    },
    "framing_breathing": {
      "frame_in_frame_count": 0,
      "breathing_space": {
        "top": 0.7433290978398983,
        "bottom": 0.0,
        "left": 0.376953125,
        "right": 0.0,
        "min_margin": 0.0,
        "mean_margin": 0.2800705557099746
      },
      "corner_anchors": {
        "top_left": 0.47250574827194214,
        "top_right": 0.4841110110282898,
        "bottom_left": 0.5415298342704773,
        "bottom_right": 0.62749844789505,
        "max_corner_weight": 0.62749844789505,
        "has_corner_subject": 1
      }
    }
  }
}