{
  "meta": {
    "_dataset": "tvm_data",
    "_label": "testImages_artphoto",
    "_relpath": "testImages_artphoto/awe_0836.jpg",
    "_filename": "awe_0836.jpg",
    "_width": 529,
    "_height": 378
  },
  "features": {
    "geometric_structural": {
      "leading_lines": {
        "diagonal": 0,
        "vertical": 3,
        "horizontal": 0,
        "curved": 85
      },
      "leading_lines_strength": 0.12273361227336123,
      "symmetry_vertical": 0.3685812734091714,
      "symmetry_horizontal": 0.3695730416675246,
      "symmetry_radial": 0.3127827763652274,
      "rule_of_thirds": {
        "alignment_score": 3,
        "num_salient_objects": 17
      },
      "golden_ratio": {
        "golden_alignment_score": 3
      },
      "balance": {
        "static_balance": 0.9396723508834839,
        "dynamic_balance": 1.0,
        "dominant_quadrant": 1
      },
      "layering": {
        "foreground_ratio": 0.2080854471757322,
        "midground_ratio": 0.14364594229428174,
        "background_ratio": 0.6482686105299861,
        "depth_complexity": 0.02763291035310031
      }
    },
    "spatial_layout": {
      "negative_space_ratio": 0.42424490062761505,
      "subject_isolation": 0.10000163441422594,
      "depth_of_field": {
        "blur_gradient_strength": 32.10970717776776,
        "sharpness_variance": 3331.2465844056082,
        "min_sharpness": 0.0,
        "max_sharpness": 530.8823146570221
      },
      "perspective": {
        "has_vanishing_point": 1,
        "perspective_strength": 0.6
      }
    },
    "contrast_color": {
      "high_contrast_ratio": 0.4612316945606695,
      "low_contrast_ratio": 0.5387683054393305,
      "mean_contrast": 27.644302368164062,
      "highlight_ratio": 0.18841800093650818,
      "shadow_ratio": 0.14932826161384583,
      "midtone_ratio": 0.662253737449646,
      "warm_color_ratio": 0.9446587343096234,
      "cool_color_ratio": 0.00023971408647140865,
      "complementary_color_score": 2.5555555555555554
    },
    "motion_dynamics": {
      "s_curve_count": 101,
      "motion_blur_score": 16.52638712483105,
      "dominant_direction_deg": 4.999999999999995,
      "direction_strength": 0.08239082112948268
    },
    "pattern_rhythm": {
      "repetition_score": 1.0,
      "rhythm_score": 1.0,
      "pattern_breaks": 12
    },
    "visual_mass_focus": {
      "point_of_interest": {
        "x": 0.4909344490934449,
        "y": 0.552734375,
        "strength": 1.0
      },
      "visual_mass_concentration": 0.1986494290446304,
      "mean_visual_weight": 0.5149133205413818,
      "face_count": 0,
      "has_directional_cues": 0
    },
    "framing_breathing": {
      "frame_in_frame_count": 0,
      "breathing_space": {
        "top": 0.392578125,
        "bottom": 0.216796875,
        "left": 0.5439330543933054,
        "right": 0.18410041841004185,
        "min_margin": 0.18410041841004185,
        "mean_margin": 0.3343521182008368
      },
      "corner_anchors": {
        "top_left": 0.37406763434410095,
        "top_right": 0.5910149812698364,
        "bottom_left": 0.30380570888519287,
        "bottom_right": 0.2659427523612976,
        "max_corner_weight": 0.5910149812698364,
        "has_corner_subject": 1
      }
    }
  }
}