{
  "meta": {
    "_dataset": "tvm_data",
    "_label": "testImages_artphoto",
    "_relpath": "testImages_artphoto/awe_0596.jpg",
    "_filename": "awe_0596.jpg",
    "_width": 386,
    "_height": 519
  },
  "features": {
    "geometric_structural": {
      "leading_lines": {
        "diagonal": 105,
        "vertical": 4,
        "horizontal": 0,
        "curved": 297
      },
      "leading_lines_strength": 0.5901162790697675,
      "symmetry_vertical": 0.20793902923458787,
      "symmetry_horizontal": 0.21127505765518087,
      "symmetry_radial": 0.17130498408244155,
      "rule_of_thirds": {
        "alignment_score": 0,
        "num_salient_objects": 6
      },
      "golden_ratio": {
        "golden_alignment_score": 2
      },
      "balance": {
        "static_balance": 0.8931796550750732,
        "dynamic_balance": 1.0,
        "dominant_quadrant": 2
      },
      "layering": {
        "foreground_ratio": 0.32577727561773256,
        "midground_ratio": 0.2650941360828488,
        "background_ratio": 0.4091285882994186,
        "depth_complexity": 0.09859204850504212
      }
    },
    "spatial_layout": {
      "negative_space_ratio": 0.8835960210755814,
      "subject_isolation": 0.10000113553779069,
      "depth_of_field": {
        "blur_gradient_strength": 55.40035205317623,
        "sharpness_variance": 9090.541213006292,
        "min_sharpness": 0.0,
        "max_sharpness": 437.9730872741253
      },
      "perspective": {
        "has_vanishing_point": 1,
        "perspective_strength": 0.999390885431087
      }
    },
    "contrast_color": {
      "high_contrast_ratio": 0.3072254269622093,
      "low_contrast_ratio": 0.6927745730377908,
      "mean_contrast": 17.46111297607422,
      "highlight_ratio": 0.016312001273036003,
      "shadow_ratio": 0.6718721389770508,
      "midtone_ratio": 0.31181585788726807,
      "warm_color_ratio": 0.0700172601744186,
      "cool_color_ratio": 0.34967182957848836,
      "complementary_color_score": 2.0555555555555554
    },
    "motion_dynamics": {
      "s_curve_count": 275,
      "motion_blur_score": 6.615589634824302,
      "dominant_direction_deg": 4.999999999999995,
      "direction_strength": 0.15893270803007206
    },
    "pattern_rhythm": {
      "repetition_score": 1.0,
      "rhythm_score": 1.0,
      "pattern_breaks": 5
    },
    "visual_mass_focus": {
      "point_of_interest": {
        "x": 0.73046875,
        "y": 0.502906976744186,
        "strength": 1.0
      },
      "visual_mass_concentration": 0.19825070403343023,
      "mean_visual_weight": 0.04494762793183327,
      "face_count": 0,
      "has_directional_cues": 0
    },
    "framing_breathing": {
      "frame_in_frame_count": 0,
      "breathing_space": {
        "top": 0.40406976744186046,
        "bottom": 0.34011627906976744,
        "left": 0.232421875,
        "right": 0.16796875,
        "min_margin": 0.16796875,
        "mean_margin": 0.286144167877907
      },
      "corner_anchors": {
        "top_left": 0.1952308565378189,
        "top_right": 0.10403979569673538,
        "bottom_left": 0.2688681483268738,
        "bottom_right": 0.18366128206253052,
        "max_corner_weight": 0.2688681483268738,
        "has_corner_subject": 0
      }
    }
  }
}