{
  "meta": {
    "_dataset": "tvm_data",
    "_label": "testImages_artphoto",
    "_relpath": "testImages_artphoto/awe_0843.jpg",
    "_filename": "awe_0843.jpg",
    "_width": 365,
    "_height": 548
  },
  "features": {
    "geometric_structural": {
      "leading_lines": {
        "diagonal": 0,
        "vertical": 20,
        "horizontal": 0,
        "curved": 141
      },
      "leading_lines_strength": 0.2093628088426528,
      "symmetry_vertical": 0.308555131203183,
      "symmetry_horizontal": 0.2732158876125126,
      "symmetry_radial": 0.1460218398668234,
      "rule_of_thirds": {
        "alignment_score": 2,
        "num_salient_objects": 31
      },
      "golden_ratio": {
        "golden_alignment_score": 4
      },
      "balance": {
        "static_balance": 0.911745011806488,
        "dynamic_balance": 1.0,
        "dominant_quadrant": 2
      },
      "layering": {
        "foreground_ratio": 0.288181180916775,
        "midground_ratio": 0.34168766254876465,
        "background_ratio": 0.3701311565344603,
        "depth_complexity": 0.11485566924379147
      }
    },
    "spatial_layout": {
      "negative_space_ratio": 0.5915301934330299,
      "subject_isolation": 0.10000050796488946,
      "depth_of_field": {
        "blur_gradient_strength": 65.29677335821188,
        "sharpness_variance": 16163.67590670807,
        "min_sharpness": 3.72568242983468,
        "max_sharpness": 644.5446918724217
      },
      "perspective": {
        "has_vanishing_point": 1,
        "perspective_strength": 0.44047619047619047
      }
    },
    "contrast_color": {
      "high_contrast_ratio": 0.37654675308842656,
      "low_contrast_ratio": 0.6234532469115734,
      "mean_contrast": 40.110008239746094,
      "highlight_ratio": 0.08568605780601501,
      "shadow_ratio": 0.33295321464538574,
      "midtone_ratio": 0.5813606977462769,
      "warm_color_ratio": 0.1959296773407022,
      "cool_color_ratio": 0.01752986833550065,
      "complementary_color_score": 2.111111111111111
    },
    "motion_dynamics": {
      "s_curve_count": 187,
      "motion_blur_score": 7.003164792987522,
      "dominant_direction_deg": 4.999999999999995,
      "direction_strength": 0.0669980290960587
    },
    "pattern_rhythm": {
      "repetition_score": 1.0,
      "rhythm_score": 1.0,
      "pattern_breaks": 11
    },
    "visual_mass_focus": {
      "point_of_interest": {
        "x": 0.396484375,
        "y": 0.45253576072821844,
        "strength": 1.0
      },
      "visual_mass_concentration": 0.19978767067620287,
      "mean_visual_weight": 0.048443712294101715,
      "face_count": 0,
      "has_directional_cues": 0
    },
    "framing_breathing": {
      "frame_in_frame_count": 0,
      "breathing_space": {
        "top": 0.1625487646293888,
        "bottom": 0.38881664499349805,
        "left": 0.20703125,
        "right": 0.373046875,
        "min_margin": 0.1625487646293888,
        "mean_margin": 0.2828608836557217
      },
      "corner_anchors": {
        "top_left": 0.1747620552778244,
        "top_right": 0.3743653893470764,
        "bottom_left": 0.18818353116512299,
        "bottom_right": 0.24596132338047028,
        "max_corner_weight": 0.3743653893470764,
        "has_corner_subject": 1
      }
    }
  }
}