{
  "meta": {
    "_dataset": "tvm_data",
    "_label": "testImages_artphoto",
    "_relpath": "testImages_artphoto/awe_0850.jpg",
    "_filename": "awe_0850.jpg",
    "_width": 400,
    "_height": 500
  },
  "features": {
    "geometric_structural": {
      "leading_lines": {
        "diagonal": 9,
        "vertical": 0,
        "horizontal": 0,
        "curved": 53
      },
      "leading_lines_strength": 0.096875,
      "symmetry_vertical": 0.4078241316775639,
      "symmetry_horizontal": 0.41385430776596294,
      "symmetry_radial": 0.37625101519052184,
      "rule_of_thirds": {
        "alignment_score": 0,
        "num_salient_objects": 22
      },
      "golden_ratio": {
        "golden_alignment_score": 2
      },
      "balance": {
        "static_balance": 0.9534081816673279,
        "dynamic_balance": 1.0,
        "dominant_quadrant": 1
      },
      "layering": {
        "foreground_ratio": 0.3279144287109375,
        "midground_ratio": 0.157672119140625,
        "background_ratio": 0.5144134521484375,
        "depth_complexity": 0.06421706165297887
      }
    },
    "spatial_layout": {
      "negative_space_ratio": 0.600787353515625,
      "subject_isolation": 0.1,
      "depth_of_field": {
        "blur_gradient_strength": 65.88399061693096,
        "sharpness_variance": 9458.446514125792,
        "min_sharpness": 2.127637892798751,
        "max_sharpness": 501.98039215686276
      },
      "perspective": {
        "has_vanishing_point": 1,
        "perspective_strength": 0.9946524064171123
      }
    },
    "contrast_color": {
      "high_contrast_ratio": 0.3705780029296875,
      "low_contrast_ratio": 0.6294219970703125,
      "mean_contrast": 24.576374053955078,
      "highlight_ratio": 0.22603149712085724,
      "shadow_ratio": 0.11254577338695526,
      "midtone_ratio": 0.6614227294921875,
      "warm_color_ratio": 0.9973602294921875,
      "cool_color_ratio": 8.85009765625e-05,
      "complementary_color_score": 1.1666666666666667
    },
    "motion_dynamics": {
      "s_curve_count": 109,
      "motion_blur_score": 11.602967437306225,
      "dominant_direction_deg": 4.999999999999995,
      "direction_strength": 0.046740722656107354
    },
    "pattern_rhythm": {
      "repetition_score": 1.0,
      "rhythm_score": 1.0,
      "pattern_breaks": 6
    },
    "visual_mass_focus": {
      "point_of_interest": {
        "x": 0.419921875,
        "y": 0.390625,
        "strength": 1.0
      },
      "visual_mass_concentration": 0.199932861328125,
      "mean_visual_weight": 0.6152037382125854,
      "face_count": 0,
      "has_directional_cues": 0
    },
    "framing_breathing": {
      "frame_in_frame_count": 0,
      "breathing_space": {
        "top": 0.303125,
        "bottom": 0.346875,
        "left": 0.169921875,
        "right": 0.31640625,
        "min_margin": 0.169921875,
        "mean_margin": 0.28408203125
      },
      "corner_anchors": {
        "top_left": 0.24086980521678925,
        "top_right": 0.6199949979782104,
        "bottom_left": 0.40527546405792236,
        "bottom_right": 0.2365594506263733,
        "max_corner_weight": 0.6199949979782104,
        "has_corner_subject": 1
      }
    }
  }
}