{
  "meta": {
    "_dataset": "tvm_data",
    "_label": "testImages_artphoto",
    "_relpath": "testImages_artphoto/awe_0601.jpg",
    "_filename": "awe_0601.jpg",
    "_width": 413,
    "_height": 484
  },
  "features": {
    "geometric_structural": {
      "leading_lines": {
        "diagonal": 65,
        "vertical": 8,
        "horizontal": 9,
        "curved": 379
      },
      "leading_lines_strength": 0.7683333333333333,
      "symmetry_vertical": 0.3777511485544721,
      "symmetry_horizontal": 0.14638282656947946,
      "symmetry_radial": 0.1476237168779563,
      "rule_of_thirds": {
        "alignment_score": 0,
        "num_salient_objects": 81
      },
      "golden_ratio": {
        "golden_alignment_score": 0
      },
      "balance": {
        "static_balance": 0.9378784894943237,
        "dynamic_balance": 1.0,
        "dominant_quadrant": 2
      },
      "layering": {
        "foreground_ratio": 0.33208658854166667,
        "midground_ratio": 0.18131510416666666,
        "background_ratio": 0.48659830729166664,
        "depth_complexity": 0.17795418842823238
      }
    },
    "spatial_layout": {
      "negative_space_ratio": 0.47979817708333333,
      "subject_isolation": 0.1,
      "depth_of_field": {
        "blur_gradient_strength": 122.46836515002016,
        "sharpness_variance": 49041.60098799683,
        "min_sharpness": 0.8129690674274117,
        "max_sharpness": 841.3623932237933
      },
      "perspective": {
        "has_vanishing_point": 1,
        "perspective_strength": 0.9986995394202113
      }
    },
    "contrast_color": {
      "high_contrast_ratio": 0.533408203125,
      "low_contrast_ratio": 0.46659179687499996,
      "mean_contrast": 21.94921875,
      "highlight_ratio": 0.1011035144329071,
      "shadow_ratio": 0.3101920485496521,
      "midtone_ratio": 0.5887044072151184,
      "warm_color_ratio": 0.44262369791666667,
      "cool_color_ratio": 0.030302734375,
      "complementary_color_score": 0.5555555555555556
    },
    "motion_dynamics": {
      "s_curve_count": 266,
      "motion_blur_score": 8.858599811150398,
      "dominant_direction_deg": 4.999999999999995,
      "direction_strength": 0.09801432291634761
    },
    "pattern_rhythm": {
      "repetition_score": 1.0,
      "rhythm_score": 1.0,
      "pattern_breaks": 8
    },
    "visual_mass_focus": {
      "point_of_interest": {
        "x": 0.37890625,
        "y": 0.64,
        "strength": 1.0
      },
      "visual_mass_concentration": 0.19889322916666666,
      "mean_visual_weight": 0.12407249212265015,
      "face_count": 0,
      "has_directional_cues": 0
    },
    "framing_breathing": {
      "frame_in_frame_count": 0,
      "breathing_space": {
        "top": 0.0,
        "bottom": 0.0,
        "left": 0.0,
        "right": 0.0,
        "min_margin": 0.0,
        "mean_margin": 0.0
      },
      "corner_anchors": {
        "top_left": 0.8419488072395325,
        "top_right": 0.6538088917732239,
        "bottom_left": 0.8213545083999634,
        "bottom_right": 0.760978639125824,
        "max_corner_weight": 0.8419488072395325,
        "has_corner_subject": 1
      }
    }
  }
}