{
  "meta": {
    "_dataset": "tvm_data",
    "_label": "testImages_artphoto",
    "_relpath": "testImages_artphoto/awe_0849.jpg",
    "_filename": "awe_0849.jpg",
    "_width": 447,
    "_height": 447
  },
  "features": {
    "geometric_structural": {
      "leading_lines": {
        "diagonal": 86,
        "vertical": 4,
        "horizontal": 1,
        "curved": 240
      },
      "leading_lines_strength": 0.646484375,
      "symmetry_vertical": 0.4640065648844698,
      "symmetry_horizontal": 0.33428842730731323,
      "symmetry_radial": 0.3621147335677946,
      "rule_of_thirds": {
        "alignment_score": 0,
        "num_salient_objects": 2
      },
      "golden_ratio": {
        "golden_alignment_score": 2
      },
      "balance": {
        "static_balance": 0.9369953870773315,
        "dynamic_balance": 1.0,
        "dominant_quadrant": 0
      },
      "layering": {
        "foreground_ratio": 0.32685089111328125,
        "midground_ratio": 0.15660858154296875,
        "background_ratio": 0.51654052734375,
        "depth_complexity": 0.22394846510887145
      }
    },
    "spatial_layout": {
      "negative_space_ratio": 0.3542289733886719,
      "subject_isolation": 0.10000228881835938,
      "depth_of_field": {
        "blur_gradient_strength": 197.20931318291676,
        "sharpness_variance": 127703.34577996713,
        "min_sharpness": 1.2428414174242566,
        "max_sharpness": 1793.7755667569968
      },
      "perspective": {
        "has_vanishing_point": 1,
        "perspective_strength": 0.9997381342062193
      }
    },
    "contrast_color": {
      "high_contrast_ratio": 0.3881263732910156,
      "low_contrast_ratio": 0.6118736267089844,
      "mean_contrast": 19.440710067749023,
      "highlight_ratio": 0.20025634765625,
      "shadow_ratio": 0.037776947021484375,
      "midtone_ratio": 0.7619667053222656,
      "warm_color_ratio": 0.01725006103515625,
      "cool_color_ratio": 0.3692588806152344,
      "complementary_color_score": 2.5
    },
    "motion_dynamics": {
      "s_curve_count": 179,
      "motion_blur_score": 10.989428429465473,
      "dominant_direction_deg": 95.0,
      "direction_strength": 0.08348846435515027
    },
    "pattern_rhythm": {
      "repetition_score": 1.0,
      "rhythm_score": 1.0,
      "pattern_breaks": 2
    },
    "visual_mass_focus": {
      "point_of_interest": {
        "x": 0.201171875,
        "y": 0.228515625,
        "strength": 1.0
      },
      "visual_mass_concentration": 0.1998291015625,
      "mean_visual_weight": 0.10673736035823822,
      "face_count": 0,
      "has_directional_cues": 0
    },
    "framing_breathing": {
      "frame_in_frame_count": 0,
      "breathing_space": {
        "top": 0.0,
        "bottom": 0.732421875,
        "left": 0.0,
        "right": 0.3828125,
        "min_margin": 0.0,
        "mean_margin": 0.27880859375
      },
      "corner_anchors": {
        "top_left": 0.639837384223938,
        "top_right": 0.5197047591209412,
        "bottom_left": 0.33330634236335754,
        "bottom_right": 0.32347697019577026,
        "max_corner_weight": 0.639837384223938,
        "has_corner_subject": 1
      }
    }
  }
}