{
  "meta": {
    "_dataset": "tvm_data",
    "_label": "testImages_artphoto",
    "_relpath": "testImages_artphoto/awe_0583.jpg",
    "_filename": "awe_0583.jpg",
    "_width": 516,
    "_height": 387
  },
  "features": {
    "geometric_structural": {
      "leading_lines": {
        "diagonal": 0,
        "vertical": 0,
        "horizontal": 0,
        "curved": 12
      },
      "leading_lines_strength": 0.017569546120058566,
      "symmetry_vertical": 0.5825589885132384,
      "symmetry_horizontal": 0.631013964619124,
      "symmetry_radial": 0.5056314135395855,
      "rule_of_thirds": {
        "alignment_score": 1,
        "num_salient_objects": 7
      },
      "golden_ratio": {
        "golden_alignment_score": 3
      },
      "balance": {
        "static_balance": 0.9197487235069275,
        "dynamic_balance": 1.0,
        "dominant_quadrant": 1
      },
      "layering": {
        "foreground_ratio": 0.18621316800878476,
        "midground_ratio": 0.4628591691068814,
        "background_ratio": 0.3509276628843338,
        "depth_complexity": 0.016567984646153732
      }
    },
    "spatial_layout": {
      "negative_space_ratio": 0.78312305545388,
      "subject_isolation": 0.10000114385065886,
      "depth_of_field": {
        "blur_gradient_strength": 12.359989416142522,
        "sharpness_variance": 422.5255943557116,
        "min_sharpness": 0.0,
        "max_sharpness": 117.84381306630802
      },
      "perspective": {
        "has_vanishing_point": 1,
        "perspective_strength": 0.3333333333333333
      }
    },
    "contrast_color": {
      "high_contrast_ratio": 0.33470500091508054,
      "low_contrast_ratio": 0.6652949990849195,
      "mean_contrast": 18.597171783447266,
      "highlight_ratio": 0.14023609459400177,
      "shadow_ratio": 0.7101596593856812,
      "midtone_ratio": 0.14960426092147827,
      "warm_color_ratio": 0.8470557284040996,
      "cool_color_ratio": 0.0022734031844802343,
      "complementary_color_score": 2.9444444444444446
    },
    "motion_dynamics": {
      "s_curve_count": 30,
      "motion_blur_score": 13.752167891482099,
      "dominant_direction_deg": 4.999999999999995,
      "direction_strength": 0.1479913982426222
    },
    "pattern_rhythm": {
      "repetition_score": 1.0,
      "rhythm_score": 1.0,
      "pattern_breaks": 4
    },
    "visual_mass_focus": {
      "point_of_interest": {
        "x": 0.5124450951683748,
        "y": 0.41796875,
        "strength": 1.0
      },
      "visual_mass_concentration": 0.19960193997071743,
      "mean_visual_weight": 0.0827556774020195,
      "face_count": 0,
      "has_directional_cues": 0
    },
    "framing_breathing": {
      "frame_in_frame_count": 0,
      "breathing_space": {
        "top": 0.1171875,
        "bottom": 0.330078125,
        "left": 0.24597364568081992,
        "right": 0.21522693997071743,
        "min_margin": 0.1171875,
        "mean_margin": 0.22711655266288433
      },
      "corner_anchors": {
        "top_left": 0.2853050231933594,
        "top_right": 0.28035667538642883,
        "bottom_left": 0.28371235728263855,
        "bottom_right": 0.2717524766921997,
        "max_corner_weight": 0.2853050231933594,
        "has_corner_subject": 0
      }
    }
  }
}