{
  "meta": {
    "_dataset": "tvm_data",
    "_label": "testImages_artphoto",
    "_relpath": "testImages_artphoto/awe_0578.jpg",
    "_filename": "awe_0578.jpg",
    "_width": 548,
    "_height": 365
  },
  "features": {
    "geometric_structural": {
      "leading_lines": {
        "diagonal": 0,
        "vertical": 0,
        "horizontal": 0,
        "curved": 17
      },
      "leading_lines_strength": 0.022106631989596878,
      "symmetry_vertical": 0.8640482473412285,
      "symmetry_horizontal": 0.8714089575963275,
      "symmetry_radial": 0.669007685284481,
      "rule_of_thirds": {
        "alignment_score": 0,
        "num_salient_objects": 5
      },
      "golden_ratio": {
        "golden_alignment_score": 0
      },
      "balance": {
        "static_balance": 0.9060630798339844,
        "dynamic_balance": 1.0,
        "dominant_quadrant": 2
      },
      "layering": {
        "foreground_ratio": 0.27699325422626786,
        "midground_ratio": 0.0,
        "background_ratio": 0.7230067457737321,
        "depth_complexity": 0.006247086816656341
      }
    },
    "spatial_layout": {
      "negative_space_ratio": 0.4655422017230169,
      "subject_isolation": 0.10000050796488946,
      "depth_of_field": {
        "blur_gradient_strength": 7.417030638284756,
        "sharpness_variance": 213.03277346765017,
        "min_sharpness": 0.0,
        "max_sharpness": 88.26608640304995
      },
      "perspective": {
        "has_vanishing_point": 1,
        "perspective_strength": 0.6666666666666666
      }
    },
    "contrast_color": {
      "high_contrast_ratio": 0.3709769180754226,
      "low_contrast_ratio": 0.6290230819245775,
      "mean_contrast": 7.257112979888916,
      "highlight_ratio": 0.771685004234314,
      "shadow_ratio": 0.0,
      "midtone_ratio": 0.22831499576568604,
      "warm_color_ratio": 0.0020445586801040314,
      "cool_color_ratio": 0.11410161329648895,
      "complementary_color_score": 2.388888888888889
    },
    "motion_dynamics": {
      "s_curve_count": 19,
      "motion_blur_score": 50.96838990857669,
      "dominant_direction_deg": 4.999999999999995,
      "direction_strength": 0.3260550430745945
    },
    "pattern_rhythm": {
      "repetition_score": 1.0,
      "rhythm_score": 1.0,
      "pattern_breaks": 0
    },
    "visual_mass_focus": {
      "point_of_interest": {
        "x": 0.6020806241872562,
        "y": 0.587890625,
        "strength": 1.0
      },
      "visual_mass_concentration": 0.1999451397919376,
      "mean_visual_weight": 0.08926302194595337,
      "face_count": 0,
      "has_directional_cues": 0
    },
    "framing_breathing": {
      "frame_in_frame_count": 0,
      "breathing_space": {
        "top": 0.576171875,
        "bottom": 0.40234375,
        "left": 0.4889466840052016,
        "right": 0.4811443433029909,
        "min_margin": 0.40234375,
        "mean_margin": 0.48715166307704816
      },
      "corner_anchors": {
        "top_left": 0.08191987127065659,
        "top_right": 0.331524133682251,
        "bottom_left": 0.25879761576652527,
        "bottom_right": 0.1547083705663681,
        "max_corner_weight": 0.331524133682251,
        "has_corner_subject": 1
      }
    }
  }
}