{
  "meta": {
    "_dataset": "tvm_data",
    "_label": "testImages_artphoto",
    "_relpath": "testImages_artphoto/awe_0058.jpg",
    "_filename": "awe_0058.jpg",
    "_width": 376,
    "_height": 532
  },
  "features": {
    "geometric_structural": {
      "leading_lines": {
        "diagonal": 6,
        "vertical": 0,
        "horizontal": 0,
        "curved": 89
      },
      "leading_lines_strength": 0.13121546961325967,
      "symmetry_vertical": 0.22208711377500598,
      "symmetry_horizontal": 0.22316136950384347,
      "symmetry_radial": 0.1617331399584205,
      "rule_of_thirds": {
        "alignment_score": 3,
        "num_salient_objects": 57
      },
      "golden_ratio": {
        "golden_alignment_score": 8
      },
      "balance": {
        "static_balance": 0.9853560924530029,
        "dynamic_balance": 1.0,
        "dominant_quadrant": 0
      },
      "layering": {
        "foreground_ratio": 0.3154135013812155,
        "midground_ratio": 0.11127147358425414,
        "background_ratio": 0.5733150250345304,
        "depth_complexity": 0.06821248451140455
      }
    },
    "spatial_layout": {
      "negative_space_ratio": 0.4612855015538674,
      "subject_isolation": 0.10000053953729282,
      "depth_of_field": {
        "blur_gradient_strength": 69.5785722334633,
        "sharpness_variance": 12421.215143921392,
        "min_sharpness": 0.5474817377931565,
        "max_sharpness": 736.4909650134563
      },
      "perspective": {
        "has_vanishing_point": 1,
        "perspective_strength": 0.9632352941176471
      }
    },
    "contrast_color": {
      "high_contrast_ratio": 0.4998354411256906,
      "low_contrast_ratio": 0.5001645588743093,
      "mean_contrast": 37.95573806762695,
      "highlight_ratio": 0.433275431394577,
      "shadow_ratio": 0.3302723467350006,
      "midtone_ratio": 0.23645219206809998,
      "warm_color_ratio": 0.37296594440607733,
      "cool_color_ratio": 0.06000194233425414,
      "complementary_color_score": 2.2777777777777777
    },
    "motion_dynamics": {
      "s_curve_count": 208,
      "motion_blur_score": 10.493365025139715,
      "dominant_direction_deg": 4.999999999999995,
      "direction_strength": 0.1261546098062895
    },
    "pattern_rhythm": {
      "repetition_score": 1.0,
      "rhythm_score": 1.0,
      "pattern_breaks": 24
    },
    "visual_mass_focus": {
      "point_of_interest": {
        "x": 0.5390625,
        "y": 0.5828729281767956,
        "strength": 1.0
      },
      "visual_mass_concentration": 0.19972591505524862,
      "mean_visual_weight": 0.0957394689321518,
      "face_count": 0,
      "has_directional_cues": 0
    },
    "framing_breathing": {
      "frame_in_frame_count": 0,
      "breathing_space": {
        "top": 0.0,
        "bottom": 0.35082872928176795,
        "left": 0.0,
        "right": 0.3046875,
        "min_margin": 0.0,
        "mean_margin": 0.163879057320442
      },
      "corner_anchors": {
        "top_left": 0.6865403056144714,
        "top_right": 0.6362586617469788,
        "bottom_left": 0.6937932968139648,
        "bottom_right": 0.9483856558799744,
        "max_corner_weight": 0.9483856558799744,
        "has_corner_subject": 1
      }
    }
  }
}