{
  "meta": {
    "_dataset": "tvm_data",
    "_label": "testImages_artphoto",
    "_relpath": "testImages_artphoto/awe_0851.jpg",
    "_filename": "awe_0851.jpg",
    "_width": 548,
    "_height": 365
  },
  "features": {
    "geometric_structural": {
      "leading_lines": {
        "diagonal": 1,
        "vertical": 0,
        "horizontal": 13,
        "curved": 394
      },
      "leading_lines_strength": 0.5305591677503251,
      "symmetry_vertical": 0.2674034578237216,
      "symmetry_horizontal": 0.31468711318167725,
      "symmetry_radial": 0.19851590494434182,
      "rule_of_thirds": {
        "alignment_score": 0,
        "num_salient_objects": 16
      },
      "golden_ratio": {
        "golden_alignment_score": 0
      },
      "balance": {
        "static_balance": 0.8649599552154541,
        "dynamic_balance": 1.0,
        "dominant_quadrant": 1
      },
      "layering": {
        "foreground_ratio": 0.30008787792587777,
        "midground_ratio": 0.33230301121586475,
        "background_ratio": 0.3676091108582575,
        "depth_complexity": 0.0927762097394394
      }
    },
    "spatial_layout": {
      "negative_space_ratio": 0.46748516742522755,
      "subject_isolation": 0.10000050796488946,
      "depth_of_field": {
        "blur_gradient_strength": 80.12605867250173,
        "sharpness_variance": 20465.7981784252,
        "min_sharpness": 0.0,
        "max_sharpness": 734.2886950439463
      },
      "perspective": {
        "has_vanishing_point": 1,
        "perspective_strength": 0.6089743589743589
      }
    },
    "contrast_color": {
      "high_contrast_ratio": 0.42434370936280885,
      "low_contrast_ratio": 0.5756562906371911,
      "mean_contrast": 21.544761657714844,
      "highlight_ratio": 0.007875995710492134,
      "shadow_ratio": 0.5039570331573486,
      "midtone_ratio": 0.4881669878959656,
      "warm_color_ratio": 0.6556226633615084,
      "cool_color_ratio": 0.005544436768530559,
      "complementary_color_score": 2.6666666666666665
    },
    "motion_dynamics": {
      "s_curve_count": 290,
      "motion_blur_score": 5.686581912518472,
      "dominant_direction_deg": 4.999999999999995,
      "direction_strength": 0.1488514913845374
    },
    "pattern_rhythm": {
      "repetition_score": 1.0,
      "rhythm_score": 1.0,
      "pattern_breaks": 1
    },
    "visual_mass_focus": {
      "point_of_interest": {
        "x": 0.23927178153446033,
        "y": 0.306640625,
        "strength": 1.0
      },
      "visual_mass_concentration": 0.19997561768530558,
      "mean_visual_weight": 0.19553127884864807,
      "face_count": 0,
      "has_directional_cues": 0
    },
    "framing_breathing": {
      "frame_in_frame_count": 0,
      "breathing_space": {
        "top": 0.232421875,
        "bottom": 0.658203125,
        "left": 0.10923276983094929,
        "right": 0.8309492847854356,
        "min_margin": 0.10923276983094929,
        "mean_margin": 0.4577017636540962
      },
      "corner_anchors": {
        "top_left": 0.1326574832201004,
        "top_right": 0.2031622678041458,
        "bottom_left": 0.06959467381238937,
        "bottom_right": 0.2356100082397461,
        "max_corner_weight": 0.2356100082397461,
        "has_corner_subject": 0
      }
    }
  }
}