{
  "meta": {
    "_dataset": "tvm_data",
    "_label": "testImages_artphoto",
    "_relpath": "testImages_artphoto/awe_0577.jpg",
    "_filename": "awe_0577.jpg",
    "_width": 361,
    "_height": 553
  },
  "features": {
    "geometric_structural": {
      "leading_lines": {
        "diagonal": 0,
        "vertical": 2,
        "horizontal": 0,
        "curved": 118
      },
      "leading_lines_strength": 0.15306122448979592,
      "symmetry_vertical": 0.4460370153395797,
      "symmetry_horizontal": 0.45620092612359814,
      "symmetry_radial": 0.33952158362430906,
      "rule_of_thirds": {
        "alignment_score": 1,
        "num_salient_objects": 6
      },
      "golden_ratio": {
        "golden_alignment_score": 0
      },
      "balance": {
        "static_balance": 0.8190047740936279,
        "dynamic_balance": 1.0,
        "dominant_quadrant": 1
      },
      "layering": {
        "foreground_ratio": 0.2838608099489796,
        "midground_ratio": 0.1362728196747449,
        "background_ratio": 0.5798663703762755,
        "depth_complexity": 0.03302915923364433
      }
    },
    "spatial_layout": {
      "negative_space_ratio": 0.5486313177614796,
      "subject_isolation": 0.10000049824617346,
      "depth_of_field": {
        "blur_gradient_strength": 26.438391012330246,
        "sharpness_variance": 1204.8167803658596,
        "min_sharpness": 2.1630047651207995,
        "max_sharpness": 155.53395885798517
      },
      "perspective": {
        "has_vanishing_point": 1,
        "perspective_strength": 0.9545454545454546
      }
    },
    "contrast_color": {
      "high_contrast_ratio": 0.3962776028380102,
      "low_contrast_ratio": 0.6037223971619898,
      "mean_contrast": 17.768123626708984,
      "highlight_ratio": 2.4912308163038688e-06,
      "shadow_ratio": 0.03008161298930645,
      "midtone_ratio": 0.9699158668518066,
      "warm_color_ratio": 0.003340740593112245,
      "cool_color_ratio": 0.0,
      "complementary_color_score": 0.0
    },
    "motion_dynamics": {
      "s_curve_count": 217,
      "motion_blur_score": 15.968046542285693,
      "dominant_direction_deg": 4.999999999999995,
      "direction_strength": 0.07935317681740435
    },
    "pattern_rhythm": {
      "repetition_score": 1.0,
      "rhythm_score": 1.0,
      "pattern_breaks": 3
    },
    "visual_mass_focus": {
      "point_of_interest": {
        "x": 0.822265625,
        "y": 0.13137755102040816,
        "strength": 1.0
      },
      "visual_mass_concentration": 0.19984404894770408,
      "mean_visual_weight": 0.027342939749360085,
      "face_count": 0,
      "has_directional_cues": 0
    },
    "framing_breathing": {
      "frame_in_frame_count": 0,
      "breathing_space": {
        "top": 0.24872448979591838,
        "bottom": 0.6798469387755102,
        "left": 0.548828125,
        "right": 0.298828125,
        "min_margin": 0.24872448979591838,
        "mean_margin": 0.44405691964285715
      },
      "corner_anchors": {
        "top_left": 0.11303356289863586,
        "top_right": 0.3737466037273407,
        "bottom_left": 0.13172590732574463,
        "bottom_right": 0.16145524382591248,
        "max_corner_weight": 0.3737466037273407,
        "has_corner_subject": 1
      }
    }
  }
}