{
  "meta": {
    "_dataset": "tvm_data",
    "_label": "testImages_artphoto",
    "_relpath": "testImages_artphoto/awe_0060.jpg",
    "_filename": "awe_0060.jpg",
    "_width": 387,
    "_height": 516
  },
  "features": {
    "geometric_structural": {
      "leading_lines": {
        "diagonal": 1,
        "vertical": 0,
        "horizontal": 0,
        "curved": 209
      },
      "leading_lines_strength": 0.3074670571010249,
      "symmetry_vertical": 0.23246077581552518,
      "symmetry_horizontal": 0.2212744943513619,
      "symmetry_radial": 0.17343466708082397,
      "rule_of_thirds": {
        "alignment_score": 1,
        "num_salient_objects": 44
      },
      "golden_ratio": {
        "golden_alignment_score": 3
      },
      "balance": {
        "static_balance": 0.9518892168998718,
        "dynamic_balance": 1.0,
        "dominant_quadrant": 2
      },
      "layering": {
        "foreground_ratio": 0.3374502424963397,
        "midground_ratio": 0.30594573572474376,
        "background_ratio": 0.35660402177891654,
        "depth_complexity": 0.038603360609808936
      }
    },
    "spatial_layout": {
      "negative_space_ratio": 0.5339666453147877,
      "subject_isolation": 0.10000114385065886,
      "depth_of_field": {
        "blur_gradient_strength": 24.464676233262864,
        "sharpness_variance": 984.6610048144157,
        "min_sharpness": 1.3,
        "max_sharpness": 150.14695646145623
      },
      "perspective": {
        "has_vanishing_point": 0,
        "perspective_strength": 0.0
      }
    },
    "contrast_color": {
      "high_contrast_ratio": 0.48798384882869694,
      "low_contrast_ratio": 0.5120161511713031,
      "mean_contrast": 31.88501739501953,
      "highlight_ratio": 0.03206213563680649,
      "shadow_ratio": 0.18375103175640106,
      "midtone_ratio": 0.784186840057373,
      "warm_color_ratio": 0.9357070140922401,
      "cool_color_ratio": 0.0020932467057101023,
      "complementary_color_score": 2.5
    },
    "motion_dynamics": {
      "s_curve_count": 259,
      "motion_blur_score": 9.79613575492771,
      "dominant_direction_deg": 95.0,
      "direction_strength": 0.04347776354306747
    },
    "pattern_rhythm": {
      "repetition_score": 1.0,
      "rhythm_score": 1.0,
      "pattern_breaks": 14
    },
    "visual_mass_focus": {
      "point_of_interest": {
        "x": 0.240234375,
        "y": 0.7101024890190337,
        "strength": 1.0
      },
      "visual_mass_concentration": 0.19995939330161056,
      "mean_visual_weight": 0.4564809501171112,
      "face_count": 0,
      "has_directional_cues": 0
    },
    "framing_breathing": {
      "frame_in_frame_count": 0,
      "breathing_space": {
        "top": 0.8448023426061494,
        "bottom": 0.0,
        "left": 0.16015625,
        "right": 0.36328125,
        "min_margin": 0.0,
        "mean_margin": 0.3420599606515373
      },
      "corner_anchors": {
        "top_left": 0.32940801978111267,
        "top_right": 0.4912136495113373,
        "bottom_left": 0.5175629258155823,
        "bottom_right": 0.2672261893749237,
        "max_corner_weight": 0.5175629258155823,
        "has_corner_subject": 1
      }
    }
  }
}