{
  "meta": {
    "_dataset": "tvm_data",
    "_label": "testImages_artphoto",
    "_relpath": "testImages_artphoto/awe_0834.jpg",
    "_filename": "awe_0834.jpg",
    "_width": 548,
    "_height": 365
  },
  "features": {
    "geometric_structural": {
      "leading_lines": {
        "diagonal": 0,
        "vertical": 0,
        "horizontal": 0,
        "curved": 280
      },
      "leading_lines_strength": 0.3641092327698309,
      "symmetry_vertical": 0.215813550491189,
      "symmetry_horizontal": 0.2578692087616677,
      "symmetry_radial": 0.21609065137957884,
      "rule_of_thirds": {
        "alignment_score": 0,
        "num_salient_objects": 14
      },
      "golden_ratio": {
        "golden_alignment_score": 1
      },
      "balance": {
        "static_balance": 0.9459888935089111,
        "dynamic_balance": 1.0,
        "dominant_quadrant": 1
      },
      "layering": {
        "foreground_ratio": 0.31115389304291285,
        "midground_ratio": 0.1493213589076723,
        "background_ratio": 0.5395247480494149,
        "depth_complexity": 0.030968241550817167
      }
    },
    "spatial_layout": {
      "negative_space_ratio": 0.5747419538361509,
      "subject_isolation": 0.10000050796488946,
      "depth_of_field": {
        "blur_gradient_strength": 24.5869053178813,
        "sharpness_variance": 929.1965950712312,
        "min_sharpness": 1.0372838885348714,
        "max_sharpness": 149.50809295983964
      },
      "perspective": {
        "has_vanishing_point": 1,
        "perspective_strength": 0.5
      }
    },
    "contrast_color": {
      "high_contrast_ratio": 0.42563901983094926,
      "low_contrast_ratio": 0.5743609801690508,
      "mean_contrast": 29.11666488647461,
      "highlight_ratio": 0.07921204715967178,
      "shadow_ratio": 0.38187023997306824,
      "midtone_ratio": 0.5389176607131958,
      "warm_color_ratio": 0.18284958143693109,
      "cool_color_ratio": 0.37152805998049415,
      "complementary_color_score": 2.1666666666666665
    },
    "motion_dynamics": {
      "s_curve_count": 279,
      "motion_blur_score": 11.60843321953437,
      "dominant_direction_deg": 4.999999999999995,
      "direction_strength": 0.08089340864738882
    },
    "pattern_rhythm": {
      "repetition_score": 1.0,
      "rhythm_score": 1.0,
      "pattern_breaks": 6
    },
    "visual_mass_focus": {
      "point_of_interest": {
        "x": 0.6176853055916776,
        "y": 0.380859375,
        "strength": 1.0
      },
      "visual_mass_concentration": 0.19928732526007803,
      "mean_visual_weight": 0.11343281716108322,
      "face_count": 0,
      "has_directional_cues": 0
    },
    "framing_breathing": {
      "frame_in_frame_count": 0,
      "breathing_space": {
        "top": 0.0,
        "bottom": 0.83984375,
        "left": 0.48634590377113135,
        "right": 0.0,
        "min_margin": 0.0,
        "mean_margin": 0.3315474134427828
      },
      "corner_anchors": {
        "top_left": 0.4453691840171814,
        "top_right": 0.5425025820732117,
        "bottom_left": 0.22748276591300964,
        "bottom_right": 0.2674383521080017,
        "max_corner_weight": 0.5425025820732117,
        "has_corner_subject": 1
      }
    }
  }
}