{
  "meta": {
    "_dataset": "tvm_data",
    "_label": "testImages_artphoto",
    "_relpath": "testImages_artphoto/awe_0878.jpg",
    "_filename": "awe_0878.jpg",
    "_width": 387,
    "_height": 516
  },
  "features": {
    "geometric_structural": {
      "leading_lines": {
        "diagonal": 0,
        "vertical": 0,
        "horizontal": 0,
        "curved": 162
      },
      "leading_lines_strength": 0.23718887262079064,
      "symmetry_vertical": 0.1856787022417337,
      "symmetry_horizontal": 0.22303886498850134,
      "symmetry_radial": 0.15016884124891242,
      "rule_of_thirds": {
        "alignment_score": 3,
        "num_salient_objects": 36
      },
      "golden_ratio": {
        "golden_alignment_score": 6
      },
      "balance": {
        "static_balance": 0.8931941986083984,
        "dynamic_balance": 1.0,
        "dominant_quadrant": 2
      },
      "layering": {
        "foreground_ratio": 0.3229576546486091,
        "midground_ratio": 0.12380753568814055,
        "background_ratio": 0.5532348096632503,
        "depth_complexity": 0.04266744113619217
      }
    },
    "spatial_layout": {
      "negative_space_ratio": 0.5305694088579795,
      "subject_isolation": 0.09999828422401172,
      "depth_of_field": {
        "blur_gradient_strength": 34.384501776737125,
        "sharpness_variance": 2691.2580033661143,
        "min_sharpness": 0.5290272971933871,
        "max_sharpness": 223.14088879251332
      },
      "perspective": {
        "has_vanishing_point": 1,
        "perspective_strength": 0.6666666666666666
      }
    },
    "contrast_color": {
      "high_contrast_ratio": 0.44146058290629575,
      "low_contrast_ratio": 0.5585394170937042,
      "mean_contrast": 31.472747802734375,
      "highlight_ratio": 0.23478393256664276,
      "shadow_ratio": 0.2784818708896637,
      "midtone_ratio": 0.48673418164253235,
      "warm_color_ratio": 0.12694454612005857,
      "cool_color_ratio": 0.008879140739385066,
      "complementary_color_score": 1.9444444444444444
    },
    "motion_dynamics": {
      "s_curve_count": 219,
      "motion_blur_score": 10.798381350156848,
      "dominant_direction_deg": 4.999999999999995,
      "direction_strength": 0.08990666178598009
    },
    "pattern_rhythm": {
      "repetition_score": 1.0,
      "rhythm_score": 1.0,
      "pattern_breaks": 16
    },
    "visual_mass_focus": {
      "point_of_interest": {
        "x": 0.44140625,
        "y": 0.6588579795021962,
        "strength": 1.0
      },
      "visual_mass_concentration": 0.19864968429721816,
      "mean_visual_weight": 0.029947325587272644,
      "face_count": 0,
      "has_directional_cues": 0
    },
    "framing_breathing": {
      "frame_in_frame_count": 0,
      "breathing_space": {
        "top": 0.0,
        "bottom": 0.0,
        "left": 0.201171875,
        "right": 0.0,
        "min_margin": 0.0,
        "mean_margin": 0.05029296875
      },
      "corner_anchors": {
        "top_left": 0.31831687688827515,
        "top_right": 0.4851984977722168,
        "bottom_left": 0.8015790581703186,
        "bottom_right": 0.5937216281890869,
        "max_corner_weight": 0.8015790581703186,
        "has_corner_subject": 1
      }
    }
  }
}