{
  "meta": {
    "_dataset": "tvm_data",
    "_label": "testImages_artphoto",
    "_relpath": "testImages_artphoto/awe_0582.jpg",
    "_filename": "awe_0582.jpg",
    "_width": 423,
    "_height": 473
  },
  "features": {
    "geometric_structural": {
      "leading_lines": {
        "diagonal": 1,
        "vertical": 0,
        "horizontal": 0,
        "curved": 188
      },
      "leading_lines_strength": 0.3298429319371728,
      "symmetry_vertical": 0.24294026784006403,
      "symmetry_horizontal": 0.2121670923580418,
      "symmetry_radial": 0.19879155919572214,
      "rule_of_thirds": {
        "alignment_score": 2,
        "num_salient_objects": 15
      },
      "golden_ratio": {
        "golden_alignment_score": 5
      },
      "balance": {
        "static_balance": 0.9482526779174805,
        "dynamic_balance": 1.0,
        "dominant_quadrant": 1
      },
      "layering": {
        "foreground_ratio": 0.2803978512216405,
        "midground_ratio": 0.24540180519197208,
        "background_ratio": 0.4742003435863874,
        "depth_complexity": 0.049544379735446904
      }
    },
    "spatial_layout": {
      "negative_space_ratio": 0.7973931064572426,
      "subject_isolation": 0.10000136343804537,
      "depth_of_field": {
        "blur_gradient_strength": 47.45069995990987,
        "sharpness_variance": 4083.5528382536036,
        "min_sharpness": 0.7430555555555555,
        "max_sharpness": 471.413584607464
      },
      "perspective": {
        "has_vanishing_point": 1,
        "perspective_strength": 0.5555555555555556
      }
    },
    "contrast_color": {
      "high_contrast_ratio": 0.4453738547120419,
      "low_contrast_ratio": 0.5546261452879582,
      "mean_contrast": 28.185396194458008,
      "highlight_ratio": 0.05041312053799629,
      "shadow_ratio": 0.5908936262130737,
      "midtone_ratio": 0.3586932420730591,
      "warm_color_ratio": 0.8477176047120419,
      "cool_color_ratio": 0.04357207133507853,
      "complementary_color_score": 2.4444444444444446
    },
    "motion_dynamics": {
      "s_curve_count": 211,
      "motion_blur_score": 7.251873692450742,
      "dominant_direction_deg": 4.999999999999995,
      "direction_strength": 0.07668657286186775
    },
    "pattern_rhythm": {
      "repetition_score": 1.0,
      "rhythm_score": 1.0,
      "pattern_breaks": 5
    },
    "visual_mass_focus": {
      "point_of_interest": {
        "x": 0.6328125,
        "y": 0.43106457242582896,
        "strength": 1.0
      },
      "visual_mass_concentration": 0.19999250109075042,
      "mean_visual_weight": 0.20121237635612488,
      "face_count": 0,
      "has_directional_cues": 0
    },
    "framing_breathing": {
      "frame_in_frame_count": 0,
      "breathing_space": {
        "top": 0.24083769633507854,
        "bottom": 0.3717277486910995,
        "left": 0.34765625,
        "right": 0.193359375,
        "min_margin": 0.193359375,
        "mean_margin": 0.28839526750654454
      },
      "corner_anchors": {
        "top_left": 0.26699212193489075,
        "top_right": 0.18769016861915588,
        "bottom_left": 0.27156350016593933,
        "bottom_right": 0.2952490448951721,
        "max_corner_weight": 0.2952490448951721,
        "has_corner_subject": 0
      }
    }
  }
}