{
  "meta": {
    "_dataset": "tvm_data",
    "_label": "testImages_artphoto",
    "_relpath": "testImages_artphoto/awe_0832.jpg",
    "_filename": "awe_0832.jpg",
    "_width": 549,
    "_height": 364
  },
  "features": {
    "geometric_structural": {
      "leading_lines": {
        "diagonal": 0,
        "vertical": 0,
        "horizontal": 1,
        "curved": 50
      },
      "leading_lines_strength": 0.06606217616580311,
      "symmetry_vertical": 0.7197166538622617,
      "symmetry_horizontal": 0.6406768731543155,
      "symmetry_radial": 0.4559134938070453,
      "rule_of_thirds": {
        "alignment_score": 1,
        "num_salient_objects": 8
      },
      "golden_ratio": {
        "golden_alignment_score": 1
      },
      "balance": {
        "static_balance": 0.903863251209259,
        "dynamic_balance": 1.0,
        "dominant_quadrant": 3
      },
      "layering": {
        "foreground_ratio": 0.1472155318976684,
        "midground_ratio": 0.33353151311528495,
        "background_ratio": 0.5192529549870466,
        "depth_complexity": 0.015263535135553816
      }
    },
    "spatial_layout": {
      "negative_space_ratio": 0.7137381598121761,
      "subject_isolation": 0.10000151797279792,
      "depth_of_field": {
        "blur_gradient_strength": 15.879352952016061,
        "sharpness_variance": 1223.6078724764675,
        "min_sharpness": 0.7589240881386968,
        "max_sharpness": 305.25426605950065
      },
      "perspective": {
        "has_vanishing_point": 1,
        "perspective_strength": 0.8333333333333334
      }
    },
    "contrast_color": {
      "high_contrast_ratio": 0.3242465795012953,
      "low_contrast_ratio": 0.6757534204987047,
      "mean_contrast": 20.077634811401367,
      "highlight_ratio": 0.06480985134840012,
      "shadow_ratio": 0.14312712848186493,
      "midtone_ratio": 0.7920629978179932,
      "warm_color_ratio": 0.0,
      "cool_color_ratio": 0.4765422603626943,
      "complementary_color_score": 0.0
    },
    "motion_dynamics": {
      "s_curve_count": 46,
      "motion_blur_score": 19.734533034071948,
      "dominant_direction_deg": 95.0,
      "direction_strength": 0.14391141110714886
    },
    "pattern_rhythm": {
      "repetition_score": 1.0,
      "rhythm_score": 1.0,
      "pattern_breaks": 5
    },
    "visual_mass_focus": {
      "point_of_interest": {
        "x": 0.6632124352331606,
        "y": 0.4765625,
        "strength": 1.0
      },
      "visual_mass_concentration": 0.19846988341968913,
      "mean_visual_weight": 0.09991587698459625,
      "face_count": 0,
      "has_directional_cues": 0
    },
    "framing_breathing": {
      "frame_in_frame_count": 0,
      "breathing_space": {
        "top": 0.751953125,
        "bottom": 0.162109375,
        "left": 0.3432642487046632,
        "right": 0.17616580310880828,
        "min_margin": 0.162109375,
        "mean_margin": 0.35837313795336784
      },
      "corner_anchors": {
        "top_left": 0.25274181365966797,
        "top_right": 0.12121216207742691,
        "bottom_left": 0.5110546946525574,
        "bottom_right": 0.4862721264362335,
        "max_corner_weight": 0.5110546946525574,
        "has_corner_subject": 1
      }
    }
  }
}