{
  "meta": {
    "_dataset": "tvm_data",
    "_label": "testImages_artphoto",
    "_relpath": "testImages_artphoto/awe_0036.jpg",
    "_filename": "awe_0036.jpg",
    "_width": 364,
    "_height": 549
  },
  "features": {
    "geometric_structural": {
      "leading_lines": {
        "diagonal": 18,
        "vertical": 20,
        "horizontal": 0,
        "curved": 811
      },
      "leading_lines_strength": 1.099740932642487,
      "symmetry_vertical": 0.14900498466819728,
      "symmetry_horizontal": 0.11216342667352522,
      "symmetry_radial": 0.11004147478813459,
      "rule_of_thirds": {
        "alignment_score": 0,
        "num_salient_objects": 48
      },
      "golden_ratio": {
        "golden_alignment_score": 0
      },
      "balance": {
        "static_balance": 0.9089773297309875,
        "dynamic_balance": 1.0,
        "dominant_quadrant": 0
      },
      "layering": {
        "foreground_ratio": 0.33416400178108807,
        "midground_ratio": 0.2894748826101036,
        "background_ratio": 0.3763611156088083,
        "depth_complexity": 0.10077123480096734
      }
    },
    "spatial_layout": {
      "negative_space_ratio": 0.7691213973445595,
      "subject_isolation": 0.10000151797279792,
      "depth_of_field": {
        "blur_gradient_strength": 56.39136501672409,
        "sharpness_variance": 5294.830393109686,
        "min_sharpness": 6.263022856201303,
        "max_sharpness": 334.5522070962858
      },
      "perspective": {
        "has_vanishing_point": 1,
        "perspective_strength": 0.9984739037541968
      }
    },
    "contrast_color": {
      "high_contrast_ratio": 0.4371458063471503,
      "low_contrast_ratio": 0.5628541936528497,
      "mean_contrast": 35.67540740966797,
      "highlight_ratio": 0.04405156895518303,
      "shadow_ratio": 0.585482120513916,
      "midtone_ratio": 0.37046629190444946,
      "warm_color_ratio": 0.794420943976684,
      "cool_color_ratio": 0.01004644996761658,
      "complementary_color_score": 2.2777777777777777
    },
    "motion_dynamics": {
      "s_curve_count": 678,
      "motion_blur_score": 5.61035767379945,
      "dominant_direction_deg": 4.999999999999995,
      "direction_strength": 0.03733201101026824
    },
    "pattern_rhythm": {
      "repetition_score": 1.0,
      "rhythm_score": 1.0,
      "pattern_breaks": 13
    },
    "visual_mass_focus": {
      "point_of_interest": {
        "x": 0.439453125,
        "y": 0.09585492227979274,
        "strength": 1.0
      },
      "visual_mass_concentration": 0.19977028011658032,
      "mean_visual_weight": 0.07518614828586578,
      "face_count": 0,
      "has_directional_cues": 0
    },
    "framing_breathing": {
      "frame_in_frame_count": 0,
      "breathing_space": {
        "top": 0.0,
        "bottom": 0.8044041450777202,
        "left": 0.52734375,
        "right": 0.419921875,
        "min_margin": 0.0,
        "mean_margin": 0.43791744251943004
      },
      "corner_anchors": {
        "top_left": 0.30059435963630676,
        "top_right": 0.2867380380630493,
        "bottom_left": 0.2526528835296631,
        "bottom_right": 0.19760872423648834,
        "max_corner_weight": 0.30059435963630676,
        "has_corner_subject": 1
      }
    }
  }
}