{
  "meta": {
    "_dataset": "tvm_data",
    "_label": "testImages_artphoto",
    "_relpath": "testImages_artphoto/awe_0867.jpg",
    "_filename": "awe_0867.jpg",
    "_width": 365,
    "_height": 548
  },
  "features": {
    "geometric_structural": {
      "leading_lines": {
        "diagonal": 0,
        "vertical": 0,
        "horizontal": 1,
        "curved": 221
      },
      "leading_lines_strength": 0.2886866059817945,
      "symmetry_vertical": 0.3293836953789946,
      "symmetry_horizontal": 0.12375229915521888,
      "symmetry_radial": 0.1132892151193713,
      "rule_of_thirds": {
        "alignment_score": 1,
        "num_salient_objects": 12
      },
      "golden_ratio": {
        "golden_alignment_score": 0
      },
      "balance": {
        "static_balance": 0.852849543094635,
        "dynamic_balance": 1.0,
        "dominant_quadrant": 0
      },
      "layering": {
        "foreground_ratio": 0.2874573309492848,
        "midground_ratio": 0.227512394343303,
        "background_ratio": 0.4850302747074122,
        "depth_complexity": 0.0744182798479378
      }
    },
    "spatial_layout": {
      "negative_space_ratio": 0.6406453185955787,
      "subject_isolation": 0.10000050796488946,
      "depth_of_field": {
        "blur_gradient_strength": 52.14230532036399,
        "sharpness_variance": 9606.62762987792,
        "min_sharpness": 1.6250908140053781,
        "max_sharpness": 470.49868437020564
      },
      "perspective": {
        "has_vanishing_point": 1,
        "perspective_strength": 0.6
      }
    },
    "contrast_color": {
      "high_contrast_ratio": 0.36462989678153446,
      "low_contrast_ratio": 0.6353701032184655,
      "mean_contrast": 26.476064682006836,
      "highlight_ratio": 0.09136764705181122,
      "shadow_ratio": 0.5098596215248108,
      "midtone_ratio": 0.3987727165222168,
      "warm_color_ratio": 0.30475099561118335,
      "cool_color_ratio": 0.4342769627763329,
      "complementary_color_score": 2.2222222222222223
    },
    "motion_dynamics": {
      "s_curve_count": 251,
      "motion_blur_score": 8.406123951415614,
      "dominant_direction_deg": 95.0,
      "direction_strength": 0.07847803559798013
    },
    "pattern_rhythm": {
      "repetition_score": 1.0,
      "rhythm_score": 1.0,
      "pattern_breaks": 5
    },
    "visual_mass_focus": {
      "point_of_interest": {
        "x": 0.201171875,
        "y": 0.16644993498049415,
        "strength": 1.0
      },
      "visual_mass_concentration": 0.19988418400520155,
      "mean_visual_weight": 0.11753346025943756,
      "face_count": 0,
      "has_directional_cues": 0
    },
    "framing_breathing": {
      "frame_in_frame_count": 0,
      "breathing_space": {
        "top": 0.0,
        "bottom": 0.6892067620286085,
        "left": 0.0,
        "right": 0.0,
        "min_margin": 0.0,
        "mean_margin": 0.17230169050715213
      },
      "corner_anchors": {
        "top_left": 0.834621787071228,
        "top_right": 0.28262534737586975,
        "bottom_left": 0.4013320505619049,
        "bottom_right": 0.38919204473495483,
        "max_corner_weight": 0.834621787071228,
        "has_corner_subject": 1
      }
    }
  }
}