{
  "meta": {
    "_dataset": "tvm_data",
    "_label": "testImages_artphoto",
    "_relpath": "testImages_artphoto/awe_0049.jpg",
    "_filename": "awe_0049.jpg",
    "_width": 585,
    "_height": 342
  },
  "features": {
    "geometric_structural": {
      "leading_lines": {
        "diagonal": 0,
        "vertical": 0,
        "horizontal": 8,
        "curved": 37
      },
      "leading_lines_strength": 0.05136986301369863,
      "symmetry_vertical": 0.33515882327586993,
      "symmetry_horizontal": 0.2091313113970515,
      "symmetry_radial": 0.18270829623596743,
      "rule_of_thirds": {
        "alignment_score": 0,
        "num_salient_objects": 1
      },
      "golden_ratio": {
        "golden_alignment_score": 0
      },
      "balance": {
        "static_balance": 0.9049385786056519,
        "dynamic_balance": 1.0,
        "dominant_quadrant": 1
      },
      "layering": {
        "foreground_ratio": 0.3218687571347032,
        "midground_ratio": 0.13223503496004566,
        "background_ratio": 0.5458962079052512,
        "depth_complexity": 0.04346657827161415
      }
    },
    "spatial_layout": {
      "negative_space_ratio": 0.5397848886986302,
      "subject_isolation": 0.10000178367579908,
      "depth_of_field": {
        "blur_gradient_strength": 28.075933809144033,
        "sharpness_variance": 3015.362841248255,
        "min_sharpness": 0.9900999615532489,
        "max_sharpness": 298.88516867421976
      },
      "perspective": {
        "has_vanishing_point": 1,
        "perspective_strength": 0.5172413793103449
      }
    },
    "contrast_color": {
      "high_contrast_ratio": 0.5106686108732876,
      "low_contrast_ratio": 0.48933138912671237,
      "mean_contrast": 25.824190139770508,
      "highlight_ratio": 0.01936403103172779,
      "shadow_ratio": 0.4155808687210083,
      "midtone_ratio": 0.5650550723075867,
      "warm_color_ratio": 0.8320178724315068,
      "cool_color_ratio": 0.0247039098173516,
      "complementary_color_score": 2.2777777777777777
    },
    "motion_dynamics": {
      "s_curve_count": 101,
      "motion_blur_score": 12.157410880990884,
      "dominant_direction_deg": -85.0,
      "direction_strength": 0.11147304865842726
    },
    "pattern_rhythm": {
      "repetition_score": 1.0,
      "rhythm_score": 1.0,
      "pattern_breaks": 1
    },
    "visual_mass_focus": {
      "point_of_interest": {
        "x": 0.728310502283105,
        "y": 0.09375,
        "strength": 1.0
      },
      "visual_mass_concentration": 0.199738245576484,
      "mean_visual_weight": 0.3181043565273285,
      "face_count": 0,
      "has_directional_cues": 0
    },
    "framing_breathing": {
      "frame_in_frame_count": 0,
      "breathing_space": {
        "top": 0.03515625,
        "bottom": 0.873046875,
        "left": 0.4817351598173516,
        "right": 0.1415525114155251,
        "min_margin": 0.03515625,
        "mean_margin": 0.3828726990582192
      },
      "corner_anchors": {
        "top_left": 0.13254113495349884,
        "top_right": 0.2864376902580261,
        "bottom_left": 0.2907935380935669,
        "bottom_right": 0.4109836518764496,
        "max_corner_weight": 0.4109836518764496,
        "has_corner_subject": 1
      }
    }
  }
}