{
  "meta": {
    "_dataset": "tvm_data",
    "_label": "testImages_artphoto",
    "_relpath": "testImages_artphoto/awe_0866.jpg",
    "_filename": "awe_0866.jpg",
    "_width": 548,
    "_height": 365
  },
  "features": {
    "geometric_structural": {
      "leading_lines": {
        "diagonal": 0,
        "vertical": 0,
        "horizontal": 5,
        "curved": 131
      },
      "leading_lines_strength": 0.17685305591677503,
      "symmetry_vertical": 0.4104219122531723,
      "symmetry_horizontal": 0.3537902767508714,
      "symmetry_radial": 0.2710070812925715,
      "rule_of_thirds": {
        "alignment_score": 2,
        "num_salient_objects": 45
      },
      "golden_ratio": {
        "golden_alignment_score": 3
      },
      "balance": {
        "static_balance": 0.9659593105316162,
        "dynamic_balance": 1.0,
        "dominant_quadrant": 1
      },
      "layering": {
        "foreground_ratio": 0.27277968546814046,
        "midground_ratio": 0.12977233013654096,
        "background_ratio": 0.5974479843953185,
        "depth_complexity": 0.04023974404758534
      }
    },
    "spatial_layout": {
      "negative_space_ratio": 0.48400672545513657,
      "subject_isolation": 0.10000050796488946,
      "depth_of_field": {
        "blur_gradient_strength": 36.95410927485446,
        "sharpness_variance": 5503.6027948370465,
        "min_sharpness": 0.0,
        "max_sharpness": 473.29788250193894
      },
      "perspective": {
        "has_vanishing_point": 1,
        "perspective_strength": 0.6297169811320755
      }
    },
    "contrast_color": {
      "high_contrast_ratio": 0.3928676649869961,
      "low_contrast_ratio": 0.6071323350130039,
      "mean_contrast": 21.34308433532715,
      "highlight_ratio": 0.06640879064798355,
      "shadow_ratio": 0.19795392453670502,
      "midtone_ratio": 0.7356372475624084,
      "warm_color_ratio": 0.1593917628413524,
      "cool_color_ratio": 0.4876285151170351,
      "complementary_color_score": 2.611111111111111
    },
    "motion_dynamics": {
      "s_curve_count": 162,
      "motion_blur_score": 14.143654181259333,
      "dominant_direction_deg": -85.0,
      "direction_strength": 0.10841240653418499
    },
    "pattern_rhythm": {
      "repetition_score": 1.0,
      "rhythm_score": 1.0,
      "pattern_breaks": 11
    },
    "visual_mass_focus": {
      "point_of_interest": {
        "x": 0.5734720416124838,
        "y": 0.595703125,
        "strength": 1.0
      },
      "visual_mass_concentration": 0.19999593628088427,
      "mean_visual_weight": 0.19444017112255096,
      "face_count": 0,
      "has_directional_cues": 0
    },
    "framing_breathing": {
      "frame_in_frame_count": 0,
      "breathing_space": {
        "top": 0.76171875,
        "bottom": 0.0,
        "left": 0.0,
        "right": 0.3706111833550065,
        "min_margin": 0.0,
        "mean_margin": 0.28308248333875163
      },
      "corner_anchors": {
        "top_left": 0.4357921779155731,
        "top_right": 0.5113110542297363,
        "bottom_left": 0.7730094194412231,
        "bottom_right": 0.26098376512527466,
        "max_corner_weight": 0.7730094194412231,
        "has_corner_subject": 1
      }
    }
  }
}