{
  "meta": {
    "_dataset": "tvm_data",
    "_label": "testImages_artphoto",
    "_relpath": "testImages_artphoto/awe_0059.jpg",
    "_filename": "awe_0059.jpg",
    "_width": 447,
    "_height": 447
  },
  "features": {
    "geometric_structural": {
      "leading_lines": {
        "diagonal": 8,
        "vertical": 0,
        "horizontal": 20,
        "curved": 207
      },
      "leading_lines_strength": 0.458984375,
      "symmetry_vertical": 0.3014235633845678,
      "symmetry_horizontal": 0.24746690162499102,
      "symmetry_radial": 0.25143876246168256,
      "rule_of_thirds": {
        "alignment_score": 2,
        "num_salient_objects": 71
      },
      "golden_ratio": {
        "golden_alignment_score": 4
      },
      "balance": {
        "static_balance": 0.8987120389938354,
        "dynamic_balance": 1.0,
        "dominant_quadrant": 1
      },
      "layering": {
        "foreground_ratio": 0.28708648681640625,
        "midground_ratio": 0.14718246459960938,
        "background_ratio": 0.5657310485839844,
        "depth_complexity": 0.09835916137689492
      }
    },
    "spatial_layout": {
      "negative_space_ratio": 0.7331809997558594,
      "subject_isolation": 0.10000228881835938,
      "depth_of_field": {
        "blur_gradient_strength": 92.33033135465736,
        "sharpness_variance": 27253.169858354337,
        "min_sharpness": 2.615630784658135,
        "max_sharpness": 594.5814819101458
      },
      "perspective": {
        "has_vanishing_point": 1,
        "perspective_strength": 0.9950476190476191
      }
    },
    "contrast_color": {
      "high_contrast_ratio": 0.45874786376953125,
      "low_contrast_ratio": 0.5412521362304688,
      "mean_contrast": 32.51130676269531,
      "highlight_ratio": 0.11159896850585938,
      "shadow_ratio": 0.19391250610351562,
      "midtone_ratio": 0.694488525390625,
      "warm_color_ratio": 0.3634796142578125,
      "cool_color_ratio": 0.069366455078125,
      "complementary_color_score": 2.0555555555555554
    },
    "motion_dynamics": {
      "s_curve_count": 211,
      "motion_blur_score": 7.49981609145045,
      "dominant_direction_deg": 4.999999999999995,
      "direction_strength": 0.06903457641575228
    },
    "pattern_rhythm": {
      "repetition_score": 1.0,
      "rhythm_score": 1.0,
      "pattern_breaks": 17
    },
    "visual_mass_focus": {
      "point_of_interest": {
        "x": 0.6484375,
        "y": 0.2265625,
        "strength": 1.0
      },
      "visual_mass_concentration": 0.19998931884765625,
      "mean_visual_weight": 0.1983560472726822,
      "face_count": 0,
      "has_directional_cues": 0
    },
    "framing_breathing": {
      "frame_in_frame_count": 0,
      "breathing_space": {
        "top": 0.1015625,
        "bottom": 0.712890625,
        "left": 0.57421875,
        "right": 0.0,
        "min_margin": 0.0,
        "mean_margin": 0.34716796875
      },
      "corner_anchors": {
        "top_left": 0.31006935238838196,
        "top_right": 0.48578745126724243,
        "bottom_left": 0.3168190121650696,
        "bottom_right": 0.38485193252563477,
        "max_corner_weight": 0.48578745126724243,
        "has_corner_subject": 1
      }
    }
  }
}