{
  "meta": {
    "_dataset": "tvm_data",
    "_label": "testImages_artphoto",
    "_relpath": "testImages_artphoto/awe_0591.jpg",
    "_filename": "awe_0591.jpg",
    "_width": 725,
    "_height": 276
  },
  "features": {
    "geometric_structural": {
      "leading_lines": {
        "diagonal": 0,
        "vertical": 1,
        "horizontal": 0,
        "curved": 126
      },
      "leading_lines_strength": 0.09442379182156134,
      "symmetry_vertical": 0.5269851242237794,
      "symmetry_horizontal": 0.4444128907226542,
      "symmetry_radial": 0.2502635099055428,
      "rule_of_thirds": {
        "alignment_score": 1,
        "num_salient_objects": 126
      },
      "golden_ratio": {
        "golden_alignment_score": 3
      },
      "balance": {
        "static_balance": 0.8077549934387207,
        "dynamic_balance": 1.0,
        "dominant_quadrant": 2
      },
      "layering": {
        "foreground_ratio": 0.21814010223048327,
        "midground_ratio": 0.3986349907063197,
        "background_ratio": 0.383224907063197,
        "depth_complexity": 0.04967511028471828
      }
    },
    "spatial_layout": {
      "negative_space_ratio": 0.2385978159851301,
      "subject_isolation": 0.1,
      "depth_of_field": {
        "blur_gradient_strength": 47.123391824974284,
        "sharpness_variance": 5645.891105610529,
        "min_sharpness": 0.7758406586884854,
        "max_sharpness": 580.1979819963959
      },
      "perspective": {
        "has_vanishing_point": 0,
        "perspective_strength": 0.0
      }
    },
    "contrast_color": {
      "high_contrast_ratio": 0.36681430065055765,
      "low_contrast_ratio": 0.6331856993494424,
      "mean_contrast": 22.306909561157227,
      "highlight_ratio": 0.09468226879835129,
      "shadow_ratio": 0.0908007100224495,
      "midtone_ratio": 0.8145170211791992,
      "warm_color_ratio": 0.00616868029739777,
      "cool_color_ratio": 0.5304527764869889,
      "complementary_color_score": 2.0555555555555554
    },
    "motion_dynamics": {
      "s_curve_count": 144,
      "motion_blur_score": 17.26663406819576,
      "dominant_direction_deg": 4.999999999999995,
      "direction_strength": 0.15552828763917936
    },
    "pattern_rhythm": {
      "repetition_score": 1.0,
      "rhythm_score": 1.0,
      "pattern_breaks": 37
    },
    "visual_mass_focus": {
      "point_of_interest": {
        "x": 0.5308550185873606,
        "y": 0.669921875,
        "strength": 1.0
      },
      "visual_mass_concentration": 0.19945254414498143,
      "mean_visual_weight": 0.21069058775901794,
      "face_count": 0,
      "has_directional_cues": 0
    },
    "framing_breathing": {
      "frame_in_frame_count": 0,
      "breathing_space": {
        "top": 0.330078125,
        "bottom": 0.0,
        "left": 0.2275092936802974,
        "right": 0.0,
        "min_margin": 0.0,
        "mean_margin": 0.13939685467007434
      },
      "corner_anchors": {
        "top_left": 0.23880954086780548,
        "top_right": 0.24417822062969208,
        "bottom_left": 0.6292549967765808,
        "bottom_right": 0.6191355586051941,
        "max_corner_weight": 0.6292549967765808,
        "has_corner_subject": 1
      }
    }
  }
}