{
  "meta": {
    "_dataset": "tvm_data",
    "_label": "testImages_artphoto",
    "_relpath": "testImages_artphoto/awe_0831.jpg",
    "_filename": "awe_0831.jpg",
    "_width": 548,
    "_height": 365
  },
  "features": {
    "geometric_structural": {
      "leading_lines": {
        "diagonal": 1,
        "vertical": 0,
        "horizontal": 7,
        "curved": 269
      },
      "leading_lines_strength": 0.3602080624187256,
      "symmetry_vertical": 0.32269465454361296,
      "symmetry_horizontal": 0.24128194787360083,
      "symmetry_radial": 0.18005246608617828,
      "rule_of_thirds": {
        "alignment_score": 3,
        "num_salient_objects": 26
      },
      "golden_ratio": {
        "golden_alignment_score": 3
      },
      "balance": {
        "static_balance": 0.9230679273605347,
        "dynamic_balance": 1.0,
        "dominant_quadrant": 2
      },
      "layering": {
        "foreground_ratio": 0.30388237565019505,
        "midground_ratio": 0.3074736874187256,
        "background_ratio": 0.38864393693107935,
        "depth_complexity": 0.08710232364806567
      }
    },
    "spatial_layout": {
      "negative_space_ratio": 0.6899356916449935,
      "subject_isolation": 0.10000050796488946,
      "depth_of_field": {
        "blur_gradient_strength": 49.83624421376278,
        "sharpness_variance": 5875.731366106353,
        "min_sharpness": 0.9996155324875046,
        "max_sharpness": 486.88111291889186
      },
      "perspective": {
        "has_vanishing_point": 1,
        "perspective_strength": 0.973741794310722
      }
    },
    "contrast_color": {
      "high_contrast_ratio": 0.4304316685630689,
      "low_contrast_ratio": 0.5695683314369311,
      "mean_contrast": 25.948768615722656,
      "highlight_ratio": 0.03005882166326046,
      "shadow_ratio": 0.2621886134147644,
      "midtone_ratio": 0.7077525854110718,
      "warm_color_ratio": 0.24989840702210664,
      "cool_color_ratio": 0.07368030721716515,
      "complementary_color_score": 2.2777777777777777
    },
    "motion_dynamics": {
      "s_curve_count": 350,
      "motion_blur_score": 9.014747568319821,
      "dominant_direction_deg": 95.0,
      "direction_strength": 0.08929260809470169
    },
    "pattern_rhythm": {
      "repetition_score": 1.0,
      "rhythm_score": 1.0,
      "pattern_breaks": 7
    },
    "visual_mass_focus": {
      "point_of_interest": {
        "x": 0.2847854356306892,
        "y": 0.533203125,
        "strength": 1.0
      },
      "visual_mass_concentration": 0.1995895643693108,
      "mean_visual_weight": 0.07188670337200165,
      "face_count": 0,
      "has_directional_cues": 0
    },
    "framing_breathing": {
      "frame_in_frame_count": 0,
      "breathing_space": {
        "top": 0.46875,
        "bottom": 0.31640625,
        "left": 0.0377113133940182,
        "right": 0.42392717815344605,
        "min_margin": 0.0377113133940182,
        "mean_margin": 0.31169868538686607
      },
      "corner_anchors": {
        "top_left": 0.07986436039209366,
        "top_right": 0.08225509524345398,
        "bottom_left": 0.14078254997730255,
        "bottom_right": 0.12567280232906342,
        "max_corner_weight": 0.14078254997730255,
        "has_corner_subject": 0
      }
    }
  }
}