{
  "meta": {
    "_dataset": "tvm_data",
    "_label": "testImages_artphoto",
    "_relpath": "testImages_artphoto/awe_0872.jpg",
    "_filename": "awe_0872.jpg",
    "_width": 361,
    "_height": 553
  },
  "features": {
    "geometric_structural": {
      "leading_lines": {
        "diagonal": 3,
        "vertical": 0,
        "horizontal": 1,
        "curved": 348
      },
      "leading_lines_strength": 0.4489795918367347,
      "symmetry_vertical": 0.36268130869641824,
      "symmetry_horizontal": 0.2939977716263013,
      "symmetry_radial": 0.18284282947422761,
      "rule_of_thirds": {
        "alignment_score": 1,
        "num_salient_objects": 22
      },
      "golden_ratio": {
        "golden_alignment_score": 3
      },
      "balance": {
        "static_balance": 0.951346755027771,
        "dynamic_balance": 1.0,
        "dominant_quadrant": 0
      },
      "layering": {
        "foreground_ratio": 0.3067527303890306,
        "midground_ratio": 0.22585499043367346,
        "background_ratio": 0.4673922791772959,
        "depth_complexity": 0.05360484842407434
      }
    },
    "spatial_layout": {
      "negative_space_ratio": 0.5893081353635204,
      "subject_isolation": 0.10000049824617346,
      "depth_of_field": {
        "blur_gradient_strength": 32.424636113782114,
        "sharpness_variance": 4058.1943673380565,
        "min_sharpness": 1.1302865945889855,
        "max_sharpness": 320.4791363922521
      },
      "perspective": {
        "has_vanishing_point": 1,
        "perspective_strength": 0.598404255319149
      }
    },
    "contrast_color": {
      "high_contrast_ratio": 0.5366709183673469,
      "low_contrast_ratio": 0.4633290816326531,
      "mean_contrast": 27.94938087463379,
      "highlight_ratio": 0.018385283648967743,
      "shadow_ratio": 0.1321249157190323,
      "midtone_ratio": 0.8494898080825806,
      "warm_color_ratio": 0.010590222417091837,
      "cool_color_ratio": 0.4758325693558674,
      "complementary_color_score": 2.6666666666666665
    },
    "motion_dynamics": {
      "s_curve_count": 405,
      "motion_blur_score": 10.026456323548269,
      "dominant_direction_deg": 95.0,
      "direction_strength": 0.09873246173444791
    },
    "pattern_rhythm": {
      "repetition_score": 1.0,
      "rhythm_score": 1.0,
      "pattern_breaks": 6
    },
    "visual_mass_focus": {
      "point_of_interest": {
        "x": 0.287109375,
        "y": 0.6977040816326531,
        "strength": 1.0
      },
      "visual_mass_concentration": 0.19999850526147958,
      "mean_visual_weight": 0.11435839533805847,
      "face_count": 0,
      "has_directional_cues": 0
    },
    "framing_breathing": {
      "frame_in_frame_count": 0,
      "breathing_space": {
        "top": 0.6352040816326531,
        "bottom": 0.28316326530612246,
        "left": 0.2109375,
        "right": 0.595703125,
        "min_margin": 0.2109375,
        "mean_margin": 0.43125199298469385
      },
      "corner_anchors": {
        "top_left": 0.27811089158058167,
        "top_right": 0.22936996817588806,
        "bottom_left": 0.24505580961704254,
        "bottom_right": 0.17322365939617157,
        "max_corner_weight": 0.27811089158058167,
        "has_corner_subject": 0
      }
    }
  }
}