{
  "meta": {
    "_dataset": "tvm_data",
    "_label": "testImages_artphoto",
    "_relpath": "testImages_artphoto/awe_0830.jpg",
    "_filename": "awe_0830.jpg",
    "_width": 537,
    "_height": 372
  },
  "features": {
    "geometric_structural": {
      "leading_lines": {
        "diagonal": 2,
        "vertical": 0,
        "horizontal": 70,
        "curved": 421
      },
      "leading_lines_strength": 0.6671177266576455,
      "symmetry_vertical": 0.26948911850781454,
      "symmetry_horizontal": 0.20514606391518117,
      "symmetry_radial": 0.162782887395983,
      "rule_of_thirds": {
        "alignment_score": 1,
        "num_salient_objects": 23
      },
      "golden_ratio": {
        "golden_alignment_score": 1
      },
      "balance": {
        "static_balance": 0.9304790496826172,
        "dynamic_balance": 1.0,
        "dominant_quadrant": 3
      },
      "layering": {
        "foreground_ratio": 0.29342069096752366,
        "midground_ratio": 0.25882474205006767,
        "background_ratio": 0.4477545669824087,
        "depth_complexity": 0.14296347602472173
      }
    },
    "spatial_layout": {
      "negative_space_ratio": 0.621934201623816,
      "subject_isolation": 0.10000052858592692,
      "depth_of_field": {
        "blur_gradient_strength": 77.90717710257836,
        "sharpness_variance": 27675.83852368157,
        "min_sharpness": 5.790817153843618,
        "max_sharpness": 808.1786078491976
      },
      "perspective": {
        "has_vanishing_point": 1,
        "perspective_strength": 0.9921417823106504
      }
    },
    "contrast_color": {
      "high_contrast_ratio": 0.4202733846414073,
      "low_contrast_ratio": 0.5797266153585927,
      "mean_contrast": 24.765567779541016,
      "highlight_ratio": 0.01966339722275734,
      "shadow_ratio": 0.3024304509162903,
      "midtone_ratio": 0.6779061555862427,
      "warm_color_ratio": 0.11312531715155616,
      "cool_color_ratio": 0.23658713210419485,
      "complementary_color_score": 2.111111111111111
    },
    "motion_dynamics": {
      "s_curve_count": 367,
      "motion_blur_score": 8.2960577947421,
      "dominant_direction_deg": -85.0,
      "direction_strength": 0.07674539073051435
    },
    "pattern_rhythm": {
      "repetition_score": 1.0,
      "rhythm_score": 1.0,
      "pattern_breaks": 4
    },
    "visual_mass_focus": {
      "point_of_interest": {
        "x": 0.42219215155615697,
        "y": 0.2890625,
        "strength": 1.0
      },
      "visual_mass_concentration": 0.19986626776048713,
      "mean_visual_weight": 0.1322418451309204,
      "face_count": 0,
      "has_directional_cues": 0
    },
    "framing_breathing": {
      "frame_in_frame_count": 0,
      "breathing_space": {
        "top": 0.216796875,
        "bottom": 0.650390625,
        "left": 0.0,
        "right": 0.3071718538565629,
        "min_margin": 0.0,
        "mean_margin": 0.2935898384641407
      },
      "corner_anchors": {
        "top_left": 0.21444593369960785,
        "top_right": 0.2986508011817932,
        "bottom_left": 0.24175475537776947,
        "bottom_right": 0.4275636374950409,
        "max_corner_weight": 0.4275636374950409,
        "has_corner_subject": 1
      }
    }
  }
}