{
  "meta": {
    "_dataset": "tvm_data",
    "_label": "testImages_artphoto",
    "_relpath": "testImages_artphoto/awe_0829.jpg",
    "_filename": "awe_0829.jpg",
    "_width": 386,
    "_height": 518
  },
  "features": {
    "geometric_structural": {
      "leading_lines": {
        "diagonal": 4,
        "vertical": 0,
        "horizontal": 1,
        "curved": 162
      },
      "leading_lines_strength": 0.2430858806404658,
      "symmetry_vertical": 0.38412775928525605,
      "symmetry_horizontal": 0.2055622747223392,
      "symmetry_radial": 0.19642441088733453,
      "rule_of_thirds": {
        "alignment_score": 3,
        "num_salient_objects": 47
      },
      "golden_ratio": {
        "golden_alignment_score": 4
      },
      "balance": {
        "static_balance": 0.9306827783584595,
        "dynamic_balance": 1.0,
        "dominant_quadrant": 1
      },
      "layering": {
        "foreground_ratio": 0.28047955331149926,
        "midground_ratio": 0.2305597252547307,
        "background_ratio": 0.48896072143377,
        "depth_complexity": 0.08353486625809903
      }
    },
    "spatial_layout": {
      "negative_space_ratio": 0.5327141330058224,
      "subject_isolation": 0.1000017057860262,
      "depth_of_field": {
        "blur_gradient_strength": 82.67193023614556,
        "sharpness_variance": 17374.820161572705,
        "min_sharpness": 0.8953993055555557,
        "max_sharpness": 779.6460932941977
      },
      "perspective": {
        "has_vanishing_point": 1,
        "perspective_strength": 0.9838056680161943
      }
    },
    "contrast_color": {
      "high_contrast_ratio": 0.39249283569869,
      "low_contrast_ratio": 0.60750716430131,
      "mean_contrast": 28.186229705810547,
      "highlight_ratio": 0.07799991220235825,
      "shadow_ratio": 0.32585060596466064,
      "midtone_ratio": 0.5961495041847229,
      "warm_color_ratio": 0.42478052219796214,
      "cool_color_ratio": 0.3476278202328967,
      "complementary_color_score": 2.4444444444444446
    },
    "motion_dynamics": {
      "s_curve_count": 204,
      "motion_blur_score": 8.961049290292436,
      "dominant_direction_deg": 95.0,
      "direction_strength": 0.09846365538545515
    },
    "pattern_rhythm": {
      "repetition_score": 1.0,
      "rhythm_score": 1.0,
      "pattern_breaks": 13
    },
    "visual_mass_focus": {
      "point_of_interest": {
        "x": 0.517578125,
        "y": 0.29112081513828236,
        "strength": 1.0
      },
      "visual_mass_concentration": 0.19999772561863174,
      "mean_visual_weight": 0.23945842683315277,
      "face_count": 0,
      "has_directional_cues": 0
    },
    "framing_breathing": {
      "frame_in_frame_count": 0,
      "breathing_space": {
        "top": 0.37554585152838427,
        "bottom": 0.0,
        "left": 0.0,
        "right": 0.0,
        "min_margin": 0.0,
        "mean_margin": 0.09388646288209607
      },
      "corner_anchors": {
        "top_left": 0.570756733417511,
        "top_right": 0.5801299810409546,
        "bottom_left": 0.5403873324394226,
        "bottom_right": 0.6364844441413879,
        "max_corner_weight": 0.6364844441413879,
        "has_corner_subject": 1
      }
    }
  }
}