{
  "meta": {
    "_dataset": "tvm_data",
    "_label": "testImages_artphoto",
    "_relpath": "testImages_artphoto/awe_0054.jpg",
    "_filename": "awe_0054.jpg",
    "_width": 361,
    "_height": 553
  },
  "features": {
    "geometric_structural": {
      "leading_lines": {
        "diagonal": 0,
        "vertical": 0,
        "horizontal": 0,
        "curved": 126
      },
      "leading_lines_strength": 0.16071428571428573,
      "symmetry_vertical": 0.46725187112474215,
      "symmetry_horizontal": 0.41092405101678203,
      "symmetry_radial": 0.3318733398384232,
      "rule_of_thirds": {
        "alignment_score": 2,
        "num_salient_objects": 23
      },
      "golden_ratio": {
        "golden_alignment_score": 3
      },
      "balance": {
        "static_balance": 0.9060240387916565,
        "dynamic_balance": 1.0,
        "dominant_quadrant": 3
      },
      "layering": {
        "foreground_ratio": 0.221923828125,
        "midground_ratio": 0.2636743662308674,
        "background_ratio": 0.5144018056441326,
        "depth_complexity": 0.02245395186460302
      }
    },
    "spatial_layout": {
      "negative_space_ratio": 0.8291289660395408,
      "subject_isolation": 0.10000049824617346,
      "depth_of_field": {
        "blur_gradient_strength": 22.53000499193249,
        "sharpness_variance": 2051.500101555633,
        "min_sharpness": 0.1568627450980392,
        "max_sharpness": 237.88258175921163
      },
      "perspective": {
        "has_vanishing_point": 1,
        "perspective_strength": 0.6666666666666666
      }
    },
    "contrast_color": {
      "high_contrast_ratio": 0.3970399194834184,
      "low_contrast_ratio": 0.6029600805165816,
      "mean_contrast": 23.247100830078125,
      "highlight_ratio": 0.015286192297935486,
      "shadow_ratio": 0.6688606142997742,
      "midtone_ratio": 0.31585317850112915,
      "warm_color_ratio": 4.982461734693877e-06,
      "cool_color_ratio": 0.9716622488839286,
      "complementary_color_score": 0.9444444444444444
    },
    "motion_dynamics": {
      "s_curve_count": 118,
      "motion_blur_score": 7.564071652960575,
      "dominant_direction_deg": 4.999999999999995,
      "direction_strength": 0.16324288504423617
    },
    "pattern_rhythm": {
      "repetition_score": 1.0,
      "rhythm_score": 1.0,
      "pattern_breaks": 4
    },
    "visual_mass_focus": {
      "point_of_interest": {
        "x": 0.642578125,
        "y": 0.3392857142857143,
        "strength": 1.0
      },
      "visual_mass_concentration": 0.19997359295280612,
      "mean_visual_weight": 0.20625565946102142,
      "face_count": 1,
      "has_directional_cues": 1
    },
    "framing_breathing": {
      "frame_in_frame_count": 0,
      "breathing_space": {
        "top": 0.22704081632653061,
        "bottom": 0.6352040816326531,
        "left": 0.501953125,
        "right": 0.22265625,
        "min_margin": 0.22265625,
        "mean_margin": 0.3967135682397959
      },
      "corner_anchors": {
        "top_left": 0.20379605889320374,
        "top_right": 0.0871473103761673,
        "bottom_left": 0.18685069680213928,
        "bottom_right": 0.2751568853855133,
        "max_corner_weight": 0.2751568853855133,
        "has_corner_subject": 0
      }
    }
  }
}