{
  "meta": {
    "_dataset": "tvm_data",
    "_label": "testImages_artphoto",
    "_relpath": "testImages_artphoto/awe_0871.jpg",
    "_filename": "awe_0871.jpg",
    "_width": 363,
    "_height": 550
  },
  "features": {
    "geometric_structural": {
      "leading_lines": {
        "diagonal": 0,
        "vertical": 0,
        "horizontal": 1,
        "curved": 88
      },
      "leading_lines_strength": 0.11469072164948453,
      "symmetry_vertical": 0.5302628546537071,
      "symmetry_horizontal": 0.5043973409494441,
      "symmetry_radial": 0.38274086521087325,
      "rule_of_thirds": {
        "alignment_score": 0,
        "num_salient_objects": 11
      },
      "golden_ratio": {
        "golden_alignment_score": 1
      },
      "balance": {
        "static_balance": 0.8551621437072754,
        "dynamic_balance": 1.0,
        "dominant_quadrant": 0
      },
      "layering": {
        "foreground_ratio": 0.20045203769329897,
        "midground_ratio": 0.31152092058634023,
        "background_ratio": 0.4880270417203608,
        "depth_complexity": 0.01939819299144032
      }
    },
    "spatial_layout": {
      "negative_space_ratio": 0.551672237435567,
      "subject_isolation": 0.10000201353092783,
      "depth_of_field": {
        "blur_gradient_strength": 21.866231677432115,
        "sharpness_variance": 2474.603200386536,
        "min_sharpness": 0.5536278966434257,
        "max_sharpness": 379.1432813304438
      },
      "perspective": {
        "has_vanishing_point": 1,
        "perspective_strength": 0.42857142857142855
      }
    },
    "contrast_color": {
      "high_contrast_ratio": 0.40665270618556704,
      "low_contrast_ratio": 0.593347293814433,
      "mean_contrast": 19.374801635742188,
      "highlight_ratio": 0.036180634051561356,
      "shadow_ratio": 0.29647985100746155,
      "midtone_ratio": 0.667339563369751,
      "warm_color_ratio": 0.48071540753865977,
      "cool_color_ratio": 0.28558664223582475,
      "complementary_color_score": 2.5
    },
    "motion_dynamics": {
      "s_curve_count": 81,
      "motion_blur_score": 13.798717799703304,
      "dominant_direction_deg": 4.999999999999995,
      "direction_strength": 0.10042485502552043
    },
    "pattern_rhythm": {
      "repetition_score": 1.0,
      "rhythm_score": 1.0,
      "pattern_breaks": 6
    },
    "visual_mass_focus": {
      "point_of_interest": {
        "x": 0.18359375,
        "y": 0.47680412371134023,
        "strength": 1.0
      },
      "visual_mass_concentration": 0.20000151014819587,
      "mean_visual_weight": 0.17243729531764984,
      "face_count": 0,
      "has_directional_cues": 0
    },
    "framing_breathing": {
      "frame_in_frame_count": 0,
      "breathing_space": {
        "top": 0.06056701030927835,
        "bottom": 0.1713917525773196,
        "left": 0.0,
        "right": 0.451171875,
        "min_margin": 0.0,
        "mean_margin": 0.1707826594716495
      },
      "corner_anchors": {
        "top_left": 0.5262356996536255,
        "top_right": 0.5402444005012512,
        "bottom_left": 0.397610604763031,
        "bottom_right": 0.3388389050960541,
        "max_corner_weight": 0.5402444005012512,
        "has_corner_subject": 1
      }
    }
  }
}