{
  "meta": {
    "_dataset": "tvm_data",
    "_label": "testImages_artphoto",
    "_relpath": "testImages_artphoto/awe_0856.jpg",
    "_filename": "awe_0856.jpg",
    "_width": 548,
    "_height": 365
  },
  "features": {
    "geometric_structural": {
      "leading_lines": {
        "diagonal": 0,
        "vertical": 1,
        "horizontal": 0,
        "curved": 50
      },
      "leading_lines_strength": 0.06631989596879063,
      "symmetry_vertical": 0.37788471219402403,
      "symmetry_horizontal": 0.45592280962519094,
      "symmetry_radial": 0.4185447847302011,
      "rule_of_thirds": {
        "alignment_score": 2,
        "num_salient_objects": 14
      },
      "golden_ratio": {
        "golden_alignment_score": 3
      },
      "balance": {
        "static_balance": 0.8537305593490601,
        "dynamic_balance": 1.0,
        "dominant_quadrant": 0
      },
      "layering": {
        "foreground_ratio": 0.25322557704811444,
        "midground_ratio": 0.21209058029908973,
        "background_ratio": 0.5346838426527959,
        "depth_complexity": 0.0374531833919592
      }
    },
    "spatial_layout": {
      "negative_space_ratio": 0.9311377397594278,
      "subject_isolation": 0.10000050796488946,
      "depth_of_field": {
        "blur_gradient_strength": 39.14197274253193,
        "sharpness_variance": 7024.790184886044,
        "min_sharpness": 0.0,
        "max_sharpness": 605.8442239927534
      },
      "perspective": {
        "has_vanishing_point": 1,
        "perspective_strength": 0.7142857142857143
      }
    },
    "contrast_color": {
      "high_contrast_ratio": 0.3313404177503251,
      "low_contrast_ratio": 0.6686595822496749,
      "mean_contrast": 15.374123573303223,
      "highlight_ratio": 0.018962329253554344,
      "shadow_ratio": 0.8852837681770325,
      "midtone_ratio": 0.09575390815734863,
      "warm_color_ratio": 0.0,
      "cool_color_ratio": 0.0,
      "complementary_color_score": 0.0
    },
    "motion_dynamics": {
      "s_curve_count": 71,
      "motion_blur_score": 5.6660264026503935,
      "dominant_direction_deg": 4.999999999999995,
      "direction_strength": 0.34320393774295144
    },
    "pattern_rhythm": {
      "repetition_score": 1.0,
      "rhythm_score": 1.0,
      "pattern_breaks": 5
    },
    "visual_mass_focus": {
      "point_of_interest": {
        "x": 0.3641092327698309,
        "y": 0.408203125,
        "strength": 1.0
      },
      "visual_mass_concentration": 0.0,
      "mean_visual_weight": 0.0,
      "face_count": 0,
      "has_directional_cues": 0
    },
    "framing_breathing": {
      "frame_in_frame_count": 0,
      "breathing_space": {
        "top": 0.185546875,
        "bottom": 0.5546875,
        "left": 0.3081924577373212,
        "right": 0.5799739921976593,
        "min_margin": 0.185546875,
        "mean_margin": 0.4071002062337451
      },
      "corner_anchors": {
        "top_left": 0.09494152665138245,
        "top_right": 0.09835375100374222,
        "bottom_left": 0.08737881481647491,
        "bottom_right": 0.08725492656230927,
        "max_corner_weight": 0.09835375100374222,
        "has_corner_subject": 0
      }
    }
  }
}