{
  "meta": {
    "_dataset": "tvm_data",
    "_label": "testImages_artphoto",
    "_relpath": "testImages_artphoto/awe_0863.jpg",
    "_filename": "awe_0863.jpg",
    "_width": 365,
    "_height": 548
  },
  "features": {
    "geometric_structural": {
      "leading_lines": {
        "diagonal": 0,
        "vertical": 0,
        "horizontal": 0,
        "curved": 65
      },
      "leading_lines_strength": 0.08452535760728218,
      "symmetry_vertical": 0.4864041607658599,
      "symmetry_horizontal": 0.29162642896379226,
      "symmetry_radial": 0.25939415846532493,
      "rule_of_thirds": {
        "alignment_score": 0,
        "num_salient_objects": 18
      },
      "golden_ratio": {
        "golden_alignment_score": 0
      },
      "balance": {
        "static_balance": 0.945997953414917,
        "dynamic_balance": 1.0,
        "dominant_quadrant": 3
      },
      "layering": {
        "foreground_ratio": 0.23405752194408322,
        "midground_ratio": 0.15981845334850456,
        "background_ratio": 0.6061240247074122,
        "depth_complexity": 0.019287629979561977
      }
    },
    "spatial_layout": {
      "negative_space_ratio": 0.40842154990247076,
      "subject_isolation": 0.10000050796488946,
      "depth_of_field": {
        "blur_gradient_strength": 12.158364662391643,
        "sharpness_variance": 363.8190920776851,
        "min_sharpness": 1.272971933871588,
        "max_sharpness": 116.11158101584859
      },
      "perspective": {
        "has_vanishing_point": 0,
        "perspective_strength": 0.0
      }
    },
    "contrast_color": {
      "high_contrast_ratio": 0.4436438353381014,
      "low_contrast_ratio": 0.5563561646618986,
      "mean_contrast": 18.398210525512695,
      "highlight_ratio": 0.014499858021736145,
      "shadow_ratio": 0.2856616675853729,
      "midtone_ratio": 0.6998385190963745,
      "warm_color_ratio": 2.7938068920676203e-05,
      "cool_color_ratio": 0.7917420147919376,
      "complementary_color_score": 0.0
    },
    "motion_dynamics": {
      "s_curve_count": 101,
      "motion_blur_score": 16.049140741180175,
      "dominant_direction_deg": -85.0,
      "direction_strength": 0.07984954079953711
    },
    "pattern_rhythm": {
      "repetition_score": 1.0,
      "rhythm_score": 1.0,
      "pattern_breaks": 4
    },
    "visual_mass_focus": {
      "point_of_interest": {
        "x": 0.4453125,
        "y": 0.6697009102730819,
        "strength": 1.0
      },
      "visual_mass_concentration": 0.19975719278283485,
      "mean_visual_weight": 0.14463938772678375,
      "face_count": 0,
      "has_directional_cues": 0
    },
    "framing_breathing": {
      "frame_in_frame_count": 0,
      "breathing_space": {
        "top": 0.7711313394018205,
        "bottom": 0.0,
        "left": 0.0,
        "right": 0.6484375,
        "min_margin": 0.0,
        "mean_margin": 0.3548922098504551
      },
      "corner_anchors": {
        "top_left": 0.507600724697113,
        "top_right": 0.28639307618141174,
        "bottom_left": 0.6987120509147644,
        "bottom_right": 0.6409153342247009,
        "max_corner_weight": 0.6987120509147644,
        "has_corner_subject": 1
      }
    }
  }
}