{
  "meta": {
    "_dataset": "tvm_data",
    "_label": "testImages_artphoto",
    "_relpath": "testImages_artphoto/awe_0593.jpg",
    "_filename": "awe_0593.jpg",
    "_width": 599,
    "_height": 334
  },
  "features": {
    "geometric_structural": {
      "leading_lines": {
        "diagonal": 0,
        "vertical": 0,
        "horizontal": 5,
        "curved": 101
      },
      "leading_lines_strength": 0.11546840958605664,
      "symmetry_vertical": 0.6052919486324752,
      "symmetry_horizontal": 0.5100175908766598,
      "symmetry_radial": 0.35666110250276356,
      "rule_of_thirds": {
        "alignment_score": 2,
        "num_salient_objects": 50
      },
      "golden_ratio": {
        "golden_alignment_score": 2
      },
      "balance": {
        "static_balance": 0.6615688800811768,
        "dynamic_balance": 1.0,
        "dominant_quadrant": 0
      },
      "layering": {
        "foreground_ratio": 0.2468681917211329,
        "midground_ratio": 0.3965971371187364,
        "background_ratio": 0.3565346711601307,
        "depth_complexity": 0.03546213232486433
      }
    },
    "spatial_layout": {
      "negative_space_ratio": 0.16933891612200436,
      "subject_isolation": 0.10000085103485838,
      "depth_of_field": {
        "blur_gradient_strength": 45.78160792040592,
        "sharpness_variance": 6867.127894122744,
        "min_sharpness": 0.21568612669453574,
        "max_sharpness": 607.1446559015762
      },
      "perspective": {
        "has_vanishing_point": 1,
        "perspective_strength": 0.5
      }
    },
    "contrast_color": {
      "high_contrast_ratio": 0.3461371527777778,
      "low_contrast_ratio": 0.6538628472222222,
      "mean_contrast": 16.641109466552734,
      "highlight_ratio": 0.00020637596026062965,
      "shadow_ratio": 0.10069231688976288,
      "midtone_ratio": 0.8991013169288635,
      "warm_color_ratio": 0.04624948937908497,
      "cool_color_ratio": 0.49348745574618735,
      "complementary_color_score": 2.1666666666666665
    },
    "motion_dynamics": {
      "s_curve_count": 143,
      "motion_blur_score": 19.72952337586281,
      "dominant_direction_deg": 4.999999999999995,
      "direction_strength": 0.1477077376086182
    },
    "pattern_rhythm": {
      "repetition_score": 1.0,
      "rhythm_score": 1.0,
      "pattern_breaks": 8
    },
    "visual_mass_focus": {
      "point_of_interest": {
        "x": 0.2668845315904139,
        "y": 0.37890625,
        "strength": 1.0
      },
      "visual_mass_concentration": 0.19959107775054466,
      "mean_visual_weight": 0.13455913960933685,
      "face_count": 0,
      "has_directional_cues": 0
    },
    "framing_breathing": {
      "frame_in_frame_count": 0,
      "breathing_space": {
        "top": 0.25,
        "bottom": 0.54296875,
        "left": 0.0,
        "right": 0.15359477124183007,
        "min_margin": 0.0,
        "mean_margin": 0.23664088031045752
      },
      "corner_anchors": {
        "top_left": 0.34302592277526855,
        "top_right": 0.3259067237377167,
        "bottom_left": 0.3138412535190582,
        "bottom_right": 0.10392868518829346,
        "max_corner_weight": 0.34302592277526855,
        "has_corner_subject": 1
      }
    }
  }
}