{
  "meta": {
    "_dataset": "tvm_data",
    "_label": "testImages_artphoto",
    "_relpath": "testImages_artphoto/awe_0594.jpg",
    "_filename": "awe_0594.jpg",
    "_width": 554,
    "_height": 361
  },
  "features": {
    "geometric_structural": {
      "leading_lines": {
        "diagonal": 0,
        "vertical": 0,
        "horizontal": 0,
        "curved": 25
      },
      "leading_lines_strength": 0.031806615776081425,
      "symmetry_vertical": 0.5845056325462431,
      "symmetry_horizontal": 0.5894552069996779,
      "symmetry_radial": 0.43286852128491043,
      "rule_of_thirds": {
        "alignment_score": 1,
        "num_salient_objects": 3
      },
      "golden_ratio": {
        "golden_alignment_score": 0
      },
      "balance": {
        "static_balance": 0.7237905263900757,
        "dynamic_balance": 1.0,
        "dominant_quadrant": 2
      },
      "layering": {
        "foreground_ratio": 0.32755844465648853,
        "midground_ratio": 0.0,
        "background_ratio": 0.6724415553435115,
        "depth_complexity": 0.012029488211518662
      }
    },
    "spatial_layout": {
      "negative_space_ratio": 0.8449427480916031,
      "subject_isolation": 0.10000198791348601,
      "depth_of_field": {
        "blur_gradient_strength": 11.959834341833165,
        "sharpness_variance": 1149.1666967102917,
        "min_sharpness": 0.09523809523809523,
        "max_sharpness": 354.0097676329203
      },
      "perspective": {
        "has_vanishing_point": 1,
        "perspective_strength": 0.4222222222222222
      }
    },
    "contrast_color": {
      "high_contrast_ratio": 0.3231601860687023,
      "low_contrast_ratio": 0.6768398139312977,
      "mean_contrast": 7.208703994750977,
      "highlight_ratio": 0.0,
      "shadow_ratio": 0.8658655285835266,
      "midtone_ratio": 0.1341344714164734,
      "warm_color_ratio": 0.9756306655534351,
      "cool_color_ratio": 0.0016226343829516539,
      "complementary_color_score": 2.5
    },
    "motion_dynamics": {
      "s_curve_count": 28,
      "motion_blur_score": 8.793311222184908,
      "dominant_direction_deg": 4.999999999999995,
      "direction_strength": 0.3691803832688027
    },
    "pattern_rhythm": {
      "repetition_score": 1.0,
      "rhythm_score": 1.0,
      "pattern_breaks": 2
    },
    "visual_mass_focus": {
      "point_of_interest": {
        "x": 0.3053435114503817,
        "y": 0.740234375,
        "strength": 1.0
      },
      "visual_mass_concentration": 0.19989215569338423,
      "mean_visual_weight": 0.09700392931699753,
      "face_count": 0,
      "has_directional_cues": 0
    },
    "framing_breathing": {
      "frame_in_frame_count": 0,
      "breathing_space": {
        "top": 0.591796875,
        "bottom": 0.16015625,
        "left": 0.013994910941475827,
        "right": 0.5114503816793893,
        "min_margin": 0.013994910941475827,
        "mean_margin": 0.3193496044052163
      },
      "corner_anchors": {
        "top_left": 0.1670290231704712,
        "top_right": 0.22193081676959991,
        "bottom_left": 0.26290637254714966,
        "bottom_right": 0.19175633788108826,
        "max_corner_weight": 0.26290637254714966,
        "has_corner_subject": 0
      }
    }
  }
}