{
  "meta": {
    "_dataset": "tvm_data",
    "_label": "testImages_artphoto",
    "_relpath": "testImages_artphoto/awe_0589.jpg",
    "_filename": "awe_0589.jpg",
    "_width": 388,
    "_height": 515
  },
  "features": {
    "geometric_structural": {
      "leading_lines": {
        "diagonal": 0,
        "vertical": 0,
        "horizontal": 0,
        "curved": 41
      },
      "leading_lines_strength": 0.060294117647058824,
      "symmetry_vertical": 0.5197303619893178,
      "symmetry_horizontal": 0.5106952156119811,
      "symmetry_radial": 0.4347210124913928,
      "rule_of_thirds": {
        "alignment_score": 1,
        "num_salient_objects": 16
      },
      "golden_ratio": {
        "golden_alignment_score": 2
      },
      "balance": {
        "static_balance": 0.8921559453010559,
        "dynamic_balance": 1.0,
        "dominant_quadrant": 1
      },
      "layering": {
        "foreground_ratio": 0.2603860294117647,
        "midground_ratio": 0.30019818474264703,
        "background_ratio": 0.4394157858455882,
        "depth_complexity": 0.011437645878503067
      }
    },
    "spatial_layout": {
      "negative_space_ratio": 0.3758645450367647,
      "subject_isolation": 0.1,
      "depth_of_field": {
        "blur_gradient_strength": 11.259609694801771,
        "sharpness_variance": 237.57734600800313,
        "min_sharpness": 0.27450980392156865,
        "max_sharpness": 89.06144636353007
      },
      "perspective": {
        "has_vanishing_point": 0,
        "perspective_strength": 0.0
      }
    },
    "contrast_color": {
      "high_contrast_ratio": 0.474609375,
      "low_contrast_ratio": 0.525390625,
      "mean_contrast": 16.564355850219727,
      "highlight_ratio": 2.297794162586797e-05,
      "shadow_ratio": 0.1636144369840622,
      "midtone_ratio": 0.8363625407218933,
      "warm_color_ratio": 0.9897173713235294,
      "cool_color_ratio": 0.0035127527573529413,
      "complementary_color_score": 2.5555555555555554
    },
    "motion_dynamics": {
      "s_curve_count": 79,
      "motion_blur_score": 14.694503845721735,
      "dominant_direction_deg": 4.999999999999995,
      "direction_strength": 0.172934857536268
    },
    "pattern_rhythm": {
      "repetition_score": 1.0,
      "rhythm_score": 1.0,
      "pattern_breaks": 7
    },
    "visual_mass_focus": {
      "point_of_interest": {
        "x": 0.466796875,
        "y": 0.5102941176470588,
        "strength": 1.0
      },
      "visual_mass_concentration": 0.19987936580882354,
      "mean_visual_weight": 0.5063516497612,
      "face_count": 0,
      "has_directional_cues": 0
    },
    "framing_breathing": {
      "frame_in_frame_count": 0,
      "breathing_space": {
        "top": 0.6338235294117647,
        "bottom": 0.0,
        "left": 0.0,
        "right": 0.724609375,
        "min_margin": 0.0,
        "mean_margin": 0.33960822610294117
      },
      "corner_anchors": {
        "top_left": 0.16974535584449768,
        "top_right": 0.590282142162323,
        "bottom_left": 0.5056495666503906,
        "bottom_right": 0.34359821677207947,
        "max_corner_weight": 0.590282142162323,
        "has_corner_subject": 1
      }
    }
  }
}