{
  "meta": {
    "_dataset": "tvm_data",
    "_label": "testImages_artphoto",
    "_relpath": "testImages_artphoto/awe_0870.jpg",
    "_filename": "awe_0870.jpg",
    "_width": 447,
    "_height": 447
  },
  "features": {
    "geometric_structural": {
      "leading_lines": {
        "diagonal": 0,
        "vertical": 0,
        "horizontal": 13,
        "curved": 89
      },
      "leading_lines_strength": 0.19921875,
      "symmetry_vertical": 0.5065364374415025,
      "symmetry_horizontal": 0.40312873989825776,
      "symmetry_radial": 0.36237009941931136,
      "rule_of_thirds": {
        "alignment_score": 2,
        "num_salient_objects": 21
      },
      "golden_ratio": {
        "golden_alignment_score": 3
      },
      "balance": {
        "static_balance": 0.9121360182762146,
        "dynamic_balance": 1.0,
        "dominant_quadrant": 2
      },
      "layering": {
        "foreground_ratio": 0.2507286071777344,
        "midground_ratio": 0.40718841552734375,
        "background_ratio": 0.3420829772949219,
        "depth_complexity": 0.03951909196014458
      }
    },
    "spatial_layout": {
      "negative_space_ratio": 0.6061782836914062,
      "subject_isolation": 0.10000228881835938,
      "depth_of_field": {
        "blur_gradient_strength": 36.661860413176186,
        "sharpness_variance": 3445.613457225198,
        "min_sharpness": 1.0196078431372548,
        "max_sharpness": 270.94672604701617
      },
      "perspective": {
        "has_vanishing_point": 1,
        "perspective_strength": 0.9652173913043478
      }
    },
    "contrast_color": {
      "high_contrast_ratio": 0.4178924560546875,
      "low_contrast_ratio": 0.5821075439453125,
      "mean_contrast": 24.217384338378906,
      "highlight_ratio": 0.10277557373046875,
      "shadow_ratio": 0.14837646484375,
      "midtone_ratio": 0.7488479614257812,
      "warm_color_ratio": 0.13520050048828125,
      "cool_color_ratio": 0.5614356994628906,
      "complementary_color_score": 2.111111111111111
    },
    "motion_dynamics": {
      "s_curve_count": 112,
      "motion_blur_score": 12.994263809208794,
      "dominant_direction_deg": 95.0,
      "direction_strength": 0.13522338867135916
    },
    "pattern_rhythm": {
      "repetition_score": 1.0,
      "rhythm_score": 1.0,
      "pattern_breaks": 11
    },
    "visual_mass_focus": {
      "point_of_interest": {
        "x": 0.349609375,
        "y": 0.67578125,
        "strength": 1.0
      },
      "visual_mass_concentration": 0.19994735717773438,
      "mean_visual_weight": 0.16898030042648315,
      "face_count": 0,
      "has_directional_cues": 0
    },
    "framing_breathing": {
      "frame_in_frame_count": 0,
      "breathing_space": {
        "top": 0.8515625,
        "bottom": 0.0,
        "left": 0.0,
        "right": 0.0,
        "min_margin": 0.0,
        "mean_margin": 0.212890625
      },
      "corner_anchors": {
        "top_left": 0.23356591165065765,
        "top_right": 0.2746359407901764,
        "bottom_left": 0.5523633360862732,
        "bottom_right": 0.35827526450157166,
        "max_corner_weight": 0.5523633360862732,
        "has_corner_subject": 1
      }
    }
  }
}