{
  "meta": {
    "_dataset": "tvm_data",
    "_label": "testImages_artphoto",
    "_relpath": "testImages_artphoto/awe_0051.jpg",
    "_filename": "awe_0051.jpg",
    "_width": 516,
    "_height": 387
  },
  "features": {
    "geometric_structural": {
      "leading_lines": {
        "diagonal": 6,
        "vertical": 0,
        "horizontal": 13,
        "curved": 397
      },
      "leading_lines_strength": 0.6090775988286969,
      "symmetry_vertical": 0.35778483194832084,
      "symmetry_horizontal": 0.2742455281738416,
      "symmetry_radial": 0.2277304712642286,
      "rule_of_thirds": {
        "alignment_score": 0,
        "num_salient_objects": 51
      },
      "golden_ratio": {
        "golden_alignment_score": 0
      },
      "balance": {
        "static_balance": 0.8780412673950195,
        "dynamic_balance": 1.0,
        "dominant_quadrant": 1
      },
      "layering": {
        "foreground_ratio": 0.30626601390922403,
        "midground_ratio": 0.295671097181552,
        "background_ratio": 0.39806288890922403,
        "depth_complexity": 0.188480486744797
      }
    },
    "spatial_layout": {
      "negative_space_ratio": 0.16619006222547583,
      "subject_isolation": 0.10000114385065886,
      "depth_of_field": {
        "blur_gradient_strength": 165.09043829960305,
        "sharpness_variance": 47315.250802655115,
        "min_sharpness": 0.983405223289005,
        "max_sharpness": 1260.3467896962704
      },
      "perspective": {
        "has_vanishing_point": 1,
        "perspective_strength": 0.9941700960219478
      }
    },
    "contrast_color": {
      "high_contrast_ratio": 0.48010843704245976,
      "low_contrast_ratio": 0.5198915629575402,
      "mean_contrast": 25.956636428833008,
      "highlight_ratio": 0.20477786660194397,
      "shadow_ratio": 0.0445815809071064,
      "midtone_ratio": 0.7506405711174011,
      "warm_color_ratio": 0.22775496431185943,
      "cool_color_ratio": 0.28063803989751096,
      "complementary_color_score": 1.9444444444444444
    },
    "motion_dynamics": {
      "s_curve_count": 388,
      "motion_blur_score": 11.345333274176875,
      "dominant_direction_deg": -85.0,
      "direction_strength": 0.07257446467768412
    },
    "pattern_rhythm": {
      "repetition_score": 1.0,
      "rhythm_score": 1.0,
      "pattern_breaks": 10
    },
    "visual_mass_focus": {
      "point_of_interest": {
        "x": 0.6617862371888726,
        "y": 0.720703125,
        "strength": 1.0
      },
      "visual_mass_concentration": 0.1999822703147877,
      "mean_visual_weight": 0.15882404148578644,
      "face_count": 0,
      "has_directional_cues": 0
    },
    "framing_breathing": {
      "frame_in_frame_count": 0,
      "breathing_space": {
        "top": 0.466796875,
        "bottom": 0.236328125,
        "left": 0.8448023426061494,
        "right": 0.0424597364568082,
        "min_margin": 0.0424597364568082,
        "mean_margin": 0.3975967697657394
      },
      "corner_anchors": {
        "top_left": 0.35413187742233276,
        "top_right": 0.4169662594795227,
        "bottom_left": 0.18157370388507843,
        "bottom_right": 0.23768508434295654,
        "max_corner_weight": 0.4169662594795227,
        "has_corner_subject": 1
      }
    }
  }
}