{
  "meta": {
    "_dataset": "tvm_data",
    "_label": "testImages_artphoto",
    "_relpath": "testImages_artphoto/awe_0853.jpg",
    "_filename": "awe_0853.jpg",
    "_width": 577,
    "_height": 346
  },
  "features": {
    "geometric_structural": {
      "leading_lines": {
        "diagonal": 0,
        "vertical": 0,
        "horizontal": 4,
        "curved": 10
      },
      "leading_lines_strength": 0.01639344262295082,
      "symmetry_vertical": 0.5739358494572854,
      "symmetry_horizontal": 0.44958057678067226,
      "symmetry_radial": 0.3346038232225932,
      "rule_of_thirds": {
        "alignment_score": 0,
        "num_salient_objects": 37
      },
      "golden_ratio": {
        "golden_alignment_score": 1
      },
      "balance": {
        "static_balance": 0.928138256072998,
        "dynamic_balance": 1.0,
        "dominant_quadrant": 2
      },
      "layering": {
        "foreground_ratio": 0.27114360728922715,
        "midground_ratio": 0.34233890149297425,
        "background_ratio": 0.3865174912177986,
        "depth_complexity": 0.020030194751363594
      }
    },
    "spatial_layout": {
      "negative_space_ratio": 0.6433991693501171,
      "subject_isolation": 0.10000045740632318,
      "depth_of_field": {
        "blur_gradient_strength": 19.809413184051273,
        "sharpness_variance": 1572.1868504927581,
        "min_sharpness": 0.5882352941176471,
        "max_sharpness": 248.36419346594434
      },
      "perspective": {
        "has_vanishing_point": 1,
        "perspective_strength": 0.6666666666666666
      }
    },
    "contrast_color": {
      "high_contrast_ratio": 0.41779950966042156,
      "low_contrast_ratio": 0.5822004903395784,
      "mean_contrast": 18.68836212158203,
      "highlight_ratio": 0.05883388966321945,
      "shadow_ratio": 0.20911473035812378,
      "midtone_ratio": 0.7320513725280762,
      "warm_color_ratio": 0.6551545118559718,
      "cool_color_ratio": 0.20341316598360656,
      "complementary_color_score": 2.4444444444444446
    },
    "motion_dynamics": {
      "s_curve_count": 31,
      "motion_blur_score": 20.246201410040833,
      "dominant_direction_deg": 95.0,
      "direction_strength": 0.12373755854772638
    },
    "pattern_rhythm": {
      "repetition_score": 1.0,
      "rhythm_score": 1.0,
      "pattern_breaks": 7
    },
    "visual_mass_focus": {
      "point_of_interest": {
        "x": 0.2927400468384075,
        "y": 0.43359375,
        "strength": 1.0
      },
      "visual_mass_concentration": 0.1999757574648712,
      "mean_visual_weight": 0.339642196893692,
      "face_count": 0,
      "has_directional_cues": 0
    },
    "framing_breathing": {
      "frame_in_frame_count": 0,
      "breathing_space": {
        "top": 0.248046875,
        "bottom": 0.43359375,
        "left": 0.0,
        "right": 0.3255269320843091,
        "min_margin": 0.0,
        "mean_margin": 0.25179188927107726
      },
      "corner_anchors": {
        "top_left": 0.2811305820941925,
        "top_right": 0.4787374436855316,
        "bottom_left": 0.5361683368682861,
        "bottom_right": 0.5495042204856873,
        "max_corner_weight": 0.5495042204856873,
        "has_corner_subject": 1
      }
    }
  }
}