{
  "meta": {
    "_dataset": "tvm_data",
    "_label": "testImages_artphoto",
    "_relpath": "testImages_artphoto/awe_0579.jpg",
    "_filename": "awe_0579.jpg",
    "_width": 363,
    "_height": 550
  },
  "features": {
    "geometric_structural": {
      "leading_lines": {
        "diagonal": 1,
        "vertical": 0,
        "horizontal": 0,
        "curved": 195
      },
      "leading_lines_strength": 0.25257731958762886,
      "symmetry_vertical": 0.41046306368583857,
      "symmetry_horizontal": 0.3519020959795614,
      "symmetry_radial": 0.2558454732860298,
      "rule_of_thirds": {
        "alignment_score": 1,
        "num_salient_objects": 50
      },
      "golden_ratio": {
        "golden_alignment_score": 6
      },
      "balance": {
        "static_balance": 0.9642939567565918,
        "dynamic_balance": 1.0,
        "dominant_quadrant": 2
      },
      "layering": {
        "foreground_ratio": 0.27677492751288657,
        "midground_ratio": 0.34625936291881443,
        "background_ratio": 0.37696570956829895,
        "depth_complexity": 0.037551103276189816
      }
    },
    "spatial_layout": {
      "negative_space_ratio": 0.3825306056701031,
      "subject_isolation": 0.10000201353092783,
      "depth_of_field": {
        "blur_gradient_strength": 34.85486410634784,
        "sharpness_variance": 2740.4107380946634,
        "min_sharpness": 0.1838866280543623,
        "max_sharpness": 215.67115330350123
      },
      "perspective": {
        "has_vanishing_point": 1,
        "perspective_strength": 0.9901477832512315
      }
    },
    "contrast_color": {
      "high_contrast_ratio": 0.4348924774484536,
      "low_contrast_ratio": 0.5651075225515464,
      "mean_contrast": 25.98894500732422,
      "highlight_ratio": 0.42763620615005493,
      "shadow_ratio": 0.16141219437122345,
      "midtone_ratio": 0.4109516143798828,
      "warm_color_ratio": 0.39353706910438147,
      "cool_color_ratio": 0.2589551788015464,
      "complementary_color_score": 1.3333333333333333
    },
    "motion_dynamics": {
      "s_curve_count": 261,
      "motion_blur_score": 14.366437338328348,
      "dominant_direction_deg": 4.999999999999995,
      "direction_strength": 0.15556791639780432
    },
    "pattern_rhythm": {
      "repetition_score": 1.0,
      "rhythm_score": 1.0,
      "pattern_breaks": 22
    },
    "visual_mass_focus": {
      "point_of_interest": {
        "x": 0.328125,
        "y": 0.759020618556701,
        "strength": 1.0
      },
      "visual_mass_concentration": 0.19997885792525774,
      "mean_visual_weight": 0.20909136533737183,
      "face_count": 0,
      "has_directional_cues": 0
    },
    "framing_breathing": {
      "frame_in_frame_count": 0,
      "breathing_space": {
        "top": 0.7744845360824743,
        "bottom": 0.0,
        "left": 0.0,
        "right": 0.265625,
        "min_margin": 0.0,
        "mean_margin": 0.26002738402061853
      },
      "corner_anchors": {
        "top_left": 0.4340463876724243,
        "top_right": 0.3947083055973053,
        "bottom_left": 0.7297856211662292,
        "bottom_right": 0.3173394203186035,
        "max_corner_weight": 0.7297856211662292,
        "has_corner_subject": 1
      }
    }
  }
}