{
  "meta": {
    "_dataset": "tvm_data",
    "_label": "testImages_artphoto",
    "_relpath": "testImages_artphoto/awe_0033.jpg",
    "_filename": "awe_0033.jpg",
    "_width": 470,
    "_height": 426
  },
  "features": {
    "geometric_structural": {
      "leading_lines": {
        "diagonal": 4,
        "vertical": 0,
        "horizontal": 1,
        "curved": 2
      },
      "leading_lines_strength": 0.012389380530973451,
      "symmetry_vertical": 0.5745504523664566,
      "symmetry_horizontal": 0.627116504102458,
      "symmetry_radial": 0.48881361636489756,
      "rule_of_thirds": {
        "alignment_score": 0,
        "num_salient_objects": 12
      },
      "golden_ratio": {
        "golden_alignment_score": 1
      },
      "balance": {
        "static_balance": 0.7473533153533936,
        "dynamic_balance": 1.0,
        "dominant_quadrant": 2
      },
      "layering": {
        "foreground_ratio": 0.2673396017699115,
        "midground_ratio": 0.0,
        "background_ratio": 0.7326603982300885,
        "depth_complexity": 0.022027796527600542
      }
    },
    "spatial_layout": {
      "negative_space_ratio": 0.8089359789823009,
      "subject_isolation": 0.1,
      "depth_of_field": {
        "blur_gradient_strength": 29.019478911030983,
        "sharpness_variance": 2881.509909087902,
        "min_sharpness": 0.0,
        "max_sharpness": 315.64357067883134
      },
      "perspective": {
        "has_vanishing_point": 1,
        "perspective_strength": 0.9636363636363636
      }
    },
    "contrast_color": {
      "high_contrast_ratio": 0.36864283738938053,
      "low_contrast_ratio": 0.6313571626106195,
      "mean_contrast": 11.4471435546875,
      "highlight_ratio": 0.00042865044088102877,
      "shadow_ratio": 0.7857335209846497,
      "midtone_ratio": 0.21383780241012573,
      "warm_color_ratio": 0.1957204092920354,
      "cool_color_ratio": 0.7467574668141593,
      "complementary_color_score": 2.0
    },
    "motion_dynamics": {
      "s_curve_count": 13,
      "motion_blur_score": 9.411109032692611,
      "dominant_direction_deg": 4.999999999999995,
      "direction_strength": 0.5269980641574703
    },
    "pattern_rhythm": {
      "repetition_score": 1.0,
      "rhythm_score": 1.0,
      "pattern_breaks": 6
    },
    "visual_mass_focus": {
      "point_of_interest": {
        "x": 0.20176991150442478,
        "y": 0.671875,
        "strength": 1.0
      },
      "visual_mass_concentration": 0.1997476493362832,
      "mean_visual_weight": 0.14453807473182678,
      "face_count": 0,
      "has_directional_cues": 0
    },
    "framing_breathing": {
      "frame_in_frame_count": 0,
      "breathing_space": {
        "top": 0.529296875,
        "bottom": 0.30859375,
        "left": 0.0,
        "right": 0.479646017699115,
        "min_margin": 0.0,
        "mean_margin": 0.32938416067477877
      },
      "corner_anchors": {
        "top_left": 0.17279501259326935,
        "top_right": 0.17901188135147095,
        "bottom_left": 0.21366620063781738,
        "bottom_right": 0.17901189625263214,
        "max_corner_weight": 0.21366620063781738,
        "has_corner_subject": 0
      }
    }
  }
}