{
  "meta": {
    "_dataset": "tvm_data",
    "_label": "testImages_artphoto",
    "_relpath": "testImages_artphoto/awe_0576.jpg",
    "_filename": "awe_0576.jpg",
    "_width": 412,
    "_height": 485
  },
  "features": {
    "geometric_structural": {
      "leading_lines": {
        "diagonal": 0,
        "vertical": 3,
        "horizontal": 4,
        "curved": 42
      },
      "leading_lines_strength": 0.0812603648424544,
      "symmetry_vertical": 0.5758623918096127,
      "symmetry_horizontal": 0.6113824835822933,
      "symmetry_radial": 0.5188251564149732,
      "rule_of_thirds": {
        "alignment_score": 1,
        "num_salient_objects": 11
      },
      "golden_ratio": {
        "golden_alignment_score": 2
      },
      "balance": {
        "static_balance": 0.8861854076385498,
        "dynamic_balance": 1.0,
        "dominant_quadrant": 3
      },
      "layering": {
        "foreground_ratio": 0.1609660033167496,
        "midground_ratio": 0.33153568097014924,
        "background_ratio": 0.5074983157131011,
        "depth_complexity": 0.023540824120187036
      }
    },
    "spatial_layout": {
      "negative_space_ratio": 0.5780472636815921,
      "subject_isolation": 0.1000012956053068,
      "depth_of_field": {
        "blur_gradient_strength": 23.117149142114247,
        "sharpness_variance": 1586.7309659398024,
        "min_sharpness": 0.881968473663975,
        "max_sharpness": 182.42056252282828
      },
      "perspective": {
        "has_vanishing_point": 1,
        "perspective_strength": 0.7941176470588235
      }
    },
    "contrast_color": {
      "high_contrast_ratio": 0.3680425995024876,
      "low_contrast_ratio": 0.6319574004975124,
      "mean_contrast": 19.9111328125,
      "highlight_ratio": 0.007631115149706602,
      "shadow_ratio": 0.07961170375347137,
      "midtone_ratio": 0.912757158279419,
      "warm_color_ratio": 0.8192889718076285,
      "cool_color_ratio": 0.10762593283582089,
      "complementary_color_score": 2.5
    },
    "motion_dynamics": {
      "s_curve_count": 40,
      "motion_blur_score": 16.23458372032793,
      "dominant_direction_deg": 4.999999999999995,
      "direction_strength": 0.14687629560483106
    },
    "pattern_rhythm": {
      "repetition_score": 1.0,
      "rhythm_score": 1.0,
      "pattern_breaks": 7
    },
    "visual_mass_focus": {
      "point_of_interest": {
        "x": 0.623046875,
        "y": 0.6069651741293532,
        "strength": 1.0
      },
      "visual_mass_concentration": 0.19986655265339967,
      "mean_visual_weight": 0.2921185791492462,
      "face_count": 0,
      "has_directional_cues": 0
    },
    "framing_breathing": {
      "frame_in_frame_count": 0,
      "breathing_space": {
        "top": 0.7545605306799337,
        "bottom": 0.06799336650082918,
        "left": 0.16015625,
        "right": 0.615234375,
        "min_margin": 0.06799336650082918,
        "mean_margin": 0.3994861305451907
      },
      "corner_anchors": {
        "top_left": 0.21628008782863617,
        "top_right": 0.3060498535633087,
        "bottom_left": 0.4443056583404541,
        "bottom_right": 0.4420434534549713,
        "max_corner_weight": 0.4443056583404541,
        "has_corner_subject": 1
      }
    }
  }
}