{
  "meta": {
    "_dataset": "tvm_data",
    "_label": "testImages_artphoto",
    "_relpath": "testImages_artphoto/awe_0875.jpg",
    "_filename": "awe_0875.jpg",
    "_width": 387,
    "_height": 516
  },
  "features": {
    "geometric_structural": {
      "leading_lines": {
        "diagonal": 24,
        "vertical": 9,
        "horizontal": 5,
        "curved": 515
      },
      "leading_lines_strength": 0.8096632503660323,
      "symmetry_vertical": 0.23119307356091365,
      "symmetry_horizontal": 0.08318115975624348,
      "symmetry_radial": 0.14790200406660203,
      "rule_of_thirds": {
        "alignment_score": 2,
        "num_salient_objects": 55
      },
      "golden_ratio": {
        "golden_alignment_score": 3
      },
      "balance": {
        "static_balance": 0.9474338293075562,
        "dynamic_balance": 1.0,
        "dominant_quadrant": 1
      },
      "layering": {
        "foreground_ratio": 0.3207214266105417,
        "midground_ratio": 0.23365151445827234,
        "background_ratio": 0.4456270589311859,
        "depth_complexity": 0.19603581502398557
      }
    },
    "spatial_layout": {
      "negative_space_ratio": 0.7439776262811127,
      "subject_isolation": 0.10000114385065886,
      "depth_of_field": {
        "blur_gradient_strength": 105.61876319317636,
        "sharpness_variance": 53796.033489471425,
        "min_sharpness": 0.0,
        "max_sharpness": 920.5448865820839
      },
      "perspective": {
        "has_vanishing_point": 1,
        "perspective_strength": 0.9990732159406858
      }
    },
    "contrast_color": {
      "high_contrast_ratio": 0.536694729136164,
      "low_contrast_ratio": 0.463305270863836,
      "mean_contrast": 30.783754348754883,
      "highlight_ratio": 0.04649752750992775,
      "shadow_ratio": 0.6280454993247986,
      "midtone_ratio": 0.32545697689056396,
      "warm_color_ratio": 0.2467886392752562,
      "cool_color_ratio": 0.11357007229136164,
      "complementary_color_score": 2.388888888888889
    },
    "motion_dynamics": {
      "s_curve_count": 389,
      "motion_blur_score": 4.792009221741825,
      "dominant_direction_deg": 4.999999999999995,
      "direction_strength": 0.2041172904459756
    },
    "pattern_rhythm": {
      "repetition_score": 1.0,
      "rhythm_score": 1.0,
      "pattern_breaks": 10
    },
    "visual_mass_focus": {
      "point_of_interest": {
        "x": 0.544921875,
        "y": 0.2342606149341142,
        "strength": 1.0
      },
      "visual_mass_concentration": 0.19939890647877012,
      "mean_visual_weight": 0.04349420592188835,
      "face_count": 0,
      "has_directional_cues": 0
    },
    "framing_breathing": {
      "frame_in_frame_count": 0,
      "breathing_space": {
        "top": 0.05417276720351391,
        "bottom": 0.7598828696925329,
        "left": 0.591796875,
        "right": 0.220703125,
        "min_margin": 0.05417276720351391,
        "mean_margin": 0.4066389092240117
      },
      "corner_anchors": {
        "top_left": 0.24813733994960785,
        "top_right": 0.26275935769081116,
        "bottom_left": 0.26580092310905457,
        "bottom_right": 0.2716083228588104,
        "max_corner_weight": 0.2716083228588104,
        "has_corner_subject": 0
      }
    }
  }
}