{
  "meta": {
    "_dataset": "tvm_data",
    "_label": "testImages_artphoto",
    "_relpath": "testImages_artphoto/awe_0587.jpg",
    "_filename": "awe_0587.jpg",
    "_width": 532,
    "_height": 376
  },
  "features": {
    "geometric_structural": {
      "leading_lines": {
        "diagonal": 0,
        "vertical": 1,
        "horizontal": 0,
        "curved": 23
      },
      "leading_lines_strength": 0.03314917127071823,
      "symmetry_vertical": 0.2652168185792202,
      "symmetry_horizontal": 0.6771179240771718,
      "symmetry_radial": 0.37807645163963866,
      "rule_of_thirds": {
        "alignment_score": 0,
        "num_salient_objects": 8
      },
      "golden_ratio": {
        "golden_alignment_score": 3
      },
      "balance": {
        "static_balance": 0.8072336316108704,
        "dynamic_balance": 1.0,
        "dominant_quadrant": 1
      },
      "layering": {
        "foreground_ratio": 0.2519342411947514,
        "midground_ratio": 0.0,
        "background_ratio": 0.7480657588052486,
        "depth_complexity": 0.04404630006878101
      }
    },
    "spatial_layout": {
      "negative_space_ratio": 0.8628091548687845,
      "subject_isolation": 0.10000053953729282,
      "depth_of_field": {
        "blur_gradient_strength": 50.12234268761009,
        "sharpness_variance": 24596.781824577392,
        "min_sharpness": 0.0,
        "max_sharpness": 1035.6178369275358
      },
      "perspective": {
        "has_vanishing_point": 1,
        "perspective_strength": 0.9
      }
    },
    "contrast_color": {
      "high_contrast_ratio": 0.2596172522444751,
      "low_contrast_ratio": 0.7403827477555249,
      "mean_contrast": 12.944130897521973,
      "highlight_ratio": 0.021317118778824806,
      "shadow_ratio": 0.8260693550109863,
      "midtone_ratio": 0.15261352062225342,
      "warm_color_ratio": 0.0018128453038674032,
      "cool_color_ratio": 0.43092843577348067,
      "complementary_color_score": 2.0555555555555554
    },
    "motion_dynamics": {
      "s_curve_count": 27,
      "motion_blur_score": 8.281930978112245,
      "dominant_direction_deg": 4.999999999999995,
      "direction_strength": 0.5744480533478978
    },
    "pattern_rhythm": {
      "repetition_score": 1.0,
      "rhythm_score": 1.0,
      "pattern_breaks": 4
    },
    "visual_mass_focus": {
      "point_of_interest": {
        "x": 0.6850828729281768,
        "y": 0.431640625,
        "strength": 1.0
      },
      "visual_mass_concentration": 0.1997825664709945,
      "mean_visual_weight": 0.03503274917602539,
      "face_count": 0,
      "has_directional_cues": 0
    },
    "framing_breathing": {
      "frame_in_frame_count": 0,
      "breathing_space": {
        "top": 0.28125,
        "bottom": 0.3125,
        "left": 0.5662983425414365,
        "right": 0.3259668508287293,
        "min_margin": 0.28125,
        "mean_margin": 0.37150379834254144
      },
      "corner_anchors": {
        "top_left": 0.14294487237930298,
        "top_right": 0.18118460476398468,
        "bottom_left": 0.14337195456027985,
        "bottom_right": 0.11865788698196411,
        "max_corner_weight": 0.18118460476398468,
        "has_corner_subject": 0
      }
    }
  }
}