{
  "meta": {
    "_dataset": "tvm_data",
    "_label": "testImages_artphoto",
    "_relpath": "testImages_artphoto/awe_0842.jpg",
    "_filename": "awe_0842.jpg",
    "_width": 447,
    "_height": 447
  },
  "features": {
    "geometric_structural": {
      "leading_lines": {
        "diagonal": 0,
        "vertical": 0,
        "horizontal": 0,
        "curved": 145
      },
      "leading_lines_strength": 0.283203125,
      "symmetry_vertical": 0.2607717617149834,
      "symmetry_horizontal": 0.29884460994197437,
      "symmetry_radial": 0.24512126410699475,
      "rule_of_thirds": {
        "alignment_score": 2,
        "num_salient_objects": 50
      },
      "golden_ratio": {
        "golden_alignment_score": 4
      },
      "balance": {
        "static_balance": 0.9530029296875,
        "dynamic_balance": 1.0,
        "dominant_quadrant": 2
      },
      "layering": {
        "foreground_ratio": 0.31475830078125,
        "midground_ratio": 0.2938346862792969,
        "background_ratio": 0.3914070129394531,
        "depth_complexity": 0.10906018204450084
      }
    },
    "spatial_layout": {
      "negative_space_ratio": 0.78411865234375,
      "subject_isolation": 0.10000228881835938,
      "depth_of_field": {
        "blur_gradient_strength": 79.18786660048153,
        "sharpness_variance": 18766.450361877793,
        "min_sharpness": 0.0,
        "max_sharpness": 673.2557013457545
      },
      "perspective": {
        "has_vanishing_point": 1,
        "perspective_strength": 0.9636363636363636
      }
    },
    "contrast_color": {
      "high_contrast_ratio": 0.5274238586425781,
      "low_contrast_ratio": 0.4725761413574219,
      "mean_contrast": 36.494441986083984,
      "highlight_ratio": 0.054103851318359375,
      "shadow_ratio": 0.59356689453125,
      "midtone_ratio": 0.3523292541503906,
      "warm_color_ratio": 0.16314697265625,
      "cool_color_ratio": 0.7863540649414062,
      "complementary_color_score": 2.0
    },
    "motion_dynamics": {
      "s_curve_count": 150,
      "motion_blur_score": 5.213241050492684,
      "dominant_direction_deg": 4.999999999999995,
      "direction_strength": 0.16675186157162952
    },
    "pattern_rhythm": {
      "repetition_score": 1.0,
      "rhythm_score": 1.0,
      "pattern_breaks": 13
    },
    "visual_mass_focus": {
      "point_of_interest": {
        "x": 0.37109375,
        "y": 0.640625,
        "strength": 1.0
      },
      "visual_mass_concentration": 0.19999313354492188,
      "mean_visual_weight": 0.29524725675582886,
      "face_count": 0,
      "has_directional_cues": 0
    },
    "framing_breathing": {
      "frame_in_frame_count": 0,
      "breathing_space": {
        "top": 0.779296875,
        "bottom": 0.119140625,
        "left": 0.392578125,
        "right": 0.380859375,
        "min_margin": 0.119140625,
        "mean_margin": 0.41796875
      },
      "corner_anchors": {
        "top_left": 0.30735835433006287,
        "top_right": 0.35033532977104187,
        "bottom_left": 0.32390880584716797,
        "bottom_right": 0.28881922364234924,
        "max_corner_weight": 0.35033532977104187,
        "has_corner_subject": 1
      }
    }
  }
}