{
  "meta": {
    "_dataset": "tvm_data",
    "_label": "testImages_artphoto",
    "_relpath": "testImages_artphoto/awe_0585.jpg",
    "_filename": "awe_0585.jpg",
    "_width": 348,
    "_height": 574
  },
  "features": {
    "geometric_structural": {
      "leading_lines": {
        "diagonal": 0,
        "vertical": 21,
        "horizontal": 15,
        "curved": 152
      },
      "leading_lines_strength": 0.22248520710059172,
      "symmetry_vertical": 0.33242884956714436,
      "symmetry_horizontal": 0.2331580414282497,
      "symmetry_radial": 0.158223892001186,
      "rule_of_thirds": {
        "alignment_score": 0,
        "num_salient_objects": 48
      },
      "golden_ratio": {
        "golden_alignment_score": 0
      },
      "balance": {
        "static_balance": 0.9205183386802673,
        "dynamic_balance": 1.0,
        "dominant_quadrant": 1
      },
      "layering": {
        "foreground_ratio": 0.3393976516272189,
        "midground_ratio": 0.2170002773668639,
        "background_ratio": 0.44360207100591714,
        "depth_complexity": 0.07228109378512712
      }
    },
    "spatial_layout": {
      "negative_space_ratio": 0.3955020340236686,
      "subject_isolation": 0.09999537721893491,
      "depth_of_field": {
        "blur_gradient_strength": 38.2830418394223,
        "sharpness_variance": 4953.983907346875,
        "min_sharpness": 0.0,
        "max_sharpness": 450.0719915417147
      },
      "perspective": {
        "has_vanishing_point": 1,
        "perspective_strength": 0.9216691068814056
      }
    },
    "contrast_color": {
      "high_contrast_ratio": 0.560287999260355,
      "low_contrast_ratio": 0.439712000739645,
      "mean_contrast": 21.531108856201172,
      "highlight_ratio": 0.0024593195412307978,
      "shadow_ratio": 0.31734466552734375,
      "midtone_ratio": 0.6801959872245789,
      "warm_color_ratio": 0.038195728550295856,
      "cool_color_ratio": 0.13413230399408285,
      "complementary_color_score": 2.5555555555555554
    },
    "motion_dynamics": {
      "s_curve_count": 269,
      "motion_blur_score": 10.622840067019725,
      "dominant_direction_deg": 4.999999999999995,
      "direction_strength": 0.14392335428960817
    },
    "pattern_rhythm": {
      "repetition_score": 1.0,
      "rhythm_score": 1.0,
      "pattern_breaks": 7
    },
    "visual_mass_focus": {
      "point_of_interest": {
        "x": 0.427734375,
        "y": 0.20710059171597633,
        "strength": 1.0
      },
      "visual_mass_concentration": 0.19886510724852072,
      "mean_visual_weight": 0.02954537607729435,
      "face_count": 0,
      "has_directional_cues": 0
    },
    "framing_breathing": {
      "frame_in_frame_count": 0,
      "breathing_space": {
        "top": 0.5455621301775148,
        "bottom": 0.0,
        "left": 0.34375,
        "right": 0.279296875,
        "min_margin": 0.0,
        "mean_margin": 0.2921522512943787
      },
      "corner_anchors": {
        "top_left": 0.45718997716903687,
        "top_right": 0.44562917947769165,
        "bottom_left": 0.15729166567325592,
        "bottom_right": 0.10750122368335724,
        "max_corner_weight": 0.45718997716903687,
        "has_corner_subject": 1
      }
    }
  }
}