{
  "meta": {
    "_dataset": "tvm_data",
    "_label": "testImages_artphoto",
    "_relpath": "testImages_artphoto/awe_0043.jpg",
    "_filename": "awe_0043.jpg",
    "_width": 546,
    "_height": 366
  },
  "features": {
    "geometric_structural": {
      "leading_lines": {
        "diagonal": 0,
        "vertical": 0,
        "horizontal": 0,
        "curved": 320
      },
      "leading_lines_strength": 0.418848167539267,
      "symmetry_vertical": 0.48469210178286387,
      "symmetry_horizontal": 0.31705971778274783,
      "symmetry_radial": 0.3741568609345225,
      "rule_of_thirds": {
        "alignment_score": 0,
        "num_salient_objects": 50
      },
      "golden_ratio": {
        "golden_alignment_score": 1
      },
      "balance": {
        "static_balance": 0.9127072095870972,
        "dynamic_balance": 1.0,
        "dominant_quadrant": 0
      },
      "layering": {
        "foreground_ratio": 0.31478801946989526,
        "midground_ratio": 0.1287272987565445,
        "background_ratio": 0.5564846817735603,
        "depth_complexity": 0.19525792161282043
      }
    },
    "spatial_layout": {
      "negative_space_ratio": 0.7570225580824608,
      "subject_isolation": 0.10000051128926701,
      "depth_of_field": {
        "blur_gradient_strength": 165.01905663652238,
        "sharpness_variance": 97260.02630716312,
        "min_sharpness": 0.0,
        "max_sharpness": 1144.265407930969
      },
      "perspective": {
        "has_vanishing_point": 1,
        "perspective_strength": 0.9904761904761905
      }
    },
    "contrast_color": {
      "high_contrast_ratio": 0.37210098985602097,
      "low_contrast_ratio": 0.627899010143979,
      "mean_contrast": 32.137474060058594,
      "highlight_ratio": 0.2058425098657608,
      "shadow_ratio": 0.7135476469993591,
      "midtone_ratio": 0.08060985803604126,
      "warm_color_ratio": 0.3576596245091623,
      "cool_color_ratio": 0.05089373363874346,
      "complementary_color_score": 2.5
    },
    "motion_dynamics": {
      "s_curve_count": 182,
      "motion_blur_score": 6.043446841535663,
      "dominant_direction_deg": 4.999999999999995,
      "direction_strength": 0.4712655431925125
    },
    "pattern_rhythm": {
      "repetition_score": 1.0,
      "rhythm_score": 1.0,
      "pattern_breaks": 9
    },
    "visual_mass_focus": {
      "point_of_interest": {
        "x": 0.47643979057591623,
        "y": 0.388671875,
        "strength": 1.0
      },
      "visual_mass_concentration": 0.1999447807591623,
      "mean_visual_weight": 0.07202751189470291,
      "face_count": 0,
      "has_directional_cues": 0
    },
    "framing_breathing": {
      "frame_in_frame_count": 0,
      "breathing_space": {
        "top": 0.03515625,
        "bottom": 0.259765625,
        "left": 0.1505235602094241,
        "right": 0.20157068062827224,
        "min_margin": 0.03515625,
        "mean_margin": 0.1617540289594241
      },
      "corner_anchors": {
        "top_left": 0.3354937434196472,
        "top_right": 0.30951055884361267,
        "bottom_left": 0.34274953603744507,
        "bottom_right": 0.34185296297073364,
        "max_corner_weight": 0.34274953603744507,
        "has_corner_subject": 1
      }
    }
  }
}