{
  "meta": {
    "_dataset": "tvm_data",
    "_label": "testImages_artphoto",
    "_relpath": "testImages_artphoto/awe_0848.jpg",
    "_filename": "awe_0848.jpg",
    "_width": 546,
    "_height": 366
  },
  "features": {
    "geometric_structural": {
      "leading_lines": {
        "diagonal": 0,
        "vertical": 0,
        "horizontal": 5,
        "curved": 87
      },
      "leading_lines_strength": 0.12041884816753927,
      "symmetry_vertical": 0.5801996343511193,
      "symmetry_horizontal": 0.3171066004156318,
      "symmetry_radial": 0.26113175713258424,
      "rule_of_thirds": {
        "alignment_score": 1,
        "num_salient_objects": 2
      },
      "golden_ratio": {
        "golden_alignment_score": 1
      },
      "balance": {
        "static_balance": 0.8903910517692566,
        "dynamic_balance": 1.0,
        "dominant_quadrant": 1
      },
      "layering": {
        "foreground_ratio": 0.26858280840968585,
        "midground_ratio": 0.2845938318062827,
        "background_ratio": 0.4468233597840314,
        "depth_complexity": 0.026488899819013933
      }
    },
    "spatial_layout": {
      "negative_space_ratio": 0.7798362851767016,
      "subject_isolation": 0.10000051128926701,
      "depth_of_field": {
        "blur_gradient_strength": 25.42725471721684,
        "sharpness_variance": 1974.8990282727236,
        "min_sharpness": 0.0,
        "max_sharpness": 388.35459729873503
      },
      "perspective": {
        "has_vanishing_point": 1,
        "perspective_strength": 0.8395061728395061
      }
    },
    "contrast_color": {
      "high_contrast_ratio": 0.37210098985602097,
      "low_contrast_ratio": 0.627899010143979,
      "mean_contrast": 19.597354888916016,
      "highlight_ratio": 0.031150298193097115,
      "shadow_ratio": 0.5834935307502747,
      "midtone_ratio": 0.38535618782043457,
      "warm_color_ratio": 0.5347881217277487,
      "cool_color_ratio": 0.23532599803664922,
      "complementary_color_score": 2.3333333333333335
    },
    "motion_dynamics": {
      "s_curve_count": 99,
      "motion_blur_score": 12.326908018504916,
      "dominant_direction_deg": 4.999999999999995,
      "direction_strength": 0.15755634407682234
    },
    "pattern_rhythm": {
      "repetition_score": 1.0,
      "rhythm_score": 1.0,
      "pattern_breaks": 1
    },
    "visual_mass_focus": {
      "point_of_interest": {
        "x": 0.6897905759162304,
        "y": 0.412109375,
        "strength": 1.0
      },
      "visual_mass_concentration": 0.19992944208115182,
      "mean_visual_weight": 0.19737012684345245,
      "face_count": 0,
      "has_directional_cues": 0
    },
    "framing_breathing": {
      "frame_in_frame_count": 0,
      "breathing_space": {
        "top": 0.298828125,
        "bottom": 0.52734375,
        "left": 0.4201570680628272,
        "right": 0.07068062827225131,
        "min_margin": 0.07068062827225131,
        "mean_margin": 0.32925239283376967
      },
      "corner_anchors": {
        "top_left": 0.23006796836853027,
        "top_right": 0.09363655745983124,
        "bottom_left": 0.22380764782428741,
        "bottom_right": 0.25340718030929565,
        "max_corner_weight": 0.25340718030929565,
        "has_corner_subject": 0
      }
    }
  }
}