{
  "meta": {
    "_dataset": "tvm_data",
    "_label": "testImages_artphoto",
    "_relpath": "testImages_artphoto/awe_0600.jpg",
    "_filename": "awe_0600.jpg",
    "_width": 485,
    "_height": 412
  },
  "features": {
    "geometric_structural": {
      "leading_lines": {
        "diagonal": 78,
        "vertical": 3,
        "horizontal": 90,
        "curved": 526
      },
      "leading_lines_strength": 1.1558872305140961,
      "symmetry_vertical": 0.25567824764943275,
      "symmetry_horizontal": 0.130773618677823,
      "symmetry_radial": 0.1362423448945046,
      "rule_of_thirds": {
        "alignment_score": 0,
        "num_salient_objects": 66
      },
      "golden_ratio": {
        "golden_alignment_score": 4
      },
      "balance": {
        "static_balance": 0.8054804801940918,
        "dynamic_balance": 1.0,
        "dominant_quadrant": 1
      },
      "layering": {
        "foreground_ratio": 0.33664036587893864,
        "midground_ratio": 0.31839500414593697,
        "background_ratio": 0.3449646299751244,
        "depth_complexity": 0.3410603330992746
      }
    },
    "spatial_layout": {
      "negative_space_ratio": 0.7044465174129353,
      "subject_isolation": 0.09999805659203981,
      "depth_of_field": {
        "blur_gradient_strength": 238.85802195547822,
        "sharpness_variance": 86085.94292642351,
        "min_sharpness": 0.4451418368796434,
        "max_sharpness": 1329.5641273938768
      },
      "perspective": {
        "has_vanishing_point": 1,
        "perspective_strength": 0.999498210283344
      }
    },
    "contrast_color": {
      "high_contrast_ratio": 0.37646727300995025,
      "low_contrast_ratio": 0.6235327269900497,
      "mean_contrast": 34.126399993896484,
      "highlight_ratio": 0.27100175619125366,
      "shadow_ratio": 0.2322048544883728,
      "midtone_ratio": 0.49679338932037354,
      "warm_color_ratio": 0.03928923092868988,
      "cool_color_ratio": 0.013471056177446103,
      "complementary_color_score": 2.0555555555555554
    },
    "motion_dynamics": {
      "s_curve_count": 370,
      "motion_blur_score": 6.933533962476272,
      "dominant_direction_deg": 4.999999999999995,
      "direction_strength": 0.17153814261967656
    },
    "pattern_rhythm": {
      "repetition_score": 1.0,
      "rhythm_score": 1.0,
      "pattern_breaks": 14
    },
    "visual_mass_focus": {
      "point_of_interest": {
        "x": 0.5207296849087893,
        "y": 0.265625,
        "strength": 1.0
      },
      "visual_mass_concentration": 0.19934831053067995,
      "mean_visual_weight": 0.10701923817396164,
      "face_count": 0,
      "has_directional_cues": 0
    },
    "framing_breathing": {
      "frame_in_frame_count": 0,
      "breathing_space": {
        "top": 0.0,
        "bottom": 0.498046875,
        "left": 0.0945273631840796,
        "right": 0.0,
        "min_margin": 0.0,
        "mean_margin": 0.1481435595460199
      },
      "corner_anchors": {
        "top_left": 0.4903387725353241,
        "top_right": 0.7789093852043152,
        "bottom_left": 0.2007875144481659,
        "bottom_right": 0.2961685061454773,
        "max_corner_weight": 0.7789093852043152,
        "has_corner_subject": 1
      }
    }
  }
}