{
  "meta": {
    "_dataset": "tvm_data",
    "_label": "testImages_artphoto",
    "_relpath": "testImages_artphoto/awe_0061.jpg",
    "_filename": "awe_0061.jpg",
    "_width": 447,
    "_height": 447
  },
  "features": {
    "geometric_structural": {
      "leading_lines": {
        "diagonal": 0,
        "vertical": 0,
        "horizontal": 3,
        "curved": 28
      },
      "leading_lines_strength": 0.060546875,
      "symmetry_vertical": 0.5299062008169552,
      "symmetry_horizontal": 0.4830273684790646,
      "symmetry_radial": 0.4568709351269307,
      "rule_of_thirds": {
        "alignment_score": 0,
        "num_salient_objects": 16
      },
      "golden_ratio": {
        "golden_alignment_score": 0
      },
      "balance": {
        "static_balance": 0.9475647211074829,
        "dynamic_balance": 1.0,
        "dominant_quadrant": 0
      },
      "layering": {
        "foreground_ratio": 0.3237571716308594,
        "midground_ratio": 0.30828094482421875,
        "background_ratio": 0.3679618835449219,
        "depth_complexity": 0.025302261254691986
      }
    },
    "spatial_layout": {
      "negative_space_ratio": 0.4319801330566406,
      "subject_isolation": 0.10000228881835938,
      "depth_of_field": {
        "blur_gradient_strength": 47.07198428240736,
        "sharpness_variance": 15387.482425421114,
        "min_sharpness": 0.8724529027297195,
        "max_sharpness": 1300.0
      },
      "perspective": {
        "has_vanishing_point": 1,
        "perspective_strength": 0.875
      }
    },
    "contrast_color": {
      "high_contrast_ratio": 0.4476585388183594,
      "low_contrast_ratio": 0.5523414611816406,
      "mean_contrast": 17.41560173034668,
      "highlight_ratio": 0.25885009765625,
      "shadow_ratio": 0.04978179931640625,
      "midtone_ratio": 0.6913681030273438,
      "warm_color_ratio": 0.3846321105957031,
      "cool_color_ratio": 0.27768707275390625,
      "complementary_color_score": 2.9444444444444446
    },
    "motion_dynamics": {
      "s_curve_count": 56,
      "motion_blur_score": 21.92642491981256,
      "dominant_direction_deg": 95.0,
      "direction_strength": 0.11536788940385678
    },
    "pattern_rhythm": {
      "repetition_score": 1.0,
      "rhythm_score": 1.0,
      "pattern_breaks": 4
    },
    "visual_mass_focus": {
      "point_of_interest": {
        "x": 0.1953125,
        "y": 0.689453125,
        "strength": 1.0
      },
      "visual_mass_concentration": 0.19996261596679688,
      "mean_visual_weight": 0.2407902479171753,
      "face_count": 0,
      "has_directional_cues": 0
    },
    "framing_breathing": {
      "frame_in_frame_count": 0,
      "breathing_space": {
        "top": 0.0,
        "bottom": 0.744140625,
        "left": 0.0,
        "right": 0.337890625,
        "min_margin": 0.0,
        "mean_margin": 0.2705078125
      },
      "corner_anchors": {
        "top_left": 0.7472569346427917,
        "top_right": 0.19641010463237762,
        "bottom_left": 0.5231035947799683,
        "bottom_right": 0.4433892071247101,
        "max_corner_weight": 0.7472569346427917,
        "has_corner_subject": 1
      }
    }
  }
}