{
  "meta": {
    "_dataset": "tvm_data",
    "_label": "testImages_artphoto",
    "_relpath": "testImages_artphoto/awe_0037.jpg",
    "_filename": "awe_0037.jpg",
    "_width": 373,
    "_height": 536
  },
  "features": {
    "geometric_structural": {
      "leading_lines": {
        "diagonal": 1,
        "vertical": 0,
        "horizontal": 0,
        "curved": 2
      },
      "leading_lines_strength": 0.004076086956521739,
      "symmetry_vertical": 0.49578786682967646,
      "symmetry_horizontal": 0.5750896424334417,
      "symmetry_radial": 0.5360561500447227,
      "rule_of_thirds": {
        "alignment_score": 0,
        "num_salient_objects": 4
      },
      "golden_ratio": {
        "golden_alignment_score": 1
      },
      "balance": {
        "static_balance": 0.837884247303009,
        "dynamic_balance": 1.0,
        "dominant_quadrant": 2
      },
      "layering": {
        "foreground_ratio": 0.25099513841711957,
        "midground_ratio": 0.0,
        "background_ratio": 0.7490048615828805,
        "depth_complexity": 0.004772230055746542
      }
    },
    "spatial_layout": {
      "negative_space_ratio": 0.8707991890285326,
      "subject_isolation": 0.10000212296195653,
      "depth_of_field": {
        "blur_gradient_strength": 5.871370225717131,
        "sharpness_variance": 215.06924627645313,
        "min_sharpness": 0.0,
        "max_sharpness": 116.35650914141357
      },
      "perspective": {
        "has_vanishing_point": 0,
        "perspective_strength": 0.0
      }
    },
    "contrast_color": {
      "high_contrast_ratio": 0.3175048828125,
      "low_contrast_ratio": 0.6824951171875,
      "mean_contrast": 11.15173053741455,
      "highlight_ratio": 0.0079345703125,
      "shadow_ratio": 0.8430467844009399,
      "midtone_ratio": 0.14901864528656006,
      "warm_color_ratio": 0.4585677437160326,
      "cool_color_ratio": 0.007711659307065217,
      "complementary_color_score": 2.6666666666666665
    },
    "motion_dynamics": {
      "s_curve_count": 5,
      "motion_blur_score": 14.888674509514862,
      "dominant_direction_deg": 4.999999999999995,
      "direction_strength": 0.5770369819957513
    },
    "pattern_rhythm": {
      "repetition_score": 1.0,
      "rhythm_score": 1.0,
      "pattern_breaks": 2
    },
    "visual_mass_focus": {
      "point_of_interest": {
        "x": 0.31640625,
        "y": 0.53125,
        "strength": 1.0
      },
      "visual_mass_concentration": 0.19996444038722827,
      "mean_visual_weight": 0.050831690430641174,
      "face_count": 0,
      "has_directional_cues": 0
    },
    "framing_breathing": {
      "frame_in_frame_count": 0,
      "breathing_space": {
        "top": 0.34375,
        "bottom": 0.20244565217391305,
        "left": 0.16796875,
        "right": 0.490234375,
        "min_margin": 0.16796875,
        "mean_margin": 0.30109969429347827
      },
      "corner_anchors": {
        "top_left": 0.12351776659488678,
        "top_right": 0.12388872355222702,
        "bottom_left": 0.10925538092851639,
        "bottom_right": 0.12377836555242538,
        "max_corner_weight": 0.12388872355222702,
        "has_corner_subject": 0
      }
    }
  }
}