{
  "meta": {
    "_dataset": "tvm_data",
    "_label": "testImages_artphoto",
    "_relpath": "testImages_artphoto/awe_0862.jpg",
    "_filename": "awe_0862.jpg",
    "_width": 392,
    "_height": 510
  },
  "features": {
    "geometric_structural": {
      "leading_lines": {
        "diagonal": 0,
        "vertical": 0,
        "horizontal": 0,
        "curved": 120
      },
      "leading_lines_strength": 0.18018018018018017,
      "symmetry_vertical": 0.35889749081274963,
      "symmetry_horizontal": 0.24801591000743017,
      "symmetry_radial": 0.23460817016085453,
      "rule_of_thirds": {
        "alignment_score": 0,
        "num_salient_objects": 30
      },
      "golden_ratio": {
        "golden_alignment_score": 2
      },
      "balance": {
        "static_balance": 0.9576570391654968,
        "dynamic_balance": 1.0,
        "dominant_quadrant": 2
      },
      "layering": {
        "foreground_ratio": 0.26640214433183185,
        "midground_ratio": 0.22723993524774774,
        "background_ratio": 0.5063579204204204,
        "depth_complexity": 0.016352430553353888
      }
    },
    "spatial_layout": {
      "negative_space_ratio": 0.6688133445945946,
      "subject_isolation": 0.1000023460960961,
      "depth_of_field": {
        "blur_gradient_strength": 20.499779876441195,
        "sharpness_variance": 1103.7054099905934,
        "min_sharpness": 0.0,
        "max_sharpness": 202.4732607353425
      },
      "perspective": {
        "has_vanishing_point": 0,
        "perspective_strength": 0.0
      }
    },
    "contrast_color": {
      "high_contrast_ratio": 0.4207224802927928,
      "low_contrast_ratio": 0.5792775197072072,
      "mean_contrast": 23.868501663208008,
      "highlight_ratio": 0.1357421875,
      "shadow_ratio": 0.5298540592193604,
      "midtone_ratio": 0.33440375328063965,
      "warm_color_ratio": 0.1896701388888889,
      "cool_color_ratio": 0.33504011824324326,
      "complementary_color_score": 2.2777777777777777
    },
    "motion_dynamics": {
      "s_curve_count": 110,
      "motion_blur_score": 11.307806725941164,
      "dominant_direction_deg": 4.999999999999995,
      "direction_strength": 0.33143886073476375
    },
    "pattern_rhythm": {
      "repetition_score": 1.0,
      "rhythm_score": 1.0,
      "pattern_breaks": 10
    },
    "visual_mass_focus": {
      "point_of_interest": {
        "x": 0.51953125,
        "y": 0.42492492492492495,
        "strength": 1.0
      },
      "visual_mass_concentration": 0.19989618524774774,
      "mean_visual_weight": 0.14531710743904114,
      "face_count": 0,
      "has_directional_cues": 0
    },
    "framing_breathing": {
      "frame_in_frame_count": 0,
      "breathing_space": {
        "top": 0.484984984984985,
        "bottom": 0.1891891891891892,
        "left": 0.1328125,
        "right": 0.361328125,
        "min_margin": 0.1328125,
        "mean_margin": 0.29207869979354356
      },
      "corner_anchors": {
        "top_left": 0.34457042813301086,
        "top_right": 0.584152340888977,
        "bottom_left": 0.44093984365463257,
        "bottom_right": 0.45458903908729553,
        "max_corner_weight": 0.584152340888977,
        "has_corner_subject": 1
      }
    }
  }
}