{
  "meta": {
    "_dataset": "tvm_data",
    "_label": "testImages_artphoto",
    "_relpath": "testImages_artphoto/awe_0042.jpg",
    "_filename": "awe_0042.jpg",
    "_width": 566,
    "_height": 354
  },
  "features": {
    "geometric_structural": {
      "leading_lines": {
        "diagonal": 1,
        "vertical": 0,
        "horizontal": 1,
        "curved": 206
      },
      "leading_lines_strength": 0.25396825396825395,
      "symmetry_vertical": 0.28693731447178544,
      "symmetry_horizontal": 0.24877897063018115,
      "symmetry_radial": 0.16749138949701406,
      "rule_of_thirds": {
        "alignment_score": 0,
        "num_salient_objects": 8
      },
      "golden_ratio": {
        "golden_alignment_score": 0
      },
      "balance": {
        "static_balance": 0.7302419543266296,
        "dynamic_balance": 1.0,
        "dominant_quadrant": 0
      },
      "layering": {
        "foreground_ratio": 0.2754812461843712,
        "midground_ratio": 0.27220457493894995,
        "background_ratio": 0.45231417887667885,
        "depth_complexity": 0.04778666340800418
      }
    },
    "spatial_layout": {
      "negative_space_ratio": 0.8190485729548229,
      "subject_isolation": 0.10000047695360195,
      "depth_of_field": {
        "blur_gradient_strength": 33.05531596360166,
        "sharpness_variance": 1854.782718696163,
        "min_sharpness": 0.11264883334582372,
        "max_sharpness": 284.05129278494456
      },
      "perspective": {
        "has_vanishing_point": 1,
        "perspective_strength": 0.9340659340659341
      }
    },
    "contrast_color": {
      "high_contrast_ratio": 0.4035456730769231,
      "low_contrast_ratio": 0.5964543269230769,
      "mean_contrast": 21.393829345703125,
      "highlight_ratio": 0.1119791641831398,
      "shadow_ratio": 0.4797080159187317,
      "midtone_ratio": 0.4083127975463867,
      "warm_color_ratio": 0.5682687538156288,
      "cool_color_ratio": 0.07556375915750915,
      "complementary_color_score": 2.3333333333333335
    },
    "motion_dynamics": {
      "s_curve_count": 237,
      "motion_blur_score": 10.360808662366722,
      "dominant_direction_deg": 4.999999999999995,
      "direction_strength": 0.07823708409627252
    },
    "pattern_rhythm": {
      "repetition_score": 1.0,
      "rhythm_score": 1.0,
      "pattern_breaks": 3
    },
    "visual_mass_focus": {
      "point_of_interest": {
        "x": 0.23565323565323565,
        "y": 0.115234375,
        "strength": 1.0
      },
      "visual_mass_concentration": 0.19990317841880342,
      "mean_visual_weight": 0.14574959874153137,
      "face_count": 0,
      "has_directional_cues": 0
    },
    "framing_breathing": {
      "frame_in_frame_count": 0,
      "breathing_space": {
        "top": 0.0,
        "bottom": 0.59375,
        "left": 0.0,
        "right": 0.2869352869352869,
        "min_margin": 0.0,
        "mean_margin": 0.22017132173382173
      },
      "corner_anchors": {
        "top_left": 0.975063145160675,
        "top_right": 0.15056799352169037,
        "bottom_left": 0.24107754230499268,
        "bottom_right": 0.16945794224739075,
        "max_corner_weight": 0.975063145160675,
        "has_corner_subject": 1
      }
    }
  }
}