{
  "meta": {
    "_dataset": "tvm_data",
    "_label": "testImages_artphoto",
    "_relpath": "testImages_artphoto/awe_0598.jpg",
    "_filename": "awe_0598.jpg",
    "_width": 548,
    "_height": 365
  },
  "features": {
    "geometric_structural": {
      "leading_lines": {
        "diagonal": 0,
        "vertical": 0,
        "horizontal": 1,
        "curved": 148
      },
      "leading_lines_strength": 0.19375812743823148,
      "symmetry_vertical": 0.34580118534462423,
      "symmetry_horizontal": 0.372925302992153,
      "symmetry_radial": 0.23337535092010506,
      "rule_of_thirds": {
        "alignment_score": 2,
        "num_salient_objects": 96
      },
      "golden_ratio": {
        "golden_alignment_score": 7
      },
      "balance": {
        "static_balance": 0.9883719682693481,
        "dynamic_balance": 1.0,
        "dominant_quadrant": 3
      },
      "layering": {
        "foreground_ratio": 0.2814887434980494,
        "midground_ratio": 0.3541480412873862,
        "background_ratio": 0.3643632152145644,
        "depth_complexity": 0.10302635449234496
      }
    },
    "spatial_layout": {
      "negative_space_ratio": 0.44143164824447334,
      "subject_isolation": 0.10000050796488946,
      "depth_of_field": {
        "blur_gradient_strength": 96.24070420478984,
        "sharpness_variance": 18011.04153561485,
        "min_sharpness": 0.0,
        "max_sharpness": 599.6176104745447
      },
      "perspective": {
        "has_vanishing_point": 1,
        "perspective_strength": 0.6666666666666666
      }
    },
    "contrast_color": {
      "high_contrast_ratio": 0.5651439572496749,
      "low_contrast_ratio": 0.4348560427503251,
      "mean_contrast": 41.98733901977539,
      "highlight_ratio": 0.4055235981941223,
      "shadow_ratio": 0.2670447528362274,
      "midtone_ratio": 0.32743164896965027,
      "warm_color_ratio": 0.10120946440182055,
      "cool_color_ratio": 0.3166907103381014,
      "complementary_color_score": 2.0
    },
    "motion_dynamics": {
      "s_curve_count": 173,
      "motion_blur_score": 10.262363327457525,
      "dominant_direction_deg": 4.999999999999995,
      "direction_strength": 0.195739190506655
    },
    "pattern_rhythm": {
      "repetition_score": 1.0,
      "rhythm_score": 1.0,
      "pattern_breaks": 31
    },
    "visual_mass_focus": {
      "point_of_interest": {
        "x": 0.5357607282184655,
        "y": 0.521484375,
        "strength": 1.0
      },
      "visual_mass_concentration": 0.1993000243823147,
      "mean_visual_weight": 0.1415921300649643,
      "face_count": 0,
      "has_directional_cues": 0
    },
    "framing_breathing": {
      "frame_in_frame_count": 0,
      "breathing_space": {
        "top": 0.0,
        "bottom": 0.1953125,
        "left": 0.054616384915474644,
        "right": 0.6384915474642393,
        "min_margin": 0.0,
        "mean_margin": 0.2221051080949285
      },
      "corner_anchors": {
        "top_left": 0.7706596851348877,
        "top_right": 0.5250437259674072,
        "bottom_left": 0.5239166617393494,
        "bottom_right": 0.7491114735603333,
        "max_corner_weight": 0.7706596851348877,
        "has_corner_subject": 1
      }
    }
  }
}