{
  "meta": {
    "_dataset": "tvm_data",
    "_label": "testImages_artphoto",
    "_relpath": "testImages_artphoto/awe_0846.jpg",
    "_filename": "awe_0846.jpg",
    "_width": 548,
    "_height": 365
  },
  "features": {
    "geometric_structural": {
      "leading_lines": {
        "diagonal": 6,
        "vertical": 0,
        "horizontal": 2,
        "curved": 290
      },
      "leading_lines_strength": 0.38751625487646296,
      "symmetry_vertical": 0.4205608863148976,
      "symmetry_horizontal": 0.3245299987783589,
      "symmetry_radial": 0.2473571241658232,
      "rule_of_thirds": {
        "alignment_score": 2,
        "num_salient_objects": 34
      },
      "golden_ratio": {
        "golden_alignment_score": 3
      },
      "balance": {
        "static_balance": 0.9480346441268921,
        "dynamic_balance": 1.0,
        "dominant_quadrant": 0
      },
      "layering": {
        "foreground_ratio": 0.2632909013328999,
        "midground_ratio": 0.20948726024057218,
        "background_ratio": 0.5272218384265279,
        "depth_complexity": 0.06401560433414347
      }
    },
    "spatial_layout": {
      "negative_space_ratio": 0.3039306323146944,
      "subject_isolation": 0.10000050796488946,
      "depth_of_field": {
        "blur_gradient_strength": 49.278687709187416,
        "sharpness_variance": 7223.943434372239,
        "min_sharpness": 0.0,
        "max_sharpness": 439.08444346295107
      },
      "perspective": {
        "has_vanishing_point": 1,
        "perspective_strength": 0.9744160177975528
      }
    },
    "contrast_color": {
      "high_contrast_ratio": 0.331081355656697,
      "low_contrast_ratio": 0.6689186443433031,
      "mean_contrast": 21.230318069458008,
      "highlight_ratio": 0.2740546762943268,
      "shadow_ratio": 0.04107150062918663,
      "midtone_ratio": 0.6848738789558411,
      "warm_color_ratio": 0.5346584444083224,
      "cool_color_ratio": 0.0009295757477243173,
      "complementary_color_score": 2.2222222222222223
    },
    "motion_dynamics": {
      "s_curve_count": 302,
      "motion_blur_score": 15.641118579088124,
      "dominant_direction_deg": 4.999999999999995,
      "direction_strength": 0.06741963995431512
    },
    "pattern_rhythm": {
      "repetition_score": 1.0,
      "rhythm_score": 1.0,
      "pattern_breaks": 12
    },
    "visual_mass_focus": {
      "point_of_interest": {
        "x": 0.5682704811443433,
        "y": 0.73046875,
        "strength": 1.0
      },
      "visual_mass_concentration": 0.19996291856306891,
      "mean_visual_weight": 0.15110193192958832,
      "face_count": 0,
      "has_directional_cues": 0
    },
    "framing_breathing": {
      "frame_in_frame_count": 0,
      "breathing_space": {
        "top": 0.61328125,
        "bottom": 0.091796875,
        "left": 0.7048114434330299,
        "right": 0.14434330299089726,
        "min_margin": 0.091796875,
        "mean_margin": 0.38855821785598177
      },
      "corner_anchors": {
        "top_left": 0.4153018891811371,
        "top_right": 0.16809560358524323,
        "bottom_left": 0.14442209899425507,
        "bottom_right": 0.29867467284202576,
        "max_corner_weight": 0.4153018891811371,
        "has_corner_subject": 1
      }
    }
  }
}