{
  "meta": {
    "_dataset": "tvm_data",
    "_label": "testImages_artphoto",
    "_relpath": "testImages_artphoto/awe_0877.jpg",
    "_filename": "awe_0877.jpg",
    "_width": 361,
    "_height": 553
  },
  "features": {
    "geometric_structural": {
      "leading_lines": {
        "diagonal": 2,
        "vertical": 0,
        "horizontal": 0,
        "curved": 177
      },
      "leading_lines_strength": 0.22831632653061223,
      "symmetry_vertical": 0.4374407097868397,
      "symmetry_horizontal": 0.3725320929548107,
      "symmetry_radial": 0.2678078316235849,
      "rule_of_thirds": {
        "alignment_score": 1,
        "num_salient_objects": 35
      },
      "golden_ratio": {
        "golden_alignment_score": 2
      },
      "balance": {
        "static_balance": 0.8700250387191772,
        "dynamic_balance": 1.0,
        "dominant_quadrant": 2
      },
      "layering": {
        "foreground_ratio": 0.248046875,
        "midground_ratio": 0.40048529177295916,
        "background_ratio": 0.35146783322704084,
        "depth_complexity": 0.03347499285353466
      }
    },
    "spatial_layout": {
      "negative_space_ratio": 0.3201406050701531,
      "subject_isolation": 0.10000049824617346,
      "depth_of_field": {
        "blur_gradient_strength": 24.207005488091887,
        "sharpness_variance": 2164.3243778012215,
        "min_sharpness": 0.9788536955516917,
        "max_sharpness": 229.8359750138983
      },
      "perspective": {
        "has_vanishing_point": 1,
        "perspective_strength": 0.9887218045112782
      }
    },
    "contrast_color": {
      "high_contrast_ratio": 0.34342364875637754,
      "low_contrast_ratio": 0.6565763512436225,
      "mean_contrast": 22.187501907348633,
      "highlight_ratio": 0.4364462196826935,
      "shadow_ratio": 0.13453643023967743,
      "midtone_ratio": 0.4290173649787903,
      "warm_color_ratio": 0.015642438616071428,
      "cool_color_ratio": 0.014630998883928572,
      "complementary_color_score": 2.9444444444444446
    },
    "motion_dynamics": {
      "s_curve_count": 201,
      "motion_blur_score": 18.94764957452523,
      "dominant_direction_deg": 4.999999999999995,
      "direction_strength": 0.10425801179820965
    },
    "pattern_rhythm": {
      "repetition_score": 1.0,
      "rhythm_score": 1.0,
      "pattern_breaks": 10
    },
    "visual_mass_focus": {
      "point_of_interest": {
        "x": 0.345703125,
        "y": 0.7257653061224489,
        "strength": 1.0
      },
      "visual_mass_concentration": 0.19964973294005103,
      "mean_visual_weight": 0.012819723226130009,
      "face_count": 0,
      "has_directional_cues": 0
    },
    "framing_breathing": {
      "frame_in_frame_count": 0,
      "breathing_space": {
        "top": 0.5025510204081632,
        "bottom": 0.03443877551020408,
        "left": 0.0,
        "right": 0.302734375,
        "min_margin": 0.0,
        "mean_margin": 0.20993104272959184
      },
      "corner_anchors": {
        "top_left": 0.27697649598121643,
        "top_right": 0.29955965280532837,
        "bottom_left": 0.4757721722126007,
        "bottom_right": 0.2502916157245636,
        "max_corner_weight": 0.4757721722126007,
        "has_corner_subject": 1
      }
    }
  }
}