{
  "meta": {
    "_dataset": "tvm_data",
    "_label": "testImages_artphoto",
    "_relpath": "testImages_artphoto/awe_0057.jpg",
    "_filename": "awe_0057.jpg",
    "_width": 417,
    "_height": 479
  },
  "features": {
    "geometric_structural": {
      "leading_lines": {
        "diagonal": 0,
        "vertical": 0,
        "horizontal": 13,
        "curved": 112
      },
      "leading_lines_strength": 0.21258503401360543,
      "symmetry_vertical": 0.419230126841025,
      "symmetry_horizontal": 0.3763205486150454,
      "symmetry_radial": 0.3289680261117524,
      "rule_of_thirds": {
        "alignment_score": 0,
        "num_salient_objects": 27
      },
      "golden_ratio": {
        "golden_alignment_score": 0
      },
      "balance": {
        "static_balance": 0.9075219035148621,
        "dynamic_balance": 1.0,
        "dominant_quadrant": 2
      },
      "layering": {
        "foreground_ratio": 0.21878653805272108,
        "midground_ratio": 0.12177136479591837,
        "background_ratio": 0.6594420971513606,
        "depth_complexity": 0.06161519056233954
      }
    },
    "spatial_layout": {
      "negative_space_ratio": 0.3739636479591837,
      "subject_isolation": 0.10000132865646258,
      "depth_of_field": {
        "blur_gradient_strength": 85.99496565823198,
        "sharpness_variance": 28474.22065784261,
        "min_sharpness": 2.0028711126721865,
        "max_sharpness": 750.6284969212297
      },
      "perspective": {
        "has_vanishing_point": 1,
        "perspective_strength": 0.9767441860465116
      }
    },
    "contrast_color": {
      "high_contrast_ratio": 0.3962352519132653,
      "low_contrast_ratio": 0.6037647480867347,
      "mean_contrast": 27.264917373657227,
      "highlight_ratio": 0.15527011454105377,
      "shadow_ratio": 0.19405028223991394,
      "midtone_ratio": 0.6506795883178711,
      "warm_color_ratio": 0.7568724755527211,
      "cool_color_ratio": 0.07654057716836735,
      "complementary_color_score": 2.2777777777777777
    },
    "motion_dynamics": {
      "s_curve_count": 120,
      "motion_blur_score": 11.217381443158011,
      "dominant_direction_deg": -85.0,
      "direction_strength": 0.0601482780610247
    },
    "pattern_rhythm": {
      "repetition_score": 1.0,
      "rhythm_score": 1.0,
      "pattern_breaks": 9
    },
    "visual_mass_focus": {
      "point_of_interest": {
        "x": 0.53515625,
        "y": 0.7891156462585034,
        "strength": 1.0
      },
      "visual_mass_concentration": 0.19971367453231292,
      "mean_visual_weight": 0.22299420833587646,
      "face_count": 0,
      "has_directional_cues": 0
    },
    "framing_breathing": {
      "frame_in_frame_count": 0,
      "breathing_space": {
        "top": 0.477891156462585,
        "bottom": 0.304421768707483,
        "left": 0.0,
        "right": 0.662109375,
        "min_margin": 0.0,
        "mean_margin": 0.361105575042517
      },
      "corner_anchors": {
        "top_left": 0.5340141654014587,
        "top_right": 0.3219383656978607,
        "bottom_left": 0.2419450581073761,
        "bottom_right": 0.6451732516288757,
        "max_corner_weight": 0.6451732516288757,
        "has_corner_subject": 1
      }
    }
  }
}