{
  "meta": {
    "_dataset": "tvm_data",
    "_label": "testImages_artphoto",
    "_relpath": "testImages_artphoto/awe_0845.jpg",
    "_filename": "awe_0845.jpg",
    "_width": 559,
    "_height": 358
  },
  "features": {
    "geometric_structural": {
      "leading_lines": {
        "diagonal": 0,
        "vertical": 0,
        "horizontal": 3,
        "curved": 219
      },
      "leading_lines_strength": 0.27784730913642053,
      "symmetry_vertical": 0.38498366956984076,
      "symmetry_horizontal": 0.24239210582606646,
      "symmetry_radial": 0.20916521735734697,
      "rule_of_thirds": {
        "alignment_score": 0,
        "num_salient_objects": 4
      },
      "golden_ratio": {
        "golden_alignment_score": 0
      },
      "balance": {
        "static_balance": 0.9719457626342773,
        "dynamic_balance": 1.0,
        "dominant_quadrant": 1
      },
      "layering": {
        "foreground_ratio": 0.2963861076345432,
        "midground_ratio": 0.24440951580100126,
        "background_ratio": 0.45920437656445556,
        "depth_complexity": 0.0684520319247278
      }
    },
    "spatial_layout": {
      "negative_space_ratio": 0.4848174475907384,
      "subject_isolation": 0.10000048889236546,
      "depth_of_field": {
        "blur_gradient_strength": 39.7100222549989,
        "sharpness_variance": 5071.7535765340035,
        "min_sharpness": 2.5233656767921606,
        "max_sharpness": 323.0050645945331
      },
      "perspective": {
        "has_vanishing_point": 1,
        "perspective_strength": 0.9253731343283582
      }
    },
    "contrast_color": {
      "high_contrast_ratio": 0.42037898936170215,
      "low_contrast_ratio": 0.5796210106382979,
      "mean_contrast": 23.082923889160156,
      "highlight_ratio": 0.005030702333897352,
      "shadow_ratio": 0.21097661554813385,
      "midtone_ratio": 0.7839927077293396,
      "warm_color_ratio": 0.18190951580100126,
      "cool_color_ratio": 0.33640683667083854,
      "complementary_color_score": 2.2777777777777777
    },
    "motion_dynamics": {
      "s_curve_count": 281,
      "motion_blur_score": 11.148865952162442,
      "dominant_direction_deg": 95.0,
      "direction_strength": 0.07979456742783998
    },
    "pattern_rhythm": {
      "repetition_score": 1.0,
      "rhythm_score": 1.0,
      "pattern_breaks": 1
    },
    "visual_mass_focus": {
      "point_of_interest": {
        "x": 0.6583229036295369,
        "y": 0.23828125,
        "strength": 1.0
      },
      "visual_mass_concentration": 0.19911608260325406,
      "mean_visual_weight": 0.1007998064160347,
      "face_count": 0,
      "has_directional_cues": 0
    },
    "framing_breathing": {
      "frame_in_frame_count": 0,
      "breathing_space": {
        "top": 0.61328125,
        "bottom": 0.27734375,
        "left": 0.07509386733416772,
        "right": 0.6695869837296621,
        "min_margin": 0.07509386733416772,
        "mean_margin": 0.40882646276595747
      },
      "corner_anchors": {
        "top_left": 0.258632630109787,
        "top_right": 0.2726588249206543,
        "bottom_left": 0.3899814486503601,
        "bottom_right": 0.4459257423877716,
        "max_corner_weight": 0.4459257423877716,
        "has_corner_subject": 1
      }
    }
  }
}