{
  "meta": {
    "_dataset": "tvm_data",
    "_label": "testImages_artphoto",
    "_relpath": "testImages_artphoto/awe_0055.jpg",
    "_filename": "awe_0055.jpg",
    "_width": 373,
    "_height": 536
  },
  "features": {
    "geometric_structural": {
      "leading_lines": {
        "diagonal": 7,
        "vertical": 17,
        "horizontal": 5,
        "curved": 133
      },
      "leading_lines_strength": 0.22010869565217392,
      "symmetry_vertical": 0.33614720076405197,
      "symmetry_horizontal": 0.3051507546236828,
      "symmetry_radial": 0.29094496580796086,
      "rule_of_thirds": {
        "alignment_score": 0,
        "num_salient_objects": 25
      },
      "golden_ratio": {
        "golden_alignment_score": 0
      },
      "balance": {
        "static_balance": 0.9200993776321411,
        "dynamic_balance": 1.0,
        "dominant_quadrant": 3
      },
      "layering": {
        "foreground_ratio": 0.30581001613451086,
        "midground_ratio": 0.15712041440217392,
        "background_ratio": 0.5370695694633152,
        "depth_complexity": 0.17142888822598776
      }
    },
    "spatial_layout": {
      "negative_space_ratio": 0.43442966627038043,
      "subject_isolation": 0.10000212296195653,
      "depth_of_field": {
        "blur_gradient_strength": 147.12206354977647,
        "sharpness_variance": 55575.050360427704,
        "min_sharpness": 0.9657344992410427,
        "max_sharpness": 1284.4021530180698
      },
      "perspective": {
        "has_vanishing_point": 1,
        "perspective_strength": 0.9810909090909091
      }
    },
    "contrast_color": {
      "high_contrast_ratio": 0.5267387058423914,
      "low_contrast_ratio": 0.47326129415760865,
      "mean_contrast": 36.653953552246094,
      "highlight_ratio": 0.46438199281692505,
      "shadow_ratio": 0.12603759765625,
      "midtone_ratio": 0.40958040952682495,
      "warm_color_ratio": 0.6044683041779891,
      "cool_color_ratio": 0.001679793648097826,
      "complementary_color_score": 2.5555555555555554
    },
    "motion_dynamics": {
      "s_curve_count": 134,
      "motion_blur_score": 10.793359028409949,
      "dominant_direction_deg": 4.999999999999995,
      "direction_strength": 0.12264616593038105
    },
    "pattern_rhythm": {
      "repetition_score": 1.0,
      "rhythm_score": 1.0,
      "pattern_breaks": 9
    },
    "visual_mass_focus": {
      "point_of_interest": {
        "x": 0.724609375,
        "y": 0.7024456521739131,
        "strength": 1.0
      },
      "visual_mass_concentration": 0.19987421450407608,
      "mean_visual_weight": 0.19565661251544952,
      "face_count": 0,
      "has_directional_cues": 0
    },
    "framing_breathing": {
      "frame_in_frame_count": 0,
      "breathing_space": {
        "top": 0.7038043478260869,
        "bottom": 0.0,
        "left": 0.0,
        "right": 0.328125,
        "min_margin": 0.0,
        "mean_margin": 0.25798233695652173
      },
      "corner_anchors": {
        "top_left": 0.3316550552845001,
        "top_right": 0.3572416603565216,
        "bottom_left": 0.40103644132614136,
        "bottom_right": 0.37687939405441284,
        "max_corner_weight": 0.40103644132614136,
        "has_corner_subject": 1
      }
    }
  }
}