{
  "meta": {
    "_dataset": "tvm_data",
    "_label": "testImages_artphoto",
    "_relpath": "testImages_artphoto/awe_0581.jpg",
    "_filename": "awe_0581.jpg",
    "_width": 450,
    "_height": 444
  },
  "features": {
    "geometric_structural": {
      "leading_lines": {
        "diagonal": 0,
        "vertical": 0,
        "horizontal": 0,
        "curved": 38
      },
      "leading_lines_strength": 0.07321772639691715,
      "symmetry_vertical": 0.5537901031817155,
      "symmetry_horizontal": 0.41601453004531785,
      "symmetry_radial": 0.41033837888251384,
      "rule_of_thirds": {
        "alignment_score": 0,
        "num_salient_objects": 3
      },
      "golden_ratio": {
        "golden_alignment_score": 1
      },
      "balance": {
        "static_balance": 0.9263501167297363,
        "dynamic_balance": 1.0,
        "dominant_quadrant": 0
      },
      "layering": {
        "foreground_ratio": 0.3209785946531792,
        "midground_ratio": 0.3417253733140655,
        "background_ratio": 0.3372960320327553,
        "depth_complexity": 0.02582119785945435
      }
    },
    "spatial_layout": {
      "negative_space_ratio": 0.5949467124277457,
      "subject_isolation": 0.10000075264932562,
      "depth_of_field": {
        "blur_gradient_strength": 27.648413472074363,
        "sharpness_variance": 4180.402940058095,
        "min_sharpness": 0.0,
        "max_sharpness": 406.92391785550797
      },
      "perspective": {
        "has_vanishing_point": 0,
        "perspective_strength": 0.0
      }
    },
    "contrast_color": {
      "high_contrast_ratio": 0.3523753612716763,
      "low_contrast_ratio": 0.6476246387283238,
      "mean_contrast": 26.250444412231445,
      "highlight_ratio": 0.0255411546677351,
      "shadow_ratio": 0.45284274220466614,
      "midtone_ratio": 0.5216161012649536,
      "warm_color_ratio": 0.18466627528901733,
      "cool_color_ratio": 0.6184594773603083,
      "complementary_color_score": 2.3333333333333335
    },
    "motion_dynamics": {
      "s_curve_count": 56,
      "motion_blur_score": 9.822484599024461,
      "dominant_direction_deg": 4.999999999999995,
      "direction_strength": 0.10371131382427252
    },
    "pattern_rhythm": {
      "repetition_score": 1.0,
      "rhythm_score": 1.0,
      "pattern_breaks": 1
    },
    "visual_mass_focus": {
      "point_of_interest": {
        "x": 0.4797687861271676,
        "y": 0.453125,
        "strength": 1.0
      },
      "visual_mass_concentration": 0.19999021555876687,
      "mean_visual_weight": 0.09556388854980469,
      "face_count": 1,
      "has_directional_cues": 1
    },
    "framing_breathing": {
      "frame_in_frame_count": 0,
      "breathing_space": {
        "top": 0.349609375,
        "bottom": 0.42578125,
        "left": 0.3930635838150289,
        "right": 0.4277456647398844,
        "min_margin": 0.349609375,
        "mean_margin": 0.3990499683887283
      },
      "corner_anchors": {
        "top_left": 0.287128210067749,
        "top_right": 0.16647398471832275,
        "bottom_left": 0.3523826599121094,
        "bottom_right": 0.3552180230617523,
        "max_corner_weight": 0.3552180230617523,
        "has_corner_subject": 1
      }
    }
  }
}