{
  "meta": {
    "_dataset": "tvm_data",
    "_label": "testImages_artphoto",
    "_relpath": "testImages_artphoto/awe_0597.jpg",
    "_filename": "awe_0597.jpg",
    "_width": 579,
    "_height": 346
  },
  "features": {
    "geometric_structural": {
      "leading_lines": {
        "diagonal": 14,
        "vertical": 0,
        "horizontal": 15,
        "curved": 75
      },
      "leading_lines_strength": 0.12135355892648775,
      "symmetry_vertical": 0.3045588487176553,
      "symmetry_horizontal": 0.22615703335756343,
      "symmetry_radial": 0.18832202176909926,
      "rule_of_thirds": {
        "alignment_score": 0,
        "num_salient_objects": 21
      },
      "golden_ratio": {
        "golden_alignment_score": 3
      },
      "balance": {
        "static_balance": 0.8111159801483154,
        "dynamic_balance": 1.0,
        "dominant_quadrant": 0
      },
      "layering": {
        "foreground_ratio": 0.31277576210618435,
        "midground_ratio": 0.18934373176779462,
        "background_ratio": 0.497880506126021,
        "depth_complexity": 0.19065791093913628
      }
    },
    "spatial_layout": {
      "negative_space_ratio": 0.6538479069428238,
      "subject_isolation": 0.10000136741540257,
      "depth_of_field": {
        "blur_gradient_strength": 161.90152221995666,
        "sharpness_variance": 70822.82250628895,
        "min_sharpness": 0.2664287432110295,
        "max_sharpness": 1881.5447881001612
      },
      "perspective": {
        "has_vanishing_point": 1,
        "perspective_strength": 0.9939024390243902
      }
    },
    "contrast_color": {
      "high_contrast_ratio": 0.4600395638856476,
      "low_contrast_ratio": 0.5399604361143524,
      "mean_contrast": 37.528743743896484,
      "highlight_ratio": 0.17378710210323334,
      "shadow_ratio": 0.36520931124687195,
      "midtone_ratio": 0.4610035717487335,
      "warm_color_ratio": 0.6568015242123687,
      "cool_color_ratio": 0.016798698220536756,
      "complementary_color_score": 2.388888888888889
    },
    "motion_dynamics": {
      "s_curve_count": 186,
      "motion_blur_score": 7.895691715177543,
      "dominant_direction_deg": 4.999999999999995,
      "direction_strength": 0.10669942386206721
    },
    "pattern_rhythm": {
      "repetition_score": 1.0,
      "rhythm_score": 1.0,
      "pattern_breaks": 7
    },
    "visual_mass_focus": {
      "point_of_interest": {
        "x": 0.41423570595099185,
        "y": 0.27734375,
        "strength": 1.0
      },
      "visual_mass_concentration": 0.1997885064177363,
      "mean_visual_weight": 0.10241653025150299,
      "face_count": 0,
      "has_directional_cues": 0
    },
    "framing_breathing": {
      "frame_in_frame_count": 0,
      "breathing_space": {
        "top": 0.0,
        "bottom": 0.4375,
        "left": 0.14352392065344224,
        "right": 0.3570595099183197,
        "min_margin": 0.0,
        "mean_margin": 0.23452085764294048
      },
      "corner_anchors": {
        "top_left": 0.5789685845375061,
        "top_right": 0.49946072697639465,
        "bottom_left": 0.508465588092804,
        "bottom_right": 0.24756106734275818,
        "max_corner_weight": 0.5789685845375061,
        "has_corner_subject": 1
      }
    }
  }
}