{
  "meta": {
    "_dataset": "tvm_data",
    "_label": "testImages_artphoto",
    "_relpath": "testImages_artphoto/awe_0861.jpg",
    "_filename": "awe_0861.jpg",
    "_width": 548,
    "_height": 365
  },
  "features": {
    "geometric_structural": {
      "leading_lines": {
        "diagonal": 0,
        "vertical": 0,
        "horizontal": 0,
        "curved": 56
      },
      "leading_lines_strength": 0.07282184655396619,
      "symmetry_vertical": 0.3662944797545795,
      "symmetry_horizontal": 0.24953905523453623,
      "symmetry_radial": 0.19800736039886543,
      "rule_of_thirds": {
        "alignment_score": 1,
        "num_salient_objects": 15
      },
      "golden_ratio": {
        "golden_alignment_score": 1
      },
      "balance": {
        "static_balance": 0.9489998817443848,
        "dynamic_balance": 1.0,
        "dominant_quadrant": 0
      },
      "layering": {
        "foreground_ratio": 0.21995133696358907,
        "midground_ratio": 0.1384432907997399,
        "background_ratio": 0.641605372236671,
        "depth_complexity": 0.018379959166172424
      }
    },
    "spatial_layout": {
      "negative_space_ratio": 0.4900642067620286,
      "subject_isolation": 0.10000050796488946,
      "depth_of_field": {
        "blur_gradient_strength": 13.940430530903713,
        "sharpness_variance": 488.8316735788733,
        "min_sharpness": 0.0,
        "max_sharpness": 106.9300096183395
      },
      "perspective": {
        "has_vanishing_point": 0,
        "perspective_strength": 0.0
      }
    },
    "contrast_color": {
      "high_contrast_ratio": 0.4446800837126138,
      "low_contrast_ratio": 0.5553199162873862,
      "mean_contrast": 26.412593841552734,
      "highlight_ratio": 0.02510870434343815,
      "shadow_ratio": 0.3413752615451813,
      "midtone_ratio": 0.6335160732269287,
      "warm_color_ratio": 0.008140137353706112,
      "cool_color_ratio": 0.8286685224317295,
      "complementary_color_score": 2.4444444444444446
    },
    "motion_dynamics": {
      "s_curve_count": 89,
      "motion_blur_score": 13.768501235185644,
      "dominant_direction_deg": 95.0,
      "direction_strength": 0.09418430998025494
    },
    "pattern_rhythm": {
      "repetition_score": 1.0,
      "rhythm_score": 1.0,
      "pattern_breaks": 6
    },
    "visual_mass_focus": {
      "point_of_interest": {
        "x": 0.729518855656697,
        "y": 0.2578125,
        "strength": 1.0
      },
      "visual_mass_concentration": 0.19998069733420026,
      "mean_visual_weight": 0.14650151133537292,
      "face_count": 0,
      "has_directional_cues": 0
    },
    "framing_breathing": {
      "frame_in_frame_count": 0,
      "breathing_space": {
        "top": 0.07421875,
        "bottom": 0.787109375,
        "left": 0.7893368010403121,
        "right": 0.0,
        "min_margin": 0.0,
        "mean_margin": 0.41266623151007803
      },
      "corner_anchors": {
        "top_left": 0.3230828046798706,
        "top_right": 0.49089038372039795,
        "bottom_left": 0.3091897666454315,
        "bottom_right": 0.39102521538734436,
        "max_corner_weight": 0.49089038372039795,
        "has_corner_subject": 1
      }
    }
  }
}