{
  "meta": {
    "_dataset": "tvm_data",
    "_label": "testImages_artphoto",
    "_relpath": "testImages_artphoto/awe_0034.jpg",
    "_filename": "awe_0034.jpg",
    "_width": 508,
    "_height": 394
  },
  "features": {
    "geometric_structural": {
      "leading_lines": {
        "diagonal": 0,
        "vertical": 0,
        "horizontal": 0,
        "curved": 18
      },
      "leading_lines_strength": 0.02727272727272727,
      "symmetry_vertical": 0.33911218946087723,
      "symmetry_horizontal": 0.42410575777983456,
      "symmetry_radial": 0.33362678174125326,
      "rule_of_thirds": {
        "alignment_score": 1,
        "num_salient_objects": 11
      },
      "golden_ratio": {
        "golden_alignment_score": 1
      },
      "balance": {
        "static_balance": 0.8363064527511597,
        "dynamic_balance": 1.0,
        "dominant_quadrant": 2
      },
      "layering": {
        "foreground_ratio": 0.2273644649621212,
        "midground_ratio": 0.14179391571969696,
        "background_ratio": 0.6308416193181818,
        "depth_complexity": 0.025721540226082504
      }
    },
    "spatial_layout": {
      "negative_space_ratio": 0.3489464962121212,
      "subject_isolation": 0.09670632102272728,
      "depth_of_field": {
        "blur_gradient_strength": 28.10930174932882,
        "sharpness_variance": 1735.8982909718525,
        "min_sharpness": 0.08227545641289888,
        "max_sharpness": 253.1795670224728
      },
      "perspective": {
        "has_vanishing_point": 1,
        "perspective_strength": 0.5
      }
    },
    "contrast_color": {
      "high_contrast_ratio": 0.4305841619318182,
      "low_contrast_ratio": 0.5694158380681817,
      "mean_contrast": 24.677337646484375,
      "highlight_ratio": 0.058066997677087784,
      "shadow_ratio": 0.22257931530475616,
      "midtone_ratio": 0.7193536758422852,
      "warm_color_ratio": 0.8800218986742424,
      "cool_color_ratio": 0.029151870265151515,
      "complementary_color_score": 2.5555555555555554
    },
    "motion_dynamics": {
      "s_curve_count": 81,
      "motion_blur_score": 11.758258649756668,
      "dominant_direction_deg": 4.999999999999995,
      "direction_strength": 0.11152047821936695
    },
    "pattern_rhythm": {
      "repetition_score": 1.0,
      "rhythm_score": 1.0,
      "pattern_breaks": 7
    },
    "visual_mass_focus": {
      "point_of_interest": {
        "x": 0.27121212121212124,
        "y": 0.46875,
        "strength": 1.0
      },
      "visual_mass_concentration": 0.1999526515151515,
      "mean_visual_weight": 0.3247668445110321,
      "face_count": 0,
      "has_directional_cues": 0
    },
    "framing_breathing": {
      "frame_in_frame_count": 0,
      "breathing_space": {
        "top": 0.783203125,
        "bottom": 0.0,
        "left": 0.0,
        "right": 0.6757575757575758,
        "min_margin": 0.0,
        "mean_margin": 0.36474017518939394
      },
      "corner_anchors": {
        "top_left": 0.5006330013275146,
        "top_right": 0.30882105231285095,
        "bottom_left": 0.5737392902374268,
        "bottom_right": 0.14234986901283264,
        "max_corner_weight": 0.5737392902374268,
        "has_corner_subject": 1
      }
    }
  }
}