{
  "meta": {
    "_dataset": "tvm_data",
    "_label": "testImages_artphoto",
    "_relpath": "testImages_artphoto/awe_0859.jpg",
    "_filename": "awe_0859.jpg",
    "_width": 548,
    "_height": 365
  },
  "features": {
    "geometric_structural": {
      "leading_lines": {
        "diagonal": 0,
        "vertical": 0,
        "horizontal": 6,
        "curved": 176
      },
      "leading_lines_strength": 0.23667100130039012,
      "symmetry_vertical": 0.3350296889753813,
      "symmetry_horizontal": 0.31455775680927045,
      "symmetry_radial": 0.21974089303825806,
      "rule_of_thirds": {
        "alignment_score": 0,
        "num_salient_objects": 3
      },
      "golden_ratio": {
        "golden_alignment_score": 0
      },
      "balance": {
        "static_balance": 0.8865644931793213,
        "dynamic_balance": 1.0,
        "dominant_quadrant": 1
      },
      "layering": {
        "foreground_ratio": 0.3022416490572172,
        "midground_ratio": 0.18515066238621586,
        "background_ratio": 0.512607688556567,
        "depth_complexity": 0.08978248219960301
      }
    },
    "spatial_layout": {
      "negative_space_ratio": 0.5610015035760728,
      "subject_isolation": 0.10000050796488946,
      "depth_of_field": {
        "blur_gradient_strength": 73.7348382203952,
        "sharpness_variance": 19397.468462459125,
        "min_sharpness": 1.1991528411350971,
        "max_sharpness": 950.6561439933566
      },
      "perspective": {
        "has_vanishing_point": 1,
        "perspective_strength": 0.9354166666666667
      }
    },
    "contrast_color": {
      "high_contrast_ratio": 0.49934218546814046,
      "low_contrast_ratio": 0.5006578145318595,
      "mean_contrast": 21.155790328979492,
      "highlight_ratio": 0.008739535696804523,
      "shadow_ratio": 0.3220979869365692,
      "midtone_ratio": 0.6691625118255615,
      "warm_color_ratio": 0.1197425633940182,
      "cool_color_ratio": 0.8105519546488946,
      "complementary_color_score": 1.3888888888888888
    },
    "motion_dynamics": {
      "s_curve_count": 327,
      "motion_blur_score": 9.994334412472673,
      "dominant_direction_deg": 95.0,
      "direction_strength": 0.15393621992808756
    },
    "pattern_rhythm": {
      "repetition_score": 1.0,
      "rhythm_score": 1.0,
      "pattern_breaks": 1
    },
    "visual_mass_focus": {
      "point_of_interest": {
        "x": 0.9245773732119635,
        "y": 0.37890625,
        "strength": 1.0
      },
      "visual_mass_concentration": 0.19993244066970092,
      "mean_visual_weight": 0.28387215733528137,
      "face_count": 0,
      "has_directional_cues": 0
    },
    "framing_breathing": {
      "frame_in_frame_count": 0,
      "breathing_space": {
        "top": 0.251953125,
        "bottom": 0.53125,
        "left": 0.7997399219765929,
        "right": 0.0,
        "min_margin": 0.0,
        "mean_margin": 0.39573576174414826
      },
      "corner_anchors": {
        "top_left": 0.30224835872650146,
        "top_right": 0.377872109413147,
        "bottom_left": 0.2436930537223816,
        "bottom_right": 0.17325295507907867,
        "max_corner_weight": 0.377872109413147,
        "has_corner_subject": 1
      }
    }
  }
}