{
  "meta": {
    "_dataset": "tvm_data",
    "_label": "testImages_artphoto",
    "_relpath": "testImages_artphoto/awe_0876.jpg",
    "_filename": "awe_0876.jpg",
    "_width": 365,
    "_height": 548
  },
  "features": {
    "geometric_structural": {
      "leading_lines": {
        "diagonal": 0,
        "vertical": 0,
        "horizontal": 0,
        "curved": 22
      },
      "leading_lines_strength": 0.02860858257477243,
      "symmetry_vertical": 0.730869005328642,
      "symmetry_horizontal": 0.7162082682478522,
      "symmetry_radial": 0.5508119424175318,
      "rule_of_thirds": {
        "alignment_score": 0,
        "num_salient_objects": 7
      },
      "golden_ratio": {
        "golden_alignment_score": 1
      },
      "balance": {
        "static_balance": 0.9180635213851929,
        "dynamic_balance": 1.0,
        "dominant_quadrant": 3
      },
      "layering": {
        "foreground_ratio": 0.15433751219115735,
        "midground_ratio": 0.24083885321846554,
        "background_ratio": 0.6048236345903771,
        "depth_complexity": 0.015856024795933434
      }
    },
    "spatial_layout": {
      "negative_space_ratio": 0.2692467896618986,
      "subject_isolation": 0.10000050796488946,
      "depth_of_field": {
        "blur_gradient_strength": 25.17635270477876,
        "sharpness_variance": 1678.1068420690447,
        "min_sharpness": 0.0,
        "max_sharpness": 351.07920030757396
      },
      "perspective": {
        "has_vanishing_point": 1,
        "perspective_strength": 0.3333333333333333
      }
    },
    "contrast_color": {
      "high_contrast_ratio": 0.38574345741222366,
      "low_contrast_ratio": 0.6142565425877764,
      "mean_contrast": 12.098198890686035,
      "highlight_ratio": 0.7902968525886536,
      "shadow_ratio": 0.0001650885824346915,
      "midtone_ratio": 0.2095380574464798,
      "warm_color_ratio": 0.023633066482444735,
      "cool_color_ratio": 0.04246332493498049,
      "complementary_color_score": 0.0
    },
    "motion_dynamics": {
      "s_curve_count": 75,
      "motion_blur_score": 32.11226363850164,
      "dominant_direction_deg": 4.999999999999995,
      "direction_strength": 0.24344725292525946
    },
    "pattern_rhythm": {
      "repetition_score": 1.0,
      "rhythm_score": 1.0,
      "pattern_breaks": 1
    },
    "visual_mass_focus": {
      "point_of_interest": {
        "x": 0.46875,
        "y": 0.4083224967490247,
        "strength": 1.0
      },
      "visual_mass_concentration": 0.19997307786085824,
      "mean_visual_weight": 0.08527526259422302,
      "face_count": 0,
      "has_directional_cues": 0
    },
    "framing_breathing": {
      "frame_in_frame_count": 0,
      "breathing_space": {
        "top": 0.31729518855656696,
        "bottom": 0.6098829648894668,
        "left": 0.40625,
        "right": 0.478515625,
        "min_margin": 0.31729518855656696,
        "mean_margin": 0.45298594461150843
      },
      "corner_anchors": {
        "top_left": 0.15694020688533783,
        "top_right": 0.16074912250041962,
        "bottom_left": 0.05048622190952301,
        "bottom_right": 0.21590395271778107,
        "max_corner_weight": 0.21590395271778107,
        "has_corner_subject": 0
      }
    }
  }
}