{
  "meta": {
    "_dataset": "tvm_data",
    "_label": "testImages_artphoto",
    "_relpath": "testImages_artphoto/awe_0586.jpg",
    "_filename": "awe_0586.jpg",
    "_width": 545,
    "_height": 367
  },
  "features": {
    "geometric_structural": {
      "leading_lines": {
        "diagonal": 0,
        "vertical": 0,
        "horizontal": 0,
        "curved": 50
      },
      "leading_lines_strength": 0.06578947368421052,
      "symmetry_vertical": 0.5451719657736229,
      "symmetry_horizontal": 0.611461938686328,
      "symmetry_radial": 0.4068155229076232,
      "rule_of_thirds": {
        "alignment_score": 2,
        "num_salient_objects": 22
      },
      "golden_ratio": {
        "golden_alignment_score": 3
      },
      "balance": {
        "static_balance": 0.9513936638832092,
        "dynamic_balance": 1.0,
        "dominant_quadrant": 2
      },
      "layering": {
        "foreground_ratio": 0.21157483552631579,
        "midground_ratio": 0.31021792763157896,
        "background_ratio": 0.47820723684210525,
        "depth_complexity": 0.029636083856771526
      }
    },
    "spatial_layout": {
      "negative_space_ratio": 0.5048879523026316,
      "subject_isolation": 0.1,
      "depth_of_field": {
        "blur_gradient_strength": 30.161907176770683,
        "sharpness_variance": 4323.834233575201,
        "min_sharpness": 1.104190104625125,
        "max_sharpness": 335.33167425476347
      },
      "perspective": {
        "has_vanishing_point": 1,
        "perspective_strength": 0.3333333333333333
      }
    },
    "contrast_color": {
      "high_contrast_ratio": 0.36200143914473687,
      "low_contrast_ratio": 0.6379985608552632,
      "mean_contrast": 18.782304763793945,
      "highlight_ratio": 0.12526212632656097,
      "shadow_ratio": 0.15009251236915588,
      "midtone_ratio": 0.7246453762054443,
      "warm_color_ratio": 0.5741416529605263,
      "cool_color_ratio": 0.009842722039473685,
      "complementary_color_score": 2.1666666666666665
    },
    "motion_dynamics": {
      "s_curve_count": 117,
      "motion_blur_score": 17.521663734204786,
      "dominant_direction_deg": 4.999999999999995,
      "direction_strength": 0.13555972450623058
    },
    "pattern_rhythm": {
      "repetition_score": 1.0,
      "rhythm_score": 1.0,
      "pattern_breaks": 9
    },
    "visual_mass_focus": {
      "point_of_interest": {
        "x": 0.3078947368421053,
        "y": 0.755859375,
        "strength": 1.0
      },
      "visual_mass_concentration": 0.19987150493421052,
      "mean_visual_weight": 0.14393720030784607,
      "face_count": 0,
      "has_directional_cues": 0
    },
    "framing_breathing": {
      "frame_in_frame_count": 0,
      "breathing_space": {
        "top": 0.046875,
        "bottom": 0.353515625,
        "left": 0.33026315789473687,
        "right": 0.2723684210526316,
        "min_margin": 0.046875,
        "mean_margin": 0.2507555509868421
      },
      "corner_anchors": {
        "top_left": 0.3481951057910919,
        "top_right": 0.41319820284843445,
        "bottom_left": 0.6883134245872498,
        "bottom_right": 0.29942014813423157,
        "max_corner_weight": 0.6883134245872498,
        "has_corner_subject": 1
      }
    }
  }
}