{
  "meta": {
    "_dataset": "tvm_data",
    "_label": "testImages_artphoto",
    "_relpath": "testImages_artphoto/awe_0841.jpg",
    "_filename": "awe_0841.jpg",
    "_width": 374,
    "_height": 535
  },
  "features": {
    "geometric_structural": {
      "leading_lines": {
        "diagonal": 2,
        "vertical": 1,
        "horizontal": 2,
        "curved": 226
      },
      "leading_lines_strength": 0.3155737704918033,
      "symmetry_vertical": 0.24216117241868523,
      "symmetry_horizontal": 0.26197367650078407,
      "symmetry_radial": 0.173035190357838,
      "rule_of_thirds": {
        "alignment_score": 1,
        "num_salient_objects": 50
      },
      "golden_ratio": {
        "golden_alignment_score": 5
      },
      "balance": {
        "static_balance": 0.8889920711517334,
        "dynamic_balance": 1.0,
        "dominant_quadrant": 2
      },
      "layering": {
        "foreground_ratio": 0.3357026980874317,
        "midground_ratio": 0.29730724897540983,
        "background_ratio": 0.3669900529371585,
        "depth_complexity": 0.08062532809158067
      }
    },
    "spatial_layout": {
      "negative_space_ratio": 0.7967629354508197,
      "subject_isolation": 0.10000160092213115,
      "depth_of_field": {
        "blur_gradient_strength": 63.13696503655416,
        "sharpness_variance": 10486.472067950177,
        "min_sharpness": 0.0,
        "max_sharpness": 468.3972510572857
      },
      "perspective": {
        "has_vanishing_point": 1,
        "perspective_strength": 0.9927272727272727
      }
    },
    "contrast_color": {
      "high_contrast_ratio": 0.5015849129098361,
      "low_contrast_ratio": 0.4984150870901639,
      "mean_contrast": 28.772409439086914,
      "highlight_ratio": 0.033163100481033325,
      "shadow_ratio": 0.5659259557723999,
      "midtone_ratio": 0.40091097354888916,
      "warm_color_ratio": 0.48270737278005466,
      "cool_color_ratio": 0.013733243681693989,
      "complementary_color_score": 2.388888888888889
    },
    "motion_dynamics": {
      "s_curve_count": 257,
      "motion_blur_score": 5.880769845321794,
      "dominant_direction_deg": 4.999999999999995,
      "direction_strength": 0.21035049521801796
    },
    "pattern_rhythm": {
      "repetition_score": 1.0,
      "rhythm_score": 1.0,
      "pattern_breaks": 7
    },
    "visual_mass_focus": {
      "point_of_interest": {
        "x": 0.615234375,
        "y": 0.42349726775956287,
        "strength": 1.0
      },
      "visual_mass_concentration": 0.1999605105874317,
      "mean_visual_weight": 0.10701947659254074,
      "face_count": 0,
      "has_directional_cues": 0
    },
    "framing_breathing": {
      "frame_in_frame_count": 0,
      "breathing_space": {
        "top": 0.06147540983606557,
        "bottom": 0.8265027322404371,
        "left": 0.73046875,
        "right": 0.123046875,
        "min_margin": 0.06147540983606557,
        "mean_margin": 0.4353734417691257
      },
      "corner_anchors": {
        "top_left": 0.19992968440055847,
        "top_right": 0.2297414094209671,
        "bottom_left": 0.25792109966278076,
        "bottom_right": 0.21196874976158142,
        "max_corner_weight": 0.25792109966278076,
        "has_corner_subject": 0
      }
    }
  }
}