{
  "meta": {
    "_dataset": "tvm_data",
    "_label": "emotion_dataset",
    "_relpath": "emotion_dataset/excitement/excitement_0078.jpg",
    "_filename": "excitement_0078.jpg",
    "_width": 500,
    "_height": 214
  },
  "features": {
    "geometric_structural": {
      "leading_lines": {
        "diagonal": 0,
        "vertical": 4,
        "horizontal": 30,
        "curved": 308
      },
      "leading_lines_strength": 0.28595317725752506,
      "symmetry_vertical": 0.2695240289184516,
      "symmetry_horizontal": 0.23959364910991393,
      "symmetry_radial": 0.15518619889749405,
      "rule_of_thirds": {
        "alignment_score": 2,
        "num_salient_objects": 23
      },
      "golden_ratio": {
        "golden_alignment_score": 1
      },
      "balance": {
        "static_balance": 0.8550258874893188,
        "dynamic_balance": 1.0,
        "dominant_quadrant": 0
      },
      "layering": {
        "foreground_ratio": 0.3191628344481605,
        "midground_ratio": 0.2226072585702341,
        "background_ratio": 0.4582299069816054,
        "depth_complexity": 0.3713090999947743
      }
    },
    "spatial_layout": {
      "negative_space_ratio": 0.7877185017767558,
      "subject_isolation": 0.10000130643812709,
      "depth_of_field": {
        "blur_gradient_strength": 320.8563955006707,
        "sharpness_variance": 205313.30702919007,
        "min_sharpness": 0.8427527873894652,
        "max_sharpness": 3355.7695769866996
      },
      "perspective": {
        "has_vanishing_point": 1,
        "perspective_strength": 0.9116981132075471
      }
    },
    "contrast_color": {
      "high_contrast_ratio": 0.45265631532190637,
      "low_contrast_ratio": 0.5473436846780937,
      "mean_contrast": 28.779653549194336,
      "highlight_ratio": 0.06589183956384659,
      "shadow_ratio": 0.45081913471221924,
      "midtone_ratio": 0.4832890033721924,
      "warm_color_ratio": 0.15706978992474915,
      "cool_color_ratio": 0.30757799435618727,
      "complementary_color_score": 2.0
    },
    "motion_dynamics": {
      "s_curve_count": 351,
      "motion_blur_score": 6.604405646337525,
      "dominant_direction_deg": 4.999999999999995,
      "direction_strength": 0.0680458298493872
    },
    "pattern_rhythm": {
      "repetition_score": 1.0,
      "rhythm_score": 1.0,
      "pattern_breaks": 10
    },
    "visual_mass_focus": {
      "point_of_interest": {
        "x": 0.18561872909698995,
        "y": 0.279296875,
        "strength": 1.0
      },
      "visual_mass_concentration": 0.199992814590301,
      "mean_visual_weight": 0.09069903194904327,
      "face_count": 0,
      "has_directional_cues": 0
    },
    "framing_breathing": {
      "frame_in_frame_count": 0,
      "breathing_space": {
        "top": 0.095703125,
        "bottom": 0.58203125,
        "left": 0.0,
        "right": 0.7842809364548495,
        "min_margin": 0.0,
        "mean_margin": 0.3655038278637124
      },
      "corner_anchors": {
        "top_left": 0.5214561223983765,
        "top_right": 0.15654055774211884,
        "bottom_left": 0.3161446154117584,
        "bottom_right": 0.2794083058834076,
        "max_corner_weight": 0.5214561223983765,
        "has_corner_subject": 1
      }
    }
  }
}