{
  "meta": {
    "_dataset": "tvm_data",
    "_label": "emotion_dataset",
    "_relpath": "emotion_dataset/excitement/excitement_0000.jpg",
    "_filename": "excitement_0000.jpg",
    "_width": 500,
    "_height": 333
  },
  "features": {
    "geometric_structural": {
      "leading_lines": {
        "diagonal": 1,
        "vertical": 0,
        "horizontal": 3,
        "curved": 153
      },
      "leading_lines_strength": 0.20416124837451236,
      "symmetry_vertical": 0.24470414788099062,
      "symmetry_horizontal": 0.25905125036479987,
      "symmetry_radial": 0.1692388432161879,
      "rule_of_thirds": {
        "alignment_score": 4,
        "num_salient_objects": 57
      },
      "golden_ratio": {
        "golden_alignment_score": 9
      },
      "balance": {
        "static_balance": 0.9118025302886963,
        "dynamic_balance": 1.0,
        "dominant_quadrant": 3
      },
      "layering": {
        "foreground_ratio": 0.28321582412223667,
        "midground_ratio": 0.17822710094278282,
        "background_ratio": 0.5385570749349805,
        "depth_complexity": 0.5982787145337995
      }
    },
    "spatial_layout": {
      "negative_space_ratio": 0.3397548561443433,
      "subject_isolation": 0.10000050796488946,
      "depth_of_field": {
        "blur_gradient_strength": 578.0618558979814,
        "sharpness_variance": 906725.4507273044,
        "min_sharpness": 2.801599538579859,
        "max_sharpness": 4382.583400847957
      },
      "perspective": {
        "has_vanishing_point": 1,
        "perspective_strength": 0.9044117647058824
      }
    },
    "contrast_color": {
      "high_contrast_ratio": 0.49649250243823145,
      "low_contrast_ratio": 0.5035074975617686,
      "mean_contrast": 45.117401123046875,
      "highlight_ratio": 0.3519688844680786,
      "shadow_ratio": 0.1858287900686264,
      "midtone_ratio": 0.4622023105621338,
      "warm_color_ratio": 0.20027785679453836,
      "cool_color_ratio": 0.14641072009102732,
      "complementary_color_score": 2.5
    },
    "motion_dynamics": {
      "s_curve_count": 230,
      "motion_blur_score": 7.79677687745666,
      "dominant_direction_deg": -85.0,
      "direction_strength": 0.05416937581260624
    },
    "pattern_rhythm": {
      "repetition_score": 1.0,
      "rhythm_score": 1.0,
      "pattern_breaks": 17
    },
    "visual_mass_focus": {
      "point_of_interest": {
        "x": 0.6605981794538361,
        "y": 0.642578125,
        "strength": 1.0
      },
      "visual_mass_concentration": 0.1999832371586476,
      "mean_visual_weight": 0.09202486276626587,
      "face_count": 0,
      "has_directional_cues": 0
    },
    "framing_breathing": {
      "frame_in_frame_count": 0,
      "breathing_space": {
        "top": 0.3125,
        "bottom": 0.095703125,
        "left": 0.44733420026007803,
        "right": 0.013003901170351105,
        "min_margin": 0.013003901170351105,
        "mean_margin": 0.21713530660760727
      },
      "corner_anchors": {
        "top_left": 0.5474874973297119,
        "top_right": 0.35604169964790344,
        "bottom_left": 0.22802166640758514,
        "bottom_right": 0.49833476543426514,
        "max_corner_weight": 0.5474874973297119,
        "has_corner_subject": 1
      }
    }
  }
}