{
  "meta": {
    "_dataset": "tvm_data",
    "_label": "emotion_dataset",
    "_relpath": "emotion_dataset/excitement/excitement_2821.jpg",
    "_filename": "excitement_2821.jpg",
    "_width": 500,
    "_height": 331
  },
  "features": {
    "geometric_structural": {
      "leading_lines": {
        "diagonal": 1,
        "vertical": 1,
        "horizontal": 5,
        "curved": 173
      },
      "leading_lines_strength": 0.23285899094437257,
      "symmetry_vertical": 0.3428099901126039,
      "symmetry_horizontal": 0.22992021359324655,
      "symmetry_radial": 0.19200459653145985,
      "rule_of_thirds": {
        "alignment_score": 2,
        "num_salient_objects": 35
      },
      "golden_ratio": {
        "golden_alignment_score": 6
      },
      "balance": {
        "static_balance": 0.9240074157714844,
        "dynamic_balance": 1.0,
        "dominant_quadrant": 1
      },
      "layering": {
        "foreground_ratio": 0.30462433295601554,
        "midground_ratio": 0.17047016494178524,
        "background_ratio": 0.5249055021021992,
        "depth_complexity": 0.40417304428776596
      }
    },
    "spatial_layout": {
      "negative_space_ratio": 0.7185428120957309,
      "subject_isolation": 0.10000101067270376,
      "depth_of_field": {
        "blur_gradient_strength": 446.7629293313396,
        "sharpness_variance": 395810.0769132797,
        "min_sharpness": 0.25,
        "max_sharpness": 3843.9273356401395
      },
      "perspective": {
        "has_vanishing_point": 1,
        "perspective_strength": 0.8627450980392157
      }
    },
    "contrast_color": {
      "high_contrast_ratio": 0.5238190289456662,
      "low_contrast_ratio": 0.47618097105433377,
      "mean_contrast": 34.262081146240234,
      "highlight_ratio": 0.062148790806531906,
      "shadow_ratio": 0.6125383973121643,
      "midtone_ratio": 0.3253127932548523,
      "warm_color_ratio": 0.3295500485122898,
      "cool_color_ratio": 0.519551463454075,
      "complementary_color_score": 2.388888888888889
    },
    "motion_dynamics": {
      "s_curve_count": 255,
      "motion_blur_score": 5.228744997374226,
      "dominant_direction_deg": 4.999999999999995,
      "direction_strength": 0.09224409767117701
    },
    "pattern_rhythm": {
      "repetition_score": 1.0,
      "rhythm_score": 1.0,
      "pattern_breaks": 15
    },
    "visual_mass_focus": {
      "point_of_interest": {
        "x": 0.7141009055627425,
        "y": 0.3984375,
        "strength": 1.0
      },
      "visual_mass_concentration": 0.19999444130012936,
      "mean_visual_weight": 0.15530720353126526,
      "face_count": 5,
      "has_directional_cues": 1
    },
    "framing_breathing": {
      "frame_in_frame_count": 0,
      "breathing_space": {
        "top": 0.341796875,
        "bottom": 0.408203125,
        "left": 0.8137128072445019,
        "right": 0.0,
        "min_margin": 0.0,
        "mean_margin": 0.3909282018111255
      },
      "corner_anchors": {
        "top_left": 0.26998135447502136,
        "top_right": 0.34033292531967163,
        "bottom_left": 0.3080560863018036,
        "bottom_right": 0.24612365663051605,
        "max_corner_weight": 0.34033292531967163,
        "has_corner_subject": 1
      }
    }
  }
}