{
  "meta": {
    "_dataset": "tvm_data",
    "_label": "emotion_dataset",
    "_relpath": "emotion_dataset/excitement/excitement_0025.jpg",
    "_filename": "excitement_0025.jpg",
    "_width": 500,
    "_height": 374
  },
  "features": {
    "geometric_structural": {
      "leading_lines": {
        "diagonal": 0,
        "vertical": 0,
        "horizontal": 6,
        "curved": 21
      },
      "leading_lines_strength": 0.039473684210526314,
      "symmetry_vertical": 0.9771527376798655,
      "symmetry_horizontal": 0.9464629588009211,
      "symmetry_radial": 0.7790575531735873,
      "rule_of_thirds": {
        "alignment_score": 0,
        "num_salient_objects": 31
      },
      "golden_ratio": {
        "golden_alignment_score": 0
      },
      "balance": {
        "static_balance": 0.8507181406021118,
        "dynamic_balance": 1.0,
        "dominant_quadrant": 3
      },
      "layering": {
        "foreground_ratio": 0.08667991593567251,
        "midground_ratio": 0.0,
        "background_ratio": 0.9133200840643275,
        "depth_complexity": 0.07273673527005359
      }
    },
    "spatial_layout": {
      "negative_space_ratio": 0.010142543859649123,
      "subject_isolation": 0.08759651407163743,
      "depth_of_field": {
        "blur_gradient_strength": 107.22955140218531,
        "sharpness_variance": 58582.54731479464,
        "min_sharpness": 0.0,
        "max_sharpness": 1584.1786850087676
      },
      "perspective": {
        "has_vanishing_point": 1,
        "perspective_strength": 0.8461538461538461
      }
    },
    "contrast_color": {
      "high_contrast_ratio": 0.14589329769736842,
      "low_contrast_ratio": 0.8541067023026316,
      "mean_contrast": 2.981614351272583,
      "highlight_ratio": 0.9912823438644409,
      "shadow_ratio": 0.0,
      "midtone_ratio": 0.008717656135559082,
      "warm_color_ratio": 0.0,
      "cool_color_ratio": 0.0,
      "complementary_color_score": 0.0
    },
    "motion_dynamics": {
      "s_curve_count": 20,
      "motion_blur_score": 47.19448055510283,
      "dominant_direction_deg": 4.999999999999995,
      "direction_strength": 0.9181372213058578
    },
    "pattern_rhythm": {
      "repetition_score": 1.0,
      "rhythm_score": 1.0,
      "pattern_breaks": 0
    },
    "visual_mass_focus": {
      "point_of_interest": {
        "x": 0.7719298245614035,
        "y": 0.2734375,
        "strength": 1.0
      },
      "visual_mass_concentration": 0.0,
      "mean_visual_weight": 0.0,
      "face_count": 0,
      "has_directional_cues": 0
    },
    "framing_breathing": {
      "frame_in_frame_count": 0,
      "breathing_space": {
        "top": 0.64453125,
        "bottom": 0.333984375,
        "left": 0.6213450292397661,
        "right": 0.2997076023391813,
        "min_margin": 0.2997076023391813,
        "mean_margin": 0.47489206414473684
      },
      "corner_anchors": {
        "top_left": 0.008338907733559608,
        "top_right": 0.0676460713148117,
        "bottom_left": 0.008063198067247868,
        "bottom_right": 0.007845500484108925,
        "max_corner_weight": 0.0676460713148117,
        "has_corner_subject": 0
      }
    }
  }
}