{
  "meta": {
    "_dataset": "tvm_data",
    "_label": "emotion_dataset",
    "_relpath": "emotion_dataset/excitement/excitement_0919.jpg",
    "_filename": "excitement_0919.jpg",
    "_width": 500,
    "_height": 333
  },
  "features": {
    "geometric_structural": {
      "leading_lines": {
        "diagonal": 31,
        "vertical": 0,
        "horizontal": 0,
        "curved": 258
      },
      "leading_lines_strength": 0.37581274382314694,
      "symmetry_vertical": 0.3250699677074921,
      "symmetry_horizontal": 0.46539798108815816,
      "symmetry_radial": 0.3845133374122794,
      "rule_of_thirds": {
        "alignment_score": 3,
        "num_salient_objects": 34
      },
      "golden_ratio": {
        "golden_alignment_score": 7
      },
      "balance": {
        "static_balance": 0.872156023979187,
        "dynamic_balance": 1.0,
        "dominant_quadrant": 2
      },
      "layering": {
        "foreground_ratio": 0.3151642758452536,
        "midground_ratio": 0.09116699853706112,
        "background_ratio": 0.5936687256176854,
        "depth_complexity": 1.2951526021181008
      }
    },
    "spatial_layout": {
      "negative_space_ratio": 0.8690542709687906,
      "subject_isolation": 0.10000050796488946,
      "depth_of_field": {
        "blur_gradient_strength": 1242.7581838504857,
        "sharpness_variance": 3657332.7588730273,
        "min_sharpness": 0.0,
        "max_sharpness": 10029.264902846196
      },
      "perspective": {
        "has_vanishing_point": 1,
        "perspective_strength": 0.9463913620003789
      }
    },
    "contrast_color": {
      "high_contrast_ratio": 0.39766031371911575,
      "low_contrast_ratio": 0.6023396862808843,
      "mean_contrast": 28.620773315429688,
      "highlight_ratio": 0.0416683591902256,
      "shadow_ratio": 0.8288463354110718,
      "midtone_ratio": 0.12948530912399292,
      "warm_color_ratio": 0.33199315263329,
      "cool_color_ratio": 0.011675572984395319,
      "complementary_color_score": 2.6666666666666665
    },
    "motion_dynamics": {
      "s_curve_count": 212,
      "motion_blur_score": 3.1738089634296016,
      "dominant_direction_deg": 4.999999999999995,
      "direction_strength": 0.5227492075734448
    },
    "pattern_rhythm": {
      "repetition_score": 1.0,
      "rhythm_score": 1.0,
      "pattern_breaks": 17
    },
    "visual_mass_focus": {
      "point_of_interest": {
        "x": 0.43823146944083224,
        "y": 0.708984375,
        "strength": 1.0
      },
      "visual_mass_concentration": 0.19998069733420026,
      "mean_visual_weight": 0.034681931138038635,
      "face_count": 0,
      "has_directional_cues": 0
    },
    "framing_breathing": {
      "frame_in_frame_count": 0,
      "breathing_space": {
        "top": 0.84375,
        "bottom": 0.0,
        "left": 0.27308192457737324,
        "right": 0.46293888166449937,
        "min_margin": 0.0,
        "mean_margin": 0.3949427015604682
      },
      "corner_anchors": {
        "top_left": 0.13066308200359344,
        "top_right": 0.13169214129447937,
        "bottom_left": 0.17709627747535706,
        "bottom_right": 0.13042591512203217,
        "max_corner_weight": 0.17709627747535706,
        "has_corner_subject": 0
      }
    }
  }
}