{
  "meta": {
    "_dataset": "tvm_data",
    "_label": "emotion_dataset",
    "_relpath": "emotion_dataset/excitement/excitement_0193.jpg",
    "_filename": "excitement_0193.jpg",
    "_width": 500,
    "_height": 333
  },
  "features": {
    "geometric_structural": {
      "leading_lines": {
        "diagonal": 35,
        "vertical": 1,
        "horizontal": 41,
        "curved": 635
      },
      "leading_lines_strength": 0.9258777633289987,
      "symmetry_vertical": 0.2700444571576676,
      "symmetry_horizontal": 0.2332977236688827,
      "symmetry_radial": 0.17482513048270518,
      "rule_of_thirds": {
        "alignment_score": 0,
        "num_salient_objects": 43
      },
      "golden_ratio": {
        "golden_alignment_score": 0
      },
      "balance": {
        "static_balance": 0.9840073585510254,
        "dynamic_balance": 1.0,
        "dominant_quadrant": 3
      },
      "layering": {
        "foreground_ratio": 0.30566279258777634,
        "midground_ratio": 0.23586333712613783,
        "background_ratio": 0.4584738702860858,
        "depth_complexity": 0.8737971611122806
      }
    },
    "spatial_layout": {
      "negative_space_ratio": 0.3833636419050715,
      "subject_isolation": 0.10000050796488946,
      "depth_of_field": {
        "blur_gradient_strength": 833.6774507956106,
        "sharpness_variance": 1653487.5848886436,
        "min_sharpness": 20.891487776933754,
        "max_sharpness": 7472.94425221069
      },
      "perspective": {
        "has_vanishing_point": 1,
        "perspective_strength": 0.9993909866017052
      }
    },
    "contrast_color": {
      "high_contrast_ratio": 0.3870387678803641,
      "low_contrast_ratio": 0.6129612321196358,
      "mean_contrast": 27.40715217590332,
      "highlight_ratio": 0.08228269219398499,
      "shadow_ratio": 0.06983247399330139,
      "midtone_ratio": 0.8478848934173584,
      "warm_color_ratio": 0.7004683436280884,
      "cool_color_ratio": 0.19228502925877763,
      "complementary_color_score": 2.0
    },
    "motion_dynamics": {
      "s_curve_count": 450,
      "motion_blur_score": 8.40472404218176,
      "dominant_direction_deg": 4.999999999999995,
      "direction_strength": 0.03509021456428019
    },
    "pattern_rhythm": {
      "repetition_score": 1.0,
      "rhythm_score": 1.0,
      "pattern_breaks": 8
    },
    "visual_mass_focus": {
      "point_of_interest": {
        "x": 0.6970091027308193,
        "y": 0.83203125,
        "strength": 1.0
      },
      "visual_mass_concentration": 0.19992736102080624,
      "mean_visual_weight": 0.3766293227672577,
      "face_count": 0,
      "has_directional_cues": 0
    },
    "framing_breathing": {
      "frame_in_frame_count": 0,
      "breathing_space": {
        "top": 0.0,
        "bottom": 0.595703125,
        "left": 0.11573472041612484,
        "right": 0.6085825747724317,
        "min_margin": 0.0,
        "mean_margin": 0.33000510504713915
      },
      "corner_anchors": {
        "top_left": 0.3686482012271881,
        "top_right": 0.3046836853027344,
        "bottom_left": 0.4176986813545227,
        "bottom_right": 0.5990729331970215,
        "max_corner_weight": 0.5990729331970215,
        "has_corner_subject": 1
      }
    }
  }
}