{
  "meta": {
    "_dataset": "tvm_data",
    "_label": "emotion_dataset",
    "_relpath": "emotion_dataset/excitement/excitement_2471.jpg",
    "_filename": "excitement_2471.jpg",
    "_width": 500,
    "_height": 375
  },
  "features": {
    "geometric_structural": {
      "leading_lines": {
        "diagonal": 0,
        "vertical": 0,
        "horizontal": 13,
        "curved": 197
      },
      "leading_lines_strength": 0.3074670571010249,
      "symmetry_vertical": 0.4426950554698314,
      "symmetry_horizontal": 0.3264533976704866,
      "symmetry_radial": 0.29774150650888026,
      "rule_of_thirds": {
        "alignment_score": 1,
        "num_salient_objects": 36
      },
      "golden_ratio": {
        "golden_alignment_score": 2
      },
      "balance": {
        "static_balance": 0.7961585521697998,
        "dynamic_balance": 1.0,
        "dominant_quadrant": 0
      },
      "layering": {
        "foreground_ratio": 0.3388257229136164,
        "midground_ratio": 0.2639206625183016,
        "background_ratio": 0.397253614568082,
        "depth_complexity": 0.6572657489885495
      }
    },
    "spatial_layout": {
      "negative_space_ratio": 0.18906421577598828,
      "subject_isolation": 0.10000114385065886,
      "depth_of_field": {
        "blur_gradient_strength": 499.8437981714427,
        "sharpness_variance": 786903.6754877544,
        "min_sharpness": 7.1598602909211415,
        "max_sharpness": 4238.873715060351
      },
      "perspective": {
        "has_vanishing_point": 1,
        "perspective_strength": 0.9925803792250618
      }
    },
    "contrast_color": {
      "high_contrast_ratio": 0.34637227763543194,
      "low_contrast_ratio": 0.6536277223645681,
      "mean_contrast": 23.763948440551758,
      "highlight_ratio": 0.21597330272197723,
      "shadow_ratio": 0.07859683781862259,
      "midtone_ratio": 0.7054298520088196,
      "warm_color_ratio": 0.19989076226207905,
      "cool_color_ratio": 0.6136815977306003,
      "complementary_color_score": 2.0
    },
    "motion_dynamics": {
      "s_curve_count": 180,
      "motion_blur_score": 11.987248090179417,
      "dominant_direction_deg": -85.0,
      "direction_strength": 0.053758121339524165
    },
    "pattern_rhythm": {
      "repetition_score": 1.0,
      "rhythm_score": 1.0,
      "pattern_breaks": 10
    },
    "visual_mass_focus": {
      "point_of_interest": {
        "x": 0.38945827232796487,
        "y": 0.23046875,
        "strength": 1.0
      },
      "visual_mass_concentration": 0.19978209644948755,
      "mean_visual_weight": 0.2724907100200653,
      "face_count": 0,
      "has_directional_cues": 0
    },
    "framing_breathing": {
      "frame_in_frame_count": 0,
      "breathing_space": {
        "top": 0.142578125,
        "bottom": 0.6484375,
        "left": 0.0,
        "right": 0.18740849194729137,
        "min_margin": 0.0,
        "mean_margin": 0.24460602923682284
      },
      "corner_anchors": {
        "top_left": 0.4566938281059265,
        "top_right": 0.20890991389751434,
        "bottom_left": 0.19976817071437836,
        "bottom_right": 0.20506730675697327,
        "max_corner_weight": 0.4566938281059265,
        "has_corner_subject": 1
      }
    }
  }
}