{
  "meta": {
    "_dataset": "tvm_data",
    "_label": "emotion_dataset",
    "_relpath": "emotion_dataset/excitement/excitement_0384.jpg",
    "_filename": "excitement_0384.jpg",
    "_width": 500,
    "_height": 500
  },
  "features": {
    "geometric_structural": {
      "leading_lines": {
        "diagonal": 9,
        "vertical": 21,
        "horizontal": 8,
        "curved": 194
      },
      "leading_lines_strength": 0.453125,
      "symmetry_vertical": 0.12230413362022904,
      "symmetry_horizontal": 0.2331475444698508,
      "symmetry_radial": 0.10689739400644228,
      "rule_of_thirds": {
        "alignment_score": 0,
        "num_salient_objects": 30
      },
      "golden_ratio": {
        "golden_alignment_score": 1
      },
      "balance": {
        "static_balance": 0.9591749906539917,
        "dynamic_balance": 1.0,
        "dominant_quadrant": 1
      },
      "layering": {
        "foreground_ratio": 0.32851409912109375,
        "midground_ratio": 0.22927093505859375,
        "background_ratio": 0.4422149658203125,
        "depth_complexity": 2.2326563782582376
      }
    },
    "spatial_layout": {
      "negative_space_ratio": 0.5943145751953125,
      "subject_isolation": 0.10000228881835938,
      "depth_of_field": {
        "blur_gradient_strength": 2464.868742128482,
        "sharpness_variance": 10093785.927332062,
        "min_sharpness": 0.0,
        "max_sharpness": 14833.109461492719
      },
      "perspective": {
        "has_vanishing_point": 1,
        "perspective_strength": 0.9996582365003418
      }
    },
    "contrast_color": {
      "high_contrast_ratio": 0.4793701171875,
      "low_contrast_ratio": 0.5206298828125,
      "mean_contrast": 35.85993194580078,
      "highlight_ratio": 0.28119659423828125,
      "shadow_ratio": 0.4345207214355469,
      "midtone_ratio": 0.2842826843261719,
      "warm_color_ratio": 0.3964118957519531,
      "cool_color_ratio": 0.033405303955078125,
      "complementary_color_score": 2.2777777777777777
    },
    "motion_dynamics": {
      "s_curve_count": 183,
      "motion_blur_score": 5.7409999367322,
      "dominant_direction_deg": 4.999999999999995,
      "direction_strength": 0.29735565185433444
    },
    "pattern_rhythm": {
      "repetition_score": 1.0,
      "rhythm_score": 1.0,
      "pattern_breaks": 3
    },
    "visual_mass_focus": {
      "point_of_interest": {
        "x": 0.658203125,
        "y": 0.291015625,
        "strength": 1.0
      },
      "visual_mass_concentration": 0.19983673095703125,
      "mean_visual_weight": 0.06719183176755905,
      "face_count": 0,
      "has_directional_cues": 0
    },
    "framing_breathing": {
      "frame_in_frame_count": 0,
      "breathing_space": {
        "top": 0.0,
        "bottom": 0.37109375,
        "left": 0.33203125,
        "right": 0.0,
        "min_margin": 0.0,
        "mean_margin": 0.17578125
      },
      "corner_anchors": {
        "top_left": 0.6064320206642151,
        "top_right": 0.953492283821106,
        "bottom_left": 0.5835812091827393,
        "bottom_right": 0.585654079914093,
        "max_corner_weight": 0.953492283821106,
        "has_corner_subject": 1
      }
    }
  }
}