{
  "meta": {
    "_dataset": "tvm_data",
    "_label": "emotion_dataset",
    "_relpath": "emotion_dataset/excitement/excitement_1721.jpg",
    "_filename": "excitement_1721.jpg",
    "_width": 500,
    "_height": 333
  },
  "features": {
    "geometric_structural": {
      "leading_lines": {
        "diagonal": 2,
        "vertical": 5,
        "horizontal": 29,
        "curved": 202
      },
      "leading_lines_strength": 0.3094928478543563,
      "symmetry_vertical": 0.390257024046672,
      "symmetry_horizontal": 0.3146968657194986,
      "symmetry_radial": 0.2494797529964677,
      "rule_of_thirds": {
        "alignment_score": 0,
        "num_salient_objects": 15
      },
      "golden_ratio": {
        "golden_alignment_score": 2
      },
      "balance": {
        "static_balance": 0.8155519962310791,
        "dynamic_balance": 1.0,
        "dominant_quadrant": 2
      },
      "layering": {
        "foreground_ratio": 0.30998811362158646,
        "midground_ratio": 0.21660130851755527,
        "background_ratio": 0.4734105778608583,
        "depth_complexity": 1.061682811837053
      }
    },
    "spatial_layout": {
      "negative_space_ratio": 0.8555144668400521,
      "subject_isolation": 0.10000050796488946,
      "depth_of_field": {
        "blur_gradient_strength": 1042.051382044047,
        "sharpness_variance": 3316240.0995416325,
        "min_sharpness": 0.5490196078431373,
        "max_sharpness": 9997.16955017301
      },
      "perspective": {
        "has_vanishing_point": 1,
        "perspective_strength": 0.999302649930265
      }
    },
    "contrast_color": {
      "high_contrast_ratio": 0.40478452129388814,
      "low_contrast_ratio": 0.5952154787061119,
      "mean_contrast": 24.527862548828125,
      "highlight_ratio": 0.02684340439736843,
      "shadow_ratio": 0.8138588070869446,
      "midtone_ratio": 0.15929776430130005,
      "warm_color_ratio": 0.42787660516905074,
      "cool_color_ratio": 0.09271375162548764,
      "complementary_color_score": 2.0
    },
    "motion_dynamics": {
      "s_curve_count": 216,
      "motion_blur_score": 3.224240367904035,
      "dominant_direction_deg": 4.999999999999995,
      "direction_strength": 0.27348829648825207
    },
    "pattern_rhythm": {
      "repetition_score": 1.0,
      "rhythm_score": 1.0,
      "pattern_breaks": 7
    },
    "visual_mass_focus": {
      "point_of_interest": {
        "x": 0.32769830949284784,
        "y": 0.783203125,
        "strength": 1.0
      },
      "visual_mass_concentration": 0.1998867238296489,
      "mean_visual_weight": 0.06539470702409744,
      "face_count": 0,
      "has_directional_cues": 0
    },
    "framing_breathing": {
      "frame_in_frame_count": 0,
      "breathing_space": {
        "top": 0.666015625,
        "bottom": 0.16015625,
        "left": 0.11313394018205461,
        "right": 0.459037711313394,
        "min_margin": 0.11313394018205461,
        "mean_margin": 0.34958588162386217
      },
      "corner_anchors": {
        "top_left": 0.12355756759643555,
        "top_right": 0.13098041713237762,
        "bottom_left": 0.31008216738700867,
        "bottom_right": 0.0675421953201294,
        "max_corner_weight": 0.31008216738700867,
        "has_corner_subject": 1
      }
    }
  }
}