{
  "meta": {
    "_dataset": "tvm_data",
    "_label": "emotion_dataset",
    "_relpath": "emotion_dataset/excitement/excitement_0229.jpg",
    "_filename": "excitement_0229.jpg",
    "_width": 500,
    "_height": 333
  },
  "features": {
    "geometric_structural": {
      "leading_lines": {
        "diagonal": 0,
        "vertical": 0,
        "horizontal": 8,
        "curved": 205
      },
      "leading_lines_strength": 0.27698309492847856,
      "symmetry_vertical": 0.3686516385186544,
      "symmetry_horizontal": 0.3122834179092006,
      "symmetry_radial": 0.23650129105035864,
      "rule_of_thirds": {
        "alignment_score": 0,
        "num_salient_objects": 4
      },
      "golden_ratio": {
        "golden_alignment_score": 0
      },
      "balance": {
        "static_balance": 0.9745721817016602,
        "dynamic_balance": 1.0,
        "dominant_quadrant": 0
      },
      "layering": {
        "foreground_ratio": 0.30262516254876465,
        "midground_ratio": 0.2435539255526658,
        "background_ratio": 0.45382091189856955,
        "depth_complexity": 0.21010310671068363
      }
    },
    "spatial_layout": {
      "negative_space_ratio": 0.6076987158647594,
      "subject_isolation": 0.10000050796488946,
      "depth_of_field": {
        "blur_gradient_strength": 206.5615900172613,
        "sharpness_variance": 175679.366720391,
        "min_sharpness": 3.4371741504797866,
        "max_sharpness": 2609.0735636679533
      },
      "perspective": {
        "has_vanishing_point": 1,
        "perspective_strength": 0.9811764705882353
      }
    },
    "contrast_color": {
      "high_contrast_ratio": 0.44571633208712613,
      "low_contrast_ratio": 0.5542836679128739,
      "mean_contrast": 22.199256896972656,
      "highlight_ratio": 0.31048083305358887,
      "shadow_ratio": 0.0006197171751409769,
      "midtone_ratio": 0.6888994574546814,
      "warm_color_ratio": 0.06346259346553966,
      "cool_color_ratio": 0.2619244757802341,
      "complementary_color_score": 1.3888888888888888
    },
    "motion_dynamics": {
      "s_curve_count": 268,
      "motion_blur_score": 14.47720190836841,
      "dominant_direction_deg": 95.0,
      "direction_strength": 0.06629703754859624
    },
    "pattern_rhythm": {
      "repetition_score": 1.0,
      "rhythm_score": 1.0,
      "pattern_breaks": 1
    },
    "visual_mass_focus": {
      "point_of_interest": {
        "x": 0.8491547464239272,
        "y": 0.814453125,
        "strength": 1.0
      },
      "visual_mass_concentration": 0.19996037873862157,
      "mean_visual_weight": 0.10021284967660904,
      "face_count": 1,
      "has_directional_cues": 1
    },
    "framing_breathing": {
      "frame_in_frame_count": 0,
      "breathing_space": {
        "top": 0.439453125,
        "bottom": 0.462890625,
        "left": 0.11963589076723016,
        "right": 0.7152145643693107,
        "min_margin": 0.11963589076723016,
        "mean_margin": 0.4342985512841352
      },
      "corner_anchors": {
        "top_left": 0.2943319082260132,
        "top_right": 0.28728169202804565,
        "bottom_left": 0.2605762183666229,
        "bottom_right": 0.42911088466644287,
        "max_corner_weight": 0.42911088466644287,
        "has_corner_subject": 1
      }
    }
  }
}