{
  "meta": {
    "_dataset": "tvm_data",
    "_label": "emotion_dataset",
    "_relpath": "emotion_dataset/excitement/excitement_0154.jpg",
    "_filename": "excitement_0154.jpg",
    "_width": 500,
    "_height": 333
  },
  "features": {
    "geometric_structural": {
      "leading_lines": {
        "diagonal": 21,
        "vertical": 2,
        "horizontal": 40,
        "curved": 258
      },
      "leading_lines_strength": 0.4174252275682705,
      "symmetry_vertical": 0.4955448736595464,
      "symmetry_horizontal": 0.5342396238247629,
      "symmetry_radial": 0.31067192385399234,
      "rule_of_thirds": {
        "alignment_score": 6,
        "num_salient_objects": 117
      },
      "golden_ratio": {
        "golden_alignment_score": 10
      },
      "balance": {
        "static_balance": 0.9150327444076538,
        "dynamic_balance": 1.0,
        "dominant_quadrant": 0
      },
      "layering": {
        "foreground_ratio": 0.3199340661573472,
        "midground_ratio": 0.2365567092002601,
        "background_ratio": 0.44350922464239273,
        "depth_complexity": 1.2817933391998209
      }
    },
    "spatial_layout": {
      "negative_space_ratio": 0.21094003982444734,
      "subject_isolation": 0.10000050796488946,
      "depth_of_field": {
        "blur_gradient_strength": 907.9430756121548,
        "sharpness_variance": 2917350.2680315184,
        "min_sharpness": 0.8920607458669745,
        "max_sharpness": 6963.685226499553
      },
      "perspective": {
        "has_vanishing_point": 1,
        "perspective_strength": 0.9987979248386688
      }
    },
    "contrast_color": {
      "high_contrast_ratio": 0.45659694001950585,
      "low_contrast_ratio": 0.5434030599804942,
      "mean_contrast": 25.69544219970703,
      "highlight_ratio": 0.030145175755023956,
      "shadow_ratio": 0.1437743753194809,
      "midtone_ratio": 0.8260804414749146,
      "warm_color_ratio": 0.12288686605981794,
      "cool_color_ratio": 0.7569007030234071,
      "complementary_color_score": 2.0
    },
    "motion_dynamics": {
      "s_curve_count": 229,
      "motion_blur_score": 6.454795498271966,
      "dominant_direction_deg": 4.999999999999995,
      "direction_strength": 0.16416917262637107
    },
    "pattern_rhythm": {
      "repetition_score": 1.0,
      "rhythm_score": 1.0,
      "pattern_breaks": 31
    },
    "visual_mass_focus": {
      "point_of_interest": {
        "x": 0.47464239271781533,
        "y": 0.408203125,
        "strength": 1.0
      },
      "visual_mass_concentration": 0.19962258208712613,
      "mean_visual_weight": 0.22341839969158173,
      "face_count": 0,
      "has_directional_cues": 0
    },
    "framing_breathing": {
      "frame_in_frame_count": 0,
      "breathing_space": {
        "top": 0.248046875,
        "bottom": 0.279296875,
        "left": 0.5604681404421327,
        "right": 0.21846553966189858,
        "min_margin": 0.21846553966189858,
        "mean_margin": 0.32656935752600785
      },
      "corner_anchors": {
        "top_left": 0.18508388102054596,
        "top_right": 0.1214214339852333,
        "bottom_left": 0.2228449136018753,
        "bottom_right": 0.1493626981973648,
        "max_corner_weight": 0.2228449136018753,
        "has_corner_subject": 0
      }
    }
  }
}