{
  "meta": {
    "_dataset": "tvm_data",
    "_label": "testImages_artphoto",
    "_relpath": "testImages_artphoto/excitement_0256.jpg",
    "_filename": "excitement_0256.jpg",
    "_width": 361,
    "_height": 554
  },
  "features": {
    "geometric_structural": {
      "leading_lines": {
        "diagonal": 0,
        "vertical": 0,
        "horizontal": 0,
        "curved": 209
      },
      "leading_lines_strength": 0.26590330788804073,
      "symmetry_vertical": 0.3705424193944691,
      "symmetry_horizontal": 0.3618049259181291,
      "symmetry_radial": 0.24846152215519923,
      "rule_of_thirds": {
        "alignment_score": 2,
        "num_salient_objects": 22
      },
      "golden_ratio": {
        "golden_alignment_score": 1
      },
      "balance": {
        "static_balance": 0.9359983801841736,
        "dynamic_balance": 1.0,
        "dominant_quadrant": 0
      },
      "layering": {
        "foreground_ratio": 0.26548833094783714,
        "midground_ratio": 0.2551114225508906,
        "background_ratio": 0.4794002465012723,
        "depth_complexity": 0.09837877292417066
      }
    },
    "spatial_layout": {
      "negative_space_ratio": 0.4983500318066158,
      "subject_isolation": 0.10000198791348601,
      "depth_of_field": {
        "blur_gradient_strength": 79.13329042730437,
        "sharpness_variance": 14065.911634445421,
        "min_sharpness": 0.7381486521982125,
        "max_sharpness": 479.13481801944977
      },
      "perspective": {
        "has_vanishing_point": 1,
        "perspective_strength": 0.8311688311688312
      }
    },
    "contrast_color": {
      "high_contrast_ratio": 0.42162899570610685,
      "low_contrast_ratio": 0.5783710042938932,
      "mean_contrast": 27.097957611083984,
      "highlight_ratio": 0.27331823110580444,
      "shadow_ratio": 0.04423356056213379,
      "midtone_ratio": 0.6824482083320618,
      "warm_color_ratio": 0.9841960877862596,
      "cool_color_ratio": 0.0,
      "complementary_color_score": 0.0
    },
    "motion_dynamics": {
      "s_curve_count": 216,
      "motion_blur_score": 12.128038152021944,
      "dominant_direction_deg": 4.999999999999995,
      "direction_strength": 0.06513647026065239
    },
    "pattern_rhythm": {
      "repetition_score": 1.0,
      "rhythm_score": 1.0,
      "pattern_breaks": 3
    },
    "visual_mass_focus": {
      "point_of_interest": {
        "x": 0.802734375,
        "y": 0.8664122137404581,
        "strength": 1.0
      },
      "visual_mass_concentration": 0.19986979166666666,
      "mean_visual_weight": 0.5398845672607422,
      "face_count": 1,
      "has_directional_cues": 1
    },
    "framing_breathing": {
      "frame_in_frame_count": 0,
      "breathing_space": {
        "top": 0.688295165394402,
        "bottom": 0.0,
        "left": 0.0,
        "right": 0.775390625,
        "min_margin": 0.0,
        "mean_margin": 0.3659214475986005
      },
      "corner_anchors": {
        "top_left": 0.5466257929801941,
        "top_right": 0.2122664600610733,
        "bottom_left": 0.6214373111724854,
        "bottom_right": 0.4596974849700928,
        "max_corner_weight": 0.6214373111724854,
        "has_corner_subject": 1
      }
    }
  }
}