{
  "meta": {
    "_dataset": "tvm_data",
    "_label": "emotion_dataset",
    "_relpath": "emotion_dataset/excitement/excitement_1400.jpg",
    "_filename": "excitement_1400.jpg",
    "_width": 500,
    "_height": 346
  },
  "features": {
    "geometric_structural": {
      "leading_lines": {
        "diagonal": 0,
        "vertical": 0,
        "horizontal": 54,
        "curved": 518
      },
      "leading_lines_strength": 0.772972972972973,
      "symmetry_vertical": 0.24855838575050898,
      "symmetry_horizontal": 0.20203704624224056,
      "symmetry_radial": 0.13723122879182523,
      "rule_of_thirds": {
        "alignment_score": 1,
        "num_salient_objects": 96
      },
      "golden_ratio": {
        "golden_alignment_score": 2
      },
      "balance": {
        "static_balance": 0.848078727722168,
        "dynamic_balance": 1.0,
        "dominant_quadrant": 1
      },
      "layering": {
        "foreground_ratio": 0.32590266047297295,
        "midground_ratio": 0.22354043496621623,
        "background_ratio": 0.4505569045608108,
        "depth_complexity": 0.49971753297943017
      }
    },
    "spatial_layout": {
      "negative_space_ratio": 0.3026050464527027,
      "subject_isolation": 0.1,
      "depth_of_field": {
        "blur_gradient_strength": 386.4772254268422,
        "sharpness_variance": 326078.1358962453,
        "min_sharpness": 5.113621309995077,
        "max_sharpness": 3776.055421265385
      },
      "perspective": {
        "has_vanishing_point": 1,
        "perspective_strength": 0.9994349005424955
      }
    },
    "contrast_color": {
      "high_contrast_ratio": 0.4945470861486487,
      "low_contrast_ratio": 0.5054529138513513,
      "mean_contrast": 35.10855484008789,
      "highlight_ratio": 0.05927470326423645,
      "shadow_ratio": 0.14157253503799438,
      "midtone_ratio": 0.7991527915000916,
      "warm_color_ratio": 0.2068016258445946,
      "cool_color_ratio": 0.12278821790540541,
      "complementary_color_score": 2.0
    },
    "motion_dynamics": {
      "s_curve_count": 479,
      "motion_blur_score": 7.998439083827246,
      "dominant_direction_deg": -85.0,
      "direction_strength": 0.04976773648635513
    },
    "pattern_rhythm": {
      "repetition_score": 1.0,
      "rhythm_score": 1.0,
      "pattern_breaks": 36
    },
    "visual_mass_focus": {
      "point_of_interest": {
        "x": 0.5445945945945946,
        "y": 0.333984375,
        "strength": 1.0
      },
      "visual_mass_concentration": 0.19976245777027027,
      "mean_visual_weight": 0.16866488754749298,
      "face_count": 0,
      "has_directional_cues": 0
    },
    "framing_breathing": {
      "frame_in_frame_count": 0,
      "breathing_space": {
        "top": 0.1953125,
        "bottom": 0.46875,
        "left": 0.6824324324324325,
        "right": 0.13108108108108107,
        "min_margin": 0.13108108108108107,
        "mean_margin": 0.36939400337837835
      },
      "corner_anchors": {
        "top_left": 0.5251255631446838,
        "top_right": 0.5217127203941345,
        "bottom_left": 0.1934814155101776,
        "bottom_right": 0.17834143340587616,
        "max_corner_weight": 0.5251255631446838,
        "has_corner_subject": 1
      }
    }
  }
}