{
  "meta": {
    "_dataset": "tvm_data",
    "_label": "emotion_dataset",
    "_relpath": "emotion_dataset/excitement/excitement_0113.jpg",
    "_filename": "excitement_0113.jpg",
    "_width": 500,
    "_height": 333
  },
  "features": {
    "geometric_structural": {
      "leading_lines": {
        "diagonal": 0,
        "vertical": 6,
        "horizontal": 8,
        "curved": 145
      },
      "leading_lines_strength": 0.2067620286085826,
      "symmetry_vertical": 0.3610576898386011,
      "symmetry_horizontal": 0.4120627098697752,
      "symmetry_radial": 0.28641182903488777,
      "rule_of_thirds": {
        "alignment_score": 0,
        "num_salient_objects": 21
      },
      "golden_ratio": {
        "golden_alignment_score": 0
      },
      "balance": {
        "static_balance": 0.9114834070205688,
        "dynamic_balance": 1.0,
        "dominant_quadrant": 3
      },
      "layering": {
        "foreground_ratio": 0.3162944977243173,
        "midground_ratio": 0.2726831721391417,
        "background_ratio": 0.41102233013654094,
        "depth_complexity": 0.3587759619626534
      }
    },
    "spatial_layout": {
      "negative_space_ratio": 0.8855834484720416,
      "subject_isolation": 0.10000050796488946,
      "depth_of_field": {
        "blur_gradient_strength": 414.5607295748609,
        "sharpness_variance": 411132.00475749135,
        "min_sharpness": 1.4206073108544743,
        "max_sharpness": 3898.64918987625
      },
      "perspective": {
        "has_vanishing_point": 1,
        "perspective_strength": 0.995702005730659
      }
    },
    "contrast_color": {
      "high_contrast_ratio": 0.462943961313394,
      "low_contrast_ratio": 0.537056038686606,
      "mean_contrast": 22.682781219482422,
      "highlight_ratio": 0.008066482841968536,
      "shadow_ratio": 0.8708499073982239,
      "midtone_ratio": 0.12108361721038818,
      "warm_color_ratio": 0.43374105981794536,
      "cool_color_ratio": 0.24143317213914176,
      "complementary_color_score": 2.2777777777777777
    },
    "motion_dynamics": {
      "s_curve_count": 175,
      "motion_blur_score": 3.1471158135868595,
      "dominant_direction_deg": 4.999999999999995,
      "direction_strength": 0.14342642636504535
    },
    "pattern_rhythm": {
      "repetition_score": 1.0,
      "rhythm_score": 1.0,
      "pattern_breaks": 3
    },
    "visual_mass_focus": {
      "point_of_interest": {
        "x": 0.5435630689206762,
        "y": 0.287109375,
        "strength": 1.0
      },
      "visual_mass_concentration": 0.1998206883940182,
      "mean_visual_weight": 0.07274039089679718,
      "face_count": 0,
      "has_directional_cues": 0
    },
    "framing_breathing": {
      "frame_in_frame_count": 0,
      "breathing_space": {
        "top": 0.43359375,
        "bottom": 0.359375,
        "left": 0.7048114434330299,
        "right": 0.20026007802340703,
        "min_margin": 0.20026007802340703,
        "mean_margin": 0.4245100678641092
      },
      "corner_anchors": {
        "top_left": 0.13442453742027283,
        "top_right": 0.08975736796855927,
        "bottom_left": 0.091483473777771,
        "bottom_right": 0.12396558374166489,
        "max_corner_weight": 0.13442453742027283,
        "has_corner_subject": 0
      }
    }
  }
}