{
  "meta": {
    "_dataset": "tvm_data",
    "_label": "emotion_dataset",
    "_relpath": "emotion_dataset/excitement/excitement_0923.jpg",
    "_filename": "excitement_0923.jpg",
    "_width": 500,
    "_height": 281
  },
  "features": {
    "geometric_structural": {
      "leading_lines": {
        "diagonal": 11,
        "vertical": 0,
        "horizontal": 538,
        "curved": 1852
      },
      "leading_lines_strength": 2.6355653128430294,
      "symmetry_vertical": 0.03921819069170859,
      "symmetry_horizontal": 0.04929894978205731,
      "symmetry_radial": 0.030314542151736266,
      "rule_of_thirds": {
        "alignment_score": 0,
        "num_salient_objects": 67
      },
      "golden_ratio": {
        "golden_alignment_score": 0
      },
      "balance": {
        "static_balance": 0.9470866918563843,
        "dynamic_balance": 1.0,
        "dominant_quadrant": 0
      },
      "layering": {
        "foreground_ratio": 0.33321684618551045,
        "midground_ratio": 0.3194334865532382,
        "background_ratio": 0.3473496672612514,
        "depth_complexity": 2.848449363048853
      }
    },
    "spatial_layout": {
      "negative_space_ratio": 0.48239400384193193,
      "subject_isolation": 0.1000017151481888,
      "depth_of_field": {
        "blur_gradient_strength": 973.0640655446767,
        "sharpness_variance": 1510676.044541843,
        "min_sharpness": 530.92519231875,
        "max_sharpness": 5764.81939856628
      },
      "perspective": {
        "has_vanishing_point": 1,
        "perspective_strength": 0.9996840863431513
      }
    },
    "contrast_color": {
      "high_contrast_ratio": 0.5315051282930845,
      "low_contrast_ratio": 0.4684948717069155,
      "mean_contrast": 42.733070373535156,
      "highlight_ratio": 0.21181437373161316,
      "shadow_ratio": 0.07658565789461136,
      "midtone_ratio": 0.7115999460220337,
      "warm_color_ratio": 0.24856785126234907,
      "cool_color_ratio": 0.0003151584796926454,
      "complementary_color_score": 2.0555555555555554
    },
    "motion_dynamics": {
      "s_curve_count": 1278,
      "motion_blur_score": 5.152009750691901,
      "dominant_direction_deg": -85.0,
      "direction_strength": 0.03615532381990053
    },
    "pattern_rhythm": {
      "repetition_score": 1.0,
      "rhythm_score": 1.0,
      "pattern_breaks": 5
    },
    "visual_mass_focus": {
      "point_of_interest": {
        "x": 0.278814489571899,
        "y": 0.236328125,
        "strength": 1.0
      },
      "visual_mass_concentration": 0.19988765779363338,
      "mean_visual_weight": 0.24745404720306396,
      "face_count": 0,
      "has_directional_cues": 0
    },
    "framing_breathing": {
      "frame_in_frame_count": 0,
      "breathing_space": {
        "top": 0.3203125,
        "bottom": 0.220703125,
        "left": 0.0,
        "right": 0.703622392974753,
        "min_margin": 0.0,
        "mean_margin": 0.31115950449368823
      },
      "corner_anchors": {
        "top_left": 0.43611887097358704,
        "top_right": 0.25733235478401184,
        "bottom_left": 0.3297979533672333,
        "bottom_right": 0.2707327604293823,
        "max_corner_weight": 0.43611887097358704,
        "has_corner_subject": 1
      }
    }
  }
}