{
  "meta": {
    "_dataset": "tvm_data",
    "_label": "emotion_dataset",
    "_relpath": "emotion_dataset/excitement/excitement_0922.jpg",
    "_filename": "excitement_0922.jpg",
    "_width": 500,
    "_height": 339
  },
  "features": {
    "geometric_structural": {
      "leading_lines": {
        "diagonal": 0,
        "vertical": 2,
        "horizontal": 3,
        "curved": 7
      },
      "leading_lines_strength": 0.015894039735099338,
      "symmetry_vertical": 0.9281539294237326,
      "symmetry_horizontal": 0.9359273572399724,
      "symmetry_radial": 0.6908172337635233,
      "rule_of_thirds": {
        "alignment_score": 0,
        "num_salient_objects": 6
      },
      "golden_ratio": {
        "golden_alignment_score": 1
      },
      "balance": {
        "static_balance": 0.9001121520996094,
        "dynamic_balance": 1.0,
        "dominant_quadrant": 1
      },
      "layering": {
        "foreground_ratio": 0.32936672185430466,
        "midground_ratio": 0.0,
        "background_ratio": 0.6706332781456954,
        "depth_complexity": 0.07590669957096496
      }
    },
    "spatial_layout": {
      "negative_space_ratio": 0.8962929428807948,
      "subject_isolation": 0.1,
      "depth_of_field": {
        "blur_gradient_strength": 129.58228736131778,
        "sharpness_variance": 82910.31996153393,
        "min_sharpness": 0.0,
        "max_sharpness": 2519.646192742415
      },
      "perspective": {
        "has_vanishing_point": 1,
        "perspective_strength": 0.7209302325581395
      }
    },
    "contrast_color": {
      "high_contrast_ratio": 0.37727649006622516,
      "low_contrast_ratio": 0.6227235099337749,
      "mean_contrast": 13.932087898254395,
      "highlight_ratio": 0.11379604786634445,
      "shadow_ratio": 5.6912253057817e-05,
      "midtone_ratio": 0.8861470222473145,
      "warm_color_ratio": 0.0007838369205298014,
      "cool_color_ratio": 0.8752405836092715,
      "complementary_color_score": 2.5555555555555554
    },
    "motion_dynamics": {
      "s_curve_count": 4,
      "motion_blur_score": 32.7434197202435,
      "dominant_direction_deg": 4.999999999999995,
      "direction_strength": 0.29116566638997526
    },
    "pattern_rhythm": {
      "repetition_score": 1.0,
      "rhythm_score": 1.0,
      "pattern_breaks": 1
    },
    "visual_mass_focus": {
      "point_of_interest": {
        "x": 0.35496688741721855,
        "y": 0.458984375,
        "strength": 1.0
      },
      "visual_mass_concentration": 0.18605132450331127,
      "mean_visual_weight": 0.1800144612789154,
      "face_count": 0,
      "has_directional_cues": 0
    },
    "framing_breathing": {
      "frame_in_frame_count": 2,
      "breathing_space": {
        "top": 0.0,
        "bottom": 0.0,
        "left": 0.0,
        "right": 0.0,
        "min_margin": 0.0,
        "mean_margin": 0.0
      },
      "corner_anchors": {
        "top_left": 0.19652290642261505,
        "top_right": 0.2557465434074402,
        "bottom_left": 0.1734665036201477,
        "bottom_right": 0.21633343398571014,
        "max_corner_weight": 0.2557465434074402,
        "has_corner_subject": 0
      }
    }
  }
}