{
  "meta": {
    "_dataset": "tvm_data",
    "_label": "emotion_dataset",
    "_relpath": "emotion_dataset/excitement/excitement_0159.jpg",
    "_filename": "excitement_0159.jpg",
    "_width": 500,
    "_height": 331
  },
  "features": {
    "geometric_structural": {
      "leading_lines": {
        "diagonal": 7,
        "vertical": 6,
        "horizontal": 19,
        "curved": 368
      },
      "leading_lines_strength": 0.517464424320828,
      "symmetry_vertical": 0.20269698790023583,
      "symmetry_horizontal": 0.21281948637479595,
      "symmetry_radial": 0.15416196373688384,
      "rule_of_thirds": {
        "alignment_score": 0,
        "num_salient_objects": 63
      },
      "golden_ratio": {
        "golden_alignment_score": 0
      },
      "balance": {
        "static_balance": 0.978708803653717,
        "dynamic_balance": 1.0,
        "dominant_quadrant": 3
      },
      "layering": {
        "foreground_ratio": 0.3059988478331177,
        "midground_ratio": 0.2232702336675291,
        "background_ratio": 0.47073091849935317,
        "depth_complexity": 0.6551301754347952
      }
    },
    "spatial_layout": {
      "negative_space_ratio": 0.518684811610608,
      "subject_isolation": 0.10000101067270376,
      "depth_of_field": {
        "blur_gradient_strength": 594.7215180679918,
        "sharpness_variance": 1400419.1664441468,
        "min_sharpness": 4.636389850057671,
        "max_sharpness": 10316.78158505564
      },
      "perspective": {
        "has_vanishing_point": 1,
        "perspective_strength": 0.9982072427393331
      }
    },
    "contrast_color": {
      "high_contrast_ratio": 0.45204358020698576,
      "low_contrast_ratio": 0.5479564197930142,
      "mean_contrast": 30.563283920288086,
      "highlight_ratio": 0.017974814400076866,
      "shadow_ratio": 0.3016352653503418,
      "midtone_ratio": 0.680389940738678,
      "warm_color_ratio": 0.6845387289780077,
      "cool_color_ratio": 0.02719214909443726,
      "complementary_color_score": 2.0
    },
    "motion_dynamics": {
      "s_curve_count": 434,
      "motion_blur_score": 6.193349801080837,
      "dominant_direction_deg": 4.999999999999995,
      "direction_strength": 0.0424634136480169
    },
    "pattern_rhythm": {
      "repetition_score": 1.0,
      "rhythm_score": 1.0,
      "pattern_breaks": 1
    },
    "visual_mass_focus": {
      "point_of_interest": {
        "x": 0.23285899094437257,
        "y": 0.806640625,
        "strength": 1.0
      },
      "visual_mass_concentration": 0.19988074062095731,
      "mean_visual_weight": 0.2677907943725586,
      "face_count": 1,
      "has_directional_cues": 1
    },
    "framing_breathing": {
      "frame_in_frame_count": 0,
      "breathing_space": {
        "top": 0.0,
        "bottom": 0.83984375,
        "left": 0.0,
        "right": 0.8576972833117723,
        "min_margin": 0.0,
        "mean_margin": 0.42438525832794305
      },
      "corner_anchors": {
        "top_left": 0.4662736654281616,
        "top_right": 0.3807283341884613,
        "bottom_left": 0.3987389802932739,
        "bottom_right": 0.39927470684051514,
        "max_corner_weight": 0.4662736654281616,
        "has_corner_subject": 1
      }
    }
  }
}