{
  "meta": {
    "_dataset": "tvm_data",
    "_label": "emotion_dataset",
    "_relpath": "emotion_dataset/excitement/excitement_0117.jpg",
    "_filename": "excitement_0117.jpg",
    "_width": 500,
    "_height": 333
  },
  "features": {
    "geometric_structural": {
      "leading_lines": {
        "diagonal": 3,
        "vertical": 0,
        "horizontal": 20,
        "curved": 205
      },
      "leading_lines_strength": 0.2964889466840052,
      "symmetry_vertical": 0.18838923108274652,
      "symmetry_horizontal": 0.15985662068344295,
      "symmetry_radial": 0.10727017496382478,
      "rule_of_thirds": {
        "alignment_score": 6,
        "num_salient_objects": 120
      },
      "golden_ratio": {
        "golden_alignment_score": 19
      },
      "balance": {
        "static_balance": 0.813697099685669,
        "dynamic_balance": 1.0,
        "dominant_quadrant": 0
      },
      "layering": {
        "foreground_ratio": 0.3130562215539662,
        "midground_ratio": 0.3120047342327698,
        "background_ratio": 0.37493904421326396,
        "depth_complexity": 0.7971336104445502
      }
    },
    "spatial_layout": {
      "negative_space_ratio": 0.3774585500650195,
      "subject_isolation": 0.10000050796488946,
      "depth_of_field": {
        "blur_gradient_strength": 560.8986267141487,
        "sharpness_variance": 771204.7384390174,
        "min_sharpness": 7.087370242214533,
        "max_sharpness": 4577.38784110036
      },
      "perspective": {
        "has_vanishing_point": 1,
        "perspective_strength": 0.994328435163702
      }
    },
    "contrast_color": {
      "high_contrast_ratio": 0.4314679169375813,
      "low_contrast_ratio": 0.5685320830624188,
      "mean_contrast": 37.535335540771484,
      "highlight_ratio": 0.18550115823745728,
      "shadow_ratio": 0.13910110294818878,
      "midtone_ratio": 0.6753977537155151,
      "warm_color_ratio": 0.17125528283485045,
      "cool_color_ratio": 0.024664235208062418,
      "complementary_color_score": 2.5
    },
    "motion_dynamics": {
      "s_curve_count": 328,
      "motion_blur_score": 8.31876419251594,
      "dominant_direction_deg": -85.0,
      "direction_strength": 0.10301781940806085
    },
    "pattern_rhythm": {
      "repetition_score": 1.0,
      "rhythm_score": 1.0,
      "pattern_breaks": 45
    },
    "visual_mass_focus": {
      "point_of_interest": {
        "x": 0.47724317295188556,
        "y": 0.408203125,
        "strength": 1.0
      },
      "visual_mass_concentration": 0.19994259996749025,
      "mean_visual_weight": 0.11166726797819138,
      "face_count": 0,
      "has_directional_cues": 0
    },
    "framing_breathing": {
      "frame_in_frame_count": 0,
      "breathing_space": {
        "top": 0.0,
        "bottom": 0.7265625,
        "left": 0.23927178153446033,
        "right": 0.0,
        "min_margin": 0.0,
        "mean_margin": 0.24145857038361507
      },
      "corner_anchors": {
        "top_left": 0.5441862940788269,
        "top_right": 0.6353046298027039,
        "bottom_left": 0.12423169612884521,
        "bottom_right": 0.2266940027475357,
        "max_corner_weight": 0.6353046298027039,
        "has_corner_subject": 1
      }
    }
  }
}