{
  "meta": {
    "_dataset": "tvm_data",
    "_label": "emotion_dataset",
    "_relpath": "emotion_dataset/excitement/excitement_0921.jpg",
    "_filename": "excitement_0921.jpg",
    "_width": 500,
    "_height": 333
  },
  "features": {
    "geometric_structural": {
      "leading_lines": {
        "diagonal": 1,
        "vertical": 1,
        "horizontal": 1,
        "curved": 114
      },
      "leading_lines_strength": 0.15214564369310793,
      "symmetry_vertical": 0.28203769555347363,
      "symmetry_horizontal": 0.36668438593708436,
      "symmetry_radial": 0.20591217218968627,
      "rule_of_thirds": {
        "alignment_score": 0,
        "num_salient_objects": 18
      },
      "golden_ratio": {
        "golden_alignment_score": 0
      },
      "balance": {
        "static_balance": 0.9139385223388672,
        "dynamic_balance": 1.0,
        "dominant_quadrant": 2
      },
      "layering": {
        "foreground_ratio": 0.26311057379713915,
        "midground_ratio": 0.33109913442782835,
        "background_ratio": 0.4057902917750325,
        "depth_complexity": 0.2176950361904414
      }
    },
    "spatial_layout": {
      "negative_space_ratio": 0.755031392230169,
      "subject_isolation": 0.10000050796488946,
      "depth_of_field": {
        "blur_gradient_strength": 220.81832251776143,
        "sharpness_variance": 198291.87982560953,
        "min_sharpness": 0.5,
        "max_sharpness": 2029.8187427099358
      },
      "perspective": {
        "has_vanishing_point": 1,
        "perspective_strength": 0.9914651493598862
      }
    },
    "contrast_color": {
      "high_contrast_ratio": 0.4309497927503251,
      "low_contrast_ratio": 0.5690502072496749,
      "mean_contrast": 23.58706283569336,
      "highlight_ratio": 0.04339798167347908,
      "shadow_ratio": 0.6223992109298706,
      "midtone_ratio": 0.3342028260231018,
      "warm_color_ratio": 0.4894419497724317,
      "cool_color_ratio": 0.11071094765929779,
      "complementary_color_score": 2.388888888888889
    },
    "motion_dynamics": {
      "s_curve_count": 127,
      "motion_blur_score": 6.356911314296662,
      "dominant_direction_deg": 4.999999999999995,
      "direction_strength": 0.10317020887490051
    },
    "pattern_rhythm": {
      "repetition_score": 1.0,
      "rhythm_score": 1.0,
      "pattern_breaks": 6
    },
    "visual_mass_focus": {
      "point_of_interest": {
        "x": 0.11053315994798439,
        "y": 0.435546875,
        "strength": 1.0
      },
      "visual_mass_concentration": 0.20000101592977892,
      "mean_visual_weight": 0.16479867696762085,
      "face_count": 0,
      "has_directional_cues": 0
    },
    "framing_breathing": {
      "frame_in_frame_count": 0,
      "breathing_space": {
        "top": 0.1796875,
        "bottom": 0.228515625,
        "left": 0.0,
        "right": 0.893368010403121,
        "min_margin": 0.0,
        "mean_margin": 0.32539278385078024
      },
      "corner_anchors": {
        "top_left": 0.12451416254043579,
        "top_right": 0.21565504372119904,
        "bottom_left": 0.24749650061130524,
        "bottom_right": 0.22901159524917603,
        "max_corner_weight": 0.24749650061130524,
        "has_corner_subject": 0
      }
    }
  }
}