{
  "meta": {
    "_dataset": "tvm_data",
    "_label": "emotion_dataset",
    "_relpath": "emotion_dataset/excitement/excitement_0111.jpg",
    "_filename": "excitement_0111.jpg",
    "_width": 500,
    "_height": 334
  },
  "features": {
    "geometric_structural": {
      "leading_lines": {
        "diagonal": 2,
        "vertical": 0,
        "horizontal": 1,
        "curved": 127
      },
      "leading_lines_strength": 0.16971279373368145,
      "symmetry_vertical": 0.364375210931898,
      "symmetry_horizontal": 0.28701291918055705,
      "symmetry_radial": 0.20876674063859382,
      "rule_of_thirds": {
        "alignment_score": 0,
        "num_salient_objects": 46
      },
      "golden_ratio": {
        "golden_alignment_score": 0
      },
      "balance": {
        "static_balance": 0.9541707038879395,
        "dynamic_balance": 1.0,
        "dominant_quadrant": 0
      },
      "layering": {
        "foreground_ratio": 0.3183874224869452,
        "midground_ratio": 0.15527853704308095,
        "background_ratio": 0.5263340404699739,
        "depth_complexity": 0.21406442249942165
      }
    },
    "spatial_layout": {
      "negative_space_ratio": 0.45113107865535246,
      "subject_isolation": 0.10000203981723238,
      "depth_of_field": {
        "blur_gradient_strength": 250.46926507390341,
        "sharpness_variance": 207178.73293305488,
        "min_sharpness": 1.4309880815071125,
        "max_sharpness": 5040.118888115815
      },
      "perspective": {
        "has_vanishing_point": 1,
        "perspective_strength": 0.9518518518518518
      }
    },
    "contrast_color": {
      "high_contrast_ratio": 0.4455113821801567,
      "low_contrast_ratio": 0.5544886178198434,
      "mean_contrast": 24.37480926513672,
      "highlight_ratio": 0.0425964817404747,
      "shadow_ratio": 0.20334428548812866,
      "midtone_ratio": 0.7540592551231384,
      "warm_color_ratio": 0.7632766604112271,
      "cool_color_ratio": 0.08689876387075718,
      "complementary_color_score": 2.5
    },
    "motion_dynamics": {
      "s_curve_count": 199,
      "motion_blur_score": 10.572372063996928,
      "dominant_direction_deg": 4.999999999999995,
      "direction_strength": 0.05405770642936608
    },
    "pattern_rhythm": {
      "repetition_score": 1.0,
      "rhythm_score": 1.0,
      "pattern_breaks": 16
    },
    "visual_mass_focus": {
      "point_of_interest": {
        "x": 0.7101827676240209,
        "y": 0.181640625,
        "strength": 1.0
      },
      "visual_mass_concentration": 0.19972360476501305,
      "mean_visual_weight": 0.3187789022922516,
      "face_count": 3,
      "has_directional_cues": 1
    },
    "framing_breathing": {
      "frame_in_frame_count": 0,
      "breathing_space": {
        "top": 0.0,
        "bottom": 0.384765625,
        "left": 0.0,
        "right": 0.5522193211488251,
        "min_margin": 0.0,
        "mean_margin": 0.23424623653720628
      },
      "corner_anchors": {
        "top_left": 0.6179394125938416,
        "top_right": 0.673380970954895,
        "bottom_left": 0.4052122235298157,
        "bottom_right": 0.40497010946273804,
        "max_corner_weight": 0.673380970954895,
        "has_corner_subject": 1
      }
    }
  }
}