{
  "meta": {
    "_dataset": "tvm_data",
    "_label": "emotion_dataset",
    "_relpath": "emotion_dataset/excitement/excitement_1718.jpg",
    "_filename": "excitement_1718.jpg",
    "_width": 500,
    "_height": 333
  },
  "features": {
    "geometric_structural": {
      "leading_lines": {
        "diagonal": 6,
        "vertical": 0,
        "horizontal": 1,
        "curved": 270
      },
      "leading_lines_strength": 0.3602080624187256,
      "symmetry_vertical": 0.14827001143638885,
      "symmetry_horizontal": 0.307379037974682,
      "symmetry_radial": 0.1834832912709097,
      "rule_of_thirds": {
        "alignment_score": 1,
        "num_salient_objects": 24
      },
      "golden_ratio": {
        "golden_alignment_score": 1
      },
      "balance": {
        "static_balance": 0.9370901584625244,
        "dynamic_balance": 1.0,
        "dominant_quadrant": 3
      },
      "layering": {
        "foreground_ratio": 0.2985030274707412,
        "midground_ratio": 0.3246936971716515,
        "background_ratio": 0.37680327535760727,
        "depth_complexity": 0.6896479727032949
      }
    },
    "spatial_layout": {
      "negative_space_ratio": 0.6518942010728218,
      "subject_isolation": 0.10000050796488946,
      "depth_of_field": {
        "blur_gradient_strength": 610.559006934646,
        "sharpness_variance": 890125.4097759704,
        "min_sharpness": 0.0,
        "max_sharpness": 4002.2300466756274
      },
      "perspective": {
        "has_vanishing_point": 1,
        "perspective_strength": 0.995279307631786
      }
    },
    "contrast_color": {
      "high_contrast_ratio": 0.430690730656697,
      "low_contrast_ratio": 0.5693092693433031,
      "mean_contrast": 24.67165184020996,
      "highlight_ratio": 0.026256704702973366,
      "shadow_ratio": 0.63136225938797,
      "midtone_ratio": 0.3423810601234436,
      "warm_color_ratio": 0.38686098016905074,
      "cool_color_ratio": 0.03478289580624187,
      "complementary_color_score": 2.4444444444444446
    },
    "motion_dynamics": {
      "s_curve_count": 215,
      "motion_blur_score": 4.061751951177515,
      "dominant_direction_deg": 4.999999999999995,
      "direction_strength": 0.1540962288682692
    },
    "pattern_rhythm": {
      "repetition_score": 1.0,
      "rhythm_score": 1.0,
      "pattern_breaks": 4
    },
    "visual_mass_focus": {
      "point_of_interest": {
        "x": 0.6788036410923277,
        "y": 0.578125,
        "strength": 1.0
      },
      "visual_mass_concentration": 0.1996581396293888,
      "mean_visual_weight": 0.08614420890808105,
      "face_count": 1,
      "has_directional_cues": 1
    },
    "framing_breathing": {
      "frame_in_frame_count": 0,
      "breathing_space": {
        "top": 0.451171875,
        "bottom": 0.287109375,
        "left": 0.8309492847854356,
        "right": 0.02860858257477243,
        "min_margin": 0.02860858257477243,
        "mean_margin": 0.399459779340052
      },
      "corner_anchors": {
        "top_left": 0.22904586791992188,
        "top_right": 0.27651354670524597,
        "bottom_left": 0.17548173666000366,
        "bottom_right": 0.18902859091758728,
        "max_corner_weight": 0.27651354670524597,
        "has_corner_subject": 0
      }
    }
  }
}