{
  "meta": {
    "_dataset": "tvm_data",
    "_label": "testImages_artphoto",
    "_relpath": "testImages_artphoto/excitement_0214.jpg",
    "_filename": "excitement_0214.jpg",
    "_width": 371,
    "_height": 539
  },
  "features": {
    "geometric_structural": {
      "leading_lines": {
        "diagonal": 1,
        "vertical": 0,
        "horizontal": 0,
        "curved": 27
      },
      "leading_lines_strength": 0.03763440860215054,
      "symmetry_vertical": 0.32619179754762245,
      "symmetry_horizontal": 0.5953225511393936,
      "symmetry_radial": 0.32422894286559,
      "rule_of_thirds": {
        "alignment_score": 0,
        "num_salient_objects": 16
      },
      "golden_ratio": {
        "golden_alignment_score": 1
      },
      "balance": {
        "static_balance": 0.9298925399780273,
        "dynamic_balance": 1.0,
        "dominant_quadrant": 1
      },
      "layering": {
        "foreground_ratio": 0.22656512516801075,
        "midground_ratio": 0.2927088583669355,
        "background_ratio": 0.48072601646505375,
        "depth_complexity": 0.08350749190797255
      }
    },
    "spatial_layout": {
      "negative_space_ratio": 0.5467489919354839,
      "subject_isolation": 0.09951224378360216,
      "depth_of_field": {
        "blur_gradient_strength": 85.87700656826226,
        "sharpness_variance": 30915.8540612678,
        "min_sharpness": 0.20607458669742407,
        "max_sharpness": 1289.7631754030663
      },
      "perspective": {
        "has_vanishing_point": 1,
        "perspective_strength": 0.6666666666666666
      }
    },
    "contrast_color": {
      "high_contrast_ratio": 0.2847703503024194,
      "low_contrast_ratio": 0.7152296496975806,
      "mean_contrast": 16.308605194091797,
      "highlight_ratio": 0.06963783502578735,
      "shadow_ratio": 0.4140966236591339,
      "midtone_ratio": 0.5162655115127563,
      "warm_color_ratio": 0.1978589129704301,
      "cool_color_ratio": 0.03634282594086022,
      "complementary_color_score": 2.111111111111111
    },
    "motion_dynamics": {
      "s_curve_count": 33,
      "motion_blur_score": 11.663209616918795,
      "dominant_direction_deg": 4.999999999999995,
      "direction_strength": 0.24040763608807855
    },
    "pattern_rhythm": {
      "repetition_score": 1.0,
      "rhythm_score": 1.0,
      "pattern_breaks": 4
    },
    "visual_mass_focus": {
      "point_of_interest": {
        "x": 0.76953125,
        "y": 0.18413978494623656,
        "strength": 1.0
      },
      "visual_mass_concentration": 0.19975953461021506,
      "mean_visual_weight": 0.27873870730400085,
      "face_count": 0,
      "has_directional_cues": 0
    },
    "framing_breathing": {
      "frame_in_frame_count": 0,
      "breathing_space": {
        "top": 0.0,
        "bottom": 0.5591397849462365,
        "left": 0.580078125,
        "right": 0.0,
        "min_margin": 0.0,
        "mean_margin": 0.2848044774865591
      },
      "corner_anchors": {
        "top_left": 0.612080991268158,
        "top_right": 0.5014619827270508,
        "bottom_left": 0.4819836914539337,
        "bottom_right": 0.358305424451828,
        "max_corner_weight": 0.612080991268158,
        "has_corner_subject": 1
      }
    }
  }
}