{
  "meta": {
    "_dataset": "tvm_data",
    "_label": "emotion_dataset",
    "_relpath": "emotion_dataset/excitement/excitement_0011.jpg",
    "_filename": "excitement_0011.jpg",
    "_width": 349,
    "_height": 500
  },
  "features": {
    "geometric_structural": {
      "leading_lines": {
        "diagonal": 4,
        "vertical": 3,
        "horizontal": 1,
        "curved": 78
      },
      "leading_lines_strength": 0.11716621253405994,
      "symmetry_vertical": 0.3451037712625332,
      "symmetry_horizontal": 0.34785817374634254,
      "symmetry_radial": 0.2477175435440699,
      "rule_of_thirds": {
        "alignment_score": 0,
        "num_salient_objects": 37
      },
      "golden_ratio": {
        "golden_alignment_score": 3
      },
      "balance": {
        "static_balance": 0.964248538017273,
        "dynamic_balance": 1.0,
        "dominant_quadrant": 0
      },
      "layering": {
        "foreground_ratio": 0.29084798620572205,
        "midground_ratio": 0.27177707765667575,
        "background_ratio": 0.4373749361376022,
        "depth_complexity": 1.1025022318783122
      }
    },
    "spatial_layout": {
      "negative_space_ratio": 0.5235253107970027,
      "subject_isolation": 0.1000005321866485,
      "depth_of_field": {
        "blur_gradient_strength": 1167.0614268646118,
        "sharpness_variance": 2836799.791584594,
        "min_sharpness": 38.289119569396384,
        "max_sharpness": 12614.04777008843
      },
      "perspective": {
        "has_vanishing_point": 1,
        "perspective_strength": 0.9731903485254692
      }
    },
    "contrast_color": {
      "high_contrast_ratio": 0.493568524352861,
      "low_contrast_ratio": 0.506431475647139,
      "mean_contrast": 28.713430404663086,
      "highlight_ratio": 0.13464322686195374,
      "shadow_ratio": 0.007083404343575239,
      "midtone_ratio": 0.8582733869552612,
      "warm_color_ratio": 0.8766524395435967,
      "cool_color_ratio": 0.0001809434604904632,
      "complementary_color_score": 1.1666666666666667
    },
    "motion_dynamics": {
      "s_curve_count": 121,
      "motion_blur_score": 7.852699729729461,
      "dominant_direction_deg": 175.0,
      "direction_strength": 0.03297162380781417
    },
    "pattern_rhythm": {
      "repetition_score": 1.0,
      "rhythm_score": 1.0,
      "pattern_breaks": 8
    },
    "visual_mass_focus": {
      "point_of_interest": {
        "x": 0.427734375,
        "y": 0.5040871934604905,
        "strength": 1.0
      },
      "visual_mass_concentration": 0.1998520521117166,
      "mean_visual_weight": 0.37936314940452576,
      "face_count": 0,
      "has_directional_cues": 0
    },
    "framing_breathing": {
      "frame_in_frame_count": 0,
      "breathing_space": {
        "top": 0.3787465940054496,
        "bottom": 0.276566757493188,
        "left": 0.126953125,
        "right": 0.443359375,
        "min_margin": 0.126953125,
        "mean_margin": 0.3064064628746594
      },
      "corner_anchors": {
        "top_left": 0.23676267266273499,
        "top_right": 0.2356073409318924,
        "bottom_left": 0.21364527940750122,
        "bottom_right": 0.28303542733192444,
        "max_corner_weight": 0.28303542733192444,
        "has_corner_subject": 0
      }
    }
  }
}