{
  "meta": {
    "_dataset": "tvm_data",
    "_label": "emotion_dataset",
    "_relpath": "emotion_dataset/excitement/excitement_2820.jpg",
    "_filename": "excitement_2820.jpg",
    "_width": 500,
    "_height": 333
  },
  "features": {
    "geometric_structural": {
      "leading_lines": {
        "diagonal": 35,
        "vertical": 3,
        "horizontal": 16,
        "curved": 565
      },
      "leading_lines_strength": 0.8049414824447334,
      "symmetry_vertical": 0.18591552882074167,
      "symmetry_horizontal": 0.2100088655097533,
      "symmetry_radial": 0.14882046037288058,
      "rule_of_thirds": {
        "alignment_score": 0,
        "num_salient_objects": 6
      },
      "golden_ratio": {
        "golden_alignment_score": 0
      },
      "balance": {
        "static_balance": 0.9174472093582153,
        "dynamic_balance": 1.0,
        "dominant_quadrant": 1
      },
      "layering": {
        "foreground_ratio": 0.3095919010078023,
        "midground_ratio": 0.33637688962938883,
        "background_ratio": 0.35403120936280885,
        "depth_complexity": 0.601245384547004
      }
    },
    "spatial_layout": {
      "negative_space_ratio": 0.4927437215539662,
      "subject_isolation": 0.10000050796488946,
      "depth_of_field": {
        "blur_gradient_strength": 399.32098278074193,
        "sharpness_variance": 499469.53703716287,
        "min_sharpness": 6.641556132256824,
        "max_sharpness": 6201.902120276987
      },
      "perspective": {
        "has_vanishing_point": 1,
        "perspective_strength": 0.9965635738831615
      }
    },
    "contrast_color": {
      "high_contrast_ratio": 0.3588009996749025,
      "low_contrast_ratio": 0.6411990003250976,
      "mean_contrast": 21.649900436401367,
      "highlight_ratio": 0.019597286358475685,
      "shadow_ratio": 0.2701534926891327,
      "midtone_ratio": 0.7102491855621338,
      "warm_color_ratio": 0.7582493498049415,
      "cool_color_ratio": 0.05714858988946684,
      "complementary_color_score": 2.4444444444444446
    },
    "motion_dynamics": {
      "s_curve_count": 511,
      "motion_blur_score": 7.5875725774066,
      "dominant_direction_deg": 95.0,
      "direction_strength": 0.0383869066969116
    },
    "pattern_rhythm": {
      "repetition_score": 1.0,
      "rhythm_score": 1.0,
      "pattern_breaks": 1
    },
    "visual_mass_focus": {
      "point_of_interest": {
        "x": 0.7867360208062418,
        "y": 0.4921875,
        "strength": 1.0
      },
      "visual_mass_concentration": 0.19991466189856957,
      "mean_visual_weight": 0.1497648060321808,
      "face_count": 0,
      "has_directional_cues": 0
    },
    "framing_breathing": {
      "frame_in_frame_count": 0,
      "breathing_space": {
        "top": 0.38671875,
        "bottom": 0.419921875,
        "left": 0.6788036410923277,
        "right": 0.11183355006501951,
        "min_margin": 0.11183355006501951,
        "mean_margin": 0.39931945403933683
      },
      "corner_anchors": {
        "top_left": 0.19548706710338593,
        "top_right": 0.5556439161300659,
        "bottom_left": 0.4142262637615204,
        "bottom_right": 0.2635985314846039,
        "max_corner_weight": 0.5556439161300659,
        "has_corner_subject": 1
      }
    }
  }
}