{
  "meta": {
    "_dataset": "tvm_data",
    "_label": "emotion_dataset",
    "_relpath": "emotion_dataset/excitement/excitement_0084.jpg",
    "_filename": "excitement_0084.jpg",
    "_width": 500,
    "_height": 334
  },
  "features": {
    "geometric_structural": {
      "leading_lines": {
        "diagonal": 40,
        "vertical": 5,
        "horizontal": 10,
        "curved": 303
      },
      "leading_lines_strength": 0.46736292428198434,
      "symmetry_vertical": 0.19395637790917225,
      "symmetry_horizontal": 0.3853033801647639,
      "symmetry_radial": 0.21215353898862857,
      "rule_of_thirds": {
        "alignment_score": 0,
        "num_salient_objects": 28
      },
      "golden_ratio": {
        "golden_alignment_score": 2
      },
      "balance": {
        "static_balance": 0.8798772692680359,
        "dynamic_balance": 1.0,
        "dominant_quadrant": 3
      },
      "layering": {
        "foreground_ratio": 0.3166867248694517,
        "midground_ratio": 0.1813779985313316,
        "background_ratio": 0.5019352765992167,
        "depth_complexity": 1.1245673718074305
      }
    },
    "spatial_layout": {
      "negative_space_ratio": 0.7518791816253264,
      "subject_isolation": 0.10000203981723238,
      "depth_of_field": {
        "blur_gradient_strength": 1014.4801530858496,
        "sharpness_variance": 2784563.7535835537,
        "min_sharpness": 2.5474817377931562,
        "max_sharpness": 9151.218069647892
      },
      "perspective": {
        "has_vanishing_point": 1,
        "perspective_strength": 0.9987234042553191
      }
    },
    "contrast_color": {
      "high_contrast_ratio": 0.5183328573759791,
      "low_contrast_ratio": 0.4816671426240209,
      "mean_contrast": 30.262928009033203,
      "highlight_ratio": 0.029794080182909966,
      "shadow_ratio": 0.7059603333473206,
      "midtone_ratio": 0.26424556970596313,
      "warm_color_ratio": 0.35264615290469975,
      "cool_color_ratio": 0.5530658453002611,
      "complementary_color_score": 2.388888888888889
    },
    "motion_dynamics": {
      "s_curve_count": 247,
      "motion_blur_score": 3.6251147211989285,
      "dominant_direction_deg": 4.999999999999995,
      "direction_strength": 0.048598645561233784
    },
    "pattern_rhythm": {
      "repetition_score": 1.0,
      "rhythm_score": 1.0,
      "pattern_breaks": 5
    },
    "visual_mass_focus": {
      "point_of_interest": {
        "x": 0.8668407310704961,
        "y": 0.59375,
        "strength": 1.0
      },
      "visual_mass_concentration": 0.19989443945822455,
      "mean_visual_weight": 0.10071154683828354,
      "face_count": 1,
      "has_directional_cues": 1
    },
    "framing_breathing": {
      "frame_in_frame_count": 0,
      "breathing_space": {
        "top": 0.4609375,
        "bottom": 0.0,
        "left": 0.8446475195822454,
        "right": 0.0,
        "min_margin": 0.0,
        "mean_margin": 0.32639625489556134
      },
      "corner_anchors": {
        "top_left": 0.20628170669078827,
        "top_right": 0.21630729734897614,
        "bottom_left": 0.19671912491321564,
        "bottom_right": 0.2506020665168762,
        "max_corner_weight": 0.2506020665168762,
        "has_corner_subject": 0
      }
    }
  }
}