{
  "meta": {
    "_dataset": "tvm_data",
    "_label": "emotion_dataset",
    "_relpath": "emotion_dataset/excitement/excitement_0847.jpg",
    "_filename": "excitement_0847.jpg",
    "_width": 500,
    "_height": 343
  },
  "features": {
    "geometric_structural": {
      "leading_lines": {
        "diagonal": 8,
        "vertical": 0,
        "horizontal": 12,
        "curved": 204
      },
      "leading_lines_strength": 0.3002680965147453,
      "symmetry_vertical": 0.21912768281376985,
      "symmetry_horizontal": 0.14504570074703524,
      "symmetry_radial": 0.14388138823449473,
      "rule_of_thirds": {
        "alignment_score": 2,
        "num_salient_objects": 32
      },
      "golden_ratio": {
        "golden_alignment_score": 2
      },
      "balance": {
        "static_balance": 0.8734910488128662,
        "dynamic_balance": 1.0,
        "dominant_quadrant": 2
      },
      "layering": {
        "foreground_ratio": 0.3053655956769437,
        "midground_ratio": 0.14754733579088472,
        "background_ratio": 0.5470870685321716,
        "depth_complexity": 0.4653924925887167
      }
    },
    "spatial_layout": {
      "negative_space_ratio": 0.7803441270107239,
      "subject_isolation": 0.10000209450402145,
      "depth_of_field": {
        "blur_gradient_strength": 420.85953692082,
        "sharpness_variance": 359819.0425483707,
        "min_sharpness": 1.307937192110035,
        "max_sharpness": 2538.0295213697273
      },
      "perspective": {
        "has_vanishing_point": 1,
        "perspective_strength": 0.9654147527695217
      }
    },
    "contrast_color": {
      "high_contrast_ratio": 0.41819914544235925,
      "low_contrast_ratio": 0.5818008545576407,
      "mean_contrast": 32.680076599121094,
      "highlight_ratio": 0.06557892262935638,
      "shadow_ratio": 0.6113752722740173,
      "midtone_ratio": 0.3230457901954651,
      "warm_color_ratio": 0.40861940767426275,
      "cool_color_ratio": 0.12932776893431636,
      "complementary_color_score": 2.0
    },
    "motion_dynamics": {
      "s_curve_count": 241,
      "motion_blur_score": 4.844042781678401,
      "dominant_direction_deg": 4.999999999999995,
      "direction_strength": 0.11274976960426245
    },
    "pattern_rhythm": {
      "repetition_score": 1.0,
      "rhythm_score": 1.0,
      "pattern_breaks": 10
    },
    "visual_mass_focus": {
      "point_of_interest": {
        "x": 0.21849865951742628,
        "y": 0.626953125,
        "strength": 1.0
      },
      "visual_mass_concentration": 0.19992040884718498,
      "mean_visual_weight": 0.0861838087439537,
      "face_count": 0,
      "has_directional_cues": 0
    },
    "framing_breathing": {
      "frame_in_frame_count": 0,
      "breathing_space": {
        "top": 0.451171875,
        "bottom": 0.064453125,
        "left": 0.054959785522788206,
        "right": 0.7238605898123325,
        "min_margin": 0.054959785522788206,
        "mean_margin": 0.3236113438337802
      },
      "corner_anchors": {
        "top_left": 0.24573293328285217,
        "top_right": 0.31037434935569763,
        "bottom_left": 0.46788421273231506,
        "bottom_right": 0.16574856638908386,
        "max_corner_weight": 0.46788421273231506,
        "has_corner_subject": 1
      }
    }
  }
}