{
  "meta": {
    "_dataset": "tvm_data",
    "_label": "emotion_dataset",
    "_relpath": "emotion_dataset/excitement/excitement_0088.jpg",
    "_filename": "excitement_0088.jpg",
    "_width": 333,
    "_height": 500
  },
  "features": {
    "geometric_structural": {
      "leading_lines": {
        "diagonal": 160,
        "vertical": 128,
        "horizontal": 10,
        "curved": 1139
      },
      "leading_lines_strength": 1.8686605981794537,
      "symmetry_vertical": 0.05374473952900896,
      "symmetry_horizontal": 0.06436593604563126,
      "symmetry_radial": 0.036016751805693664,
      "rule_of_thirds": {
        "alignment_score": 3,
        "num_salient_objects": 86
      },
      "golden_ratio": {
        "golden_alignment_score": 4
      },
      "balance": {
        "static_balance": 0.9723636507987976,
        "dynamic_balance": 1.0,
        "dominant_quadrant": 1
      },
      "layering": {
        "foreground_ratio": 0.3215646334525358,
        "midground_ratio": 0.312469522106632,
        "background_ratio": 0.36596584444083224,
        "depth_complexity": 2.7619627464997607
      }
    },
    "spatial_layout": {
      "negative_space_ratio": 0.7298845903771132,
      "subject_isolation": 0.10000050796488946,
      "depth_of_field": {
        "blur_gradient_strength": 1346.0464177321332,
        "sharpness_variance": 2681739.0583483297,
        "min_sharpness": 0.0,
        "max_sharpness": 7336.821329329313
      },
      "perspective": {
        "has_vanishing_point": 1,
        "perspective_strength": 0.9996407031951752
      }
    },
    "contrast_color": {
      "high_contrast_ratio": 0.5023213995448634,
      "low_contrast_ratio": 0.49767860045513657,
      "mean_contrast": 47.32676315307617,
      "highlight_ratio": 0.1782829761505127,
      "shadow_ratio": 0.24362249672412872,
      "midtone_ratio": 0.5780945420265198,
      "warm_color_ratio": 0.19516265035760727,
      "cool_color_ratio": 0.06331782347204161,
      "complementary_color_score": 2.0
    },
    "motion_dynamics": {
      "s_curve_count": 794,
      "motion_blur_score": 4.5254631717162175,
      "dominant_direction_deg": 4.999999999999995,
      "direction_strength": 0.07404350211294589
    },
    "pattern_rhythm": {
      "repetition_score": 1.0,
      "rhythm_score": 1.0,
      "pattern_breaks": 21
    },
    "visual_mass_focus": {
      "point_of_interest": {
        "x": 0.5390625,
        "y": 0.4044213263979194,
        "strength": 1.0
      },
      "visual_mass_concentration": 0.19986640523407023,
      "mean_visual_weight": 0.132563978433609,
      "face_count": 0,
      "has_directional_cues": 0
    },
    "framing_breathing": {
      "frame_in_frame_count": 0,
      "breathing_space": {
        "top": 0.0,
        "bottom": 0.3094928478543563,
        "left": 0.740234375,
        "right": 0.0,
        "min_margin": 0.0,
        "mean_margin": 0.2624318057135891
      },
      "corner_anchors": {
        "top_left": 0.42106664180755615,
        "top_right": 0.5033636093139648,
        "bottom_left": 0.302854984998703,
        "bottom_right": 0.3080063462257385,
        "max_corner_weight": 0.5033636093139648,
        "has_corner_subject": 1
      }
    }
  }
}