{
  "meta": {
    "_dataset": "tvm_data",
    "_label": "emotion_dataset",
    "_relpath": "emotion_dataset/excitement/excitement_2727.jpg",
    "_filename": "excitement_2727.jpg",
    "_width": 333,
    "_height": 500
  },
  "features": {
    "geometric_structural": {
      "leading_lines": {
        "diagonal": 35,
        "vertical": 21,
        "horizontal": 6,
        "curved": 528
      },
      "leading_lines_strength": 0.7672301690507152,
      "symmetry_vertical": 0.14677003667855046,
      "symmetry_horizontal": 0.11107739929052304,
      "symmetry_radial": 0.07203393503727905,
      "rule_of_thirds": {
        "alignment_score": 3,
        "num_salient_objects": 79
      },
      "golden_ratio": {
        "golden_alignment_score": 6
      },
      "balance": {
        "static_balance": 0.949669599533081,
        "dynamic_balance": 1.0,
        "dominant_quadrant": 1
      },
      "layering": {
        "foreground_ratio": 0.3253870692457737,
        "midground_ratio": 0.31534968302990896,
        "background_ratio": 0.3592632477243173,
        "depth_complexity": 1.4796856469819162
      }
    },
    "spatial_layout": {
      "negative_space_ratio": 0.5308791856306893,
      "subject_isolation": 0.10000050796488946,
      "depth_of_field": {
        "blur_gradient_strength": 869.2590059741221,
        "sharpness_variance": 1382629.7057614182,
        "min_sharpness": 2.8708790766157573,
        "max_sharpness": 6314.4749954953295
      },
      "perspective": {
        "has_vanishing_point": 1,
        "perspective_strength": 0.9997606755786522
      }
    },
    "contrast_color": {
      "high_contrast_ratio": 0.49649250243823145,
      "low_contrast_ratio": 0.5035074975617686,
      "mean_contrast": 43.64284133911133,
      "highlight_ratio": 0.1520821452140808,
      "shadow_ratio": 0.20568768680095673,
      "midtone_ratio": 0.6422301530838013,
      "warm_color_ratio": 0.39630912711313393,
      "cool_color_ratio": 0.05033932054616385,
      "complementary_color_score": 2.0
    },
    "motion_dynamics": {
      "s_curve_count": 510,
      "motion_blur_score": 5.523509813368671,
      "dominant_direction_deg": -85.0,
      "direction_strength": 0.05823309492833064
    },
    "pattern_rhythm": {
      "repetition_score": 1.0,
      "rhythm_score": 1.0,
      "pattern_breaks": 23
    },
    "visual_mass_focus": {
      "point_of_interest": {
        "x": 0.455078125,
        "y": 0.19115734720416125,
        "strength": 1.0
      },
      "visual_mass_concentration": 0.19999593628088427,
      "mean_visual_weight": 0.17684204876422882,
      "face_count": 1,
      "has_directional_cues": 1
    },
    "framing_breathing": {
      "frame_in_frame_count": 0,
      "breathing_space": {
        "top": 0.0,
        "bottom": 0.9089726918075423,
        "left": 0.416015625,
        "right": 0.0,
        "min_margin": 0.0,
        "mean_margin": 0.33124707920188556
      },
      "corner_anchors": {
        "top_left": 0.5794979929924011,
        "top_right": 0.5765884518623352,
        "bottom_left": 0.2701038122177124,
        "bottom_right": 0.2661835551261902,
        "max_corner_weight": 0.5794979929924011,
        "has_corner_subject": 1
      }
    }
  }
}