{
  "meta": {
    "_dataset": "tvm_data",
    "_label": "emotion_dataset",
    "_relpath": "emotion_dataset/excitement/excitement_0956.jpg",
    "_filename": "excitement_0956.jpg",
    "_width": 500,
    "_height": 386
  },
  "features": {
    "geometric_structural": {
      "leading_lines": {
        "diagonal": 0,
        "vertical": 0,
        "horizontal": 21,
        "curved": 351
      },
      "leading_lines_strength": 0.5610859728506787,
      "symmetry_vertical": 0.30417442314165816,
      "symmetry_horizontal": 0.3155252737270868,
      "symmetry_radial": 0.24412652045392022,
      "rule_of_thirds": {
        "alignment_score": 0,
        "num_salient_objects": 21
      },
      "golden_ratio": {
        "golden_alignment_score": 0
      },
      "balance": {
        "static_balance": 0.9720853567123413,
        "dynamic_balance": 1.0,
        "dominant_quadrant": 3
      },
      "layering": {
        "foreground_ratio": 0.29100678733031676,
        "midground_ratio": 0.3271793693438914,
        "background_ratio": 0.3818138433257919,
        "depth_complexity": 0.66322978775092
      }
    },
    "spatial_layout": {
      "negative_space_ratio": 0.3469197775263952,
      "subject_isolation": 0.10000117835595777,
      "depth_of_field": {
        "blur_gradient_strength": 835.4498912288145,
        "sharpness_variance": 2617304.7998754205,
        "min_sharpness": 10.602134068152594,
        "max_sharpness": 8617.687823022554
      },
      "perspective": {
        "has_vanishing_point": 1,
        "perspective_strength": 0.9568165596002856
      }
    },
    "contrast_color": {
      "high_contrast_ratio": 0.4462139423076923,
      "low_contrast_ratio": 0.5537860576923077,
      "mean_contrast": 26.734060287475586,
      "highlight_ratio": 0.10695937275886536,
      "shadow_ratio": 0.0765518918633461,
      "midtone_ratio": 0.8164887428283691,
      "warm_color_ratio": 0.7815386972096531,
      "cool_color_ratio": 0.05210395456259427,
      "complementary_color_score": 2.0
    },
    "motion_dynamics": {
      "s_curve_count": 323,
      "motion_blur_score": 9.557652157052784,
      "dominant_direction_deg": 175.0,
      "direction_strength": 0.039495545814363285
    },
    "pattern_rhythm": {
      "repetition_score": 1.0,
      "rhythm_score": 1.0,
      "pattern_breaks": 7
    },
    "visual_mass_focus": {
      "point_of_interest": {
        "x": 0.5686274509803921,
        "y": 0.515625,
        "strength": 1.0
      },
      "visual_mass_concentration": 0.19993165535444948,
      "mean_visual_weight": 0.5165086984634399,
      "face_count": 0,
      "has_directional_cues": 0
    },
    "framing_breathing": {
      "frame_in_frame_count": 0,
      "breathing_space": {
        "top": 0.3671875,
        "bottom": 0.3203125,
        "left": 0.8401206636500754,
        "right": 0.04072398190045249,
        "min_margin": 0.04072398190045249,
        "mean_margin": 0.392086161387632
      },
      "corner_anchors": {
        "top_left": 0.4185008704662323,
        "top_right": 0.39131230115890503,
        "bottom_left": 0.37628376483917236,
        "bottom_right": 0.473964124917984,
        "max_corner_weight": 0.473964124917984,
        "has_corner_subject": 1
      }
    }
  }
}