{
  "meta": {
    "_dataset": "tvm_data",
    "_label": "emotion_dataset",
    "_relpath": "emotion_dataset/excitement/excitement_0217.jpg",
    "_filename": "excitement_0217.jpg",
    "_width": 375,
    "_height": 500
  },
  "features": {
    "geometric_structural": {
      "leading_lines": {
        "diagonal": 10,
        "vertical": 21,
        "horizontal": 5,
        "curved": 268
      },
      "leading_lines_strength": 0.445095168374817,
      "symmetry_vertical": 0.3243129662405783,
      "symmetry_horizontal": 0.18178970579734735,
      "symmetry_radial": 0.15862470115619898,
      "rule_of_thirds": {
        "alignment_score": 0,
        "num_salient_objects": 71
      },
      "golden_ratio": {
        "golden_alignment_score": 1
      },
      "balance": {
        "static_balance": 0.9186465740203857,
        "dynamic_balance": 1.0,
        "dominant_quadrant": 0
      },
      "layering": {
        "foreground_ratio": 0.30462744784040996,
        "midground_ratio": 0.27251955984626647,
        "background_ratio": 0.4228529923133236,
        "depth_complexity": 0.4819572399734045
      }
    },
    "spatial_layout": {
      "negative_space_ratio": 0.5979107567715959,
      "subject_isolation": 0.10000114385065886,
      "depth_of_field": {
        "blur_gradient_strength": 319.4585398036446,
        "sharpness_variance": 244201.74593457134,
        "min_sharpness": 2.0095938021649324,
        "max_sharpness": 3128.7220299884657
      },
      "perspective": {
        "has_vanishing_point": 1,
        "perspective_strength": 0.9992744422274623
      }
    },
    "contrast_color": {
      "high_contrast_ratio": 0.5409241169472914,
      "low_contrast_ratio": 0.45907588305270863,
      "mean_contrast": 22.98297691345215,
      "highlight_ratio": 0.22850704193115234,
      "shadow_ratio": 0.21933336555957794,
      "midtone_ratio": 0.5521596074104309,
      "warm_color_ratio": 0.07928314879209371,
      "cool_color_ratio": 0.5326941114568082,
      "complementary_color_score": 2.5
    },
    "motion_dynamics": {
      "s_curve_count": 288,
      "motion_blur_score": 9.90708111818855,
      "dominant_direction_deg": 4.999999999999995,
      "direction_strength": 0.0706842514639267
    },
    "pattern_rhythm": {
      "repetition_score": 1.0,
      "rhythm_score": 1.0,
      "pattern_breaks": 10
    },
    "visual_mass_focus": {
      "point_of_interest": {
        "x": 0.474609375,
        "y": 0.2957540263543192,
        "strength": 1.0
      },
      "visual_mass_concentration": 0.19997083180819913,
      "mean_visual_weight": 0.1412609964609146,
      "face_count": 0,
      "has_directional_cues": 0
    },
    "framing_breathing": {
      "frame_in_frame_count": 0,
      "breathing_space": {
        "top": 0.0,
        "bottom": 0.6500732064421669,
        "left": 0.0,
        "right": 0.0,
        "min_margin": 0.0,
        "mean_margin": 0.16251830161054173
      },
      "corner_anchors": {
        "top_left": 0.7971808314323425,
        "top_right": 0.8187469840049744,
        "bottom_left": 0.4140091836452484,
        "bottom_right": 0.4641447961330414,
        "max_corner_weight": 0.8187469840049744,
        "has_corner_subject": 1
      }
    }
  }
}