{
  "meta": {
    "_dataset": "tvm_data",
    "_label": "emotion_dataset",
    "_relpath": "emotion_dataset/excitement/excitement_0379.jpg",
    "_filename": "excitement_0379.jpg",
    "_width": 500,
    "_height": 500
  },
  "features": {
    "geometric_structural": {
      "leading_lines": {
        "diagonal": 0,
        "vertical": 3,
        "horizontal": 0,
        "curved": 54
      },
      "leading_lines_strength": 0.111328125,
      "symmetry_vertical": 0.48259120447783493,
      "symmetry_horizontal": 0.46340308174996897,
      "symmetry_radial": 0.4534424590106543,
      "rule_of_thirds": {
        "alignment_score": 0,
        "num_salient_objects": 11
      },
      "golden_ratio": {
        "golden_alignment_score": 0
      },
      "balance": {
        "static_balance": 0.9723359942436218,
        "dynamic_balance": 1.0,
        "dominant_quadrant": 2
      },
      "layering": {
        "foreground_ratio": 0.2711181640625,
        "midground_ratio": 0.11616134643554688,
        "background_ratio": 0.6127204895019531,
        "depth_complexity": 0.09289017784919998
      }
    },
    "spatial_layout": {
      "negative_space_ratio": 0.4506492614746094,
      "subject_isolation": 0.10000228881835938,
      "depth_of_field": {
        "blur_gradient_strength": 88.42562670877305,
        "sharpness_variance": 12464.845933014356,
        "min_sharpness": 0.0,
        "max_sharpness": 551.2178018066278
      },
      "perspective": {
        "has_vanishing_point": 1,
        "perspective_strength": 0.6666666666666666
      }
    },
    "contrast_color": {
      "high_contrast_ratio": 0.5258674621582031,
      "low_contrast_ratio": 0.4741325378417969,
      "mean_contrast": 24.526630401611328,
      "highlight_ratio": 0.41229248046875,
      "shadow_ratio": 0.00384521484375,
      "midtone_ratio": 0.5838623046875,
      "warm_color_ratio": 0.34700775146484375,
      "cool_color_ratio": 0.009250640869140625,
      "complementary_color_score": 2.0555555555555554
    },
    "motion_dynamics": {
      "s_curve_count": 88,
      "motion_blur_score": 17.519919874408256,
      "dominant_direction_deg": 4.999999999999995,
      "direction_strength": 0.1008796691890683
    },
    "pattern_rhythm": {
      "repetition_score": 1.0,
      "rhythm_score": 1.0,
      "pattern_breaks": 2
    },
    "visual_mass_focus": {
      "point_of_interest": {
        "x": 0.498046875,
        "y": 0.3203125,
        "strength": 1.0
      },
      "visual_mass_concentration": 0.19979095458984375,
      "mean_visual_weight": 0.15090689063072205,
      "face_count": 0,
      "has_directional_cues": 0
    },
    "framing_breathing": {
      "frame_in_frame_count": 0,
      "breathing_space": {
        "top": 0.763671875,
        "bottom": 0.125,
        "left": 0.380859375,
        "right": 0.4609375,
        "min_margin": 0.125,
        "mean_margin": 0.4326171875
      },
      "corner_anchors": {
        "top_left": 0.35035812854766846,
        "top_right": 0.27896472811698914,
        "bottom_left": 0.2783258557319641,
        "bottom_right": 0.31353962421417236,
        "max_corner_weight": 0.35035812854766846,
        "has_corner_subject": 1
      }
    }
  }
}