{
  "meta": {
    "_dataset": "tvm_data",
    "_label": "emotion_dataset",
    "_relpath": "emotion_dataset/excitement/excitement_0746.jpg",
    "_filename": "excitement_0746.jpg",
    "_width": 333,
    "_height": 500
  },
  "features": {
    "geometric_structural": {
      "leading_lines": {
        "diagonal": 95,
        "vertical": 1,
        "horizontal": 85,
        "curved": 417
      },
      "leading_lines_strength": 0.7776332899869961,
      "symmetry_vertical": 0.5157795933495292,
      "symmetry_horizontal": 0.24136161258490152,
      "symmetry_radial": 0.25490903301597334,
      "rule_of_thirds": {
        "alignment_score": 1,
        "num_salient_objects": 15
      },
      "golden_ratio": {
        "golden_alignment_score": 4
      },
      "balance": {
        "static_balance": 0.8755829930305481,
        "dynamic_balance": 1.0,
        "dominant_quadrant": 3
      },
      "layering": {
        "foreground_ratio": 0.32481814856957086,
        "midground_ratio": 0.1913402145643693,
        "background_ratio": 0.4838416368660598,
        "depth_complexity": 0.8344874693116122
      }
    },
    "spatial_layout": {
      "negative_space_ratio": 0.6839721838426528,
      "subject_isolation": 0.10000050796488946,
      "depth_of_field": {
        "blur_gradient_strength": 447.2146344210298,
        "sharpness_variance": 1213084.7480266092,
        "min_sharpness": 0.4159725631211844,
        "max_sharpness": 4314.100137157788
      },
      "perspective": {
        "has_vanishing_point": 1,
        "perspective_strength": 0.9986545130663836
      }
    },
    "contrast_color": {
      "high_contrast_ratio": 0.46100099561118335,
      "low_contrast_ratio": 0.5389990043888166,
      "mean_contrast": 20.36688232421875,
      "highlight_ratio": 0.026995794847607613,
      "shadow_ratio": 0.27047860622406006,
      "midtone_ratio": 0.7025256156921387,
      "warm_color_ratio": 0.27515950097529257,
      "cool_color_ratio": 0.6449833387516255,
      "complementary_color_score": 2.5
    },
    "motion_dynamics": {
      "s_curve_count": 317,
      "motion_blur_score": 6.003637445505859,
      "dominant_direction_deg": 4.999999999999995,
      "direction_strength": 0.25867858013588396
    },
    "pattern_rhythm": {
      "repetition_score": 1.0,
      "rhythm_score": 1.0,
      "pattern_breaks": 4
    },
    "visual_mass_focus": {
      "point_of_interest": {
        "x": 0.49609375,
        "y": 0.5734720416124838,
        "strength": 1.0
      },
      "visual_mass_concentration": 0.19980036979843954,
      "mean_visual_weight": 0.3585798442363739,
      "face_count": 0,
      "has_directional_cues": 0
    },
    "framing_breathing": {
      "frame_in_frame_count": 0,
      "breathing_space": {
        "top": 0.6957087126137841,
        "bottom": 0.21976592977893367,
        "left": 0.68359375,
        "right": 0.0,
        "min_margin": 0.0,
        "mean_margin": 0.39976709809817945
      },
      "corner_anchors": {
        "top_left": 0.22617872059345245,
        "top_right": 0.2920874357223511,
        "bottom_left": 0.30852702260017395,
        "bottom_right": 0.3234706521034241,
        "max_corner_weight": 0.3234706521034241,
        "has_corner_subject": 1
      }
    }
  }
}