{
  "meta": {
    "_dataset": "tvm_data",
    "_label": "emotion_dataset",
    "_relpath": "emotion_dataset/excitement/excitement_0024.jpg",
    "_filename": "excitement_0024.jpg",
    "_width": 500,
    "_height": 333
  },
  "features": {
    "geometric_structural": {
      "leading_lines": {
        "diagonal": 8,
        "vertical": 7,
        "horizontal": 4,
        "curved": 260
      },
      "leading_lines_strength": 0.36280884265279584,
      "symmetry_vertical": 0.34332663370021943,
      "symmetry_horizontal": 0.3228611197019277,
      "symmetry_radial": 0.28580844197405597,
      "rule_of_thirds": {
        "alignment_score": 2,
        "num_salient_objects": 30
      },
      "golden_ratio": {
        "golden_alignment_score": 2
      },
      "balance": {
        "static_balance": 0.9621791839599609,
        "dynamic_balance": 1.0,
        "dominant_quadrant": 3
      },
      "layering": {
        "foreground_ratio": 0.32669761866059815,
        "midground_ratio": 0.19606428803641093,
        "background_ratio": 0.4772380933029909,
        "depth_complexity": 1.0472326145514557
      }
    },
    "spatial_layout": {
      "negative_space_ratio": 0.8818575260078023,
      "subject_isolation": 0.10000050796488946,
      "depth_of_field": {
        "blur_gradient_strength": 822.3349917864845,
        "sharpness_variance": 1683440.74954283,
        "min_sharpness": 3.411764705882353,
        "max_sharpness": 6734.9218221306355
      },
      "perspective": {
        "has_vanishing_point": 1,
        "perspective_strength": 0.9983182678158503
      }
    },
    "contrast_color": {
      "high_contrast_ratio": 0.436519627763329,
      "low_contrast_ratio": 0.563480372236671,
      "mean_contrast": 27.51568603515625,
      "highlight_ratio": 0.017611142247915268,
      "shadow_ratio": 0.8403009176254272,
      "midtone_ratio": 0.1420879364013672,
      "warm_color_ratio": 0.7556104722041612,
      "cool_color_ratio": 0.06285303559817945,
      "complementary_color_score": 2.4444444444444446
    },
    "motion_dynamics": {
      "s_curve_count": 242,
      "motion_blur_score": 2.7924637452964616,
      "dominant_direction_deg": 175.0,
      "direction_strength": 0.06012780396603714
    },
    "pattern_rhythm": {
      "repetition_score": 1.0,
      "rhythm_score": 1.0,
      "pattern_breaks": 6
    },
    "visual_mass_focus": {
      "point_of_interest": {
        "x": 0.4577373211963589,
        "y": 0.33984375,
        "strength": 1.0
      },
      "visual_mass_concentration": 0.19985370611183356,
      "mean_visual_weight": 0.09466083347797394,
      "face_count": 1,
      "has_directional_cues": 1
    },
    "framing_breathing": {
      "frame_in_frame_count": 0,
      "breathing_space": {
        "top": 0.53515625,
        "bottom": 0.25390625,
        "left": 0.38881664499349805,
        "right": 0.4720416124837451,
        "min_margin": 0.25390625,
        "mean_margin": 0.41248018936931075
      },
      "corner_anchors": {
        "top_left": 0.12194008380174637,
        "top_right": 0.09238024055957794,
        "bottom_left": 0.11329903453588486,
        "bottom_right": 0.12073204666376114,
        "max_corner_weight": 0.12194008380174637,
        "has_corner_subject": 0
      }
    }
  }
}