{
  "meta": {
    "_dataset": "tvm_data",
    "_label": "emotion_dataset",
    "_relpath": "emotion_dataset/excitement/excitement_0741.jpg",
    "_filename": "excitement_0741.jpg",
    "_width": 500,
    "_height": 333
  },
  "features": {
    "geometric_structural": {
      "leading_lines": {
        "diagonal": 11,
        "vertical": 0,
        "horizontal": 96,
        "curved": 460
      },
      "leading_lines_strength": 0.7373211963589077,
      "symmetry_vertical": 0.21894736212409133,
      "symmetry_horizontal": 0.11556978890752194,
      "symmetry_radial": 0.10775880372712511,
      "rule_of_thirds": {
        "alignment_score": 1,
        "num_salient_objects": 19
      },
      "golden_ratio": {
        "golden_alignment_score": 2
      },
      "balance": {
        "static_balance": 0.8996396064758301,
        "dynamic_balance": 1.0,
        "dominant_quadrant": 1
      },
      "layering": {
        "foreground_ratio": 0.32515086557217165,
        "midground_ratio": 0.27235045513654094,
        "background_ratio": 0.4024986792912874,
        "depth_complexity": 1.5142522822441005
      }
    },
    "spatial_layout": {
      "negative_space_ratio": 0.381786410923277,
      "subject_isolation": 0.10000050796488946,
      "depth_of_field": {
        "blur_gradient_strength": 793.2558080548606,
        "sharpness_variance": 2142153.5503087114,
        "min_sharpness": 28.109477124183005,
        "max_sharpness": 6355.533126362395
      },
      "perspective": {
        "has_vanishing_point": 1,
        "perspective_strength": 0.9960789579696522
      }
    },
    "contrast_color": {
      "high_contrast_ratio": 0.5231758980819246,
      "low_contrast_ratio": 0.47682410191807545,
      "mean_contrast": 29.525192260742188,
      "highlight_ratio": 0.021458975970745087,
      "shadow_ratio": 0.14457696676254272,
      "midtone_ratio": 0.8339640498161316,
      "warm_color_ratio": 0.10795523813394019,
      "cool_color_ratio": 0.2233775601430429,
      "complementary_color_score": 2.0
    },
    "motion_dynamics": {
      "s_curve_count": 419,
      "motion_blur_score": 5.263568158563159,
      "dominant_direction_deg": -85.0,
      "direction_strength": 0.03887709281524586
    },
    "pattern_rhythm": {
      "repetition_score": 1.0,
      "rhythm_score": 1.0,
      "pattern_breaks": 2
    },
    "visual_mass_focus": {
      "point_of_interest": {
        "x": 0.35240572171651496,
        "y": 0.40234375,
        "strength": 1.0
      },
      "visual_mass_concentration": 0.19971401576723016,
      "mean_visual_weight": 0.06808149814605713,
      "face_count": 0,
      "has_directional_cues": 0
    },
    "framing_breathing": {
      "frame_in_frame_count": 0,
      "breathing_space": {
        "top": 0.34765625,
        "bottom": 0.546875,
        "left": 0.505851755526658,
        "right": 0.44993498049414826,
        "min_margin": 0.34765625,
        "mean_margin": 0.4625794965052016
      },
      "corner_anchors": {
        "top_left": 0.374759703874588,
        "top_right": 0.4274810254573822,
        "bottom_left": 0.21865679323673248,
        "bottom_right": 0.20421330630779266,
        "max_corner_weight": 0.4274810254573822,
        "has_corner_subject": 1
      }
    }
  }
}