{
  "meta": {
    "_dataset": "tvm_data",
    "_label": "emotion_dataset",
    "_relpath": "emotion_dataset/excitement/excitement_0844.jpg",
    "_filename": "excitement_0844.jpg",
    "_width": 500,
    "_height": 354
  },
  "features": {
    "geometric_structural": {
      "leading_lines": {
        "diagonal": 3,
        "vertical": 0,
        "horizontal": 37,
        "curved": 256
      },
      "leading_lines_strength": 0.4094052558782849,
      "symmetry_vertical": 0.3482282866988491,
      "symmetry_horizontal": 0.3076484192688638,
      "symmetry_radial": 0.23154719352798128,
      "rule_of_thirds": {
        "alignment_score": 0,
        "num_salient_objects": 14
      },
      "golden_ratio": {
        "golden_alignment_score": 1
      },
      "balance": {
        "static_balance": 0.9814884662628174,
        "dynamic_balance": 1.0,
        "dominant_quadrant": 1
      },
      "layering": {
        "foreground_ratio": 0.32235207036652835,
        "midground_ratio": 0.31646838260719223,
        "background_ratio": 0.3611795470262794,
        "depth_complexity": 0.6673077705152565
      }
    },
    "spatial_layout": {
      "negative_space_ratio": 0.6437370331950207,
      "subject_isolation": 0.10000108056708161,
      "depth_of_field": {
        "blur_gradient_strength": 604.4138464924155,
        "sharpness_variance": 779092.4953793511,
        "min_sharpness": 7.27335906205891,
        "max_sharpness": 4290.67638611181
      },
      "perspective": {
        "has_vanishing_point": 1,
        "perspective_strength": 0.999168744804655
      }
    },
    "contrast_color": {
      "high_contrast_ratio": 0.396233143153527,
      "low_contrast_ratio": 0.603766856846473,
      "mean_contrast": 24.407428741455078,
      "highlight_ratio": 0.0556194894015789,
      "shadow_ratio": 0.08394115418195724,
      "midtone_ratio": 0.8604393601417542,
      "warm_color_ratio": 0.45147443378284924,
      "cool_color_ratio": 0.050051867219917015,
      "complementary_color_score": 2.0
    },
    "motion_dynamics": {
      "s_curve_count": 231,
      "motion_blur_score": 8.047953293623912,
      "dominant_direction_deg": -85.0,
      "direction_strength": 0.06583895228197982
    },
    "pattern_rhythm": {
      "repetition_score": 1.0,
      "rhythm_score": 1.0,
      "pattern_breaks": 2
    },
    "visual_mass_focus": {
      "point_of_interest": {
        "x": 0.8340248962655602,
        "y": 0.201171875,
        "strength": 1.0
      },
      "visual_mass_concentration": 0.19983197181881052,
      "mean_visual_weight": 0.14907817542552948,
      "face_count": 2,
      "has_directional_cues": 1
    },
    "framing_breathing": {
      "frame_in_frame_count": 0,
      "breathing_space": {
        "top": 0.0,
        "bottom": 0.921875,
        "left": 0.5809128630705395,
        "right": 0.0,
        "min_margin": 0.0,
        "mean_margin": 0.3756969657676349
      },
      "corner_anchors": {
        "top_left": 0.1954023689031601,
        "top_right": 0.6088879704475403,
        "bottom_left": 0.2838764786720276,
        "bottom_right": 0.14141376316547394,
        "max_corner_weight": 0.6088879704475403,
        "has_corner_subject": 1
      }
    }
  }
}