{
  "meta": {
    "_dataset": "tvm_data",
    "_label": "emotion_dataset",
    "_relpath": "emotion_dataset/excitement/excitement_0155.jpg",
    "_filename": "excitement_0155.jpg",
    "_width": 500,
    "_height": 329
  },
  "features": {
    "geometric_structural": {
      "leading_lines": {
        "diagonal": 7,
        "vertical": 7,
        "horizontal": 15,
        "curved": 296
      },
      "leading_lines_strength": 0.41773778920308485,
      "symmetry_vertical": 0.18533865419899434,
      "symmetry_horizontal": 0.13183053736439726,
      "symmetry_radial": 0.11091526507141318,
      "rule_of_thirds": {
        "alignment_score": 0,
        "num_salient_objects": 42
      },
      "golden_ratio": {
        "golden_alignment_score": 4
      },
      "balance": {
        "static_balance": 0.8683967590332031,
        "dynamic_balance": 1.0,
        "dominant_quadrant": 0
      },
      "layering": {
        "foreground_ratio": 0.33883957262210795,
        "midground_ratio": 0.22176253213367608,
        "background_ratio": 0.43939789524421596,
        "depth_complexity": 1.07146830056114
      }
    },
    "spatial_layout": {
      "negative_space_ratio": 0.8061510885282777,
      "subject_isolation": 0.1000010041773779,
      "depth_of_field": {
        "blur_gradient_strength": 749.9796408133224,
        "sharpness_variance": 1585885.0406021026,
        "min_sharpness": 1.2941176470588236,
        "max_sharpness": 7560.176392098328
      },
      "perspective": {
        "has_vanishing_point": 1,
        "perspective_strength": 0.9952629661119884
      }
    },
    "contrast_color": {
      "high_contrast_ratio": 0.479994276188946,
      "low_contrast_ratio": 0.520005723811054,
      "mean_contrast": 33.07402420043945,
      "highlight_ratio": 0.026111122220754623,
      "shadow_ratio": 0.6427337527275085,
      "midtone_ratio": 0.33115512132644653,
      "warm_color_ratio": 0.580329169344473,
      "cool_color_ratio": 0.1274778076799486,
      "complementary_color_score": 2.0
    },
    "motion_dynamics": {
      "s_curve_count": 301,
      "motion_blur_score": 3.667937540471032,
      "dominant_direction_deg": -85.0,
      "direction_strength": 0.061440592866169666
    },
    "pattern_rhythm": {
      "repetition_score": 1.0,
      "rhythm_score": 1.0,
      "pattern_breaks": 8
    },
    "visual_mass_focus": {
      "point_of_interest": {
        "x": 0.37017994858611825,
        "y": 0.4609375,
        "strength": 1.0
      },
      "visual_mass_concentration": 0.19988903839974292,
      "mean_visual_weight": 0.141153484582901,
      "face_count": 0,
      "has_directional_cues": 0
    },
    "framing_breathing": {
      "frame_in_frame_count": 0,
      "breathing_space": {
        "top": 0.185546875,
        "bottom": 0.65234375,
        "left": 0.008997429305912597,
        "right": 0.9395886889460154,
        "min_margin": 0.008997429305912597,
        "mean_margin": 0.446619185812982
      },
      "corner_anchors": {
        "top_left": 0.21760903298854828,
        "top_right": 0.24228878319263458,
        "bottom_left": 0.2547144293785095,
        "bottom_right": 0.09078161418437958,
        "max_corner_weight": 0.2547144293785095,
        "has_corner_subject": 0
      }
    }
  }
}