{
  "meta": {
    "_dataset": "tvm_data",
    "_label": "emotion_dataset",
    "_relpath": "emotion_dataset/excitement/excitement_0118.jpg",
    "_filename": "excitement_0118.jpg",
    "_width": 374,
    "_height": 500
  },
  "features": {
    "geometric_structural": {
      "leading_lines": {
        "diagonal": 0,
        "vertical": 0,
        "horizontal": 5,
        "curved": 18
      },
      "leading_lines_strength": 0.033625730994152045,
      "symmetry_vertical": 0.6198216515086182,
      "symmetry_horizontal": 0.631910319089605,
      "symmetry_radial": 0.4721623498032046,
      "rule_of_thirds": {
        "alignment_score": 0,
        "num_salient_objects": 1
      },
      "golden_ratio": {
        "golden_alignment_score": 0
      },
      "balance": {
        "static_balance": 0.9062285423278809,
        "dynamic_balance": 1.0,
        "dominant_quadrant": 0
      },
      "layering": {
        "foreground_ratio": 0.23502318622076024,
        "midground_ratio": 0.17086988304093567,
        "background_ratio": 0.5941069307383041,
        "depth_complexity": 0.09156634994181964
      }
    },
    "spatial_layout": {
      "negative_space_ratio": 0.1636627375730994,
      "subject_isolation": 0.10000057108918128,
      "depth_of_field": {
        "blur_gradient_strength": 57.00073454145517,
        "sharpness_variance": 8598.875762564296,
        "min_sharpness": 8.064971314229984,
        "max_sharpness": 393.88959381990276
      },
      "perspective": {
        "has_vanishing_point": 1,
        "perspective_strength": 0.6296296296296297
      }
    },
    "contrast_color": {
      "high_contrast_ratio": 0.35649671052631576,
      "low_contrast_ratio": 0.6435032894736843,
      "mean_contrast": 21.344970703125,
      "highlight_ratio": 0.2581751346588135,
      "shadow_ratio": 0.021087467670440674,
      "midtone_ratio": 0.7207373976707458,
      "warm_color_ratio": 0.5801323784722222,
      "cool_color_ratio": 0.0,
      "complementary_color_score": 0.0
    },
    "motion_dynamics": {
      "s_curve_count": 23,
      "motion_blur_score": 16.204818823225533,
      "dominant_direction_deg": -85.0,
      "direction_strength": 0.04360551443700999
    },
    "pattern_rhythm": {
      "repetition_score": 1.0,
      "rhythm_score": 1.0,
      "pattern_breaks": 1
    },
    "visual_mass_focus": {
      "point_of_interest": {
        "x": 0.421875,
        "y": 0.48391812865497075,
        "strength": 1.0
      },
      "visual_mass_concentration": 0.19972701937134502,
      "mean_visual_weight": 0.21825915575027466,
      "face_count": 0,
      "has_directional_cues": 0
    },
    "framing_breathing": {
      "frame_in_frame_count": 0,
      "breathing_space": {
        "top": 0.07602339181286549,
        "bottom": 0.14473684210526316,
        "left": 0.154296875,
        "right": 0.181640625,
        "min_margin": 0.07602339181286549,
        "mean_margin": 0.13917443347953218
      },
      "corner_anchors": {
        "top_left": 0.3264954388141632,
        "top_right": 0.26768890023231506,
        "bottom_left": 0.18800760805606842,
        "bottom_right": 0.2616652846336365,
        "max_corner_weight": 0.3264954388141632,
        "has_corner_subject": 1
      }
    }
  }
}