{
  "meta": {
    "_dataset": "tvm_data",
    "_label": "emotion_dataset",
    "_relpath": "emotion_dataset/excitement/excitement_0933.jpg",
    "_filename": "excitement_0933.jpg",
    "_width": 331,
    "_height": 500
  },
  "features": {
    "geometric_structural": {
      "leading_lines": {
        "diagonal": 8,
        "vertical": 57,
        "horizontal": 0,
        "curved": 363
      },
      "leading_lines_strength": 0.553686934023286,
      "symmetry_vertical": 0.2028364719819042,
      "symmetry_horizontal": 0.19864788854904955,
      "symmetry_radial": 0.12927492123839757,
      "rule_of_thirds": {
        "alignment_score": 1,
        "num_salient_objects": 101
      },
      "golden_ratio": {
        "golden_alignment_score": 8
      },
      "balance": {
        "static_balance": 0.976391077041626,
        "dynamic_balance": 1.0,
        "dominant_quadrant": 0
      },
      "layering": {
        "foreground_ratio": 0.32889816461837,
        "midground_ratio": 0.2362902247736093,
        "background_ratio": 0.4348116106080207,
        "depth_complexity": 0.6983411949911755
      }
    },
    "spatial_layout": {
      "negative_space_ratio": 0.7019526196636481,
      "subject_isolation": 0.10000101067270376,
      "depth_of_field": {
        "blur_gradient_strength": 496.1502178317127,
        "sharpness_variance": 620824.9570732858,
        "min_sharpness": 0.0,
        "max_sharpness": 4416.122998858423
      },
      "perspective": {
        "has_vanishing_point": 1,
        "perspective_strength": 0.9989768076398363
      }
    },
    "contrast_color": {
      "high_contrast_ratio": 0.5101597873544631,
      "low_contrast_ratio": 0.4898402126455369,
      "mean_contrast": 42.3066520690918,
      "highlight_ratio": 0.11331915110349655,
      "shadow_ratio": 0.5709315538406372,
      "midtone_ratio": 0.31574928760528564,
      "warm_color_ratio": 0.2910257317270375,
      "cool_color_ratio": 0.4891403217981889,
      "complementary_color_score": 2.5
    },
    "motion_dynamics": {
      "s_curve_count": 343,
      "motion_blur_score": 4.769891085898052,
      "dominant_direction_deg": 4.999999999999995,
      "direction_strength": 0.0898892302714417
    },
    "pattern_rhythm": {
      "repetition_score": 1.0,
      "rhythm_score": 1.0,
      "pattern_breaks": 28
    },
    "visual_mass_focus": {
      "point_of_interest": {
        "x": 0.505859375,
        "y": 0.35316946959896506,
        "strength": 1.0
      },
      "visual_mass_concentration": 0.19992369421086675,
      "mean_visual_weight": 0.10930950194597244,
      "face_count": 2,
      "has_directional_cues": 1
    },
    "framing_breathing": {
      "frame_in_frame_count": 0,
      "breathing_space": {
        "top": 0.36222509702457956,
        "bottom": 0.0517464424320828,
        "left": 0.2421875,
        "right": 0.37890625,
        "min_margin": 0.0517464424320828,
        "mean_margin": 0.2587663223641656
      },
      "corner_anchors": {
        "top_left": 0.26288902759552,
        "top_right": 0.32556185126304626,
        "bottom_left": 0.3755502700805664,
        "bottom_right": 0.29500237107276917,
        "max_corner_weight": 0.3755502700805664,
        "has_corner_subject": 1
      }
    }
  }
}