{
  "meta": {
    "_dataset": "tvm_data",
    "_label": "emotion_dataset",
    "_relpath": "emotion_dataset/excitement/excitement_0932.jpg",
    "_filename": "excitement_0932.jpg",
    "_width": 354,
    "_height": 500
  },
  "features": {
    "geometric_structural": {
      "leading_lines": {
        "diagonal": 0,
        "vertical": 0,
        "horizontal": 0,
        "curved": 201
      },
      "leading_lines_strength": 0.27800829875518673,
      "symmetry_vertical": 0.6135546672685482,
      "symmetry_horizontal": 0.322787396294469,
      "symmetry_radial": 0.3363972965506538,
      "rule_of_thirds": {
        "alignment_score": 0,
        "num_salient_objects": 6
      },
      "golden_ratio": {
        "golden_alignment_score": 2
      },
      "balance": {
        "static_balance": 0.9491438269615173,
        "dynamic_balance": 1.0,
        "dominant_quadrant": 1
      },
      "layering": {
        "foreground_ratio": 0.25914970176348545,
        "midground_ratio": 0.2762739885892116,
        "background_ratio": 0.4645763096473029,
        "depth_complexity": 0.5759371863494488
      }
    },
    "spatial_layout": {
      "negative_space_ratio": 0.9415791407330567,
      "subject_isolation": 0.10000108056708161,
      "depth_of_field": {
        "blur_gradient_strength": 616.6042539809098,
        "sharpness_variance": 1993509.62822162,
        "min_sharpness": 0.5098039215686274,
        "max_sharpness": 9173.590937209405
      },
      "perspective": {
        "has_vanishing_point": 1,
        "perspective_strength": 0.9444444444444444
      }
    },
    "contrast_color": {
      "high_contrast_ratio": 0.34484407417012447,
      "low_contrast_ratio": 0.6551559258298756,
      "mean_contrast": 15.508139610290527,
      "highlight_ratio": 0.00907676387578249,
      "shadow_ratio": 0.8447873592376709,
      "midtone_ratio": 0.1461358666419983,
      "warm_color_ratio": 0.12567805584370678,
      "cool_color_ratio": 0.8402570669087137,
      "complementary_color_score": 2.388888888888889
    },
    "motion_dynamics": {
      "s_curve_count": 166,
      "motion_blur_score": 3.1456303900189244,
      "dominant_direction_deg": 4.999999999999995,
      "direction_strength": 0.14545243343667486
    },
    "pattern_rhythm": {
      "repetition_score": 1.0,
      "rhythm_score": 1.0,
      "pattern_breaks": 2
    },
    "visual_mass_focus": {
      "point_of_interest": {
        "x": 0.447265625,
        "y": 0.47717842323651455,
        "strength": 1.0
      },
      "visual_mass_concentration": 0.1999697441217151,
      "mean_visual_weight": 0.1783543974161148,
      "face_count": 0,
      "has_directional_cues": 0
    },
    "framing_breathing": {
      "frame_in_frame_count": 0,
      "breathing_space": {
        "top": 0.44951590594744123,
        "bottom": 0.3236514522821577,
        "left": 0.41015625,
        "right": 0.55859375,
        "min_margin": 0.3236514522821577,
        "mean_margin": 0.4354793395573997
      },
      "corner_anchors": {
        "top_left": 0.0649571493268013,
        "top_right": 0.056050799787044525,
        "bottom_left": 0.16397088766098022,
        "bottom_right": 0.154326394200325,
        "max_corner_weight": 0.16397088766098022,
        "has_corner_subject": 0
      }
    }
  }
}