{
  "meta": {
    "_dataset": "tvm_data",
    "_label": "emotion_dataset",
    "_relpath": "emotion_dataset/excitement/excitement_0837.jpg",
    "_filename": "excitement_0837.jpg",
    "_width": 500,
    "_height": 333
  },
  "features": {
    "geometric_structural": {
      "leading_lines": {
        "diagonal": 6,
        "vertical": 2,
        "horizontal": 19,
        "curved": 449
      },
      "leading_lines_strength": 0.6189856957087126,
      "symmetry_vertical": 0.28402492485151726,
      "symmetry_horizontal": 0.13745234614768112,
      "symmetry_radial": 0.11197194271680522,
      "rule_of_thirds": {
        "alignment_score": 0,
        "num_salient_objects": 25
      },
      "golden_ratio": {
        "golden_alignment_score": 0
      },
      "balance": {
        "static_balance": 0.940722644329071,
        "dynamic_balance": 1.0,
        "dominant_quadrant": 2
      },
      "layering": {
        "foreground_ratio": 0.33468028689856955,
        "midground_ratio": 0.3006847366710013,
        "background_ratio": 0.36463497643042914,
        "depth_complexity": 0.8330070422280526
      }
    },
    "spatial_layout": {
      "negative_space_ratio": 0.4254993294863459,
      "subject_isolation": 0.10000050796488946,
      "depth_of_field": {
        "blur_gradient_strength": 614.4211110150836,
        "sharpness_variance": 677980.4260147796,
        "min_sharpness": 7.141082134884093,
        "max_sharpness": 4543.152411288298
      },
      "perspective": {
        "has_vanishing_point": 1,
        "perspective_strength": 0.9857783274076364
      }
    },
    "contrast_color": {
      "high_contrast_ratio": 0.4766742522756827,
      "low_contrast_ratio": 0.5233257477243173,
      "mean_contrast": 31.43857192993164,
      "highlight_ratio": 0.016712045297026634,
      "shadow_ratio": 0.2939389646053314,
      "midtone_ratio": 0.6893489360809326,
      "warm_color_ratio": 0.9349627153771132,
      "cool_color_ratio": 0.013489007639791937,
      "complementary_color_score": 2.3333333333333335
    },
    "motion_dynamics": {
      "s_curve_count": 405,
      "motion_blur_score": 6.176200682472902,
      "dominant_direction_deg": 4.999999999999995,
      "direction_strength": 0.046087654421209344
    },
    "pattern_rhythm": {
      "repetition_score": 1.0,
      "rhythm_score": 1.0,
      "pattern_breaks": 3
    },
    "visual_mass_focus": {
      "point_of_interest": {
        "x": 0.8400520156046815,
        "y": 0.66796875,
        "strength": 1.0
      },
      "visual_mass_concentration": 0.19996291856306891,
      "mean_visual_weight": 0.1965322494506836,
      "face_count": 1,
      "has_directional_cues": 1
    },
    "framing_breathing": {
      "frame_in_frame_count": 0,
      "breathing_space": {
        "top": 0.4921875,
        "bottom": 0.0,
        "left": 0.0,
        "right": 0.46553966189856955,
        "min_margin": 0.0,
        "mean_margin": 0.2394317904746424
      },
      "corner_anchors": {
        "top_left": 0.2984125018119812,
        "top_right": 0.20637239515781403,
        "bottom_left": 0.5172414779663086,
        "bottom_right": 0.3781310021877289,
        "max_corner_weight": 0.5172414779663086,
        "has_corner_subject": 1
      }
    }
  }
}