{
  "meta": {
    "_dataset": "tvm_data",
    "_label": "emotion_dataset",
    "_relpath": "emotion_dataset/excitement/excitement_0027.jpg",
    "_filename": "excitement_0027.jpg",
    "_width": 331,
    "_height": 500
  },
  "features": {
    "geometric_structural": {
      "leading_lines": {
        "diagonal": 41,
        "vertical": 21,
        "horizontal": 0,
        "curved": 300
      },
      "leading_lines_strength": 0.4683053040103493,
      "symmetry_vertical": 0.2666359836067141,
      "symmetry_horizontal": 0.27892331313179386,
      "symmetry_radial": 0.18635540842463427,
      "rule_of_thirds": {
        "alignment_score": 0,
        "num_salient_objects": 49
      },
      "golden_ratio": {
        "golden_alignment_score": 3
      },
      "balance": {
        "static_balance": 0.9573349356651306,
        "dynamic_balance": 1.0,
        "dominant_quadrant": 2
      },
      "layering": {
        "foreground_ratio": 0.29373433457309184,
        "midground_ratio": 0.33391615459249674,
        "background_ratio": 0.37234951083441137,
        "depth_complexity": 0.30210388385448794
      }
    },
    "spatial_layout": {
      "negative_space_ratio": 0.45232151520051744,
      "subject_isolation": 0.10000101067270376,
      "depth_of_field": {
        "blur_gradient_strength": 206.2024086673273,
        "sharpness_variance": 84917.47932582702,
        "min_sharpness": 3.1222179503609717,
        "max_sharpness": 1472.5675036114967
      },
      "perspective": {
        "has_vanishing_point": 1,
        "perspective_strength": 0.9990234375
      }
    },
    "contrast_color": {
      "high_contrast_ratio": 0.4836144687904269,
      "low_contrast_ratio": 0.5163855312095731,
      "mean_contrast": 27.715391159057617,
      "highlight_ratio": 0.047903358936309814,
      "shadow_ratio": 0.08127576857805252,
      "midtone_ratio": 0.8708208799362183,
      "warm_color_ratio": 0.4561797582470893,
      "cool_color_ratio": 0.1614246442432083,
      "complementary_color_score": 2.0
    },
    "motion_dynamics": {
      "s_curve_count": 370,
      "motion_blur_score": 8.807529617409424,
      "dominant_direction_deg": 4.999999999999995,
      "direction_strength": 0.0424634136480169
    },
    "pattern_rhythm": {
      "repetition_score": 1.0,
      "rhythm_score": 1.0,
      "pattern_breaks": 9
    },
    "visual_mass_focus": {
      "point_of_interest": {
        "x": 0.623046875,
        "y": 0.5989650711513583,
        "strength": 1.0
      },
      "visual_mass_concentration": 0.1998706338939198,
      "mean_visual_weight": 0.1609707921743393,
      "face_count": 0,
      "has_directional_cues": 0
    },
    "framing_breathing": {
      "frame_in_frame_count": 0,
      "breathing_space": {
        "top": 0.36093143596377747,
        "bottom": 0.4385510996119017,
        "left": 0.576171875,
        "right": 0.171875,
        "min_margin": 0.171875,
        "mean_margin": 0.3868823526439198
      },
      "corner_anchors": {
        "top_left": 0.15352372825145721,
        "top_right": 0.26479023694992065,
        "bottom_left": 0.2428833246231079,
        "bottom_right": 0.3612285256385803,
        "max_corner_weight": 0.3612285256385803,
        "has_corner_subject": 1
      }
    }
  }
}