{
  "meta": {
    "_dataset": "tvm_data",
    "_label": "emotion_dataset",
    "_relpath": "emotion_dataset/excitement/excitement_0842.jpg",
    "_filename": "excitement_0842.jpg",
    "_width": 500,
    "_height": 455
  },
  "features": {
    "geometric_structural": {
      "leading_lines": {
        "diagonal": 0,
        "vertical": 1,
        "horizontal": 0,
        "curved": 35
      },
      "leading_lines_strength": 0.06394316163410302,
      "symmetry_vertical": 0.5298418336796821,
      "symmetry_horizontal": 0.30338165242487153,
      "symmetry_radial": 0.3045682914623484,
      "rule_of_thirds": {
        "alignment_score": 0,
        "num_salient_objects": 16
      },
      "golden_ratio": {
        "golden_alignment_score": 0
      },
      "balance": {
        "static_balance": 0.9468905925750732,
        "dynamic_balance": 1.0,
        "dominant_quadrant": 0
      },
      "layering": {
        "foreground_ratio": 0.2799768261545293,
        "midground_ratio": 0.3355593638987567,
        "background_ratio": 0.38446380994671403,
        "depth_complexity": 0.04925229066797048
      }
    },
    "spatial_layout": {
      "negative_space_ratio": 0.5155625555062167,
      "subject_isolation": 0.10000138765541741,
      "depth_of_field": {
        "blur_gradient_strength": 46.29699493840639,
        "sharpness_variance": 10872.778780574603,
        "min_sharpness": 0.8627450980392157,
        "max_sharpness": 629.4313725490196
      },
      "perspective": {
        "has_vanishing_point": 0,
        "perspective_strength": 0.0
      }
    },
    "contrast_color": {
      "high_contrast_ratio": 0.5153856294404974,
      "low_contrast_ratio": 0.4846143705595026,
      "mean_contrast": 28.321552276611328,
      "highlight_ratio": 0.1901816427707672,
      "shadow_ratio": 0.3373979926109314,
      "midtone_ratio": 0.4724203944206238,
      "warm_color_ratio": 0.7773229351687388,
      "cool_color_ratio": 0.19290838698934282,
      "complementary_color_score": 2.0555555555555554
    },
    "motion_dynamics": {
      "s_curve_count": 79,
      "motion_blur_score": 13.091358537902607,
      "dominant_direction_deg": 4.999999999999995,
      "direction_strength": 0.11533844915590538
    },
    "pattern_rhythm": {
      "repetition_score": 1.0,
      "rhythm_score": 1.0,
      "pattern_breaks": 6
    },
    "visual_mass_focus": {
      "point_of_interest": {
        "x": 0.5062166962699822,
        "y": 0.095703125,
        "strength": 1.0
      },
      "visual_mass_concentration": 0.19978075044404972,
      "mean_visual_weight": 0.23036375641822815,
      "face_count": 1,
      "has_directional_cues": 1
    },
    "framing_breathing": {
      "frame_in_frame_count": 0,
      "breathing_space": {
        "top": 0.0,
        "bottom": 0.42578125,
        "left": 0.0,
        "right": 0.007104795737122558,
        "min_margin": 0.0,
        "mean_margin": 0.10822151143428065
      },
      "corner_anchors": {
        "top_left": 0.6957094669342041,
        "top_right": 0.6652607321739197,
        "bottom_left": 0.6062533855438232,
        "bottom_right": 0.6652342081069946,
        "max_corner_weight": 0.6957094669342041,
        "has_corner_subject": 1
      }
    }
  }
}