{
  "meta": {
    "_dataset": "tvm_data",
    "_label": "testImages_artphoto",
    "_relpath": "testImages_artphoto/excitement_0254.jpg",
    "_filename": "excitement_0254.jpg",
    "_width": 363,
    "_height": 551
  },
  "features": {
    "geometric_structural": {
      "leading_lines": {
        "diagonal": 7,
        "vertical": 0,
        "horizontal": 0,
        "curved": 104
      },
      "leading_lines_strength": 0.14285714285714285,
      "symmetry_vertical": 0.13933591584446006,
      "symmetry_horizontal": 0.2574011595779435,
      "symmetry_radial": 0.17147715373569086,
      "rule_of_thirds": {
        "alignment_score": 2,
        "num_salient_objects": 8
      },
      "golden_ratio": {
        "golden_alignment_score": 2
      },
      "balance": {
        "static_balance": 0.9400144815444946,
        "dynamic_balance": 1.0,
        "dominant_quadrant": 2
      },
      "layering": {
        "foreground_ratio": 0.23618484555984556,
        "midground_ratio": 0.3601517253861004,
        "background_ratio": 0.40366342905405406,
        "depth_complexity": 0.07445889006669155
      }
    },
    "spatial_layout": {
      "negative_space_ratio": 0.611328125,
      "subject_isolation": 0.09985068774131274,
      "depth_of_field": {
        "blur_gradient_strength": 109.08639085844355,
        "sharpness_variance": 44680.84294563711,
        "min_sharpness": 0.0,
        "max_sharpness": 2311.776239907728
      },
      "perspective": {
        "has_vanishing_point": 1,
        "perspective_strength": 0.8368421052631579
      }
    },
    "contrast_color": {
      "high_contrast_ratio": 0.3838229971042471,
      "low_contrast_ratio": 0.616177002895753,
      "mean_contrast": 27.131078720092773,
      "highlight_ratio": 0.2178601622581482,
      "shadow_ratio": 0.44431960582733154,
      "midtone_ratio": 0.33782023191452026,
      "warm_color_ratio": 0.2437107866795367,
      "cool_color_ratio": 0.18317899372586874,
      "complementary_color_score": 2.1666666666666665
    },
    "motion_dynamics": {
      "s_curve_count": 128,
      "motion_blur_score": 11.068241130971147,
      "dominant_direction_deg": 4.999999999999995,
      "direction_strength": 0.25613587918211034
    },
    "pattern_rhythm": {
      "repetition_score": 1.0,
      "rhythm_score": 1.0,
      "pattern_breaks": 4
    },
    "visual_mass_focus": {
      "point_of_interest": {
        "x": 0.181640625,
        "y": 0.4272844272844273,
        "strength": 1.0
      },
      "visual_mass_concentration": 0.19930924227799227,
      "mean_visual_weight": 0.053285252302885056,
      "face_count": 0,
      "has_directional_cues": 0
    },
    "framing_breathing": {
      "frame_in_frame_count": 0,
      "breathing_space": {
        "top": 0.0,
        "bottom": 0.12998712998713,
        "left": 0.0,
        "right": 0.224609375,
        "min_margin": 0.0,
        "mean_margin": 0.0886491262467825
      },
      "corner_anchors": {
        "top_left": 0.9335815906524658,
        "top_right": 0.5462340712547302,
        "bottom_left": 0.3742022216320038,
        "bottom_right": 0.6717466115951538,
        "max_corner_weight": 0.9335815906524658,
        "has_corner_subject": 1
      }
    }
  }
}