{
  "meta": {
    "_dataset": "tvm_data",
    "_label": "emotion_dataset",
    "_relpath": "emotion_dataset/excitement/excitement_2465.jpg",
    "_filename": "excitement_2465.jpg",
    "_width": 500,
    "_height": 333
  },
  "features": {
    "geometric_structural": {
      "leading_lines": {
        "diagonal": 8,
        "vertical": 0,
        "horizontal": 0,
        "curved": 185
      },
      "leading_lines_strength": 0.25097529258777634,
      "symmetry_vertical": 0.3544159014984303,
      "symmetry_horizontal": 0.2966464730120744,
      "symmetry_radial": 0.16585953633058995,
      "rule_of_thirds": {
        "alignment_score": 1,
        "num_salient_objects": 45
      },
      "golden_ratio": {
        "golden_alignment_score": 3
      },
      "balance": {
        "static_balance": 0.8714516758918762,
        "dynamic_balance": 1.0,
        "dominant_quadrant": 2
      },
      "layering": {
        "foreground_ratio": 0.2820348057542263,
        "midground_ratio": 0.18944296570221067,
        "background_ratio": 0.5285222285435631,
        "depth_complexity": 0.6405335382873822
      }
    },
    "spatial_layout": {
      "negative_space_ratio": 0.5934756989596879,
      "subject_isolation": 0.10000050796488946,
      "depth_of_field": {
        "blur_gradient_strength": 608.4672223478858,
        "sharpness_variance": 1097980.1748781605,
        "min_sharpness": 2.0685313341022686,
        "max_sharpness": 7132.299347203431
      },
      "perspective": {
        "has_vanishing_point": 1,
        "perspective_strength": 0.9741288278775079
      }
    },
    "contrast_color": {
      "high_contrast_ratio": 0.4515452291937581,
      "low_contrast_ratio": 0.5484547708062419,
      "mean_contrast": 30.274032592773438,
      "highlight_ratio": 0.0852009505033493,
      "shadow_ratio": 0.4504251778125763,
      "midtone_ratio": 0.4643738567829132,
      "warm_color_ratio": 0.4554032225292588,
      "cool_color_ratio": 0.027712024544863458,
      "complementary_color_score": 2.4444444444444446
    },
    "motion_dynamics": {
      "s_curve_count": 190,
      "motion_blur_score": 5.979854148038226,
      "dominant_direction_deg": 4.999999999999995,
      "direction_strength": 0.07691604356287357
    },
    "pattern_rhythm": {
      "repetition_score": 1.0,
      "rhythm_score": 1.0,
      "pattern_breaks": 10
    },
    "visual_mass_focus": {
      "point_of_interest": {
        "x": 0.4083224967490247,
        "y": 0.564453125,
        "strength": 1.0
      },
      "visual_mass_concentration": 0.19992228137191156,
      "mean_visual_weight": 0.11242726445198059,
      "face_count": 3,
      "has_directional_cues": 1
    },
    "framing_breathing": {
      "frame_in_frame_count": 0,
      "breathing_space": {
        "top": 0.505859375,
        "bottom": 0.0,
        "left": 0.0,
        "right": 0.8998699609882965,
        "min_margin": 0.0,
        "mean_margin": 0.35143233399707413
      },
      "corner_anchors": {
        "top_left": 0.26182523369789124,
        "top_right": 0.13656698167324066,
        "bottom_left": 0.529184103012085,
        "bottom_right": 0.3630245327949524,
        "max_corner_weight": 0.529184103012085,
        "has_corner_subject": 1
      }
    }
  }
}