{
  "meta": {
    "_dataset": "tvm_data",
    "_label": "emotion_dataset",
    "_relpath": "emotion_dataset/excitement/excitement_1720.jpg",
    "_filename": "excitement_1720.jpg",
    "_width": 334,
    "_height": 500
  },
  "features": {
    "geometric_structural": {
      "leading_lines": {
        "diagonal": 0,
        "vertical": 1,
        "horizontal": 5,
        "curved": 149
      },
      "leading_lines_strength": 0.20234986945169714,
      "symmetry_vertical": 0.5075687551625768,
      "symmetry_horizontal": 0.3216867971333647,
      "symmetry_radial": 0.27574314556304425,
      "rule_of_thirds": {
        "alignment_score": 1,
        "num_salient_objects": 15
      },
      "golden_ratio": {
        "golden_alignment_score": 1
      },
      "balance": {
        "static_balance": 0.9741877317428589,
        "dynamic_balance": 1.0,
        "dominant_quadrant": 0
      },
      "layering": {
        "foreground_ratio": 0.3315136463772846,
        "midground_ratio": 0.15532188315926893,
        "background_ratio": 0.5131644704634465,
        "depth_complexity": 0.16539872351254395
      }
    },
    "spatial_layout": {
      "negative_space_ratio": 0.5671176362597912,
      "subject_isolation": 0.10000203981723238,
      "depth_of_field": {
        "blur_gradient_strength": 169.2717799128241,
        "sharpness_variance": 48847.25747058429,
        "min_sharpness": 0.0,
        "max_sharpness": 1558.3479961644894
      },
      "perspective": {
        "has_vanishing_point": 1,
        "perspective_strength": 0.9625550660792952
      }
    },
    "contrast_color": {
      "high_contrast_ratio": 0.5318568456266318,
      "low_contrast_ratio": 0.4681431543733682,
      "mean_contrast": 27.36786651611328,
      "highlight_ratio": 0.0980285182595253,
      "shadow_ratio": 0.22202900052070618,
      "midtone_ratio": 0.6799424886703491,
      "warm_color_ratio": 0.13092056951697129,
      "cool_color_ratio": 0.6138957449412533,
      "complementary_color_score": 2.0
    },
    "motion_dynamics": {
      "s_curve_count": 167,
      "motion_blur_score": 9.672400166484692,
      "dominant_direction_deg": 4.999999999999995,
      "direction_strength": 0.04542672976489723
    },
    "pattern_rhythm": {
      "repetition_score": 1.0,
      "rhythm_score": 1.0,
      "pattern_breaks": 3
    },
    "visual_mass_focus": {
      "point_of_interest": {
        "x": 0.20703125,
        "y": 0.7989556135770235,
        "strength": 1.0
      },
      "visual_mass_concentration": 0.19992758648825065,
      "mean_visual_weight": 0.29951930046081543,
      "face_count": 1,
      "has_directional_cues": 1
    },
    "framing_breathing": {
      "frame_in_frame_count": 0,
      "breathing_space": {
        "top": 0.5248041775456919,
        "bottom": 0.1422976501305483,
        "left": 0.353515625,
        "right": 0.0,
        "min_margin": 0.0,
        "mean_margin": 0.25515436316906004
      },
      "corner_anchors": {
        "top_left": 0.3193129301071167,
        "top_right": 0.3794567883014679,
        "bottom_left": 0.3469526767730713,
        "bottom_right": 0.24904130399227142,
        "max_corner_weight": 0.3794567883014679,
        "has_corner_subject": 1
      }
    }
  }
}