{
  "meta": {
    "_dataset": "tvm_data",
    "_label": "emotion_dataset",
    "_relpath": "emotion_dataset/excitement/excitement_0021.jpg",
    "_filename": "excitement_0021.jpg",
    "_width": 500,
    "_height": 375
  },
  "features": {
    "geometric_structural": {
      "leading_lines": {
        "diagonal": 12,
        "vertical": 0,
        "horizontal": 7,
        "curved": 231
      },
      "leading_lines_strength": 0.36603221083455345,
      "symmetry_vertical": 0.33203348309260183,
      "symmetry_horizontal": 0.2062431578337565,
      "symmetry_radial": 0.1882520844051033,
      "rule_of_thirds": {
        "alignment_score": 1,
        "num_salient_objects": 36
      },
      "golden_ratio": {
        "golden_alignment_score": 5
      },
      "balance": {
        "static_balance": 0.9207085371017456,
        "dynamic_balance": 1.0,
        "dominant_quadrant": 3
      },
      "layering": {
        "foreground_ratio": 0.33788776537335286,
        "midground_ratio": 0.2079348920204978,
        "background_ratio": 0.45417734260614934,
        "depth_complexity": 0.5969435623331286
      }
    },
    "spatial_layout": {
      "negative_space_ratio": 0.7311350430087847,
      "subject_isolation": 0.10000114385065886,
      "depth_of_field": {
        "blur_gradient_strength": 698.2464379152974,
        "sharpness_variance": 2179458.2368221255,
        "min_sharpness": 77.74711649365629,
        "max_sharpness": 12468.68127643214
      },
      "perspective": {
        "has_vanishing_point": 1,
        "perspective_strength": 0.9946483180428135
      }
    },
    "contrast_color": {
      "high_contrast_ratio": 0.344184663250366,
      "low_contrast_ratio": 0.655815336749634,
      "mean_contrast": 25.23076629638672,
      "highlight_ratio": 0.21407736837863922,
      "shadow_ratio": 0.4592045545578003,
      "midtone_ratio": 0.3267180919647217,
      "warm_color_ratio": 0.730626029465593,
      "cool_color_ratio": 0.061127379209370426,
      "complementary_color_score": 2.111111111111111
    },
    "motion_dynamics": {
      "s_curve_count": 216,
      "motion_blur_score": 7.564265827207012,
      "dominant_direction_deg": 4.999999999999995,
      "direction_strength": 0.03590261255480216
    },
    "pattern_rhythm": {
      "repetition_score": 1.0,
      "rhythm_score": 1.0,
      "pattern_breaks": 10
    },
    "visual_mass_focus": {
      "point_of_interest": {
        "x": 0.43191800878477304,
        "y": 0.794921875,
        "strength": 1.0
      },
      "visual_mass_concentration": 0.19982499084919472,
      "mean_visual_weight": 0.1692427098751068,
      "face_count": 1,
      "has_directional_cues": 1
    },
    "framing_breathing": {
      "frame_in_frame_count": 0,
      "breathing_space": {
        "top": 0.546875,
        "bottom": 0.0,
        "left": 0.44363103953147875,
        "right": 0.09956076134699854,
        "min_margin": 0.0,
        "mean_margin": 0.2725167002196193
      },
      "corner_anchors": {
        "top_left": 0.4427352845668793,
        "top_right": 0.4093674421310425,
        "bottom_left": 0.7682197093963623,
        "bottom_right": 0.3975023925304413,
        "max_corner_weight": 0.7682197093963623,
        "has_corner_subject": 1
      }
    }
  }
}