{
  "meta": {
    "_dataset": "tvm_data",
    "_label": "emotion_dataset",
    "_relpath": "emotion_dataset/excitement/excitement_0927.jpg",
    "_filename": "excitement_0927.jpg",
    "_width": 500,
    "_height": 335
  },
  "features": {
    "geometric_structural": {
      "leading_lines": {
        "diagonal": 1,
        "vertical": 0,
        "horizontal": 13,
        "curved": 392
      },
      "leading_lines_strength": 0.5314136125654451,
      "symmetry_vertical": 0.19382259435907978,
      "symmetry_horizontal": 0.17071096264193,
      "symmetry_radial": 0.12788503305132223,
      "rule_of_thirds": {
        "alignment_score": 1,
        "num_salient_objects": 29
      },
      "golden_ratio": {
        "golden_alignment_score": 2
      },
      "balance": {
        "static_balance": 0.899907648563385,
        "dynamic_balance": 1.0,
        "dominant_quadrant": 0
      },
      "layering": {
        "foreground_ratio": 0.3205476930628272,
        "midground_ratio": 0.23080620091623036,
        "background_ratio": 0.4486461060209424,
        "depth_complexity": 0.456636714762977
      }
    },
    "spatial_layout": {
      "negative_space_ratio": 0.5463918316426701,
      "subject_isolation": 0.10000051128926701,
      "depth_of_field": {
        "blur_gradient_strength": 357.8951806996329,
        "sharpness_variance": 209288.09353219895,
        "min_sharpness": 12.52595155709343,
        "max_sharpness": 2831.762369218594
      },
      "perspective": {
        "has_vanishing_point": 1,
        "perspective_strength": 0.8604992657856094
      }
    },
    "contrast_color": {
      "high_contrast_ratio": 0.4255562827225131,
      "low_contrast_ratio": 0.5744437172774869,
      "mean_contrast": 33.83330154418945,
      "highlight_ratio": 0.07195629179477692,
      "shadow_ratio": 0.3400687277317047,
      "midtone_ratio": 0.587975025177002,
      "warm_color_ratio": 0.1638963309882199,
      "cool_color_ratio": 0.2903535053992147,
      "complementary_color_score": 2.0
    },
    "motion_dynamics": {
      "s_curve_count": 431,
      "motion_blur_score": 6.341584128197819,
      "dominant_direction_deg": 95.0,
      "direction_strength": 0.04853924656401204
    },
    "pattern_rhythm": {
      "repetition_score": 1.0,
      "rhythm_score": 1.0,
      "pattern_breaks": 7
    },
    "visual_mass_focus": {
      "point_of_interest": {
        "x": 0.4489528795811518,
        "y": 0.552734375,
        "strength": 1.0
      },
      "visual_mass_concentration": 0.1998144019960733,
      "mean_visual_weight": 0.13245800137519836,
      "face_count": 3,
      "has_directional_cues": 1
    },
    "framing_breathing": {
      "frame_in_frame_count": 0,
      "breathing_space": {
        "top": 0.4765625,
        "bottom": 0.240234375,
        "left": 0.6138743455497382,
        "right": 0.15968586387434555,
        "min_margin": 0.15968586387434555,
        "mean_margin": 0.3725892711060209
      },
      "corner_anchors": {
        "top_left": 0.45438867807388306,
        "top_right": 0.4866105616092682,
        "bottom_left": 0.26201334595680237,
        "bottom_right": 0.10926297307014465,
        "max_corner_weight": 0.4866105616092682,
        "has_corner_subject": 1
      }
    }
  }
}