{
  "meta": {
    "_dataset": "tvm_data",
    "_label": "emotion_dataset",
    "_relpath": "emotion_dataset/excitement/excitement_0744.jpg",
    "_filename": "excitement_0744.jpg",
    "_width": 500,
    "_height": 333
  },
  "features": {
    "geometric_structural": {
      "leading_lines": {
        "diagonal": 68,
        "vertical": 7,
        "horizontal": 18,
        "curved": 407
      },
      "leading_lines_strength": 0.6501950585175552,
      "symmetry_vertical": 0.23386919287824487,
      "symmetry_horizontal": 0.2990039862259751,
      "symmetry_radial": 0.17681058373781666,
      "rule_of_thirds": {
        "alignment_score": 1,
        "num_salient_objects": 95
      },
      "golden_ratio": {
        "golden_alignment_score": 2
      },
      "balance": {
        "static_balance": 0.9218635559082031,
        "dynamic_balance": 1.0,
        "dominant_quadrant": 1
      },
      "layering": {
        "foreground_ratio": 0.3114231144343303,
        "midground_ratio": 0.2581934736671001,
        "background_ratio": 0.43038341189856955,
        "depth_complexity": 0.3106523994609999
      }
    },
    "spatial_layout": {
      "negative_space_ratio": 0.4372053803641092,
      "subject_isolation": 0.10000050796488946,
      "depth_of_field": {
        "blur_gradient_strength": 251.20799473159258,
        "sharpness_variance": 221213.40577716034,
        "min_sharpness": 0.0,
        "max_sharpness": 2844.758266051519
      },
      "perspective": {
        "has_vanishing_point": 1,
        "perspective_strength": 0.9997784768065217
      }
    },
    "contrast_color": {
      "high_contrast_ratio": 0.39895562418725616,
      "low_contrast_ratio": 0.6010443758127438,
      "mean_contrast": 26.692167282104492,
      "highlight_ratio": 0.18870896100997925,
      "shadow_ratio": 0.12399677187204361,
      "midtone_ratio": 0.6872942447662354,
      "warm_color_ratio": 0.5958682135890767,
      "cool_color_ratio": 0.0010718059167750325,
      "complementary_color_score": 2.1666666666666665
    },
    "motion_dynamics": {
      "s_curve_count": 386,
      "motion_blur_score": 10.216829274920595,
      "dominant_direction_deg": 4.999999999999995,
      "direction_strength": 0.06459281534443932
    },
    "pattern_rhythm": {
      "repetition_score": 1.0,
      "rhythm_score": 1.0,
      "pattern_breaks": 15
    },
    "visual_mass_focus": {
      "point_of_interest": {
        "x": 0.5734720416124838,
        "y": 0.412109375,
        "strength": 1.0
      },
      "visual_mass_concentration": 0.1997165555916775,
      "mean_visual_weight": 0.14259536564350128,
      "face_count": 0,
      "has_directional_cues": 0
    },
    "framing_breathing": {
      "frame_in_frame_count": 0,
      "breathing_space": {
        "top": 0.0,
        "bottom": 0.490234375,
        "left": 0.5903771131339401,
        "right": 0.0,
        "min_margin": 0.0,
        "mean_margin": 0.27015287203348504
      },
      "corner_anchors": {
        "top_left": 0.5736707448959351,
        "top_right": 0.6086959838867188,
        "bottom_left": 0.42105045914649963,
        "bottom_right": 0.6337293982505798,
        "max_corner_weight": 0.6337293982505798,
        "has_corner_subject": 1
      }
    }
  }
}