{
  "meta": {
    "_dataset": "tvm_data",
    "_label": "emotion_dataset",
    "_relpath": "emotion_dataset/excitement/excitement_2891.jpg",
    "_filename": "excitement_2891.jpg",
    "_width": 375,
    "_height": 500
  },
  "features": {
    "geometric_structural": {
      "leading_lines": {
        "diagonal": 2,
        "vertical": 1,
        "horizontal": 1,
        "curved": 104
      },
      "leading_lines_strength": 0.1581259150805271,
      "symmetry_vertical": 0.3836046418581862,
      "symmetry_horizontal": 0.2858258074204709,
      "symmetry_radial": 0.2175586774280793,
      "rule_of_thirds": {
        "alignment_score": 1,
        "num_salient_objects": 24
      },
      "golden_ratio": {
        "golden_alignment_score": 2
      },
      "balance": {
        "static_balance": 0.9135819673538208,
        "dynamic_balance": 1.0,
        "dominant_quadrant": 0
      },
      "layering": {
        "foreground_ratio": 0.2674322840409956,
        "midground_ratio": 0.29340627287701315,
        "background_ratio": 0.43916144308199123,
        "depth_complexity": 0.1968502315615044
      }
    },
    "spatial_layout": {
      "negative_space_ratio": 0.442352786420205,
      "subject_isolation": 0.10000114385065886,
      "depth_of_field": {
        "blur_gradient_strength": 200.08802971092828,
        "sharpness_variance": 132773.67286315342,
        "min_sharpness": 17.171468815191155,
        "max_sharpness": 2462.361880046136
      },
      "perspective": {
        "has_vanishing_point": 1,
        "perspective_strength": 0.9619047619047619
      }
    },
    "contrast_color": {
      "high_contrast_ratio": 0.4176885065885798,
      "low_contrast_ratio": 0.5823114934114202,
      "mean_contrast": 26.818681716918945,
      "highlight_ratio": 0.08539131283760071,
      "shadow_ratio": 0.28594836592674255,
      "midtone_ratio": 0.6286603212356567,
      "warm_color_ratio": 0.8036837710468521,
      "cool_color_ratio": 0.016148311676427527,
      "complementary_color_score": 2.3333333333333335
    },
    "motion_dynamics": {
      "s_curve_count": 165,
      "motion_blur_score": 9.526186938796384,
      "dominant_direction_deg": 4.999999999999995,
      "direction_strength": 0.04357785047571726
    },
    "pattern_rhythm": {
      "repetition_score": 1.0,
      "rhythm_score": 1.0,
      "pattern_breaks": 7
    },
    "visual_mass_focus": {
      "point_of_interest": {
        "x": 0.603515625,
        "y": 0.5021961932650073,
        "strength": 1.0
      },
      "visual_mass_concentration": 0.1999250777818448,
      "mean_visual_weight": 0.22636300325393677,
      "face_count": 0,
      "has_directional_cues": 0
    },
    "framing_breathing": {
      "frame_in_frame_count": 0,
      "breathing_space": {
        "top": 0.0,
        "bottom": 0.5285505124450952,
        "left": 0.0,
        "right": 0.55078125,
        "min_margin": 0.0,
        "mean_margin": 0.26983294061127383
      },
      "corner_anchors": {
        "top_left": 0.5799522399902344,
        "top_right": 0.49850133061408997,
        "bottom_left": 0.2895042598247528,
        "bottom_right": 0.3721352517604828,
        "max_corner_weight": 0.5799522399902344,
        "has_corner_subject": 1
      }
    }
  }
}