{
  "meta": {
    "_dataset": "tvm_data",
    "_label": "emotion_dataset",
    "_relpath": "emotion_dataset/excitement/excitement_0023.jpg",
    "_filename": "excitement_0023.jpg",
    "_width": 355,
    "_height": 500
  },
  "features": {
    "geometric_structural": {
      "leading_lines": {
        "diagonal": 1,
        "vertical": 2,
        "horizontal": 0,
        "curved": 140
      },
      "leading_lines_strength": 0.19833564493758668,
      "symmetry_vertical": 0.6043191599978923,
      "symmetry_horizontal": 0.6570587737928861,
      "symmetry_radial": 0.4393064115743411,
      "rule_of_thirds": {
        "alignment_score": 2,
        "num_salient_objects": 9
      },
      "golden_ratio": {
        "golden_alignment_score": 7
      },
      "balance": {
        "static_balance": 0.8713067173957825,
        "dynamic_balance": 1.0,
        "dominant_quadrant": 2
      },
      "layering": {
        "foreground_ratio": 0.25018691487517336,
        "midground_ratio": 0.3310722954230236,
        "background_ratio": 0.41874078970180306,
        "depth_complexity": 0.23924443147778884
      }
    },
    "spatial_layout": {
      "negative_space_ratio": 0.8874095223647711,
      "subject_isolation": 0.10000216712898752,
      "depth_of_field": {
        "blur_gradient_strength": 236.7789522180814,
        "sharpness_variance": 217138.16685167595,
        "min_sharpness": 1.8764048547855419,
        "max_sharpness": 3426.5487831034143
      },
      "perspective": {
        "has_vanishing_point": 1,
        "perspective_strength": 0.917910447761194
      }
    },
    "contrast_color": {
      "high_contrast_ratio": 0.3522939060332871,
      "low_contrast_ratio": 0.647706093966713,
      "mean_contrast": 17.24934196472168,
      "highlight_ratio": 0.025769872590899467,
      "shadow_ratio": 0.18987029790878296,
      "midtone_ratio": 0.7843598127365112,
      "warm_color_ratio": 0.15059108443134536,
      "cool_color_ratio": 0.752240269590846,
      "complementary_color_score": 2.111111111111111
    },
    "motion_dynamics": {
      "s_curve_count": 141,
      "motion_blur_score": 8.564775173976708,
      "dominant_direction_deg": 4.999999999999995,
      "direction_strength": 0.09678398058226209
    },
    "pattern_rhythm": {
      "repetition_score": 1.0,
      "rhythm_score": 1.0,
      "pattern_breaks": 7
    },
    "visual_mass_focus": {
      "point_of_interest": {
        "x": 0.453125,
        "y": 0.420249653259362,
        "strength": 1.0
      },
      "visual_mass_concentration": 0.1997876213592233,
      "mean_visual_weight": 0.3552270531654358,
      "face_count": 0,
      "has_directional_cues": 0
    },
    "framing_breathing": {
      "frame_in_frame_count": 0,
      "breathing_space": {
        "top": 0.1900138696255201,
        "bottom": 0.5561719833564494,
        "left": 0.32421875,
        "right": 0.41015625,
        "min_margin": 0.1900138696255201,
        "mean_margin": 0.3701402132454924
      },
      "corner_anchors": {
        "top_left": 0.18479277193546295,
        "top_right": 0.1460188925266266,
        "bottom_left": 0.2202620506286621,
        "bottom_right": 0.17880159616470337,
        "max_corner_weight": 0.2202620506286621,
        "has_corner_subject": 0
      }
    }
  }
}