{
  "meta": {
    "_dataset": "tvm_data",
    "_label": "emotion_dataset",
    "_relpath": "emotion_dataset/excitement/excitement_0156.jpg",
    "_filename": "excitement_0156.jpg",
    "_width": 500,
    "_height": 333
  },
  "features": {
    "geometric_structural": {
      "leading_lines": {
        "diagonal": 305,
        "vertical": 2,
        "horizontal": 160,
        "curved": 1101
      },
      "leading_lines_strength": 2.0390117035110533,
      "symmetry_vertical": 0.05297566837012504,
      "symmetry_horizontal": 0.04991626560838113,
      "symmetry_radial": 0.0322776088935322,
      "rule_of_thirds": {
        "alignment_score": 1,
        "num_salient_objects": 40
      },
      "golden_ratio": {
        "golden_alignment_score": 1
      },
      "balance": {
        "static_balance": 0.8002908825874329,
        "dynamic_balance": 1.0,
        "dominant_quadrant": 0
      },
      "layering": {
        "foreground_ratio": 0.3246936971716515,
        "midground_ratio": 0.3339031006176853,
        "background_ratio": 0.3414032022106632,
        "depth_complexity": 2.9579133988732194
      }
    },
    "spatial_layout": {
      "negative_space_ratio": 0.5394561727893368,
      "subject_isolation": 0.10000050796488946,
      "depth_of_field": {
        "blur_gradient_strength": 981.3472888461577,
        "sharpness_variance": 1449023.1037706854,
        "min_sharpness": 591.0761578259095,
        "max_sharpness": 8158.459934893286
      },
      "perspective": {
        "has_vanishing_point": 1,
        "perspective_strength": 0.9995182998819363
      }
    },
    "contrast_color": {
      "high_contrast_ratio": 0.43781493823146944,
      "low_contrast_ratio": 0.5621850617685306,
      "mean_contrast": 38.639366149902344,
      "highlight_ratio": 0.054791633039712906,
      "shadow_ratio": 0.11863519996404648,
      "midtone_ratio": 0.8265731930732727,
      "warm_color_ratio": 0.5116603340377113,
      "cool_color_ratio": 0.06734090539661898,
      "complementary_color_score": 2.0
    },
    "motion_dynamics": {
      "s_curve_count": 769,
      "motion_blur_score": 4.575494009635829,
      "dominant_direction_deg": -85.0,
      "direction_strength": 0.03538229437572288
    },
    "pattern_rhythm": {
      "repetition_score": 1.0,
      "rhythm_score": 1.0,
      "pattern_breaks": 6
    },
    "visual_mass_focus": {
      "point_of_interest": {
        "x": 0.23276983094928477,
        "y": 0.083984375,
        "strength": 1.0
      },
      "visual_mass_concentration": 0.19993498049414823,
      "mean_visual_weight": 0.17311502993106842,
      "face_count": 0,
      "has_directional_cues": 0
    },
    "framing_breathing": {
      "frame_in_frame_count": 0,
      "breathing_space": {
        "top": 0.0,
        "bottom": 0.892578125,
        "left": 0.0,
        "right": 0.8205461638491548,
        "min_margin": 0.0,
        "mean_margin": 0.4282810722122887
      },
      "corner_anchors": {
        "top_left": 0.4907502233982086,
        "top_right": 0.24560482800006866,
        "bottom_left": 0.12766921520233154,
        "bottom_right": 0.1035509929060936,
        "max_corner_weight": 0.4907502233982086,
        "has_corner_subject": 1
      }
    }
  }
}