{
  "meta": {
    "_dataset": "tvm_data",
    "_label": "emotion_dataset",
    "_relpath": "emotion_dataset/excitement/excitement_1903.jpg",
    "_filename": "excitement_1903.jpg",
    "_width": 640,
    "_height": 640
  },
  "features": {
    "geometric_structural": {
      "leading_lines": {
        "diagonal": 0,
        "vertical": 2,
        "horizontal": 0,
        "curved": 35
      },
      "leading_lines_strength": 0.072265625,
      "symmetry_vertical": 0.4800355800931292,
      "symmetry_horizontal": 0.5146364559784252,
      "symmetry_radial": 0.4698022425245898,
      "rule_of_thirds": {
        "alignment_score": 0,
        "num_salient_objects": 9
      },
      "golden_ratio": {
        "golden_alignment_score": 0
      },
      "balance": {
        "static_balance": 0.8868415355682373,
        "dynamic_balance": 1.0,
        "dominant_quadrant": 1
      },
      "layering": {
        "foreground_ratio": 0.2534065246582031,
        "midground_ratio": 0.3403968811035156,
        "background_ratio": 0.40619659423828125,
        "depth_complexity": 0.12460017773415893
      }
    },
    "spatial_layout": {
      "negative_space_ratio": 0.8320350646972656,
      "subject_isolation": 0.10000228881835938,
      "depth_of_field": {
        "blur_gradient_strength": 123.94997631988247,
        "sharpness_variance": 33407.686526054145,
        "min_sharpness": 18.074548856715417,
        "max_sharpness": 1193.5994809688582
      },
      "perspective": {
        "has_vanishing_point": 1,
        "perspective_strength": 0.8095238095238095
      }
    },
    "contrast_color": {
      "high_contrast_ratio": 0.2904624938964844,
      "low_contrast_ratio": 0.7095375061035156,
      "mean_contrast": 18.287120819091797,
      "highlight_ratio": 0.04018402099609375,
      "shadow_ratio": 0.449493408203125,
      "midtone_ratio": 0.5103225708007812,
      "warm_color_ratio": 0.948455810546875,
      "cool_color_ratio": 3.814697265625e-06,
      "complementary_color_score": 0.0
    },
    "motion_dynamics": {
      "s_curve_count": 49,
      "motion_blur_score": 8.425530387253039,
      "dominant_direction_deg": 4.999999999999995,
      "direction_strength": 0.036609649658063466
    },
    "pattern_rhythm": {
      "repetition_score": 1.0,
      "rhythm_score": 1.0,
      "pattern_breaks": 4
    },
    "visual_mass_focus": {
      "point_of_interest": {
        "x": 0.80078125,
        "y": 0.2421875,
        "strength": 1.0
      },
      "visual_mass_concentration": 0.19997406005859375,
      "mean_visual_weight": 0.18324297666549683,
      "face_count": 0,
      "has_directional_cues": 0
    },
    "framing_breathing": {
      "frame_in_frame_count": 0,
      "breathing_space": {
        "top": 0.0,
        "bottom": 0.71875,
        "left": 0.708984375,
        "right": 0.0,
        "min_margin": 0.0,
        "mean_margin": 0.35693359375
      },
      "corner_anchors": {
        "top_left": 0.14750798046588898,
        "top_right": 0.7129133939743042,
        "bottom_left": 0.26925820112228394,
        "bottom_right": 0.38305768370628357,
        "max_corner_weight": 0.7129133939743042,
        "has_corner_subject": 1
      }
    }
  }
}