{
  "meta": {
    "_dataset": "tvm_data",
    "_label": "emotion_dataset",
    "_relpath": "emotion_dataset/excitement/excitement_1719.jpg",
    "_filename": "excitement_1719.jpg",
    "_width": 500,
    "_height": 375
  },
  "features": {
    "geometric_structural": {
      "leading_lines": {
        "diagonal": 209,
        "vertical": 1,
        "horizontal": 42,
        "curved": 780
      },
      "leading_lines_strength": 1.5109809663250366,
      "symmetry_vertical": 0.1433511637018902,
      "symmetry_horizontal": 0.15745928066212686,
      "symmetry_radial": 0.08855991967529458,
      "rule_of_thirds": {
        "alignment_score": 0,
        "num_salient_objects": 54
      },
      "golden_ratio": {
        "golden_alignment_score": 0
      },
      "balance": {
        "static_balance": 0.9783972501754761,
        "dynamic_balance": 1.0,
        "dominant_quadrant": 3
      },
      "layering": {
        "foreground_ratio": 0.3312362737920937,
        "midground_ratio": 0.2971237875183016,
        "background_ratio": 0.3716399386896047,
        "depth_complexity": 1.1720046148240006
      }
    },
    "spatial_layout": {
      "negative_space_ratio": 0.5893204383235725,
      "subject_isolation": 0.10000114385065886,
      "depth_of_field": {
        "blur_gradient_strength": 575.1877199221398,
        "sharpness_variance": 562480.2401358597,
        "min_sharpness": 13.65144745884121,
        "max_sharpness": 2941.590519031142
      },
      "perspective": {
        "has_vanishing_point": 1,
        "perspective_strength": 0.9997566595438887
      }
    },
    "contrast_color": {
      "high_contrast_ratio": 0.45633636072474376,
      "low_contrast_ratio": 0.5436636392752563,
      "mean_contrast": 25.219676971435547,
      "highlight_ratio": 0.16144880652427673,
      "shadow_ratio": 0.17429138720035553,
      "midtone_ratio": 0.6642597913742065,
      "warm_color_ratio": 0.049431506222547585,
      "cool_color_ratio": 0.01708626921669107,
      "complementary_color_score": 2.3333333333333335
    },
    "motion_dynamics": {
      "s_curve_count": 592,
      "motion_blur_score": 8.023903957366029,
      "dominant_direction_deg": -85.0,
      "direction_strength": 0.04235393027074272
    },
    "pattern_rhythm": {
      "repetition_score": 1.0,
      "rhythm_score": 1.0,
      "pattern_breaks": 9
    },
    "visual_mass_focus": {
      "point_of_interest": {
        "x": 0.5915080527086384,
        "y": 0.353515625,
        "strength": 1.0
      },
      "visual_mass_concentration": 0.1995304493045388,
      "mean_visual_weight": 0.044248998165130615,
      "face_count": 0,
      "has_directional_cues": 0
    },
    "framing_breathing": {
      "frame_in_frame_count": 0,
      "breathing_space": {
        "top": 0.716796875,
        "bottom": 0.0,
        "left": 0.33821376281112736,
        "right": 0.1376281112737921,
        "min_margin": 0.0,
        "mean_margin": 0.2981596872712298
      },
      "corner_anchors": {
        "top_left": 0.432905912399292,
        "top_right": 0.23547396063804626,
        "bottom_left": 0.28072312474250793,
        "bottom_right": 0.28025975823402405,
        "max_corner_weight": 0.432905912399292,
        "has_corner_subject": 1
      }
    }
  }
}