{
  "meta": {
    "_dataset": "tvm_data",
    "_label": "emotion_dataset",
    "_relpath": "emotion_dataset/excitement/excitement_0026.jpg",
    "_filename": "excitement_0026.jpg",
    "_width": 500,
    "_height": 276
  },
  "features": {
    "geometric_structural": {
      "leading_lines": {
        "diagonal": 1,
        "vertical": 0,
        "horizontal": 10,
        "curved": 289
      },
      "leading_lines_strength": 0.3232758620689655,
      "symmetry_vertical": 0.46126402981852643,
      "symmetry_horizontal": 0.25319744495156743,
      "symmetry_radial": 0.23098647431410535,
      "rule_of_thirds": {
        "alignment_score": 0,
        "num_salient_objects": 81
      },
      "golden_ratio": {
        "golden_alignment_score": 1
      },
      "balance": {
        "static_balance": 0.9601774215698242,
        "dynamic_balance": 1.0,
        "dominant_quadrant": 1
      },
      "layering": {
        "foreground_ratio": 0.3047695817618534,
        "midground_ratio": 0.30448966190732757,
        "background_ratio": 0.39074075633081895,
        "depth_complexity": 0.3891749916062795
      }
    },
    "spatial_layout": {
      "negative_space_ratio": 0.504571322737069,
      "subject_isolation": 0.10000084186422414,
      "depth_of_field": {
        "blur_gradient_strength": 282.93985147509574,
        "sharpness_variance": 182694.9902334957,
        "min_sharpness": 0.7357992763260103,
        "max_sharpness": 2772.944152287567
      },
      "perspective": {
        "has_vanishing_point": 1,
        "perspective_strength": 0.9259259259259259
      }
    },
    "contrast_color": {
      "high_contrast_ratio": 0.5129668137122845,
      "low_contrast_ratio": 0.4870331862877155,
      "mean_contrast": 29.57399559020996,
      "highlight_ratio": 0.4723700284957886,
      "shadow_ratio": 0.08232169598340988,
      "midtone_ratio": 0.44530826807022095,
      "warm_color_ratio": 0.41035198343211204,
      "cool_color_ratio": 0.0036305394665948278,
      "complementary_color_score": 2.5
    },
    "motion_dynamics": {
      "s_curve_count": 320,
      "motion_blur_score": 11.025244926285199,
      "dominant_direction_deg": 4.999999999999995,
      "direction_strength": 0.1577485183186335
    },
    "pattern_rhythm": {
      "repetition_score": 1.0,
      "rhythm_score": 1.0,
      "pattern_breaks": 21
    },
    "visual_mass_focus": {
      "point_of_interest": {
        "x": 0.29310344827586204,
        "y": 0.6640625,
        "strength": 1.0
      },
      "visual_mass_concentration": 0.19988803205818967,
      "mean_visual_weight": 0.08559079468250275,
      "face_count": 1,
      "has_directional_cues": 1
    },
    "framing_breathing": {
      "frame_in_frame_count": 0,
      "breathing_space": {
        "top": 0.794921875,
        "bottom": 0.0,
        "left": 0.0,
        "right": 0.0,
        "min_margin": 0.0,
        "mean_margin": 0.19873046875
      },
      "corner_anchors": {
        "top_left": 0.49883225560188293,
        "top_right": 0.555494487285614,
        "bottom_left": 0.5136398077011108,
        "bottom_right": 0.40127548575401306,
        "max_corner_weight": 0.555494487285614,
        "has_corner_subject": 1
      }
    }
  }
}