{
  "meta": {
    "_dataset": "tvm_data",
    "_label": "emotion_dataset",
    "_relpath": "emotion_dataset/excitement/excitement_0214.jpg",
    "_filename": "excitement_0214.jpg",
    "_width": 457,
    "_height": 500
  },
  "features": {
    "geometric_structural": {
      "leading_lines": {
        "diagonal": 13,
        "vertical": 20,
        "horizontal": 9,
        "curved": 249
      },
      "leading_lines_strength": 0.5196428571428572,
      "symmetry_vertical": 0.15327269137960364,
      "symmetry_horizontal": 0.18228652113107316,
      "symmetry_radial": 0.14679475838489037,
      "rule_of_thirds": {
        "alignment_score": 1,
        "num_salient_objects": 26
      },
      "golden_ratio": {
        "golden_alignment_score": 1
      },
      "balance": {
        "static_balance": 0.8768200874328613,
        "dynamic_balance": 1.0,
        "dominant_quadrant": 3
      },
      "layering": {
        "foreground_ratio": 0.32229701450892856,
        "midground_ratio": 0.22495814732142858,
        "background_ratio": 0.45274483816964284,
        "depth_complexity": 1.26538214800134
      }
    },
    "spatial_layout": {
      "negative_space_ratio": 0.7169747488839285,
      "subject_isolation": 0.1,
      "depth_of_field": {
        "blur_gradient_strength": 1305.6470687129893,
        "sharpness_variance": 2116885.053805235,
        "min_sharpness": 0.0,
        "max_sharpness": 7901.238588772158
      },
      "perspective": {
        "has_vanishing_point": 1,
        "perspective_strength": 0.9994780793319415
      }
    },
    "contrast_color": {
      "high_contrast_ratio": 0.5080008370535715,
      "low_contrast_ratio": 0.49199916294642854,
      "mean_contrast": 32.998512268066406,
      "highlight_ratio": 0.01778390072286129,
      "shadow_ratio": 0.6581577658653259,
      "midtone_ratio": 0.3240583539009094,
      "warm_color_ratio": 0.40048479352678573,
      "cool_color_ratio": 0.12767857142857142,
      "complementary_color_score": 2.0
    },
    "motion_dynamics": {
      "s_curve_count": 232,
      "motion_blur_score": 3.4581893236546297,
      "dominant_direction_deg": 4.999999999999995,
      "direction_strength": 0.24318498883843753
    },
    "pattern_rhythm": {
      "repetition_score": 1.0,
      "rhythm_score": 1.0,
      "pattern_breaks": 4
    },
    "visual_mass_focus": {
      "point_of_interest": {
        "x": 0.68359375,
        "y": 0.625,
        "strength": 1.0
      },
      "visual_mass_concentration": 0.19989536830357144,
      "mean_visual_weight": 0.12688621878623962,
      "face_count": 0,
      "has_directional_cues": 0
    },
    "framing_breathing": {
      "frame_in_frame_count": 0,
      "breathing_space": {
        "top": 0.12321428571428572,
        "bottom": 0.6678571428571428,
        "left": 0.55859375,
        "right": 0.23046875,
        "min_margin": 0.12321428571428572,
        "mean_margin": 0.39503348214285716
      },
      "corner_anchors": {
        "top_left": 0.17380644381046295,
        "top_right": 0.2127838134765625,
        "bottom_left": 0.15297836065292358,
        "bottom_right": 0.29834914207458496,
        "max_corner_weight": 0.29834914207458496,
        "has_corner_subject": 0
      }
    }
  }
}