{
  "meta": {
    "_dataset": "tvm_data",
    "_label": "emotion_dataset",
    "_relpath": "emotion_dataset/excitement/excitement_0017.jpg",
    "_filename": "excitement_0017.jpg",
    "_width": 357,
    "_height": 500
  },
  "features": {
    "geometric_structural": {
      "leading_lines": {
        "diagonal": 3,
        "vertical": 0,
        "horizontal": 72,
        "curved": 210
      },
      "leading_lines_strength": 0.39748953974895396,
      "symmetry_vertical": 0.31912672171123513,
      "symmetry_horizontal": 0.25076241852132397,
      "symmetry_radial": 0.177644574377171,
      "rule_of_thirds": {
        "alignment_score": 2,
        "num_salient_objects": 14
      },
      "golden_ratio": {
        "golden_alignment_score": 3
      },
      "balance": {
        "static_balance": 0.923757016658783,
        "dynamic_balance": 1.0,
        "dominant_quadrant": 0
      },
      "layering": {
        "foreground_ratio": 0.3130693209553696,
        "midground_ratio": 0.3139083202580195,
        "background_ratio": 0.3730223587866109,
        "depth_complexity": 0.6405003791100918
      }
    },
    "spatial_layout": {
      "negative_space_ratio": 0.5934803216527197,
      "subject_isolation": 0.10000163441422594,
      "depth_of_field": {
        "blur_gradient_strength": 434.8126984755027,
        "sharpness_variance": 316121.90011628973,
        "min_sharpness": 1.8431372549019607,
        "max_sharpness": 3008.169016116446
      },
      "perspective": {
        "has_vanishing_point": 1,
        "perspective_strength": 0.9942434210526315
      }
    },
    "contrast_color": {
      "high_contrast_ratio": 0.48332080282426776,
      "low_contrast_ratio": 0.5166791971757323,
      "mean_contrast": 31.73446273803711,
      "highlight_ratio": 0.01848522573709488,
      "shadow_ratio": 0.21598511934280396,
      "midtone_ratio": 0.7655296325683594,
      "warm_color_ratio": 0.3669178216527197,
      "cool_color_ratio": 0.2723288223500697,
      "complementary_color_score": 2.3333333333333335
    },
    "motion_dynamics": {
      "s_curve_count": 204,
      "motion_blur_score": 7.256713199519779,
      "dominant_direction_deg": 4.999999999999995,
      "direction_strength": 0.05910586645730064
    },
    "pattern_rhythm": {
      "repetition_score": 1.0,
      "rhythm_score": 1.0,
      "pattern_breaks": 4
    },
    "visual_mass_focus": {
      "point_of_interest": {
        "x": 0.462890625,
        "y": 0.6052998605299861,
        "strength": 1.0
      },
      "visual_mass_concentration": 0.1987502179218968,
      "mean_visual_weight": 0.18554849922657013,
      "face_count": 0,
      "has_directional_cues": 0
    },
    "framing_breathing": {
      "frame_in_frame_count": 0,
      "breathing_space": {
        "top": 0.4421199442119944,
        "bottom": 0.5188284518828452,
        "left": 0.0,
        "right": 0.271484375,
        "min_margin": 0.0,
        "mean_margin": 0.30810819277370993
      },
      "corner_anchors": {
        "top_left": 0.418924480676651,
        "top_right": 0.44642600417137146,
        "bottom_left": 0.22082050144672394,
        "bottom_right": 0.20256924629211426,
        "max_corner_weight": 0.44642600417137146,
        "has_corner_subject": 1
      }
    }
  }
}