{
  "meta": {
    "_dataset": "tvm_data",
    "_label": "emotion_dataset",
    "_relpath": "emotion_dataset/excitement/excitement_0153.jpg",
    "_filename": "excitement_0153.jpg",
    "_width": 500,
    "_height": 375
  },
  "features": {
    "geometric_structural": {
      "leading_lines": {
        "diagonal": 33,
        "vertical": 19,
        "horizontal": 41,
        "curved": 445
      },
      "leading_lines_strength": 0.787701317715959,
      "symmetry_vertical": 0.3731391789756073,
      "symmetry_horizontal": 0.10095667026908807,
      "symmetry_radial": 0.08459718934098294,
      "rule_of_thirds": {
        "alignment_score": 0,
        "num_salient_objects": 23
      },
      "golden_ratio": {
        "golden_alignment_score": 0
      },
      "balance": {
        "static_balance": 0.9566260576248169,
        "dynamic_balance": 1.0,
        "dominant_quadrant": 2
      },
      "layering": {
        "foreground_ratio": 0.33622918191800877,
        "midground_ratio": 0.31254861365300146,
        "background_ratio": 0.35122220442898977,
        "depth_complexity": 1.361855673864681
      }
    },
    "spatial_layout": {
      "negative_space_ratio": 0.7323589632137628,
      "subject_isolation": 0.10000114385065886,
      "depth_of_field": {
        "blur_gradient_strength": 888.9289524674075,
        "sharpness_variance": 1643864.8692983522,
        "min_sharpness": 28.131652249134948,
        "max_sharpness": 7441.926735870819
      },
      "perspective": {
        "has_vanishing_point": 1,
        "perspective_strength": 0.9997491488980469
      }
    },
    "contrast_color": {
      "high_contrast_ratio": 0.4914840318448023,
      "low_contrast_ratio": 0.5085159681551976,
      "mean_contrast": 31.926410675048828,
      "highlight_ratio": 0.09985244274139404,
      "shadow_ratio": 0.5269576907157898,
      "midtone_ratio": 0.37318986654281616,
      "warm_color_ratio": 0.2942241260980966,
      "cool_color_ratio": 0.18020509242313323,
      "complementary_color_score": 2.4444444444444446
    },
    "motion_dynamics": {
      "s_curve_count": 354,
      "motion_blur_score": 5.193309848946515,
      "dominant_direction_deg": 95.0,
      "direction_strength": 0.048015991032073525
    },
    "pattern_rhythm": {
      "repetition_score": 1.0,
      "rhythm_score": 1.0,
      "pattern_breaks": 6
    },
    "visual_mass_focus": {
      "point_of_interest": {
        "x": 0.4494875549048316,
        "y": 0.869140625,
        "strength": 1.0
      },
      "visual_mass_concentration": 0.199593361090776,
      "mean_visual_weight": 0.08021923899650574,
      "face_count": 0,
      "has_directional_cues": 0
    },
    "framing_breathing": {
      "frame_in_frame_count": 0,
      "breathing_space": {
        "top": 0.697265625,
        "bottom": 0.0,
        "left": 0.04978038067349927,
        "right": 0.055636896046852125,
        "min_margin": 0.0,
        "mean_margin": 0.20067072543008785
      },
      "corner_anchors": {
        "top_left": 0.2401982843875885,
        "top_right": 0.23810288310050964,
        "bottom_left": 0.3583427965641022,
        "bottom_right": 0.4242522120475769,
        "max_corner_weight": 0.4242522120475769,
        "has_corner_subject": 1
      }
    }
  }
}