{
  "meta": {
    "_dataset": "tvm_data",
    "_label": "emotion_dataset",
    "_relpath": "emotion_dataset/excitement/excitement_0107.jpg",
    "_filename": "excitement_0107.jpg",
    "_width": 500,
    "_height": 500
  },
  "features": {
    "geometric_structural": {
      "leading_lines": {
        "diagonal": 5,
        "vertical": 0,
        "horizontal": 1,
        "curved": 232
      },
      "leading_lines_strength": 0.46484375,
      "symmetry_vertical": 0.2390068995498169,
      "symmetry_horizontal": 0.23695635402129764,
      "symmetry_radial": 0.20779381036109934,
      "rule_of_thirds": {
        "alignment_score": 0,
        "num_salient_objects": 8
      },
      "golden_ratio": {
        "golden_alignment_score": 0
      },
      "balance": {
        "static_balance": 0.9291688203811646,
        "dynamic_balance": 1.0,
        "dominant_quadrant": 2
      },
      "layering": {
        "foreground_ratio": 0.3024253845214844,
        "midground_ratio": 0.3226776123046875,
        "background_ratio": 0.3748970031738281,
        "depth_complexity": 0.34849567108367047
      }
    },
    "spatial_layout": {
      "negative_space_ratio": 0.7761154174804688,
      "subject_isolation": 0.10000228881835938,
      "depth_of_field": {
        "blur_gradient_strength": 427.8378585937198,
        "sharpness_variance": 351365.901525483,
        "min_sharpness": 3.7940215301806997,
        "max_sharpness": 3371.0666089965393
      },
      "perspective": {
        "has_vanishing_point": 1,
        "perspective_strength": 0.98
      }
    },
    "contrast_color": {
      "high_contrast_ratio": 0.459136962890625,
      "low_contrast_ratio": 0.540863037109375,
      "mean_contrast": 30.43573570251465,
      "highlight_ratio": 0.01450347900390625,
      "shadow_ratio": 0.6418838500976562,
      "midtone_ratio": 0.3436126708984375,
      "warm_color_ratio": 0.9728507995605469,
      "cool_color_ratio": 0.0010986328125,
      "complementary_color_score": 2.5
    },
    "motion_dynamics": {
      "s_curve_count": 250,
      "motion_blur_score": 4.7882537727400365,
      "dominant_direction_deg": 4.999999999999995,
      "direction_strength": 0.03969192504867671
    },
    "pattern_rhythm": {
      "repetition_score": 1.0,
      "rhythm_score": 1.0,
      "pattern_breaks": 2
    },
    "visual_mass_focus": {
      "point_of_interest": {
        "x": 0.1953125,
        "y": 0.849609375,
        "strength": 1.0
      },
      "visual_mass_concentration": 0.1999053955078125,
      "mean_visual_weight": 0.2347845733165741,
      "face_count": 2,
      "has_directional_cues": 1
    },
    "framing_breathing": {
      "frame_in_frame_count": 0,
      "breathing_space": {
        "top": 0.865234375,
        "bottom": 0.0,
        "left": 0.0,
        "right": 0.767578125,
        "min_margin": 0.0,
        "mean_margin": 0.408203125
      },
      "corner_anchors": {
        "top_left": 0.13026607036590576,
        "top_right": 0.2472759634256363,
        "bottom_left": 0.5052539110183716,
        "bottom_right": 0.3090936839580536,
        "max_corner_weight": 0.5052539110183716,
        "has_corner_subject": 1
      }
    }
  }
}