{
  "meta": {
    "_dataset": "tvm_data",
    "_label": "emotion_dataset",
    "_relpath": "emotion_dataset/excitement/excitement_2892.jpg",
    "_filename": "excitement_2892.jpg",
    "_width": 500,
    "_height": 342
  },
  "features": {
    "geometric_structural": {
      "leading_lines": {
        "diagonal": 62,
        "vertical": 6,
        "horizontal": 36,
        "curved": 233
      },
      "leading_lines_strength": 0.4499332443257677,
      "symmetry_vertical": 0.4254799853847784,
      "symmetry_horizontal": 0.3292456211944466,
      "symmetry_radial": 0.32532639504737204,
      "rule_of_thirds": {
        "alignment_score": 3,
        "num_salient_objects": 74
      },
      "golden_ratio": {
        "golden_alignment_score": 5
      },
      "balance": {
        "static_balance": 0.9259114265441895,
        "dynamic_balance": 1.0,
        "dominant_quadrant": 3
      },
      "layering": {
        "foreground_ratio": 0.32864131341789055,
        "midground_ratio": 0.19707526702269693,
        "background_ratio": 0.47428341955941256,
        "depth_complexity": 2.3148012219175764
      }
    },
    "spatial_layout": {
      "negative_space_ratio": 0.7303748748331108,
      "subject_isolation": 0.10000052152870494,
      "depth_of_field": {
        "blur_gradient_strength": 2400.741300014454,
        "sharpness_variance": 6373146.613427699,
        "min_sharpness": 0.0,
        "max_sharpness": 13977.110117201248
      },
      "perspective": {
        "has_vanishing_point": 1,
        "perspective_strength": 0.9996089778681473
      }
    },
    "contrast_color": {
      "high_contrast_ratio": 0.6705346712283045,
      "low_contrast_ratio": 0.32946532877169554,
      "mean_contrast": 47.2791748046875,
      "highlight_ratio": 0.05362879857420921,
      "shadow_ratio": 0.6898312568664551,
      "midtone_ratio": 0.2565399408340454,
      "warm_color_ratio": 0.0,
      "cool_color_ratio": 0.0,
      "complementary_color_score": 0.0
    },
    "motion_dynamics": {
      "s_curve_count": 224,
      "motion_blur_score": 3.4188575812646698,
      "dominant_direction_deg": 4.999999999999995,
      "direction_strength": 0.4638059078759601
    },
    "pattern_rhythm": {
      "repetition_score": 1.0,
      "rhythm_score": 1.0,
      "pattern_breaks": 15
    },
    "visual_mass_focus": {
      "point_of_interest": {
        "x": 0.6261682242990654,
        "y": 0.634765625,
        "strength": 1.0
      },
      "visual_mass_concentration": 0.0009987274699599466,
      "mean_visual_weight": 5.412790414993651e-06,
      "face_count": 0,
      "has_directional_cues": 0
    },
    "framing_breathing": {
      "frame_in_frame_count": 0,
      "breathing_space": {
        "top": 0.77734375,
        "bottom": 0.03515625,
        "left": 0.5500667556742324,
        "right": 0.27903871829105475,
        "min_margin": 0.03515625,
        "mean_margin": 0.41040136849132175
      },
      "corner_anchors": {
        "top_left": 0.25397738814353943,
        "top_right": 0.25390884280204773,
        "bottom_left": 0.24082155525684357,
        "bottom_right": 0.2669861912727356,
        "max_corner_weight": 0.2669861912727356,
        "has_corner_subject": 0
      }
    }
  }
}