{
  "meta": {
    "_dataset": "tvm_data",
    "_label": "emotion_dataset",
    "_relpath": "emotion_dataset/excitement/excitement_2894.jpg",
    "_filename": "excitement_2894.jpg",
    "_width": 500,
    "_height": 299
  },
  "features": {
    "geometric_structural": {
      "leading_lines": {
        "diagonal": 19,
        "vertical": 2,
        "horizontal": 34,
        "curved": 789
      },
      "leading_lines_strength": 0.985981308411215,
      "symmetry_vertical": 0.1273486217147518,
      "symmetry_horizontal": 0.12968890305942316,
      "symmetry_radial": 0.07473365625415591,
      "rule_of_thirds": {
        "alignment_score": 0,
        "num_salient_objects": 13
      },
      "golden_ratio": {
        "golden_alignment_score": 2
      },
      "balance": {
        "static_balance": 0.9794493913650513,
        "dynamic_balance": 1.0,
        "dominant_quadrant": 0
      },
      "layering": {
        "foreground_ratio": 0.31046701591705606,
        "midground_ratio": 0.3047240070093458,
        "background_ratio": 0.3848089770735981,
        "depth_complexity": 0.9603297807137013
      }
    },
    "spatial_layout": {
      "negative_space_ratio": 0.5666937426985982,
      "subject_isolation": 0.1000018253504673,
      "depth_of_field": {
        "blur_gradient_strength": 562.3773008704839,
        "sharpness_variance": 758746.8211961181,
        "min_sharpness": 9.049511167517418,
        "max_sharpness": 5037.02226083157
      },
      "perspective": {
        "has_vanishing_point": 1,
        "perspective_strength": 0.9991614841730138
      }
    },
    "contrast_color": {
      "high_contrast_ratio": 0.38086622006425236,
      "low_contrast_ratio": 0.6191337799357477,
      "mean_contrast": 25.121509552001953,
      "highlight_ratio": 0.007146247196942568,
      "shadow_ratio": 0.47065749764442444,
      "midtone_ratio": 0.5221962928771973,
      "warm_color_ratio": 0.26774240654205606,
      "cool_color_ratio": 0.1262777453271028,
      "complementary_color_score": 2.5
    },
    "motion_dynamics": {
      "s_curve_count": 622,
      "motion_blur_score": 5.511696818197844,
      "dominant_direction_deg": -85.0,
      "direction_strength": 0.050329475759230954
    },
    "pattern_rhythm": {
      "repetition_score": 1.0,
      "rhythm_score": 1.0,
      "pattern_breaks": 2
    },
    "visual_mass_focus": {
      "point_of_interest": {
        "x": 0.4941588785046729,
        "y": 0.375,
        "strength": 1.0
      },
      "visual_mass_concentration": 0.19980514383761683,
      "mean_visual_weight": 0.05386543273925781,
      "face_count": 0,
      "has_directional_cues": 0
    },
    "framing_breathing": {
      "frame_in_frame_count": 0,
      "breathing_space": {
        "top": 0.30078125,
        "bottom": 0.607421875,
        "left": 0.7114485981308412,
        "right": 0.011682242990654205,
        "min_margin": 0.011682242990654205,
        "mean_margin": 0.40783349153037385
      },
      "corner_anchors": {
        "top_left": 0.29962238669395447,
        "top_right": 0.25301483273506165,
        "bottom_left": 0.32288289070129395,
        "bottom_right": 0.40575823187828064,
        "max_corner_weight": 0.40575823187828064,
        "has_corner_subject": 1
      }
    }
  }
}