{
  "meta": {
    "_dataset": "tvm_data",
    "_label": "testImages_artphoto",
    "_relpath": "testImages_artphoto/excitement_0194.jpg",
    "_filename": "excitement_0194.jpg",
    "_width": 470,
    "_height": 425
  },
  "features": {
    "geometric_structural": {
      "leading_lines": {
        "diagonal": 0,
        "vertical": 0,
        "horizontal": 0,
        "curved": 43
      },
      "leading_lines_strength": 0.07597173144876325,
      "symmetry_vertical": 0.4171844280090919,
      "symmetry_horizontal": 0.45123058775308134,
      "symmetry_radial": 0.3600218309666643,
      "rule_of_thirds": {
        "alignment_score": 0,
        "num_salient_objects": 3
      },
      "golden_ratio": {
        "golden_alignment_score": 1
      },
      "balance": {
        "static_balance": 0.8047847747802734,
        "dynamic_balance": 1.0,
        "dominant_quadrant": 2
      },
      "layering": {
        "foreground_ratio": 0.2614116331713781,
        "midground_ratio": 0.2979861417844523,
        "background_ratio": 0.4406022250441696,
        "depth_complexity": 0.022041660717259465
      }
    },
    "spatial_layout": {
      "negative_space_ratio": 0.6469433248674912,
      "subject_isolation": 0.10000276060070672,
      "depth_of_field": {
        "blur_gradient_strength": 22.8314448274013,
        "sharpness_variance": 2076.8337490809827,
        "min_sharpness": 0.23529411764705882,
        "max_sharpness": 245.94437977526465
      },
      "perspective": {
        "has_vanishing_point": 0,
        "perspective_strength": 0.0
      }
    },
    "contrast_color": {
      "high_contrast_ratio": 0.4221959198321555,
      "low_contrast_ratio": 0.5778040801678446,
      "mean_contrast": 17.925586700439453,
      "highlight_ratio": 0.006425298284739256,
      "shadow_ratio": 0.6150549650192261,
      "midtone_ratio": 0.3785197138786316,
      "warm_color_ratio": 0.7358933303886925,
      "cool_color_ratio": 0.03529773078621908,
      "complementary_color_score": 2.2777777777777777
    },
    "motion_dynamics": {
      "s_curve_count": 68,
      "motion_blur_score": 7.576681372492046,
      "dominant_direction_deg": 4.999999999999995,
      "direction_strength": 0.1664400673580829
    },
    "pattern_rhythm": {
      "repetition_score": 1.0,
      "rhythm_score": 1.0,
      "pattern_breaks": 1
    },
    "visual_mass_focus": {
      "point_of_interest": {
        "x": 0.44876325088339225,
        "y": 0.642578125,
        "strength": 1.0
      },
      "visual_mass_concentration": 0.19917043948763252,
      "mean_visual_weight": 0.10101916640996933,
      "face_count": 1,
      "has_directional_cues": 1
    },
    "framing_breathing": {
      "frame_in_frame_count": 0,
      "breathing_space": {
        "top": 0.607421875,
        "bottom": 0.29296875,
        "left": 0.38162544169611307,
        "right": 0.411660777385159,
        "min_margin": 0.29296875,
        "mean_margin": 0.42341921102031804
      },
      "corner_anchors": {
        "top_left": 0.07478395849466324,
        "top_right": 0.05466676503419876,
        "bottom_left": 0.1503715217113495,
        "bottom_right": 0.18198689818382263,
        "max_corner_weight": 0.18198689818382263,
        "has_corner_subject": 0
      }
    }
  }
}