{
  "meta": {
    "_dataset": "tvm_data",
    "_label": "emotion_dataset",
    "_relpath": "emotion_dataset/excitement/excitement_0216.jpg",
    "_filename": "excitement_0216.jpg",
    "_width": 500,
    "_height": 333
  },
  "features": {
    "geometric_structural": {
      "leading_lines": {
        "diagonal": 0,
        "vertical": 3,
        "horizontal": 3,
        "curved": 311
      },
      "leading_lines_strength": 0.41222366710013003,
      "symmetry_vertical": 0.2595417055967785,
      "symmetry_horizontal": 0.200559793983218,
      "symmetry_radial": 0.16653471538369127,
      "rule_of_thirds": {
        "alignment_score": 0,
        "num_salient_objects": 25
      },
      "golden_ratio": {
        "golden_alignment_score": 1
      },
      "balance": {
        "static_balance": 0.9664889574050903,
        "dynamic_balance": 1.0,
        "dominant_quadrant": 2
      },
      "layering": {
        "foreground_ratio": 0.3169827901495449,
        "midground_ratio": 0.23579984151495448,
        "background_ratio": 0.44721736833550063,
        "depth_complexity": 0.5549204267943295
      }
    },
    "spatial_layout": {
      "negative_space_ratio": 0.5172098504551366,
      "subject_isolation": 0.10000050796488946,
      "depth_of_field": {
        "blur_gradient_strength": 547.7528984338494,
        "sharpness_variance": 516310.7080428202,
        "min_sharpness": 1.9930488391993084,
        "max_sharpness": 3534.3341022683576
      },
      "perspective": {
        "has_vanishing_point": 1,
        "perspective_strength": 0.9267441860465117
      }
    },
    "contrast_color": {
      "high_contrast_ratio": 0.49325422626788035,
      "low_contrast_ratio": 0.5067457737321197,
      "mean_contrast": 36.27393341064453,
      "highlight_ratio": 0.03686809167265892,
      "shadow_ratio": 0.38084667921066284,
      "midtone_ratio": 0.5822852253913879,
      "warm_color_ratio": 0.3771664702535761,
      "cool_color_ratio": 0.303745225130039,
      "complementary_color_score": 2.0
    },
    "motion_dynamics": {
      "s_curve_count": 314,
      "motion_blur_score": 5.891351729411279,
      "dominant_direction_deg": 4.999999999999995,
      "direction_strength": 0.07843739840682289
    },
    "pattern_rhythm": {
      "repetition_score": 1.0,
      "rhythm_score": 1.0,
      "pattern_breaks": 4
    },
    "visual_mass_focus": {
      "point_of_interest": {
        "x": 0.46033810143042914,
        "y": 0.4375,
        "strength": 1.0
      },
      "visual_mass_concentration": 0.19997815750975292,
      "mean_visual_weight": 0.28913721442222595,
      "face_count": 2,
      "has_directional_cues": 1
    },
    "framing_breathing": {
      "frame_in_frame_count": 0,
      "breathing_space": {
        "top": 0.3203125,
        "bottom": 0.55078125,
        "left": 0.05721716514954486,
        "right": 0.8855656697009102,
        "min_margin": 0.05721716514954486,
        "mean_margin": 0.4534691462126138
      },
      "corner_anchors": {
        "top_left": 0.40323954820632935,
        "top_right": 0.31550779938697815,
        "bottom_left": 0.4404839277267456,
        "bottom_right": 0.31380316615104675,
        "max_corner_weight": 0.4404839277267456,
        "has_corner_subject": 1
      }
    }
  }
}