{
  "meta": {
    "_dataset": "tvm_data",
    "_label": "emotion_dataset",
    "_relpath": "emotion_dataset/excitement/excitement_0091.jpg",
    "_filename": "excitement_0091.jpg",
    "_width": 500,
    "_height": 375
  },
  "features": {
    "geometric_structural": {
      "leading_lines": {
        "diagonal": 1,
        "vertical": 0,
        "horizontal": 11,
        "curved": 78
      },
      "leading_lines_strength": 0.13177159590043924,
      "symmetry_vertical": 0.38163739283207987,
      "symmetry_horizontal": 0.193610180352049,
      "symmetry_radial": 0.17028901006624578,
      "rule_of_thirds": {
        "alignment_score": 3,
        "num_salient_objects": 9
      },
      "golden_ratio": {
        "golden_alignment_score": 1
      },
      "balance": {
        "static_balance": 0.904137372970581,
        "dynamic_balance": 1.0,
        "dominant_quadrant": 1
      },
      "layering": {
        "foreground_ratio": 0.2764772831259151,
        "midground_ratio": 0.116200928806735,
        "background_ratio": 0.6073217880673499,
        "depth_complexity": 0.38133040605909035
      }
    },
    "spatial_layout": {
      "negative_space_ratio": 0.4218035093338214,
      "subject_isolation": 0.10000114385065886,
      "depth_of_field": {
        "blur_gradient_strength": 449.4666755186862,
        "sharpness_variance": 487200.0979502664,
        "min_sharpness": 2.2274888802269146,
        "max_sharpness": 4786.634851980007
      },
      "perspective": {
        "has_vanishing_point": 1,
        "perspective_strength": 0.8446511627906976
      }
    },
    "contrast_color": {
      "high_contrast_ratio": 0.4596907027818448,
      "low_contrast_ratio": 0.5403092972181551,
      "mean_contrast": 31.250391006469727,
      "highlight_ratio": 0.1465158313512802,
      "shadow_ratio": 0.39760535955429077,
      "midtone_ratio": 0.4558787941932678,
      "warm_color_ratio": 0.24733196833821378,
      "cool_color_ratio": 0.5384076454978038,
      "complementary_color_score": 2.0
    },
    "motion_dynamics": {
      "s_curve_count": 131,
      "motion_blur_score": 7.073667897466861,
      "dominant_direction_deg": -85.0,
      "direction_strength": 0.05494486639808592
    },
    "pattern_rhythm": {
      "repetition_score": 1.0,
      "rhythm_score": 1.0,
      "pattern_breaks": 4
    },
    "visual_mass_focus": {
      "point_of_interest": {
        "x": 0.7320644216691069,
        "y": 0.31640625,
        "strength": 1.0
      },
      "visual_mass_concentration": 0.19862966691068815,
      "mean_visual_weight": 0.20129899680614471,
      "face_count": 0,
      "has_directional_cues": 0
    },
    "framing_breathing": {
      "frame_in_frame_count": 0,
      "breathing_space": {
        "top": 0.583984375,
        "bottom": 0.0,
        "left": 0.0029282576866764276,
        "right": 0.0,
        "min_margin": 0.0,
        "mean_margin": 0.14672815817166912
      },
      "corner_anchors": {
        "top_left": 0.2721942961215973,
        "top_right": 0.46546030044555664,
        "bottom_left": 0.549526572227478,
        "bottom_right": 0.595609188079834,
        "max_corner_weight": 0.595609188079834,
        "has_corner_subject": 1
      }
    }
  }
}