{
  "meta": {
    "_dataset": "tvm_data",
    "_label": "emotion_dataset",
    "_relpath": "emotion_dataset/excitement/excitement_2909.jpg",
    "_filename": "excitement_2909.jpg",
    "_width": 500,
    "_height": 332
  },
  "features": {
    "geometric_structural": {
      "leading_lines": {
        "diagonal": 25,
        "vertical": 2,
        "horizontal": 20,
        "curved": 219
      },
      "leading_lines_strength": 0.3450064850843061,
      "symmetry_vertical": 0.2067784678805773,
      "symmetry_horizontal": 0.15150611147912119,
      "symmetry_radial": 0.13187949119668266,
      "rule_of_thirds": {
        "alignment_score": 1,
        "num_salient_objects": 82
      },
      "golden_ratio": {
        "golden_alignment_score": 2
      },
      "balance": {
        "static_balance": 0.9049474000930786,
        "dynamic_balance": 1.0,
        "dominant_quadrant": 1
      },
      "layering": {
        "foreground_ratio": 0.3140072754539559,
        "midground_ratio": 0.3045709711413748,
        "background_ratio": 0.3814217534046693,
        "depth_complexity": 0.9358302777590075
      }
    },
    "spatial_layout": {
      "negative_space_ratio": 0.36337497973411154,
      "subject_isolation": 0.10000202658884566,
      "depth_of_field": {
        "blur_gradient_strength": 694.8559658148002,
        "sharpness_variance": 815205.6527128113,
        "min_sharpness": 2.3710111495578623,
        "max_sharpness": 4748.11978919769
      },
      "perspective": {
        "has_vanishing_point": 1,
        "perspective_strength": 0.8203684749232344
      }
    },
    "contrast_color": {
      "high_contrast_ratio": 0.5152298151750972,
      "low_contrast_ratio": 0.48477018482490275,
      "mean_contrast": 37.04899215698242,
      "highlight_ratio": 0.24757316708564758,
      "shadow_ratio": 0.25309816002845764,
      "midtone_ratio": 0.49932870268821716,
      "warm_color_ratio": 0.0,
      "cool_color_ratio": 0.0,
      "complementary_color_score": 0.0
    },
    "motion_dynamics": {
      "s_curve_count": 258,
      "motion_blur_score": 6.832953382655196,
      "dominant_direction_deg": 4.999999999999995,
      "direction_strength": 0.058745744163275306
    },
    "pattern_rhythm": {
      "repetition_score": 1.0,
      "rhythm_score": 1.0,
      "pattern_breaks": 24
    },
    "visual_mass_focus": {
      "point_of_interest": {
        "x": 0.45395590142671854,
        "y": 0.517578125,
        "strength": 1.0
      },
      "visual_mass_concentration": 0.0,
      "mean_visual_weight": 0.0,
      "face_count": 0,
      "has_directional_cues": 0
    },
    "framing_breathing": {
      "frame_in_frame_count": 0,
      "breathing_space": {
        "top": 0.0,
        "bottom": 0.498046875,
        "left": 0.185473411154345,
        "right": 0.05966277561608301,
        "min_margin": 0.0,
        "mean_margin": 0.185795765442607
      },
      "corner_anchors": {
        "top_left": 0.8362910151481628,
        "top_right": 0.592894971370697,
        "bottom_left": 0.22379818558692932,
        "bottom_right": 0.6816098093986511,
        "max_corner_weight": 0.8362910151481628,
        "has_corner_subject": 1
      }
    }
  }
}