{
  "meta": {
    "_dataset": "tvm_data",
    "_label": "emotion_dataset",
    "_relpath": "emotion_dataset/excitement/excitement_0077.jpg",
    "_filename": "excitement_0077.jpg",
    "_width": 500,
    "_height": 333
  },
  "features": {
    "geometric_structural": {
      "leading_lines": {
        "diagonal": 7,
        "vertical": 0,
        "horizontal": 149,
        "curved": 692
      },
      "leading_lines_strength": 1.1027308192457737,
      "symmetry_vertical": 0.2444767638741465,
      "symmetry_horizontal": 0.07403251051759605,
      "symmetry_radial": 0.07089360737706082,
      "rule_of_thirds": {
        "alignment_score": 0,
        "num_salient_objects": 25
      },
      "golden_ratio": {
        "golden_alignment_score": 0
      },
      "balance": {
        "static_balance": 0.8845685720443726,
        "dynamic_balance": 1.0,
        "dominant_quadrant": 1
      },
      "layering": {
        "foreground_ratio": 0.3206096594603381,
        "midground_ratio": 0.341880689206762,
        "background_ratio": 0.3375096513328999,
        "depth_complexity": 1.79500242535203
      }
    },
    "spatial_layout": {
      "negative_space_ratio": 0.6104925227568271,
      "subject_isolation": 0.10000050796488946,
      "depth_of_field": {
        "blur_gradient_strength": 1079.0634904381816,
        "sharpness_variance": 3987106.6813646187,
        "min_sharpness": 3.942621956095613,
        "max_sharpness": 7893.437948406854
      },
      "perspective": {
        "has_vanishing_point": 1,
        "perspective_strength": 0.9997748644857385
      }
    },
    "contrast_color": {
      "high_contrast_ratio": 0.4385921245123537,
      "low_contrast_ratio": 0.5614078754876464,
      "mean_contrast": 27.76188087463379,
      "highlight_ratio": 0.03664204850792885,
      "shadow_ratio": 0.48822030425071716,
      "midtone_ratio": 0.4751376211643219,
      "warm_color_ratio": 0.25644861427178156,
      "cool_color_ratio": 0.4002585541287386,
      "complementary_color_score": 2.0
    },
    "motion_dynamics": {
      "s_curve_count": 527,
      "motion_blur_score": 5.016874870239988,
      "dominant_direction_deg": 95.0,
      "direction_strength": 0.053961110207925364
    },
    "pattern_rhythm": {
      "repetition_score": 1.0,
      "rhythm_score": 1.0,
      "pattern_breaks": 9
    },
    "visual_mass_focus": {
      "point_of_interest": {
        "x": 0.5162548764629389,
        "y": 0.205078125,
        "strength": 1.0
      },
      "visual_mass_concentration": 0.19979275032509752,
      "mean_visual_weight": 0.12793514132499695,
      "face_count": 0,
      "has_directional_cues": 0
    },
    "framing_breathing": {
      "frame_in_frame_count": 0,
      "breathing_space": {
        "top": 0.0,
        "bottom": 0.66015625,
        "left": 0.270481144343303,
        "right": 0.0,
        "min_margin": 0.0,
        "mean_margin": 0.23265934858582576
      },
      "corner_anchors": {
        "top_left": 0.3545863628387451,
        "top_right": 0.5556380152702332,
        "bottom_left": 0.4156617224216461,
        "bottom_right": 0.44595178961753845,
        "max_corner_weight": 0.5556380152702332,
        "has_corner_subject": 1
      }
    }
  }
}