{
  "meta": {
    "_dataset": "tvm_data",
    "_label": "testImages_artphoto",
    "_relpath": "testImages_artphoto/excitement_0251.jpg",
    "_filename": "excitement_0251.jpg",
    "_width": 365,
    "_height": 548
  },
  "features": {
    "geometric_structural": {
      "leading_lines": {
        "diagonal": 3,
        "vertical": 0,
        "horizontal": 0,
        "curved": 78
      },
      "leading_lines_strength": 0.10533159947984395,
      "symmetry_vertical": 0.3150813125641218,
      "symmetry_horizontal": 0.34930560819814266,
      "symmetry_radial": 0.2661421257185528,
      "rule_of_thirds": {
        "alignment_score": 0,
        "num_salient_objects": 21
      },
      "golden_ratio": {
        "golden_alignment_score": 3
      },
      "balance": {
        "static_balance": 0.9690203666687012,
        "dynamic_balance": 1.0,
        "dominant_quadrant": 3
      },
      "layering": {
        "foreground_ratio": 0.2969638938556567,
        "midground_ratio": 0.3458809127113134,
        "background_ratio": 0.3571551934330299,
        "depth_complexity": 0.08965211337528951
      }
    },
    "spatial_layout": {
      "negative_space_ratio": 0.48681323146944083,
      "subject_isolation": 0.10000050796488946,
      "depth_of_field": {
        "blur_gradient_strength": 90.02871390726067,
        "sharpness_variance": 63124.87769746867,
        "min_sharpness": 0.0,
        "max_sharpness": 2141.273417005644
      },
      "perspective": {
        "has_vanishing_point": 1,
        "perspective_strength": 0.7953216374269005
      }
    },
    "contrast_color": {
      "high_contrast_ratio": 0.31074498130689204,
      "low_contrast_ratio": 0.6892550186931079,
      "mean_contrast": 25.762155532836914,
      "highlight_ratio": 0.09779340028762817,
      "shadow_ratio": 0.3466479480266571,
      "midtone_ratio": 0.5555586814880371,
      "warm_color_ratio": 0.06606337369960988,
      "cool_color_ratio": 0.2867893571196359,
      "complementary_color_score": 2.6666666666666665
    },
    "motion_dynamics": {
      "s_curve_count": 97,
      "motion_blur_score": 10.582099848035705,
      "dominant_direction_deg": 4.999999999999995,
      "direction_strength": 0.0890564044211002
    },
    "pattern_rhythm": {
      "repetition_score": 1.0,
      "rhythm_score": 1.0,
      "pattern_breaks": 5
    },
    "visual_mass_focus": {
      "point_of_interest": {
        "x": 0.443359375,
        "y": 0.46553966189856955,
        "strength": 1.0
      },
      "visual_mass_concentration": 0.1998130689206762,
      "mean_visual_weight": 0.04729980230331421,
      "face_count": 0,
      "has_directional_cues": 0
    },
    "framing_breathing": {
      "frame_in_frame_count": 0,
      "breathing_space": {
        "top": 0.5799739921976593,
        "bottom": 0.0,
        "left": 0.578125,
        "right": 0.0,
        "min_margin": 0.0,
        "mean_margin": 0.28952474804941486
      },
      "corner_anchors": {
        "top_left": 0.5842592120170593,
        "top_right": 0.3576081395149231,
        "bottom_left": 0.27061164379119873,
        "bottom_right": 0.7174120545387268,
        "max_corner_weight": 0.7174120545387268,
        "has_corner_subject": 1
      }
    }
  }
}