{
  "meta": {
    "_dataset": "tvm_data",
    "_label": "emotion_dataset",
    "_relpath": "emotion_dataset/excitement/excitement_2467.jpg",
    "_filename": "excitement_2467.jpg",
    "_width": 500,
    "_height": 432
  },
  "features": {
    "geometric_structural": {
      "leading_lines": {
        "diagonal": 1,
        "vertical": 0,
        "horizontal": 10,
        "curved": 174
      },
      "leading_lines_strength": 0.31197301854974707,
      "symmetry_vertical": 0.4224196327844483,
      "symmetry_horizontal": 0.14070835250531333,
      "symmetry_radial": 0.20463009410593502,
      "rule_of_thirds": {
        "alignment_score": 1,
        "num_salient_objects": 54
      },
      "golden_ratio": {
        "golden_alignment_score": 1
      },
      "balance": {
        "static_balance": 0.9207990169525146,
        "dynamic_balance": 1.0,
        "dominant_quadrant": 2
      },
      "layering": {
        "foreground_ratio": 0.3313593486509275,
        "midground_ratio": 0.32094158410623946,
        "background_ratio": 0.34769906724283306,
        "depth_complexity": 0.8992755475301444
      }
    },
    "spatial_layout": {
      "negative_space_ratio": 0.4133181387015177,
      "subject_isolation": 0.10000131745362563,
      "depth_of_field": {
        "blur_gradient_strength": 619.7420608270457,
        "sharpness_variance": 958337.4960629005,
        "min_sharpness": 1.9399751759038648,
        "max_sharpness": 4834.725618647547
      },
      "perspective": {
        "has_vanishing_point": 1,
        "perspective_strength": 0.9342665855143031
      }
    },
    "contrast_color": {
      "high_contrast_ratio": 0.41657883642495785,
      "low_contrast_ratio": 0.5834211635750421,
      "mean_contrast": 31.720531463623047,
      "highlight_ratio": 0.04385144263505936,
      "shadow_ratio": 0.34469857811927795,
      "midtone_ratio": 0.6114499568939209,
      "warm_color_ratio": 0.15641138806913996,
      "cool_color_ratio": 0.01325358347386172,
      "complementary_color_score": 2.2777777777777777
    },
    "motion_dynamics": {
      "s_curve_count": 201,
      "motion_blur_score": 6.505195701159397,
      "dominant_direction_deg": 4.999999999999995,
      "direction_strength": 0.09592050484791341
    },
    "pattern_rhythm": {
      "repetition_score": 1.0,
      "rhythm_score": 1.0,
      "pattern_breaks": 11
    },
    "visual_mass_focus": {
      "point_of_interest": {
        "x": 0.25463743676222594,
        "y": 0.806640625,
        "strength": 1.0
      },
      "visual_mass_concentration": 0.19793423271500843,
      "mean_visual_weight": 0.06575865298509598,
      "face_count": 4,
      "has_directional_cues": 1
    },
    "framing_breathing": {
      "frame_in_frame_count": 0,
      "breathing_space": {
        "top": 0.400390625,
        "bottom": 0.0,
        "left": 0.0,
        "right": 0.0,
        "min_margin": 0.0,
        "mean_margin": 0.10009765625
      },
      "corner_anchors": {
        "top_left": 0.31036216020584106,
        "top_right": 0.3130471706390381,
        "bottom_left": 0.6166837811470032,
        "bottom_right": 0.6634204983711243,
        "max_corner_weight": 0.6634204983711243,
        "has_corner_subject": 1
      }
    }
  }
}