{
  "meta": {
    "_dataset": "tvm_data",
    "_label": "emotion_dataset",
    "_relpath": "emotion_dataset/excitement/excitement_2890.jpg",
    "_filename": "excitement_2890.jpg",
    "_width": 375,
    "_height": 500
  },
  "features": {
    "geometric_structural": {
      "leading_lines": {
        "diagonal": 247,
        "vertical": 34,
        "horizontal": 2,
        "curved": 586
      },
      "leading_lines_strength": 1.2723279648609078,
      "symmetry_vertical": 0.18393999536922648,
      "symmetry_horizontal": 0.111318812122779,
      "symmetry_radial": 0.09190667359572664,
      "rule_of_thirds": {
        "alignment_score": 0,
        "num_salient_objects": 19
      },
      "golden_ratio": {
        "golden_alignment_score": 4
      },
      "balance": {
        "static_balance": 0.817356288433075,
        "dynamic_balance": 1.0,
        "dominant_quadrant": 1
      },
      "layering": {
        "foreground_ratio": 0.3334181689238653,
        "midground_ratio": 0.33499382320644217,
        "background_ratio": 0.33158800786969256,
        "depth_complexity": 1.5552210494987166
      }
    },
    "spatial_layout": {
      "negative_space_ratio": 0.6193951317715959,
      "subject_isolation": 0.10000114385065886,
      "depth_of_field": {
        "blur_gradient_strength": 844.9945970181285,
        "sharpness_variance": 1935708.4867886638,
        "min_sharpness": 1.3575298058402105,
        "max_sharpness": 6442.570645905422
      },
      "perspective": {
        "has_vanishing_point": 1,
        "perspective_strength": 0.9992881436367951
      }
    },
    "contrast_color": {
      "high_contrast_ratio": 0.40864636713030744,
      "low_contrast_ratio": 0.5913536328696926,
      "mean_contrast": 30.960174560546875,
      "highlight_ratio": 0.19163216650485992,
      "shadow_ratio": 0.08241730183362961,
      "midtone_ratio": 0.7259505391120911,
      "warm_color_ratio": 0.13534612920937042,
      "cool_color_ratio": 0.05039806002928258,
      "complementary_color_score": 2.2777777777777777
    },
    "motion_dynamics": {
      "s_curve_count": 461,
      "motion_blur_score": 7.127924072853446,
      "dominant_direction_deg": 4.999999999999995,
      "direction_strength": 0.05869669655912937
    },
    "pattern_rhythm": {
      "repetition_score": 1.0,
      "rhythm_score": 1.0,
      "pattern_breaks": 7
    },
    "visual_mass_focus": {
      "point_of_interest": {
        "x": 0.55859375,
        "y": 0.18740849194729137,
        "strength": 1.0
      },
      "visual_mass_concentration": 0.1999937088213763,
      "mean_visual_weight": 0.07136474549770355,
      "face_count": 0,
      "has_directional_cues": 0
    },
    "framing_breathing": {
      "frame_in_frame_count": 0,
      "breathing_space": {
        "top": 0.0,
        "bottom": 0.6486090775988287,
        "left": 0.0,
        "right": 0.0,
        "min_margin": 0.0,
        "mean_margin": 0.16215226939970717
      },
      "corner_anchors": {
        "top_left": 0.7078067660331726,
        "top_right": 0.8344433903694153,
        "bottom_left": 0.172624409198761,
        "bottom_right": 0.31199944019317627,
        "max_corner_weight": 0.8344433903694153,
        "has_corner_subject": 1
      }
    }
  }
}