{
  "meta": {
    "_dataset": "tvm_data",
    "_label": "emotion_dataset",
    "_relpath": "emotion_dataset/excitement/excitement_0740.jpg",
    "_filename": "excitement_0740.jpg",
    "_width": 500,
    "_height": 375
  },
  "features": {
    "geometric_structural": {
      "leading_lines": {
        "diagonal": 22,
        "vertical": 0,
        "horizontal": 7,
        "curved": 672
      },
      "leading_lines_strength": 1.026354319180088,
      "symmetry_vertical": 0.2403772507169433,
      "symmetry_horizontal": 0.11742579240998809,
      "symmetry_radial": 0.1257677772331047,
      "rule_of_thirds": {
        "alignment_score": 1,
        "num_salient_objects": 32
      },
      "golden_ratio": {
        "golden_alignment_score": 3
      },
      "balance": {
        "static_balance": 0.926226019859314,
        "dynamic_balance": 1.0,
        "dominant_quadrant": 2
      },
      "layering": {
        "foreground_ratio": 0.318596724011713,
        "midground_ratio": 0.2708295204978038,
        "background_ratio": 0.41057375549048314,
        "depth_complexity": 1.1399123659906332
      }
    },
    "spatial_layout": {
      "negative_space_ratio": 0.5646618777452416,
      "subject_isolation": 0.10000114385065886,
      "depth_of_field": {
        "blur_gradient_strength": 799.4210991065045,
        "sharpness_variance": 919502.7015521681,
        "min_sharpness": 8.298298897549385,
        "max_sharpness": 5559.314495755558
      },
      "perspective": {
        "has_vanishing_point": 1,
        "perspective_strength": 0.9941211052322163
      }
    },
    "contrast_color": {
      "high_contrast_ratio": 0.3097661969253294,
      "low_contrast_ratio": 0.6902338030746706,
      "mean_contrast": 28.5782413482666,
      "highlight_ratio": 0.33575448393821716,
      "shadow_ratio": 0.4839775264263153,
      "midtone_ratio": 0.18026795983314514,
      "warm_color_ratio": 0.13506874542459738,
      "cool_color_ratio": 0.10811962390190337,
      "complementary_color_score": 2.5
    },
    "motion_dynamics": {
      "s_curve_count": 500,
      "motion_blur_score": 7.193672817819191,
      "dominant_direction_deg": -85.0,
      "direction_strength": 0.040294999084804245
    },
    "pattern_rhythm": {
      "repetition_score": 1.0,
      "rhythm_score": 1.0,
      "pattern_breaks": 9
    },
    "visual_mass_focus": {
      "point_of_interest": {
        "x": 0.3718887262079063,
        "y": 0.671875,
        "strength": 1.0
      },
      "visual_mass_concentration": 0.1999937088213763,
      "mean_visual_weight": 0.10425194352865219,
      "face_count": 0,
      "has_directional_cues": 0
    },
    "framing_breathing": {
      "frame_in_frame_count": 0,
      "breathing_space": {
        "top": 0.384765625,
        "bottom": 0.0,
        "left": 0.0,
        "right": 0.10395314787701318,
        "min_margin": 0.0,
        "mean_margin": 0.12217969321925329
      },
      "corner_anchors": {
        "top_left": 0.5615249276161194,
        "top_right": 0.5392104387283325,
        "bottom_left": 0.740755021572113,
        "bottom_right": 0.45152419805526733,
        "max_corner_weight": 0.740755021572113,
        "has_corner_subject": 1
      }
    }
  }
}