{
  "meta": {
    "_dataset": "tvm_data",
    "_label": "testImages_artphoto",
    "_relpath": "testImages_artphoto/excitement_0245.jpg",
    "_filename": "excitement_0245.jpg",
    "_width": 518,
    "_height": 386
  },
  "features": {
    "geometric_structural": {
      "leading_lines": {
        "diagonal": 23,
        "vertical": 0,
        "horizontal": 0,
        "curved": 35
      },
      "leading_lines_strength": 0.08442503639010189,
      "symmetry_vertical": 0.17149847727489198,
      "symmetry_horizontal": 0.47432516539297515,
      "symmetry_radial": 0.20811056865341385,
      "rule_of_thirds": {
        "alignment_score": 3,
        "num_salient_objects": 60
      },
      "golden_ratio": {
        "golden_alignment_score": 8
      },
      "balance": {
        "static_balance": 0.9035129547119141,
        "dynamic_balance": 1.0,
        "dominant_quadrant": 0
      },
      "layering": {
        "foreground_ratio": 0.30383460698689957,
        "midground_ratio": 0.16702488173216884,
        "background_ratio": 0.5291405112809315,
        "depth_complexity": 0.22068352704187894
      }
    },
    "spatial_layout": {
      "negative_space_ratio": 0.3890983215065502,
      "subject_isolation": 0.0956377365356623,
      "depth_of_field": {
        "blur_gradient_strength": 202.10003867076915,
        "sharpness_variance": 90648.93736423922,
        "min_sharpness": 0.0,
        "max_sharpness": 1250.4117647058824
      },
      "perspective": {
        "has_vanishing_point": 1,
        "perspective_strength": 0.9920174165457184
      }
    },
    "contrast_color": {
      "high_contrast_ratio": 0.44425491266375544,
      "low_contrast_ratio": 0.5557450873362446,
      "mean_contrast": 39.88124465942383,
      "highlight_ratio": 0.3762253224849701,
      "shadow_ratio": 0.3542633354663849,
      "midtone_ratio": 0.26951131224632263,
      "warm_color_ratio": 0.6756049854439592,
      "cool_color_ratio": 0.3142171579330422,
      "complementary_color_score": 2.2777777777777777
    },
    "motion_dynamics": {
      "s_curve_count": 68,
      "motion_blur_score": 7.861070322397283,
      "dominant_direction_deg": 4.999999999999995,
      "direction_strength": 0.30300161480991006
    },
    "pattern_rhythm": {
      "repetition_score": 1.0,
      "rhythm_score": 1.0,
      "pattern_breaks": 25
    },
    "visual_mass_focus": {
      "point_of_interest": {
        "x": 0.3129548762736536,
        "y": 0.501953125,
        "strength": 1.0
      },
      "visual_mass_concentration": 0.19992665120087336,
      "mean_visual_weight": 0.36173194646835327,
      "face_count": 0,
      "has_directional_cues": 0
    },
    "framing_breathing": {
      "frame_in_frame_count": 0,
      "breathing_space": {
        "top": 0.0,
        "bottom": 0.0,
        "left": 0.0,
        "right": 0.5312954876273653,
        "min_margin": 0.0,
        "mean_margin": 0.13282387190684133
      },
      "corner_anchors": {
        "top_left": 0.9858750700950623,
        "top_right": 0.5325883030891418,
        "bottom_left": 0.9860054850578308,
        "bottom_right": 0.4133742153644562,
        "max_corner_weight": 0.9860054850578308,
        "has_corner_subject": 1
      }
    }
  }
}