{
  "meta": {
    "_dataset": "tvm_data",
    "_label": "emotion_dataset",
    "_relpath": "emotion_dataset/excitement/excitement_0112.jpg",
    "_filename": "excitement_0112.jpg",
    "_width": 500,
    "_height": 333
  },
  "features": {
    "geometric_structural": {
      "leading_lines": {
        "diagonal": 25,
        "vertical": 0,
        "horizontal": 11,
        "curved": 360
      },
      "leading_lines_strength": 0.5149544863459038,
      "symmetry_vertical": 0.19514827955197642,
      "symmetry_horizontal": 0.16713457258024564,
      "symmetry_radial": 0.10668221412737057,
      "rule_of_thirds": {
        "alignment_score": 2,
        "num_salient_objects": 19
      },
      "golden_ratio": {
        "golden_alignment_score": 4
      },
      "balance": {
        "static_balance": 0.9213471412658691,
        "dynamic_balance": 1.0,
        "dominant_quadrant": 3
      },
      "layering": {
        "foreground_ratio": 0.2980839564369311,
        "midground_ratio": 0.3419162467490247,
        "background_ratio": 0.3599997968140442,
        "depth_complexity": 0.6064031204669209
      }
    },
    "spatial_layout": {
      "negative_space_ratio": 0.42095050390117034,
      "subject_isolation": 0.10000050796488946,
      "depth_of_field": {
        "blur_gradient_strength": 592.6978513608448,
        "sharpness_variance": 902314.568369164,
        "min_sharpness": 2.411380238369858,
        "max_sharpness": 4978.540234059564
      },
      "perspective": {
        "has_vanishing_point": 1,
        "perspective_strength": 0.9977841790383337
      }
    },
    "contrast_color": {
      "high_contrast_ratio": 0.49726968871911575,
      "low_contrast_ratio": 0.5027303112808843,
      "mean_contrast": 34.8359375,
      "highlight_ratio": 0.030714096501469612,
      "shadow_ratio": 0.2659221589565277,
      "midtone_ratio": 0.7033637762069702,
      "warm_color_ratio": 0.28297454079973994,
      "cool_color_ratio": 0.22272990490897268,
      "complementary_color_score": 2.5
    },
    "motion_dynamics": {
      "s_curve_count": 382,
      "motion_blur_score": 6.18234094147355,
      "dominant_direction_deg": 4.999999999999995,
      "direction_strength": 0.061227547951730056
    },
    "pattern_rhythm": {
      "repetition_score": 1.0,
      "rhythm_score": 1.0,
      "pattern_breaks": 7
    },
    "visual_mass_focus": {
      "point_of_interest": {
        "x": 0.33940182054616386,
        "y": 0.46484375,
        "strength": 1.0
      },
      "visual_mass_concentration": 0.19999593628088427,
      "mean_visual_weight": 0.12064164876937866,
      "face_count": 0,
      "has_directional_cues": 0
    },
    "framing_breathing": {
      "frame_in_frame_count": 0,
      "breathing_space": {
        "top": 0.66015625,
        "bottom": 0.0,
        "left": 0.21326397919375814,
        "right": 0.494148244473342,
        "min_margin": 0.0,
        "mean_margin": 0.341892118416775
      },
      "corner_anchors": {
        "top_left": 0.4089360237121582,
        "top_right": 0.47146493196487427,
        "bottom_left": 0.23292262852191925,
        "bottom_right": 0.3221680223941803,
        "max_corner_weight": 0.47146493196487427,
        "has_corner_subject": 1
      }
    }
  }
}