{
  "meta": {
    "_dataset": "tvm_data",
    "_label": "emotion_dataset",
    "_relpath": "emotion_dataset/excitement/excitement_0115.jpg",
    "_filename": "excitement_0115.jpg",
    "_width": 500,
    "_height": 333
  },
  "features": {
    "geometric_structural": {
      "leading_lines": {
        "diagonal": 321,
        "vertical": 0,
        "horizontal": 104,
        "curved": 1327
      },
      "leading_lines_strength": 2.2782834850455136,
      "symmetry_vertical": 0.03354120885011141,
      "symmetry_horizontal": 0.023802835420570816,
      "symmetry_radial": 0.02476650155147288,
      "rule_of_thirds": {
        "alignment_score": 0,
        "num_salient_objects": 90
      },
      "golden_ratio": {
        "golden_alignment_score": 0
      },
      "balance": {
        "static_balance": 0.8712146282196045,
        "dynamic_balance": 1.0,
        "dominant_quadrant": 3
      },
      "layering": {
        "foreground_ratio": 0.3287091596228869,
        "midground_ratio": 0.3260550430754226,
        "background_ratio": 0.3452357973016905,
        "depth_complexity": 4.231160191028961
      }
    },
    "spatial_layout": {
      "negative_space_ratio": 0.7223286126462939,
      "subject_isolation": 0.10000050796488946,
      "depth_of_field": {
        "blur_gradient_strength": 1059.9901843241894,
        "sharpness_variance": 2432145.9745019255,
        "min_sharpness": 38.25,
        "max_sharpness": 9021.688773548636
      },
      "perspective": {
        "has_vanishing_point": 1,
        "perspective_strength": 0.9997755616820144
      }
    },
    "contrast_color": {
      "high_contrast_ratio": 0.4848347082249675,
      "low_contrast_ratio": 0.5151652917750325,
      "mean_contrast": 46.72392654418945,
      "highlight_ratio": 0.013191848061978817,
      "shadow_ratio": 0.5353695750236511,
      "midtone_ratio": 0.4514386057853699,
      "warm_color_ratio": 0.37186077698309494,
      "cool_color_ratio": 0.4475577048114434,
      "complementary_color_score": 2.0
    },
    "motion_dynamics": {
      "s_curve_count": 890,
      "motion_blur_score": 2.189089083226819,
      "dominant_direction_deg": -105.00000000000001,
      "direction_strength": 0.040611792912770714
    },
    "pattern_rhythm": {
      "repetition_score": 1.0,
      "rhythm_score": 1.0,
      "pattern_breaks": 3
    },
    "visual_mass_focus": {
      "point_of_interest": {
        "x": 0.6241872561768531,
        "y": 0.7734375,
        "strength": 1.0
      },
      "visual_mass_concentration": 0.19995783891417426,
      "mean_visual_weight": 0.14037975668907166,
      "face_count": 0,
      "has_directional_cues": 0
    },
    "framing_breathing": {
      "frame_in_frame_count": 0,
      "breathing_space": {
        "top": 0.85546875,
        "bottom": 0.044921875,
        "left": 0.9141742522756827,
        "right": 0.018205461638491547,
        "min_margin": 0.018205461638491547,
        "mean_margin": 0.4581925847285435
      },
      "corner_anchors": {
        "top_left": 0.16767776012420654,
        "top_right": 0.17768259346485138,
        "bottom_left": 0.25163763761520386,
        "bottom_right": 0.3627345561981201,
        "max_corner_weight": 0.3627345561981201,
        "has_corner_subject": 1
      }
    }
  }
}