{
  "meta": {
    "_dataset": "tvm_data",
    "_label": "emotion_dataset",
    "_relpath": "emotion_dataset/excitement/excitement_0013.jpg",
    "_filename": "excitement_0013.jpg",
    "_width": 500,
    "_height": 333
  },
  "features": {
    "geometric_structural": {
      "leading_lines": {
        "diagonal": 16,
        "vertical": 0,
        "horizontal": 51,
        "curved": 348
      },
      "leading_lines_strength": 0.5396618985695709,
      "symmetry_vertical": 0.25140637179697206,
      "symmetry_horizontal": 0.15518059154049943,
      "symmetry_radial": 0.1202792176685585,
      "rule_of_thirds": {
        "alignment_score": 0,
        "num_salient_objects": 49
      },
      "golden_ratio": {
        "golden_alignment_score": 0
      },
      "balance": {
        "static_balance": 0.7941620349884033,
        "dynamic_balance": 1.0,
        "dominant_quadrant": 0
      },
      "layering": {
        "foreground_ratio": 0.33296844522106633,
        "midground_ratio": 0.2591916246749025,
        "background_ratio": 0.4078399301040312,
        "depth_complexity": 1.1557186887006228
      }
    },
    "spatial_layout": {
      "negative_space_ratio": 0.3781341433680104,
      "subject_isolation": 0.10000050796488946,
      "depth_of_field": {
        "blur_gradient_strength": 783.7235949064566,
        "sharpness_variance": 1437111.6682866665,
        "min_sharpness": 9.734375,
        "max_sharpness": 6104.186178392926
      },
      "perspective": {
        "has_vanishing_point": 1,
        "perspective_strength": 0.9969913501316284
      }
    },
    "contrast_color": {
      "high_contrast_ratio": 0.49092266742522755,
      "low_contrast_ratio": 0.5090773325747724,
      "mean_contrast": 32.232276916503906,
      "highlight_ratio": 0.03882629796862602,
      "shadow_ratio": 0.23040778934955597,
      "midtone_ratio": 0.7307659387588501,
      "warm_color_ratio": 0.1971233948309493,
      "cool_color_ratio": 0.11204689531859557,
      "complementary_color_score": 2.0
    },
    "motion_dynamics": {
      "s_curve_count": 336,
      "motion_blur_score": 5.255789615504267,
      "dominant_direction_deg": 95.0,
      "direction_strength": 0.04384498943421894
    },
    "pattern_rhythm": {
      "repetition_score": 1.0,
      "rhythm_score": 1.0,
      "pattern_breaks": 6
    },
    "visual_mass_focus": {
      "point_of_interest": {
        "x": 0.3328998699609883,
        "y": 0.228515625,
        "strength": 1.0
      },
      "visual_mass_concentration": 0.1999248211963589,
      "mean_visual_weight": 0.08490412682294846,
      "face_count": 0,
      "has_directional_cues": 0
    },
    "framing_breathing": {
      "frame_in_frame_count": 0,
      "breathing_space": {
        "top": 0.255859375,
        "bottom": 0.625,
        "left": 0.013003901170351105,
        "right": 0.9154746423927178,
        "min_margin": 0.013003901170351105,
        "mean_margin": 0.45233447964076723
      },
      "corner_anchors": {
        "top_left": 0.2954081892967224,
        "top_right": 0.34901583194732666,
        "bottom_left": 0.09418570250272751,
        "bottom_right": 0.08862168341875076,
        "max_corner_weight": 0.34901583194732666,
        "has_corner_subject": 1
      }
    }
  }
}