{
  "meta": {
    "_dataset": "tvm_data",
    "_label": "emotion_dataset",
    "_relpath": "emotion_dataset/excitement/excitement_0085.jpg",
    "_filename": "excitement_0085.jpg",
    "_width": 500,
    "_height": 331
  },
  "features": {
    "geometric_structural": {
      "leading_lines": {
        "diagonal": 3,
        "vertical": 0,
        "horizontal": 10,
        "curved": 99
      },
      "leading_lines_strength": 0.1448900388098318,
      "symmetry_vertical": 0.5897085458320165,
      "symmetry_horizontal": 0.5053593985396554,
      "symmetry_radial": 0.3294539321811615,
      "rule_of_thirds": {
        "alignment_score": 3,
        "num_salient_objects": 28
      },
      "golden_ratio": {
        "golden_alignment_score": 2
      },
      "balance": {
        "static_balance": 0.8829166889190674,
        "dynamic_balance": 1.0,
        "dominant_quadrant": 2
      },
      "layering": {
        "foreground_ratio": 0.32203569695989653,
        "midground_ratio": 0.32764493046571797,
        "background_ratio": 0.3503193725743855,
        "depth_complexity": 0.28390699516196877
      }
    },
    "spatial_layout": {
      "negative_space_ratio": 0.2558821151358344,
      "subject_isolation": 0.10000101067270376,
      "depth_of_field": {
        "blur_gradient_strength": 326.1862741881352,
        "sharpness_variance": 425131.33601720654,
        "min_sharpness": 2.25,
        "max_sharpness": 3915.7785946049494
      },
      "perspective": {
        "has_vanishing_point": 1,
        "perspective_strength": 0.9954337899543378
      }
    },
    "contrast_color": {
      "high_contrast_ratio": 0.3956025630659767,
      "low_contrast_ratio": 0.6043974369340233,
      "mean_contrast": 18.825912475585938,
      "highlight_ratio": 0.006086776498705149,
      "shadow_ratio": 0.15429940819740295,
      "midtone_ratio": 0.8396137952804565,
      "warm_color_ratio": 0.234541760996119,
      "cool_color_ratio": 0.05943260834411384,
      "complementary_color_score": 2.2222222222222223
    },
    "motion_dynamics": {
      "s_curve_count": 157,
      "motion_blur_score": 11.86544950285438,
      "dominant_direction_deg": 4.999999999999995,
      "direction_strength": 0.06961513583423548
    },
    "pattern_rhythm": {
      "repetition_score": 1.0,
      "rhythm_score": 1.0,
      "pattern_breaks": 11
    },
    "visual_mass_focus": {
      "point_of_interest": {
        "x": 0.5523932729624839,
        "y": 0.701171875,
        "strength": 1.0
      },
      "visual_mass_concentration": 0.19981757357697283,
      "mean_visual_weight": 0.06218487396836281,
      "face_count": 1,
      "has_directional_cues": 1
    },
    "framing_breathing": {
      "frame_in_frame_count": 0,
      "breathing_space": {
        "top": 0.419921875,
        "bottom": 0.0,
        "left": 0.3221216041397154,
        "right": 0.23803363518758086,
        "min_margin": 0.0,
        "mean_margin": 0.2450192785818241
      },
      "corner_anchors": {
        "top_left": 0.17151618003845215,
        "top_right": 0.15019287168979645,
        "bottom_left": 0.13898684084415436,
        "bottom_right": 0.26080259680747986,
        "max_corner_weight": 0.26080259680747986,
        "has_corner_subject": 0
      }
    }
  }
}