{
  "meta": {
    "_dataset": "tvm_data",
    "_label": "emotion_dataset",
    "_relpath": "emotion_dataset/excitement/excitement_0931.jpg",
    "_filename": "excitement_0931.jpg",
    "_width": 500,
    "_height": 333
  },
  "features": {
    "geometric_structural": {
      "leading_lines": {
        "diagonal": 160,
        "vertical": 0,
        "horizontal": 119,
        "curved": 1016
      },
      "leading_lines_strength": 1.684005201560468,
      "symmetry_vertical": 0.09150406515274745,
      "symmetry_horizontal": 0.0811052432587474,
      "symmetry_radial": 0.05570938241085107,
      "rule_of_thirds": {
        "alignment_score": 0,
        "num_salient_objects": 65
      },
      "golden_ratio": {
        "golden_alignment_score": 1
      },
      "balance": {
        "static_balance": 0.8262132406234741,
        "dynamic_balance": 1.0,
        "dominant_quadrant": 0
      },
      "layering": {
        "foreground_ratio": 0.32598138816644995,
        "midground_ratio": 0.3246733785760728,
        "background_ratio": 0.34934523325747724,
        "depth_complexity": 1.6840154088277295
      }
    },
    "spatial_layout": {
      "negative_space_ratio": 0.6927574366059818,
      "subject_isolation": 0.10000050796488946,
      "depth_of_field": {
        "blur_gradient_strength": 927.7054890485792,
        "sharpness_variance": 1827429.8210748574,
        "min_sharpness": 2.048809488439442,
        "max_sharpness": 11139.755742983469
      },
      "perspective": {
        "has_vanishing_point": 1,
        "perspective_strength": 0.9993721066354494
      }
    },
    "contrast_color": {
      "high_contrast_ratio": 0.4766742522756827,
      "low_contrast_ratio": 0.5233257477243173,
      "mean_contrast": 33.30078125,
      "highlight_ratio": 0.16229985654354095,
      "shadow_ratio": 0.10565415769815445,
      "midtone_ratio": 0.7320459485054016,
      "warm_color_ratio": 0.14518398488296488,
      "cool_color_ratio": 0.0069464198634590375,
      "complementary_color_score": 2.5
    },
    "motion_dynamics": {
      "s_curve_count": 764,
      "motion_blur_score": 5.775140664736237,
      "dominant_direction_deg": -85.0,
      "direction_strength": 0.04156930672941327
    },
    "pattern_rhythm": {
      "repetition_score": 1.0,
      "rhythm_score": 1.0,
      "pattern_breaks": 10
    },
    "visual_mass_focus": {
      "point_of_interest": {
        "x": 0.2951885565669701,
        "y": 0.134765625,
        "strength": 1.0
      },
      "visual_mass_concentration": 0.1993609801690507,
      "mean_visual_weight": 0.050955355167388916,
      "face_count": 0,
      "has_directional_cues": 0
    },
    "framing_breathing": {
      "frame_in_frame_count": 0,
      "breathing_space": {
        "top": 0.0,
        "bottom": 0.66015625,
        "left": 0.0,
        "right": 0.4850455136540962,
        "min_margin": 0.0,
        "mean_margin": 0.286300440913524
      },
      "corner_anchors": {
        "top_left": 0.8614387512207031,
        "top_right": 0.3720698952674866,
        "bottom_left": 0.2840920090675354,
        "bottom_right": 0.2878150939941406,
        "max_corner_weight": 0.8614387512207031,
        "has_corner_subject": 1
      }
    }
  }
}