{
  "meta": {
    "_dataset": "tvm_data",
    "_label": "emotion_dataset",
    "_relpath": "emotion_dataset/excitement/excitement_0743.jpg",
    "_filename": "excitement_0743.jpg",
    "_width": 333,
    "_height": 500
  },
  "features": {
    "geometric_structural": {
      "leading_lines": {
        "diagonal": 16,
        "vertical": 29,
        "horizontal": 0,
        "curved": 358
      },
      "leading_lines_strength": 0.5240572171651495,
      "symmetry_vertical": 0.2270337128187898,
      "symmetry_horizontal": 0.2443140506825476,
      "symmetry_radial": 0.18151629750843512,
      "rule_of_thirds": {
        "alignment_score": 0,
        "num_salient_objects": 14
      },
      "golden_ratio": {
        "golden_alignment_score": 0
      },
      "balance": {
        "static_balance": 0.9612632989883423,
        "dynamic_balance": 1.0,
        "dominant_quadrant": 3
      },
      "layering": {
        "foreground_ratio": 0.30400682704811444,
        "midground_ratio": 0.21878047789336802,
        "background_ratio": 0.47721269505851754,
        "depth_complexity": 0.9664424331651545
      }
    },
    "spatial_layout": {
      "negative_space_ratio": 0.6805231022431729,
      "subject_isolation": 0.10000050796488946,
      "depth_of_field": {
        "blur_gradient_strength": 869.2435605436135,
        "sharpness_variance": 1924061.8240503608,
        "min_sharpness": 2.031406189926951,
        "max_sharpness": 8247.185409457901
      },
      "perspective": {
        "has_vanishing_point": 1,
        "perspective_strength": 0.9993348852677086
      }
    },
    "contrast_color": {
      "high_contrast_ratio": 0.4518042912873862,
      "low_contrast_ratio": 0.5481957087126138,
      "mean_contrast": 30.449018478393555,
      "highlight_ratio": 0.026419254019856453,
      "shadow_ratio": 0.6199914813041687,
      "midtone_ratio": 0.3535892367362976,
      "warm_color_ratio": 0.8041084200260078,
      "cool_color_ratio": 0.007342632477243173,
      "complementary_color_score": 2.111111111111111
    },
    "motion_dynamics": {
      "s_curve_count": 311,
      "motion_blur_score": 4.2101698626686925,
      "dominant_direction_deg": 4.999999999999995,
      "direction_strength": 0.05520816401156329
    },
    "pattern_rhythm": {
      "repetition_score": 1.0,
      "rhythm_score": 1.0,
      "pattern_breaks": 8
    },
    "visual_mass_focus": {
      "point_of_interest": {
        "x": 0.7578125,
        "y": 0.647594278283485,
        "strength": 1.0
      },
      "visual_mass_concentration": 0.19999339645643693,
      "mean_visual_weight": 0.16633225977420807,
      "face_count": 0,
      "has_directional_cues": 0
    },
    "framing_breathing": {
      "frame_in_frame_count": 0,
      "breathing_space": {
        "top": 0.5110533159947984,
        "bottom": 0.4083224967490247,
        "left": 0.833984375,
        "right": 0.0,
        "min_margin": 0.0,
        "mean_margin": 0.4383400469359558
      },
      "corner_anchors": {
        "top_left": 0.23773236572742462,
        "top_right": 0.2073288857936859,
        "bottom_left": 0.24217009544372559,
        "bottom_right": 0.3117242753505707,
        "max_corner_weight": 0.3117242753505707,
        "has_corner_subject": 1
      }
    }
  }
}