{
  "meta": {
    "_dataset": "tvm_data",
    "_label": "emotion_dataset",
    "_relpath": "emotion_dataset/excitement/excitement_0195.jpg",
    "_filename": "excitement_0195.jpg",
    "_width": 500,
    "_height": 333
  },
  "features": {
    "geometric_structural": {
      "leading_lines": {
        "diagonal": 1,
        "vertical": 3,
        "horizontal": 4,
        "curved": 210
      },
      "leading_lines_strength": 0.2834850455136541,
      "symmetry_vertical": 0.243013881126321,
      "symmetry_horizontal": 0.22581112217689125,
      "symmetry_radial": 0.20345503849717253,
      "rule_of_thirds": {
        "alignment_score": 1,
        "num_salient_objects": 36
      },
      "golden_ratio": {
        "golden_alignment_score": 3
      },
      "balance": {
        "static_balance": 0.9204433560371399,
        "dynamic_balance": 1.0,
        "dominant_quadrant": 0
      },
      "layering": {
        "foreground_ratio": 0.2973677259427828,
        "midground_ratio": 0.16322689775682706,
        "background_ratio": 0.5394053763003901,
        "depth_complexity": 0.5277591585201563
      }
    },
    "spatial_layout": {
      "negative_space_ratio": 0.7949802909622887,
      "subject_isolation": 0.10000050796488946,
      "depth_of_field": {
        "blur_gradient_strength": 491.1529975697274,
        "sharpness_variance": 637899.6258284998,
        "min_sharpness": 0.0,
        "max_sharpness": 3668.8969507336146
      },
      "perspective": {
        "has_vanishing_point": 1,
        "perspective_strength": 0.9661016949152542
      }
    },
    "contrast_color": {
      "high_contrast_ratio": 0.4904045432379714,
      "low_contrast_ratio": 0.5095954567620287,
      "mean_contrast": 36.65789031982422,
      "highlight_ratio": 0.08663595467805862,
      "shadow_ratio": 0.5963609218597412,
      "midtone_ratio": 0.31700313091278076,
      "warm_color_ratio": 0.16029086069570872,
      "cool_color_ratio": 0.3136149829323797,
      "complementary_color_score": 2.0
    },
    "motion_dynamics": {
      "s_curve_count": 265,
      "motion_blur_score": 4.92731280898234,
      "dominant_direction_deg": 4.999999999999995,
      "direction_strength": 0.0935772919373436
    },
    "pattern_rhythm": {
      "repetition_score": 1.0,
      "rhythm_score": 1.0,
      "pattern_breaks": 14
    },
    "visual_mass_focus": {
      "point_of_interest": {
        "x": 0.38491547464239273,
        "y": 0.251953125,
        "strength": 1.0
      },
      "visual_mass_concentration": 0.19925176771781533,
      "mean_visual_weight": 0.05733576789498329,
      "face_count": 0,
      "has_directional_cues": 0
    },
    "framing_breathing": {
      "frame_in_frame_count": 0,
      "breathing_space": {
        "top": 0.109375,
        "bottom": 0.6484375,
        "left": 0.22106631989596878,
        "right": 0.31209362808842656,
        "min_margin": 0.109375,
        "mean_margin": 0.32274311199609884
      },
      "corner_anchors": {
        "top_left": 0.4037890136241913,
        "top_right": 0.3004971146583557,
        "bottom_left": 0.32050925493240356,
        "bottom_right": 0.2817862927913666,
        "max_corner_weight": 0.4037890136241913,
        "has_corner_subject": 1
      }
    }
  }
}