{
  "meta": {
    "_dataset": "tvm_data",
    "_label": "emotion_dataset",
    "_relpath": "emotion_dataset/excitement/excitement_0948.jpg",
    "_filename": "excitement_0948.jpg",
    "_width": 500,
    "_height": 333
  },
  "features": {
    "geometric_structural": {
      "leading_lines": {
        "diagonal": 28,
        "vertical": 1,
        "horizontal": 8,
        "curved": 261
      },
      "leading_lines_strength": 0.38751625487646296,
      "symmetry_vertical": 0.2195860730664706,
      "symmetry_horizontal": 0.22685339997758158,
      "symmetry_radial": 0.1423619458013515,
      "rule_of_thirds": {
        "alignment_score": 1,
        "num_salient_objects": 19
      },
      "golden_ratio": {
        "golden_alignment_score": 2
      },
      "balance": {
        "static_balance": 0.8521331548690796,
        "dynamic_balance": 1.0,
        "dominant_quadrant": 1
      },
      "layering": {
        "foreground_ratio": 0.31911878250975295,
        "midground_ratio": 0.33204394912223667,
        "background_ratio": 0.3488372683680104,
        "depth_complexity": 0.44372073485989755
      }
    },
    "spatial_layout": {
      "negative_space_ratio": 0.5934858582574772,
      "subject_isolation": 0.10000050796488946,
      "depth_of_field": {
        "blur_gradient_strength": 366.3310965370516,
        "sharpness_variance": 268337.15972817776,
        "min_sharpness": 8.551677621995266,
        "max_sharpness": 2920.629950019224
      },
      "perspective": {
        "has_vanishing_point": 1,
        "perspective_strength": 0.9958847736625515
      }
    },
    "contrast_color": {
      "high_contrast_ratio": 0.5173470009752926,
      "low_contrast_ratio": 0.4826529990247074,
      "mean_contrast": 32.912960052490234,
      "highlight_ratio": 0.09879916906356812,
      "shadow_ratio": 0.16355961561203003,
      "midtone_ratio": 0.7376412153244019,
      "warm_color_ratio": 0.5735456965214565,
      "cool_color_ratio": 0.20887770237321196,
      "complementary_color_score": 2.0
    },
    "motion_dynamics": {
      "s_curve_count": 325,
      "motion_blur_score": 7.282323246463687,
      "dominant_direction_deg": 4.999999999999995,
      "direction_strength": 0.04500822903109505
    },
    "pattern_rhythm": {
      "repetition_score": 1.0,
      "rhythm_score": 1.0,
      "pattern_breaks": 7
    },
    "visual_mass_focus": {
      "point_of_interest": {
        "x": 0.58777633289987,
        "y": 0.255859375,
        "strength": 1.0
      },
      "visual_mass_concentration": 0.19989688312743822,
      "mean_visual_weight": 0.2351188361644745,
      "face_count": 1,
      "has_directional_cues": 1
    },
    "framing_breathing": {
      "frame_in_frame_count": 0,
      "breathing_space": {
        "top": 0.078125,
        "bottom": 0.439453125,
        "left": 0.4538361508452536,
        "right": 0.26007802340702213,
        "min_margin": 0.078125,
        "mean_margin": 0.3078730748130689
      },
      "corner_anchors": {
        "top_left": 0.377496600151062,
        "top_right": 0.36695560812950134,
        "bottom_left": 0.13435769081115723,
        "bottom_right": 0.39632102847099304,
        "max_corner_weight": 0.39632102847099304,
        "has_corner_subject": 1
      }
    }
  }
}