{
  "meta": {
    "_dataset": "tvm_data",
    "_label": "emotion_dataset",
    "_relpath": "emotion_dataset/excitement/excitement_0925.jpg",
    "_filename": "excitement_0925.jpg",
    "_width": 333,
    "_height": 500
  },
  "features": {
    "geometric_structural": {
      "leading_lines": {
        "diagonal": 0,
        "vertical": 0,
        "horizontal": 0,
        "curved": 109
      },
      "leading_lines_strength": 0.14174252275682706,
      "symmetry_vertical": 0.22654605182033474,
      "symmetry_horizontal": 0.26018491328289056,
      "symmetry_radial": 0.1975522586141409,
      "rule_of_thirds": {
        "alignment_score": 0,
        "num_salient_objects": 14
      },
      "golden_ratio": {
        "golden_alignment_score": 2
      },
      "balance": {
        "static_balance": 0.8481208086013794,
        "dynamic_balance": 1.0,
        "dominant_quadrant": 1
      },
      "layering": {
        "foreground_ratio": 0.3142854965864759,
        "midground_ratio": 0.14288036410923277,
        "background_ratio": 0.5428341393042913,
        "depth_complexity": 0.2476066667748861
      }
    },
    "spatial_layout": {
      "negative_space_ratio": 0.7326631583224967,
      "subject_isolation": 0.10000050796488946,
      "depth_of_field": {
        "blur_gradient_strength": 287.3095352736654,
        "sharpness_variance": 382294.4125876365,
        "min_sharpness": 0.0,
        "max_sharpness": 4540.452407844201
      },
      "perspective": {
        "has_vanishing_point": 1,
        "perspective_strength": 0.9365079365079365
      }
    },
    "contrast_color": {
      "high_contrast_ratio": 0.39714218953185954,
      "low_contrast_ratio": 0.6028578104681405,
      "mean_contrast": 25.99550437927246,
      "highlight_ratio": 0.025085845962166786,
      "shadow_ratio": 0.5951062440872192,
      "midtone_ratio": 0.37980788946151733,
      "warm_color_ratio": 0.8097519099479844,
      "cool_color_ratio": 0.014441441807542263,
      "complementary_color_score": 2.1666666666666665
    },
    "motion_dynamics": {
      "s_curve_count": 158,
      "motion_blur_score": 6.392719552352717,
      "dominant_direction_deg": 4.999999999999995,
      "direction_strength": 0.1284922586147582
    },
    "pattern_rhythm": {
      "repetition_score": 1.0,
      "rhythm_score": 1.0,
      "pattern_breaks": 6
    },
    "visual_mass_focus": {
      "point_of_interest": {
        "x": 0.341796875,
        "y": 0.29128738621586475,
        "strength": 1.0
      },
      "visual_mass_concentration": 0.1999679982119636,
      "mean_visual_weight": 0.16796894371509552,
      "face_count": 0,
      "has_directional_cues": 0
    },
    "framing_breathing": {
      "frame_in_frame_count": 0,
      "breathing_space": {
        "top": 0.23016905071521457,
        "bottom": 0.49154746423927176,
        "left": 0.1015625,
        "right": 0.40234375,
        "min_margin": 0.1015625,
        "mean_margin": 0.3064056912386216
      },
      "corner_anchors": {
        "top_left": 0.2396385222673416,
        "top_right": 0.2796417772769928,
        "bottom_left": 0.13679200410842896,
        "bottom_right": 0.2851833999156952,
        "max_corner_weight": 0.2851833999156952,
        "has_corner_subject": 0
      }
    }
  }
}