{
  "meta": {
    "_dataset": "tvm_data",
    "_label": "emotion_dataset",
    "_relpath": "emotion_dataset/excitement/excitement_0918.jpg",
    "_filename": "excitement_0918.jpg",
    "_width": 500,
    "_height": 281
  },
  "features": {
    "geometric_structural": {
      "leading_lines": {
        "diagonal": 1,
        "vertical": 8,
        "horizontal": 34,
        "curved": 394
      },
      "leading_lines_strength": 0.4796926454445664,
      "symmetry_vertical": 0.238568874724995,
      "symmetry_horizontal": 0.23568921363457043,
      "symmetry_radial": 0.1526482648755999,
      "rule_of_thirds": {
        "alignment_score": 2,
        "num_salient_objects": 71
      },
      "golden_ratio": {
        "golden_alignment_score": 4
      },
      "balance": {
        "static_balance": 0.9651823043823242,
        "dynamic_balance": 1.0,
        "dominant_quadrant": 1
      },
      "layering": {
        "foreground_ratio": 0.29744957464324917,
        "midground_ratio": 0.26859220636663006,
        "background_ratio": 0.43395821899012077,
        "depth_complexity": 0.4503163819567942
      }
    },
    "spatial_layout": {
      "negative_space_ratio": 0.5871016568331504,
      "subject_isolation": 0.1000017151481888,
      "depth_of_field": {
        "blur_gradient_strength": 330.8622179606848,
        "sharpness_variance": 412269.6750238463,
        "min_sharpness": 1.3478952066612655,
        "max_sharpness": 3119.7080814006854
      },
      "perspective": {
        "has_vanishing_point": 1,
        "perspective_strength": 0.9990899438798726
      }
    },
    "contrast_color": {
      "high_contrast_ratio": 0.4604036601262349,
      "low_contrast_ratio": 0.5395963398737651,
      "mean_contrast": 31.171497344970703,
      "highlight_ratio": 0.11817371100187302,
      "shadow_ratio": 0.17547467350959778,
      "midtone_ratio": 0.706351637840271,
      "warm_color_ratio": 0.712403951701427,
      "cool_color_ratio": 0.054835431531284305,
      "complementary_color_score": 2.0
    },
    "motion_dynamics": {
      "s_curve_count": 415,
      "motion_blur_score": 8.298433672277525,
      "dominant_direction_deg": 4.999999999999995,
      "direction_strength": 0.05949420279899429
    },
    "pattern_rhythm": {
      "repetition_score": 1.0,
      "rhythm_score": 1.0,
      "pattern_breaks": 24
    },
    "visual_mass_focus": {
      "point_of_interest": {
        "x": 0.21075740944017562,
        "y": 0.654296875,
        "strength": 1.0
      },
      "visual_mass_concentration": 0.1999948545554336,
      "mean_visual_weight": 0.2704450786113739,
      "face_count": 1,
      "has_directional_cues": 1
    },
    "framing_breathing": {
      "frame_in_frame_count": 0,
      "breathing_space": {
        "top": 0.0,
        "bottom": 0.537109375,
        "left": 0.6937431394072447,
        "right": 0.0,
        "min_margin": 0.0,
        "mean_margin": 0.3077131286018112
      },
      "corner_anchors": {
        "top_left": 0.44138020277023315,
        "top_right": 0.6178872585296631,
        "bottom_left": 0.764613926410675,
        "bottom_right": 0.36066243052482605,
        "max_corner_weight": 0.764613926410675,
        "has_corner_subject": 1
      }
    }
  }
}