{
  "meta": {
    "_dataset": "tvm_data",
    "_label": "emotion_dataset",
    "_relpath": "emotion_dataset/excitement/excitement_0160.jpg",
    "_filename": "excitement_0160.jpg",
    "_width": 500,
    "_height": 333
  },
  "features": {
    "geometric_structural": {
      "leading_lines": {
        "diagonal": 16,
        "vertical": 2,
        "horizontal": 22,
        "curved": 381
      },
      "leading_lines_strength": 0.5474642392717816,
      "symmetry_vertical": 0.2799972955995948,
      "symmetry_horizontal": 0.17291704983201883,
      "symmetry_radial": 0.1589854983611703,
      "rule_of_thirds": {
        "alignment_score": 2,
        "num_salient_objects": 89
      },
      "golden_ratio": {
        "golden_alignment_score": 6
      },
      "balance": {
        "static_balance": 0.9675947427749634,
        "dynamic_balance": 1.0,
        "dominant_quadrant": 1
      },
      "layering": {
        "foreground_ratio": 0.33442630445383614,
        "midground_ratio": 0.21662162711313393,
        "background_ratio": 0.4489520684330299,
        "depth_complexity": 0.9944844256589861
      }
    },
    "spatial_layout": {
      "negative_space_ratio": 0.3932867360208062,
      "subject_isolation": 0.10000050796488946,
      "depth_of_field": {
        "blur_gradient_strength": 890.1225142920422,
        "sharpness_variance": 1463755.556503429,
        "min_sharpness": 0.4828911956939639,
        "max_sharpness": 8057.3739907727795
      },
      "perspective": {
        "has_vanishing_point": 1,
        "perspective_strength": 0.9971327373924777
      }
    },
    "contrast_color": {
      "high_contrast_ratio": 0.5437713345253576,
      "low_contrast_ratio": 0.45622866547464236,
      "mean_contrast": 39.58123016357422,
      "highlight_ratio": 0.24640868604183197,
      "shadow_ratio": 0.22444428503513336,
      "midtone_ratio": 0.5291470289230347,
      "warm_color_ratio": 0.22413950747724318,
      "cool_color_ratio": 0.3805342774707412,
      "complementary_color_score": 2.0
    },
    "motion_dynamics": {
      "s_curve_count": 382,
      "motion_blur_score": 6.756634747006725,
      "dominant_direction_deg": 4.999999999999995,
      "direction_strength": 0.1459865694079517
    },
    "pattern_rhythm": {
      "repetition_score": 1.0,
      "rhythm_score": 1.0,
      "pattern_breaks": 27
    },
    "visual_mass_focus": {
      "point_of_interest": {
        "x": 0.5240572171651495,
        "y": 0.650390625,
        "strength": 1.0
      },
      "visual_mass_concentration": 0.19956416612483746,
      "mean_visual_weight": 0.1999216228723526,
      "face_count": 1,
      "has_directional_cues": 1
    },
    "framing_breathing": {
      "frame_in_frame_count": 0,
      "breathing_space": {
        "top": 0.0,
        "bottom": 0.666015625,
        "left": 0.0,
        "right": 0.647594278283485,
        "min_margin": 0.0,
        "mean_margin": 0.32840247582087123
      },
      "corner_anchors": {
        "top_left": 0.673405110836029,
        "top_right": 0.5460371971130371,
        "bottom_left": 0.4428628385066986,
        "bottom_right": 0.3458690941333771,
        "max_corner_weight": 0.673405110836029,
        "has_corner_subject": 1
      }
    }
  }
}