{
  "meta": {
    "_dataset": "tvm_data",
    "_label": "emotion_dataset",
    "_relpath": "emotion_dataset/excitement/excitement_0747.jpg",
    "_filename": "excitement_0747.jpg",
    "_width": 500,
    "_height": 333
  },
  "features": {
    "geometric_structural": {
      "leading_lines": {
        "diagonal": 1,
        "vertical": 7,
        "horizontal": 0,
        "curved": 375
      },
      "leading_lines_strength": 0.4980494148244473,
      "symmetry_vertical": 0.1478575593637395,
      "symmetry_horizontal": 0.1425885273805369,
      "symmetry_radial": 0.10524359064011644,
      "rule_of_thirds": {
        "alignment_score": 2,
        "num_salient_objects": 71
      },
      "golden_ratio": {
        "golden_alignment_score": 2
      },
      "balance": {
        "static_balance": 0.9473577737808228,
        "dynamic_balance": 1.0,
        "dominant_quadrant": 0
      },
      "layering": {
        "foreground_ratio": 0.32572994554616386,
        "midground_ratio": 0.2873328795513654,
        "background_ratio": 0.38693717490247076,
        "depth_complexity": 0.6323409587361319
      }
    },
    "spatial_layout": {
      "negative_space_ratio": 0.6110944611508452,
      "subject_isolation": 0.10000050796488946,
      "depth_of_field": {
        "blur_gradient_strength": 520.0103243409332,
        "sharpness_variance": 337723.2507400095,
        "min_sharpness": 1.8627450980392157,
        "max_sharpness": 2678.151380276802
      },
      "perspective": {
        "has_vanishing_point": 1,
        "perspective_strength": 0.9815005138746146
      }
    },
    "contrast_color": {
      "high_contrast_ratio": 0.48535283241222366,
      "low_contrast_ratio": 0.5146471675877764,
      "mean_contrast": 45.950218200683594,
      "highlight_ratio": 0.09817691147327423,
      "shadow_ratio": 0.4001188576221466,
      "midtone_ratio": 0.501704216003418,
      "warm_color_ratio": 0.651393855656697,
      "cool_color_ratio": 0.024781067132639792,
      "complementary_color_score": 2.0
    },
    "motion_dynamics": {
      "s_curve_count": 414,
      "motion_blur_score": 5.278115445370347,
      "dominant_direction_deg": 4.999999999999995,
      "direction_strength": 0.08129216108561928
    },
    "pattern_rhythm": {
      "repetition_score": 1.0,
      "rhythm_score": 1.0,
      "pattern_breaks": 22
    },
    "visual_mass_focus": {
      "point_of_interest": {
        "x": 0.459037711313394,
        "y": 0.654296875,
        "strength": 1.0
      },
      "visual_mass_concentration": 0.1998867238296489,
      "mean_visual_weight": 0.1263323724269867,
      "face_count": 3,
      "has_directional_cues": 1
    },
    "framing_breathing": {
      "frame_in_frame_count": 0,
      "breathing_space": {
        "top": 0.521484375,
        "bottom": 0.0,
        "left": 0.22366710013003901,
        "right": 0.5903771131339401,
        "min_margin": 0.0,
        "mean_margin": 0.3338821470659948
      },
      "corner_anchors": {
        "top_left": 0.4606790542602539,
        "top_right": 0.23061610758304596,
        "bottom_left": 0.3426084816455841,
        "bottom_right": 0.35475391149520874,
        "max_corner_weight": 0.4606790542602539,
        "has_corner_subject": 1
      }
    }
  }
}