{
  "meta": {
    "_dataset": "tvm_data",
    "_label": "emotion_dataset",
    "_relpath": "emotion_dataset/excitement/excitement_0007.jpg",
    "_filename": "excitement_0007.jpg",
    "_width": 379,
    "_height": 500
  },
  "features": {
    "geometric_structural": {
      "leading_lines": {
        "diagonal": 10,
        "vertical": 5,
        "horizontal": 2,
        "curved": 275
      },
      "leading_lines_strength": 0.4325925925925926,
      "symmetry_vertical": 0.2142447377677859,
      "symmetry_horizontal": 0.17371168009655047,
      "symmetry_radial": 0.1312993177134664,
      "rule_of_thirds": {
        "alignment_score": 1,
        "num_salient_objects": 19
      },
      "golden_ratio": {
        "golden_alignment_score": 1
      },
      "balance": {
        "static_balance": 0.8974159955978394,
        "dynamic_balance": 1.0,
        "dominant_quadrant": 1
      },
      "layering": {
        "foreground_ratio": 0.2945023148148148,
        "midground_ratio": 0.35138020833333333,
        "background_ratio": 0.35411747685185185,
        "depth_complexity": 1.0042447973410438
      }
    },
    "spatial_layout": {
      "negative_space_ratio": 0.5591030092592593,
      "subject_isolation": 0.1,
      "depth_of_field": {
        "blur_gradient_strength": 1125.830767633798,
        "sharpness_variance": 3285157.625349384,
        "min_sharpness": 4.795030923693176,
        "max_sharpness": 11383.168286352467
      },
      "perspective": {
        "has_vanishing_point": 1,
        "perspective_strength": 0.9978040076859731
      }
    },
    "contrast_color": {
      "high_contrast_ratio": 0.5008506944444444,
      "low_contrast_ratio": 0.4991493055555556,
      "mean_contrast": 33.00974655151367,
      "highlight_ratio": 0.035277776420116425,
      "shadow_ratio": 0.4626822769641876,
      "midtone_ratio": 0.502039909362793,
      "warm_color_ratio": 0.37537905092592594,
      "cool_color_ratio": 0.04377314814814815,
      "complementary_color_score": 2.5
    },
    "motion_dynamics": {
      "s_curve_count": 284,
      "motion_blur_score": 5.1366248846217815,
      "dominant_direction_deg": 4.999999999999995,
      "direction_strength": 0.053770254629474046
    },
    "pattern_rhythm": {
      "repetition_score": 1.0,
      "rhythm_score": 1.0,
      "pattern_breaks": 6
    },
    "visual_mass_focus": {
      "point_of_interest": {
        "x": 0.8046875,
        "y": 0.2325925925925926,
        "strength": 1.0
      },
      "visual_mass_concentration": 0.1997511574074074,
      "mean_visual_weight": 0.07261572033166885,
      "face_count": 3,
      "has_directional_cues": 1
    },
    "framing_breathing": {
      "frame_in_frame_count": 0,
      "breathing_space": {
        "top": 0.10222222222222223,
        "bottom": 0.6414814814814814,
        "left": 0.658203125,
        "right": 0.052734375,
        "min_margin": 0.052734375,
        "mean_margin": 0.36366030092592594
      },
      "corner_anchors": {
        "top_left": 0.07665693014860153,
        "top_right": 0.3325633108615875,
        "bottom_left": 0.2817678153514862,
        "bottom_right": 0.3023277819156647,
        "max_corner_weight": 0.3325633108615875,
        "has_corner_subject": 1
      }
    }
  }
}