{
  "meta": {
    "_dataset": "tvm_data",
    "_label": "emotion_dataset",
    "_relpath": "emotion_dataset/excitement/excitement_0022.jpg",
    "_filename": "excitement_0022.jpg",
    "_width": 331,
    "_height": 500
  },
  "features": {
    "geometric_structural": {
      "leading_lines": {
        "diagonal": 72,
        "vertical": 38,
        "horizontal": 0,
        "curved": 376
      },
      "leading_lines_strength": 0.628719275549806,
      "symmetry_vertical": 0.1789093310707434,
      "symmetry_horizontal": 0.20763275154996394,
      "symmetry_radial": 0.14049521584652022,
      "rule_of_thirds": {
        "alignment_score": 0,
        "num_salient_objects": 12
      },
      "golden_ratio": {
        "golden_alignment_score": 0
      },
      "balance": {
        "static_balance": 0.9430220723152161,
        "dynamic_balance": 1.0,
        "dominant_quadrant": 2
      },
      "layering": {
        "foreground_ratio": 0.322359112225097,
        "midground_ratio": 0.1878840556274256,
        "background_ratio": 0.48975683214747734,
        "depth_complexity": 0.6253700426172928
      }
    },
    "spatial_layout": {
      "negative_space_ratio": 0.6770749110608021,
      "subject_isolation": 0.10000101067270376,
      "depth_of_field": {
        "blur_gradient_strength": 430.05748551213213,
        "sharpness_variance": 740666.8039293106,
        "min_sharpness": 0.5,
        "max_sharpness": 3990.4763480050337
      },
      "perspective": {
        "has_vanishing_point": 1,
        "perspective_strength": 0.9978299098290119
      }
    },
    "contrast_color": {
      "high_contrast_ratio": 0.554874474450194,
      "low_contrast_ratio": 0.445125525549806,
      "mean_contrast": 28.642662048339844,
      "highlight_ratio": 0.0034362871665507555,
      "shadow_ratio": 0.5304718017578125,
      "midtone_ratio": 0.46609193086624146,
      "warm_color_ratio": 0.668388179172057,
      "cool_color_ratio": 0.2255745674320828,
      "complementary_color_score": 2.5
    },
    "motion_dynamics": {
      "s_curve_count": 388,
      "motion_blur_score": 4.6488779825361295,
      "dominant_direction_deg": 4.999999999999995,
      "direction_strength": 0.12869906209540574
    },
    "pattern_rhythm": {
      "repetition_score": 1.0,
      "rhythm_score": 1.0,
      "pattern_breaks": 3
    },
    "visual_mass_focus": {
      "point_of_interest": {
        "x": 0.484375,
        "y": 0.36093143596377747,
        "strength": 1.0
      },
      "visual_mass_concentration": 0.19979988680465718,
      "mean_visual_weight": 0.20505931973457336,
      "face_count": 3,
      "has_directional_cues": 1
    },
    "framing_breathing": {
      "frame_in_frame_count": 0,
      "breathing_space": {
        "top": 0.21733505821474774,
        "bottom": 0.6041397153945667,
        "left": 0.462890625,
        "right": 0.275390625,
        "min_margin": 0.21733505821474774,
        "mean_margin": 0.3899390059023286
      },
      "corner_anchors": {
        "top_left": 0.26180335879325867,
        "top_right": 0.24243594706058502,
        "bottom_left": 0.25744643807411194,
        "bottom_right": 0.2977878749370575,
        "max_corner_weight": 0.2977878749370575,
        "has_corner_subject": 0
      }
    }
  }
}