{
  "meta": {
    "_dataset": "tvm_data",
    "_label": "emotion_dataset",
    "_relpath": "emotion_dataset/excitement/excitement_0124.jpg",
    "_filename": "excitement_0124.jpg",
    "_width": 500,
    "_height": 375
  },
  "features": {
    "geometric_structural": {
      "leading_lines": {
        "diagonal": 27,
        "vertical": 2,
        "horizontal": 79,
        "curved": 415
      },
      "leading_lines_strength": 0.7657393850658858,
      "symmetry_vertical": 0.1834478052190519,
      "symmetry_horizontal": 0.10825892327256793,
      "symmetry_radial": 0.10092674509138838,
      "rule_of_thirds": {
        "alignment_score": 1,
        "num_salient_objects": 62
      },
      "golden_ratio": {
        "golden_alignment_score": 6
      },
      "balance": {
        "static_balance": 0.8798524141311646,
        "dynamic_balance": 1.0,
        "dominant_quadrant": 3
      },
      "layering": {
        "foreground_ratio": 0.32826226207906295,
        "midground_ratio": 0.3291430270863836,
        "background_ratio": 0.34259471083455345,
        "depth_complexity": 1.889789356446193
      }
    },
    "spatial_layout": {
      "negative_space_ratio": 0.5282960056734992,
      "subject_isolation": 0.10000114385065886,
      "depth_of_field": {
        "blur_gradient_strength": 1229.037665466708,
        "sharpness_variance": 2488223.527612637,
        "min_sharpness": 2.5897140380603623,
        "max_sharpness": 5786.959229444919
      },
      "perspective": {
        "has_vanishing_point": 1,
        "perspective_strength": 0.9988275323003356
      }
    },
    "contrast_color": {
      "high_contrast_ratio": 0.42804321467789164,
      "low_contrast_ratio": 0.5719567853221084,
      "mean_contrast": 44.763179779052734,
      "highlight_ratio": 0.24895337224006653,
      "shadow_ratio": 0.3260203003883362,
      "midtone_ratio": 0.4250263571739197,
      "warm_color_ratio": 0.1690067944729136,
      "cool_color_ratio": 0.04352065794289898,
      "complementary_color_score": 2.0
    },
    "motion_dynamics": {
      "s_curve_count": 377,
      "motion_blur_score": 5.846741922121014,
      "dominant_direction_deg": 4.999999999999995,
      "direction_strength": 0.07713270955322013
    },
    "pattern_rhythm": {
      "repetition_score": 1.0,
      "rhythm_score": 1.0,
      "pattern_breaks": 21
    },
    "visual_mass_focus": {
      "point_of_interest": {
        "x": 0.5739385065885798,
        "y": 0.560546875,
        "strength": 1.0
      },
      "visual_mass_concentration": 0.1999622529282577,
      "mean_visual_weight": 0.0966663807630539,
      "face_count": 1,
      "has_directional_cues": 1
    },
    "framing_breathing": {
      "frame_in_frame_count": 0,
      "breathing_space": {
        "top": 0.279296875,
        "bottom": 0.0,
        "left": 0.3938506588579795,
        "right": 0.09663250366032211,
        "min_margin": 0.0,
        "mean_margin": 0.19244500937957543
      },
      "corner_anchors": {
        "top_left": 0.3347633183002472,
        "top_right": 0.39546817541122437,
        "bottom_left": 0.6557573080062866,
        "bottom_right": 0.5653453469276428,
        "max_corner_weight": 0.6557573080062866,
        "has_corner_subject": 1
      }
    }
  }
}