{
  "meta": {
    "_dataset": "tvm_data",
    "_label": "testImages_artphoto",
    "_relpath": "testImages_artphoto/excitement_0193.jpg",
    "_filename": "excitement_0193.jpg",
    "_width": 524,
    "_height": 382
  },
  "features": {
    "geometric_structural": {
      "leading_lines": {
        "diagonal": 0,
        "vertical": 0,
        "horizontal": 5,
        "curved": 10
      },
      "leading_lines_strength": 0.021367521367521368,
      "symmetry_vertical": 0.5887638704977691,
      "symmetry_horizontal": 0.5516163414102149,
      "symmetry_radial": 0.4503213360751684,
      "rule_of_thirds": {
        "alignment_score": 0,
        "num_salient_objects": 13
      },
      "golden_ratio": {
        "golden_alignment_score": 1
      },
      "balance": {
        "static_balance": 0.9280285835266113,
        "dynamic_balance": 1.0,
        "dominant_quadrant": 1
      },
      "layering": {
        "foreground_ratio": 0.33572326834045585,
        "midground_ratio": 0.0,
        "background_ratio": 0.6642767316595442,
        "depth_complexity": 0.02443027217836287
      }
    },
    "spatial_layout": {
      "negative_space_ratio": 0.49965222133190884,
      "subject_isolation": 0.10000166933760683,
      "depth_of_field": {
        "blur_gradient_strength": 24.24461992769594,
        "sharpness_variance": 3080.995817833135,
        "min_sharpness": 1.663429955739674,
        "max_sharpness": 408.3840580642023
      },
      "perspective": {
        "has_vanishing_point": 1,
        "perspective_strength": 0.5362318840579711
      }
    },
    "contrast_color": {
      "high_contrast_ratio": 0.3154296875,
      "low_contrast_ratio": 0.6845703125,
      "mean_contrast": 12.585412979125977,
      "highlight_ratio": 0.029761508107185364,
      "shadow_ratio": 0.04726451262831688,
      "midtone_ratio": 0.9229739904403687,
      "warm_color_ratio": 0.6556239983974359,
      "cool_color_ratio": 0.23744379896723647,
      "complementary_color_score": 2.388888888888889
    },
    "motion_dynamics": {
      "s_curve_count": 31,
      "motion_blur_score": 22.450210741596212,
      "dominant_direction_deg": -85.0,
      "direction_strength": 0.12303296385293404
    },
    "pattern_rhythm": {
      "repetition_score": 1.0,
      "rhythm_score": 1.0,
      "pattern_breaks": 4
    },
    "visual_mass_focus": {
      "point_of_interest": {
        "x": 0.28205128205128205,
        "y": 0.634765625,
        "strength": 1.0
      },
      "visual_mass_concentration": 0.20000055644586895,
      "mean_visual_weight": 0.38231274485588074,
      "face_count": 0,
      "has_directional_cues": 0
    },
    "framing_breathing": {
      "frame_in_frame_count": 0,
      "breathing_space": {
        "top": 0.0,
        "bottom": 0.798828125,
        "left": 0.08404558404558404,
        "right": 0.3475783475783476,
        "min_margin": 0.0,
        "mean_margin": 0.3076130141559829
      },
      "corner_anchors": {
        "top_left": 0.566348671913147,
        "top_right": 0.5656524896621704,
        "bottom_left": 0.5285121202468872,
        "bottom_right": 0.29787522554397583,
        "max_corner_weight": 0.566348671913147,
        "has_corner_subject": 1
      }
    }
  }
}