{
  "meta": {
    "_dataset": "tvm_data",
    "_label": "emotion_dataset",
    "_relpath": "emotion_dataset/excitement/excitement_0116.jpg",
    "_filename": "excitement_0116.jpg",
    "_width": 500,
    "_height": 333
  },
  "features": {
    "geometric_structural": {
      "leading_lines": {
        "diagonal": 2,
        "vertical": 0,
        "horizontal": 2,
        "curved": 64
      },
      "leading_lines_strength": 0.08842652795838751,
      "symmetry_vertical": 0.539500637552414,
      "symmetry_horizontal": 0.4898401938199127,
      "symmetry_radial": 0.3487404549883686,
      "rule_of_thirds": {
        "alignment_score": 1,
        "num_salient_objects": 13
      },
      "golden_ratio": {
        "golden_alignment_score": 1
      },
      "balance": {
        "static_balance": 0.9662026166915894,
        "dynamic_balance": 1.0,
        "dominant_quadrant": 3
      },
      "layering": {
        "foreground_ratio": 0.2841961963589077,
        "midground_ratio": 0.3102420960663199,
        "background_ratio": 0.40556170757477245,
        "depth_complexity": 0.16083032670122877
      }
    },
    "spatial_layout": {
      "negative_space_ratio": 0.5998404990247074,
      "subject_isolation": 0.10000050796488946,
      "depth_of_field": {
        "blur_gradient_strength": 185.80678833777526,
        "sharpness_variance": 98300.72173215538,
        "min_sharpness": 0.0,
        "max_sharpness": 2265.6900786835454
      },
      "perspective": {
        "has_vanishing_point": 1,
        "perspective_strength": 0.6911764705882353
      }
    },
    "contrast_color": {
      "high_contrast_ratio": 0.35167679210013003,
      "low_contrast_ratio": 0.64832320789987,
      "mean_contrast": 18.002281188964844,
      "highlight_ratio": 0.013603299856185913,
      "shadow_ratio": 0.5778253078460693,
      "midtone_ratio": 0.40857136249542236,
      "warm_color_ratio": 0.1351516783159948,
      "cool_color_ratio": 0.5944763897919376,
      "complementary_color_score": 2.0
    },
    "motion_dynamics": {
      "s_curve_count": 98,
      "motion_blur_score": 6.079928767491768,
      "dominant_direction_deg": 4.999999999999995,
      "direction_strength": 0.10959088507774506
    },
    "pattern_rhythm": {
      "repetition_score": 1.0,
      "rhythm_score": 1.0,
      "pattern_breaks": 4
    },
    "visual_mass_focus": {
      "point_of_interest": {
        "x": 0.5552665799739922,
        "y": 0.41796875,
        "strength": 1.0
      },
      "visual_mass_concentration": 0.19997815750975292,
      "mean_visual_weight": 0.27817004919052124,
      "face_count": 0,
      "has_directional_cues": 0
    },
    "framing_breathing": {
      "frame_in_frame_count": 0,
      "breathing_space": {
        "top": 0.271484375,
        "bottom": 0.455078125,
        "left": 0.44993498049414826,
        "right": 0.4187256176853056,
        "min_margin": 0.271484375,
        "mean_margin": 0.3988057745448635
      },
      "corner_anchors": {
        "top_left": 0.18609146773815155,
        "top_right": 0.18611203134059906,
        "bottom_left": 0.21932630240917206,
        "bottom_right": 0.28529995679855347,
        "max_corner_weight": 0.28529995679855347,
        "has_corner_subject": 0
      }
    }
  }
}