{
  "meta": {
    "_dataset": "tvm_data",
    "_label": "emotion_dataset",
    "_relpath": "emotion_dataset/excitement/excitement_2466.jpg",
    "_filename": "excitement_2466.jpg",
    "_width": 500,
    "_height": 333
  },
  "features": {
    "geometric_structural": {
      "leading_lines": {
        "diagonal": 11,
        "vertical": 1,
        "horizontal": 51,
        "curved": 454
      },
      "leading_lines_strength": 0.6723016905071522,
      "symmetry_vertical": 0.15526385097015588,
      "symmetry_horizontal": 0.14208870952821073,
      "symmetry_radial": 0.10452949940321406,
      "rule_of_thirds": {
        "alignment_score": 0,
        "num_salient_objects": 19
      },
      "golden_ratio": {
        "golden_alignment_score": 0
      },
      "balance": {
        "static_balance": 0.9727963209152222,
        "dynamic_balance": 1.0,
        "dominant_quadrant": 0
      },
      "layering": {
        "foreground_ratio": 0.3312947009102731,
        "midground_ratio": 0.3292882395968791,
        "background_ratio": 0.33941705949284784,
        "depth_complexity": 1.0276056252042385
      }
    },
    "spatial_layout": {
      "negative_space_ratio": 0.5959723463914174,
      "subject_isolation": 0.10000050796488946,
      "depth_of_field": {
        "blur_gradient_strength": 568.5979774130426,
        "sharpness_variance": 932673.7489010628,
        "min_sharpness": 3.4898116109188777,
        "max_sharpness": 4388.0049195877555
      },
      "perspective": {
        "has_vanishing_point": 1,
        "perspective_strength": 0.9991843393148451
      }
    },
    "contrast_color": {
      "high_contrast_ratio": 0.5025804616384916,
      "low_contrast_ratio": 0.49741953836150843,
      "mean_contrast": 39.073490142822266,
      "highlight_ratio": 0.05320170149207115,
      "shadow_ratio": 0.4056328237056732,
      "midtone_ratio": 0.5411654710769653,
      "warm_color_ratio": 0.3287497968140442,
      "cool_color_ratio": 0.2945916978218466,
      "complementary_color_score": 2.0
    },
    "motion_dynamics": {
      "s_curve_count": 420,
      "motion_blur_score": 4.710262114821123,
      "dominant_direction_deg": 4.999999999999995,
      "direction_strength": 0.050362178966061946
    },
    "pattern_rhythm": {
      "repetition_score": 1.0,
      "rhythm_score": 1.0,
      "pattern_breaks": 6
    },
    "visual_mass_focus": {
      "point_of_interest": {
        "x": 0.3602080624187256,
        "y": 0.22265625,
        "strength": 1.0
      },
      "visual_mass_concentration": 0.19997307786085824,
      "mean_visual_weight": 0.16293808817863464,
      "face_count": 0,
      "has_directional_cues": 0
    },
    "framing_breathing": {
      "frame_in_frame_count": 0,
      "breathing_space": {
        "top": 0.10546875,
        "bottom": 0.697265625,
        "left": 0.20416124837451236,
        "right": 0.5201560468140443,
        "min_margin": 0.10546875,
        "mean_margin": 0.38176291754713915
      },
      "corner_anchors": {
        "top_left": 0.3334517478942871,
        "top_right": 0.35383448004722595,
        "bottom_left": 0.3865194022655487,
        "bottom_right": 0.296866774559021,
        "max_corner_weight": 0.3865194022655487,
        "has_corner_subject": 1
      }
    }
  }
}