{
  "meta": {
    "_dataset": "tvm_data",
    "_label": "emotion_dataset",
    "_relpath": "emotion_dataset/excitement/excitement_2825.jpg",
    "_filename": "excitement_2825.jpg",
    "_width": 500,
    "_height": 375
  },
  "features": {
    "geometric_structural": {
      "leading_lines": {
        "diagonal": 124,
        "vertical": 1,
        "horizontal": 51,
        "curved": 856
      },
      "leading_lines_strength": 1.5109809663250366,
      "symmetry_vertical": 0.09168725554232604,
      "symmetry_horizontal": 0.04956578819086174,
      "symmetry_radial": 0.04940220967842223,
      "rule_of_thirds": {
        "alignment_score": 0,
        "num_salient_objects": 56
      },
      "golden_ratio": {
        "golden_alignment_score": 0
      },
      "balance": {
        "static_balance": 0.9033401608467102,
        "dynamic_balance": 1.0,
        "dominant_quadrant": 3
      },
      "layering": {
        "foreground_ratio": 0.3274186722181552,
        "midground_ratio": 0.280066114568082,
        "background_ratio": 0.3925152132137628,
        "depth_complexity": 2.2998879745191396
      }
    },
    "spatial_layout": {
      "negative_space_ratio": 0.5804184205710102,
      "subject_isolation": 0.10000114385065886,
      "depth_of_field": {
        "blur_gradient_strength": 1298.0093101393948,
        "sharpness_variance": 4674326.578616656,
        "min_sharpness": 26.519800076893503,
        "max_sharpness": 11782.604382929645
      },
      "perspective": {
        "has_vanishing_point": 1,
        "perspective_strength": 0.999700675617891
      }
    },
    "contrast_color": {
      "high_contrast_ratio": 0.44000217331625185,
      "low_contrast_ratio": 0.5599978266837482,
      "mean_contrast": 40.700653076171875,
      "highlight_ratio": 0.15902097523212433,
      "shadow_ratio": 0.41705939173698425,
      "midtone_ratio": 0.4239196479320526,
      "warm_color_ratio": 0.07913444820644217,
      "cool_color_ratio": 0.2942755993777452,
      "complementary_color_score": 2.0
    },
    "motion_dynamics": {
      "s_curve_count": 637,
      "motion_blur_score": 5.1167595175282745,
      "dominant_direction_deg": 95.0,
      "direction_strength": 0.040964151720234245
    },
    "pattern_rhythm": {
      "repetition_score": 1.0,
      "rhythm_score": 1.0,
      "pattern_breaks": 8
    },
    "visual_mass_focus": {
      "point_of_interest": {
        "x": 0.7335285505124451,
        "y": 0.76171875,
        "strength": 1.0
      },
      "visual_mass_concentration": 0.19994223554172766,
      "mean_visual_weight": 0.08101438730955124,
      "face_count": 0,
      "has_directional_cues": 0
    },
    "framing_breathing": {
      "frame_in_frame_count": 0,
      "breathing_space": {
        "top": 0.5,
        "bottom": 0.0,
        "left": 0.41142020497803805,
        "right": 0.060029282576866766,
        "min_margin": 0.0,
        "mean_margin": 0.2428623718887262
      },
      "corner_anchors": {
        "top_left": 0.33846041560173035,
        "top_right": 0.44455406069755554,
        "bottom_left": 0.5528119802474976,
        "bottom_right": 0.5008779168128967,
        "max_corner_weight": 0.5528119802474976,
        "has_corner_subject": 1
      }
    }
  }
}