{
  "meta": {
    "_dataset": "tvm_data",
    "_label": "testImages_artphoto",
    "_relpath": "testImages_artphoto/excitement_0232.jpg",
    "_filename": "excitement_0232.jpg",
    "_width": 447,
    "_height": 447
  },
  "features": {
    "geometric_structural": {
      "leading_lines": {
        "diagonal": 0,
        "vertical": 0,
        "horizontal": 8,
        "curved": 62
      },
      "leading_lines_strength": 0.13671875,
      "symmetry_vertical": 0.5526078098570347,
      "symmetry_horizontal": 0.3535784326337571,
      "symmetry_radial": 0.3397964223659294,
      "rule_of_thirds": {
        "alignment_score": 0,
        "num_salient_objects": 1
      },
      "golden_ratio": {
        "golden_alignment_score": 0
      },
      "balance": {
        "static_balance": 0.7283997535705566,
        "dynamic_balance": 1.0,
        "dominant_quadrant": 2
      },
      "layering": {
        "foreground_ratio": 0.19044113159179688,
        "midground_ratio": 0.19482040405273438,
        "background_ratio": 0.6147384643554688,
        "depth_complexity": 0.14319997018552386
      }
    },
    "spatial_layout": {
      "negative_space_ratio": 0.5927467346191406,
      "subject_isolation": 0.10000228881835938,
      "depth_of_field": {
        "blur_gradient_strength": 133.7501749614496,
        "sharpness_variance": 81794.64449170642,
        "min_sharpness": 0.0,
        "max_sharpness": 1588.422869327903
      },
      "perspective": {
        "has_vanishing_point": 1,
        "perspective_strength": 0.9592592592592593
      }
    },
    "contrast_color": {
      "high_contrast_ratio": 0.31789398193359375,
      "low_contrast_ratio": 0.6821060180664062,
      "mean_contrast": 20.08880615234375,
      "highlight_ratio": 0.058612823486328125,
      "shadow_ratio": 0.4003334045410156,
      "midtone_ratio": 0.5410537719726562,
      "warm_color_ratio": 0.11437225341796875,
      "cool_color_ratio": 0.6543960571289062,
      "complementary_color_score": 2.5
    },
    "motion_dynamics": {
      "s_curve_count": 43,
      "motion_blur_score": 8.238581821083997,
      "dominant_direction_deg": 4.999999999999995,
      "direction_strength": 0.18129348754813654
    },
    "pattern_rhythm": {
      "repetition_score": 1.0,
      "rhythm_score": 1.0,
      "pattern_breaks": 1
    },
    "visual_mass_focus": {
      "point_of_interest": {
        "x": 0.09765625,
        "y": 0.634765625,
        "strength": 1.0
      },
      "visual_mass_concentration": 0.199951171875,
      "mean_visual_weight": 0.1632193922996521,
      "face_count": 0,
      "has_directional_cues": 0
    },
    "framing_breathing": {
      "frame_in_frame_count": 0,
      "breathing_space": {
        "top": 0.3828125,
        "bottom": 0.23046875,
        "left": 0.0,
        "right": 0.6875,
        "min_margin": 0.0,
        "mean_margin": 0.3251953125
      },
      "corner_anchors": {
        "top_left": 0.14579938352108002,
        "top_right": 0.26279953122138977,
        "bottom_left": 0.3652959167957306,
        "bottom_right": 0.44581082463264465,
        "max_corner_weight": 0.44581082463264465,
        "has_corner_subject": 1
      }
    }
  }
}