{
  "meta": {
    "_dataset": "tvm_data",
    "_label": "emotion_dataset",
    "_relpath": "emotion_dataset/excitement/excitement_0157.jpg",
    "_filename": "excitement_0157.jpg",
    "_width": 500,
    "_height": 333
  },
  "features": {
    "geometric_structural": {
      "leading_lines": {
        "diagonal": 4,
        "vertical": 2,
        "horizontal": 41,
        "curved": 433
      },
      "leading_lines_strength": 0.6241872561768531,
      "symmetry_vertical": 0.14748595350904792,
      "symmetry_horizontal": 0.11091832190829595,
      "symmetry_radial": 0.08484064852815391,
      "rule_of_thirds": {
        "alignment_score": 0,
        "num_salient_objects": 10
      },
      "golden_ratio": {
        "golden_alignment_score": 0
      },
      "balance": {
        "static_balance": 0.8204809427261353,
        "dynamic_balance": 1.0,
        "dominant_quadrant": 1
      },
      "layering": {
        "foreground_ratio": 0.3136708590702211,
        "midground_ratio": 0.2920848910923277,
        "background_ratio": 0.3942442498374512,
        "depth_complexity": 0.9765435807844683
      }
    },
    "spatial_layout": {
      "negative_space_ratio": 0.6291957899869961,
      "subject_isolation": 0.10000050796488946,
      "depth_of_field": {
        "blur_gradient_strength": 583.5624959920325,
        "sharpness_variance": 574441.3346944333,
        "min_sharpness": 5.696847366397539,
        "max_sharpness": 5104.255670895809
      },
      "perspective": {
        "has_vanishing_point": 1,
        "perspective_strength": 0.9951771973555869
      }
    },
    "contrast_color": {
      "high_contrast_ratio": 0.5255074569245773,
      "low_contrast_ratio": 0.47449254307542266,
      "mean_contrast": 37.55201721191406,
      "highlight_ratio": 0.13994178175926208,
      "shadow_ratio": 0.3252168893814087,
      "midtone_ratio": 0.5348412990570068,
      "warm_color_ratio": 0.43245336882314694,
      "cool_color_ratio": 0.03588771944083225,
      "complementary_color_score": 2.0
    },
    "motion_dynamics": {
      "s_curve_count": 406,
      "motion_blur_score": 5.948446624995774,
      "dominant_direction_deg": -85.0,
      "direction_strength": 0.044007538198847916
    },
    "pattern_rhythm": {
      "repetition_score": 1.0,
      "rhythm_score": 1.0,
      "pattern_breaks": 2
    },
    "visual_mass_focus": {
      "point_of_interest": {
        "x": 0.7399219765929779,
        "y": 0.173828125,
        "strength": 1.0
      },
      "visual_mass_concentration": 0.1999908566319896,
      "mean_visual_weight": 0.09607266634702682,
      "face_count": 0,
      "has_directional_cues": 0
    },
    "framing_breathing": {
      "frame_in_frame_count": 0,
      "breathing_space": {
        "top": 0.0,
        "bottom": 0.578125,
        "left": 0.24577373211963588,
        "right": 0.0,
        "min_margin": 0.0,
        "mean_margin": 0.20597468302990896
      },
      "corner_anchors": {
        "top_left": 0.3316121995449066,
        "top_right": 0.6441274285316467,
        "bottom_left": 0.38175785541534424,
        "bottom_right": 0.3413374125957489,
        "max_corner_weight": 0.6441274285316467,
        "has_corner_subject": 1
      }
    }
  }
}