{
  "meta": {
    "_dataset": "tvm_data",
    "_label": "emotion_dataset",
    "_relpath": "emotion_dataset/excitement/excitement_2715.jpg",
    "_filename": "excitement_2715.jpg",
    "_width": 334,
    "_height": 500
  },
  "features": {
    "geometric_structural": {
      "leading_lines": {
        "diagonal": 1,
        "vertical": 64,
        "horizontal": 3,
        "curved": 249
      },
      "leading_lines_strength": 0.41383812010443866,
      "symmetry_vertical": 0.2186549501993811,
      "symmetry_horizontal": 0.3797807295345161,
      "symmetry_radial": 0.1857459882568828,
      "rule_of_thirds": {
        "alignment_score": 2,
        "num_salient_objects": 45
      },
      "golden_ratio": {
        "golden_alignment_score": 1
      },
      "balance": {
        "static_balance": 0.9076628684997559,
        "dynamic_balance": 1.0,
        "dominant_quadrant": 3
      },
      "layering": {
        "foreground_ratio": 0.33213834040469975,
        "midground_ratio": 0.23523937255221933,
        "background_ratio": 0.4326222870430809,
        "depth_complexity": 0.9796058586340923
      }
    },
    "spatial_layout": {
      "negative_space_ratio": 0.7708928280026109,
      "subject_isolation": 0.10000203981723238,
      "depth_of_field": {
        "blur_gradient_strength": 891.2450954961761,
        "sharpness_variance": 2170581.863295182,
        "min_sharpness": 4.0,
        "max_sharpness": 6661.038862555599
      },
      "perspective": {
        "has_vanishing_point": 1,
        "perspective_strength": 0.9994833228084276
      }
    },
    "contrast_color": {
      "high_contrast_ratio": 0.4726893970300261,
      "low_contrast_ratio": 0.5273106029699739,
      "mean_contrast": 29.60901641845703,
      "highlight_ratio": 0.042351704090833664,
      "shadow_ratio": 0.6939254403114319,
      "midtone_ratio": 0.26372283697128296,
      "warm_color_ratio": 0.3307053687989556,
      "cool_color_ratio": 0.6423537451044387,
      "complementary_color_score": 2.5555555555555554
    },
    "motion_dynamics": {
      "s_curve_count": 225,
      "motion_blur_score": 3.8640666894205045,
      "dominant_direction_deg": 4.999999999999995,
      "direction_strength": 0.043180381037748905
    },
    "pattern_rhythm": {
      "repetition_score": 1.0,
      "rhythm_score": 1.0,
      "pattern_breaks": 6
    },
    "visual_mass_focus": {
      "point_of_interest": {
        "x": 0.71875,
        "y": 0.28067885117493474,
        "strength": 1.0
      },
      "visual_mass_concentration": 0.199896989229765,
      "mean_visual_weight": 0.16808290779590607,
      "face_count": 0,
      "has_directional_cues": 0
    },
    "framing_breathing": {
      "frame_in_frame_count": 0,
      "breathing_space": {
        "top": 0.5718015665796344,
        "bottom": 0.1279373368146214,
        "left": 0.681640625,
        "right": 0.068359375,
        "min_margin": 0.068359375,
        "mean_margin": 0.36243472584856395
      },
      "corner_anchors": {
        "top_left": 0.2405875325202942,
        "top_right": 0.25222650170326233,
        "bottom_left": 0.21524542570114136,
        "bottom_right": 0.2261124551296234,
        "max_corner_weight": 0.25222650170326233,
        "has_corner_subject": 0
      }
    }
  }
}