{
  "meta": {
    "_dataset": "tvm_data",
    "_label": "emotion_dataset",
    "_relpath": "emotion_dataset/excitement/excitement_2824.jpg",
    "_filename": "excitement_2824.jpg",
    "_width": 500,
    "_height": 333
  },
  "features": {
    "geometric_structural": {
      "leading_lines": {
        "diagonal": 4,
        "vertical": 0,
        "horizontal": 4,
        "curved": 292
      },
      "leading_lines_strength": 0.39011703511053314,
      "symmetry_vertical": 0.26750312793743036,
      "symmetry_horizontal": 0.2509782764415534,
      "symmetry_radial": 0.1792252813473555,
      "rule_of_thirds": {
        "alignment_score": 3,
        "num_salient_objects": 97
      },
      "golden_ratio": {
        "golden_alignment_score": 4
      },
      "balance": {
        "static_balance": 0.9633331298828125,
        "dynamic_balance": 1.0,
        "dominant_quadrant": 2
      },
      "layering": {
        "foreground_ratio": 0.3103462288686606,
        "midground_ratio": 0.30105809086475943,
        "background_ratio": 0.38859568026658,
        "depth_complexity": 0.7193904732726272
      }
    },
    "spatial_layout": {
      "negative_space_ratio": 0.693344136053316,
      "subject_isolation": 0.10000050796488946,
      "depth_of_field": {
        "blur_gradient_strength": 798.5604361182202,
        "sharpness_variance": 2289555.4600951294,
        "min_sharpness": 0.7199875048058436,
        "max_sharpness": 8437.410437324774
      },
      "perspective": {
        "has_vanishing_point": 1,
        "perspective_strength": 0.861965811965812
      }
    },
    "contrast_color": {
      "high_contrast_ratio": 0.4711044172626788,
      "low_contrast_ratio": 0.5288955827373212,
      "mean_contrast": 33.32052230834961,
      "highlight_ratio": 0.08380404859781265,
      "shadow_ratio": 0.15524931252002716,
      "midtone_ratio": 0.7609466314315796,
      "warm_color_ratio": 0.3389217937256177,
      "cool_color_ratio": 0.3134524341677503,
      "complementary_color_score": 2.0
    },
    "motion_dynamics": {
      "s_curve_count": 317,
      "motion_blur_score": 5.7243975953597275,
      "dominant_direction_deg": 4.999999999999995,
      "direction_strength": 0.04446978624826157
    },
    "pattern_rhythm": {
      "repetition_score": 1.0,
      "rhythm_score": 1.0,
      "pattern_breaks": 12
    },
    "visual_mass_focus": {
      "point_of_interest": {
        "x": 0.7516254876462939,
        "y": 0.29296875,
        "strength": 1.0
      },
      "visual_mass_concentration": 0.1998410069895969,
      "mean_visual_weight": 0.2402418553829193,
      "face_count": 2,
      "has_directional_cues": 1
    },
    "framing_breathing": {
      "frame_in_frame_count": 0,
      "breathing_space": {
        "top": 0.6484375,
        "bottom": 0.025390625,
        "left": 0.5253576072821846,
        "right": 0.25227568270481143,
        "min_margin": 0.025390625,
        "mean_margin": 0.362865353746749
      },
      "corner_anchors": {
        "top_left": 0.37600308656692505,
        "top_right": 0.5534440875053406,
        "bottom_left": 0.4206470251083374,
        "bottom_right": 0.39249229431152344,
        "max_corner_weight": 0.5534440875053406,
        "has_corner_subject": 1
      }
    }
  }
}