{
  "meta": {
    "_dataset": "tvm_data",
    "_label": "testImages_artphoto",
    "_relpath": "testImages_artphoto/excitement_0241.jpg",
    "_filename": "excitement_0241.jpg",
    "_width": 497,
    "_height": 402
  },
  "features": {
    "geometric_structural": {
      "leading_lines": {
        "diagonal": 0,
        "vertical": 0,
        "horizontal": 0,
        "curved": 19
      },
      "leading_lines_strength": 0.030015797788309637,
      "symmetry_vertical": 0.5986558548883179,
      "symmetry_horizontal": 0.7650495995166011,
      "symmetry_radial": 0.5599852301225242,
      "rule_of_thirds": {
        "alignment_score": 0,
        "num_salient_objects": 3
      },
      "golden_ratio": {
        "golden_alignment_score": 0
      },
      "balance": {
        "static_balance": 0.8346671462059021,
        "dynamic_balance": 1.0,
        "dominant_quadrant": 1
      },
      "layering": {
        "foreground_ratio": 0.31651732819905215,
        "midground_ratio": 0.0,
        "background_ratio": 0.6834826718009479,
        "depth_complexity": 0.02092563931030991
      }
    },
    "spatial_layout": {
      "negative_space_ratio": 0.8925812105055292,
      "subject_isolation": 0.10000123420221169,
      "depth_of_field": {
        "blur_gradient_strength": 22.544402786465756,
        "sharpness_variance": 2059.181231355454,
        "min_sharpness": 0.0,
        "max_sharpness": 254.9365702512017
      },
      "perspective": {
        "has_vanishing_point": 0,
        "perspective_strength": 0.0
      }
    },
    "contrast_color": {
      "high_contrast_ratio": 0.3129905953791469,
      "low_contrast_ratio": 0.687009404620853,
      "mean_contrast": 13.436159133911133,
      "highlight_ratio": 0.012354363687336445,
      "shadow_ratio": 0.8694090843200684,
      "midtone_ratio": 0.11823654174804688,
      "warm_color_ratio": 0.17166827112954186,
      "cool_color_ratio": 0.024002147511848343,
      "complementary_color_score": 2.2777777777777777
    },
    "motion_dynamics": {
      "s_curve_count": 19,
      "motion_blur_score": 7.650837463564086,
      "dominant_direction_deg": 4.999999999999995,
      "direction_strength": 0.5438789741294435
    },
    "pattern_rhythm": {
      "repetition_score": 1.0,
      "rhythm_score": 1.0,
      "pattern_breaks": 1
    },
    "visual_mass_focus": {
      "point_of_interest": {
        "x": 0.5718799368088467,
        "y": 0.193359375,
        "strength": 1.0
      },
      "visual_mass_concentration": 0.19995310031595576,
      "mean_visual_weight": 0.11274935305118561,
      "face_count": 0,
      "has_directional_cues": 0
    },
    "framing_breathing": {
      "frame_in_frame_count": 0,
      "breathing_space": {
        "top": 0.0546875,
        "bottom": 0.58203125,
        "left": 0.5181674565560821,
        "right": 0.296998420221169,
        "min_margin": 0.0546875,
        "mean_margin": 0.3629711566943128
      },
      "corner_anchors": {
        "top_left": 0.10059190541505814,
        "top_right": 0.10209906846284866,
        "bottom_left": 0.1036781594157219,
        "bottom_right": 0.10472572594881058,
        "max_corner_weight": 0.10472572594881058,
        "has_corner_subject": 0
      }
    }
  }
}