{
  "meta": {
    "_dataset": "tvm_data",
    "_label": "emotion_dataset",
    "_relpath": "emotion_dataset/excitement/excitement_0926.jpg",
    "_filename": "excitement_0926.jpg",
    "_width": 500,
    "_height": 335
  },
  "features": {
    "geometric_structural": {
      "leading_lines": {
        "diagonal": 4,
        "vertical": 0,
        "horizontal": 5,
        "curved": 203
      },
      "leading_lines_strength": 0.2774869109947644,
      "symmetry_vertical": 0.2607233961247007,
      "symmetry_horizontal": 0.2620796985226052,
      "symmetry_radial": 0.18658563139720674,
      "rule_of_thirds": {
        "alignment_score": 0,
        "num_salient_objects": 8
      },
      "golden_ratio": {
        "golden_alignment_score": 1
      },
      "balance": {
        "static_balance": 0.8897882699966431,
        "dynamic_balance": 1.0,
        "dominant_quadrant": 1
      },
      "layering": {
        "foreground_ratio": 0.31680761207460734,
        "midground_ratio": 0.21077644388089006,
        "background_ratio": 0.4724159440445026,
        "depth_complexity": 0.34757032534538995
      }
    },
    "spatial_layout": {
      "negative_space_ratio": 0.7493992351112565,
      "subject_isolation": 0.10000051128926701,
      "depth_of_field": {
        "blur_gradient_strength": 385.2075073544573,
        "sharpness_variance": 406443.9629452323,
        "min_sharpness": 2.3234332948865815,
        "max_sharpness": 6247.621011149558
      },
      "perspective": {
        "has_vanishing_point": 1,
        "perspective_strength": 0.9875555555555555
      }
    },
    "contrast_color": {
      "high_contrast_ratio": 0.4384637802683246,
      "low_contrast_ratio": 0.5615362197316753,
      "mean_contrast": 30.07474708557129,
      "highlight_ratio": 0.04212768003344536,
      "shadow_ratio": 0.5112994909286499,
      "midtone_ratio": 0.44657284021377563,
      "warm_color_ratio": 0.6188108434227748,
      "cool_color_ratio": 0.19492903304973822,
      "complementary_color_score": 2.4444444444444446
    },
    "motion_dynamics": {
      "s_curve_count": 237,
      "motion_blur_score": 5.794130893459747,
      "dominant_direction_deg": -85.0,
      "direction_strength": 0.05797764643309786
    },
    "pattern_rhythm": {
      "repetition_score": 1.0,
      "rhythm_score": 1.0,
      "pattern_breaks": 3
    },
    "visual_mass_focus": {
      "point_of_interest": {
        "x": 0.5287958115183246,
        "y": 0.142578125,
        "strength": 1.0
      },
      "visual_mass_concentration": 0.1997888375327225,
      "mean_visual_weight": 0.19437865912914276,
      "face_count": 0,
      "has_directional_cues": 0
    },
    "framing_breathing": {
      "frame_in_frame_count": 0,
      "breathing_space": {
        "top": 0.0,
        "bottom": 0.689453125,
        "left": 0.45287958115183247,
        "right": 0.31675392670157065,
        "min_margin": 0.0,
        "mean_margin": 0.3647716582133508
      },
      "corner_anchors": {
        "top_left": 0.35195988416671753,
        "top_right": 0.3152647316455841,
        "bottom_left": 0.33295926451683044,
        "bottom_right": 0.2246617078781128,
        "max_corner_weight": 0.35195988416671753,
        "has_corner_subject": 1
      }
    }
  }
}