{
  "meta": {
    "_dataset": "tvm_data",
    "_label": "emotion_dataset",
    "_relpath": "emotion_dataset/excitement/excitement_0924.jpg",
    "_filename": "excitement_0924.jpg",
    "_width": 500,
    "_height": 333
  },
  "features": {
    "geometric_structural": {
      "leading_lines": {
        "diagonal": 21,
        "vertical": 3,
        "horizontal": 94,
        "curved": 1075
      },
      "leading_lines_strength": 1.5513654096228868,
      "symmetry_vertical": 0.16658024403860197,
      "symmetry_horizontal": 0.11973276482608299,
      "symmetry_radial": 0.09891717298713863,
      "rule_of_thirds": {
        "alignment_score": 1,
        "num_salient_objects": 20
      },
      "golden_ratio": {
        "golden_alignment_score": 1
      },
      "balance": {
        "static_balance": 0.9173872470855713,
        "dynamic_balance": 1.0,
        "dominant_quadrant": 1
      },
      "layering": {
        "foreground_ratio": 0.31975881827048114,
        "midground_ratio": 0.3470035151170351,
        "background_ratio": 0.3332376666124837,
        "depth_complexity": 1.3071959852250343
      }
    },
    "spatial_layout": {
      "negative_space_ratio": 0.38333824366059815,
      "subject_isolation": 0.10000050796488946,
      "depth_of_field": {
        "blur_gradient_strength": 830.9330183358953,
        "sharpness_variance": 1567929.701786714,
        "min_sharpness": 19.87840834293024,
        "max_sharpness": 6259.844554978854
      },
      "perspective": {
        "has_vanishing_point": 1,
        "perspective_strength": 0.9993936661432503
      }
    },
    "contrast_color": {
      "high_contrast_ratio": 0.4705862930754226,
      "low_contrast_ratio": 0.5294137069245775,
      "mean_contrast": 33.007110595703125,
      "highlight_ratio": 0.028341900557279587,
      "shadow_ratio": 0.19599571824073792,
      "midtone_ratio": 0.7756624221801758,
      "warm_color_ratio": 0.7827942132639792,
      "cool_color_ratio": 0.01264324609882965,
      "complementary_color_score": 2.0
    },
    "motion_dynamics": {
      "s_curve_count": 752,
      "motion_blur_score": 5.930301804037266,
      "dominant_direction_deg": -85.0,
      "direction_strength": 0.044007538198847916
    },
    "pattern_rhythm": {
      "repetition_score": 1.0,
      "rhythm_score": 1.0,
      "pattern_breaks": 3
    },
    "visual_mass_focus": {
      "point_of_interest": {
        "x": 0.37711313394018203,
        "y": 0.638671875,
        "strength": 1.0
      },
      "visual_mass_concentration": 0.19979529014954486,
      "mean_visual_weight": 0.17443902790546417,
      "face_count": 0,
      "has_directional_cues": 0
    },
    "framing_breathing": {
      "frame_in_frame_count": 0,
      "breathing_space": {
        "top": 0.6328125,
        "bottom": 0.255859375,
        "left": 0.25617685305591675,
        "right": 0.5071521456436932,
        "min_margin": 0.255859375,
        "mean_margin": 0.4130002184249025
      },
      "corner_anchors": {
        "top_left": 0.46035048365592957,
        "top_right": 0.28684553503990173,
        "bottom_left": 0.11895070225000381,
        "bottom_right": 0.2808866500854492,
        "max_corner_weight": 0.46035048365592957,
        "has_corner_subject": 1
      }
    }
  }
}