{
  "meta": {
    "_dataset": "tvm_data",
    "_label": "testImages_artphoto",
    "_relpath": "testImages_artphoto/excitement_0161.jpg",
    "_filename": "excitement_0161.jpg",
    "_width": 530,
    "_height": 377
  },
  "features": {
    "geometric_structural": {
      "leading_lines": {
        "diagonal": 0,
        "vertical": 0,
        "horizontal": 46,
        "curved": 182
      },
      "leading_lines_strength": 0.31666666666666665,
      "symmetry_vertical": 0.43892677157886206,
      "symmetry_horizontal": 0.45149567400360574,
      "symmetry_radial": 0.3022590253994565,
      "rule_of_thirds": {
        "alignment_score": 0,
        "num_salient_objects": 40
      },
      "golden_ratio": {
        "golden_alignment_score": 1
      },
      "balance": {
        "static_balance": 0.9645965099334717,
        "dynamic_balance": 1.0,
        "dominant_quadrant": 3
      },
      "layering": {
        "foreground_ratio": 0.28499620225694444,
        "midground_ratio": 0.28546549479166666,
        "background_ratio": 0.4295383029513889,
        "depth_complexity": 0.16126537053578432
      }
    },
    "spatial_layout": {
      "negative_space_ratio": 0.6483479817708333,
      "subject_isolation": 0.1,
      "depth_of_field": {
        "blur_gradient_strength": 272.2271661607516,
        "sharpness_variance": 422881.7519500061,
        "min_sharpness": 0.8163724921107297,
        "max_sharpness": 6192.824394463665
      },
      "perspective": {
        "has_vanishing_point": 1,
        "perspective_strength": 0.9926612591734261
      }
    },
    "contrast_color": {
      "high_contrast_ratio": 0.38570963541666664,
      "low_contrast_ratio": 0.6142903645833333,
      "mean_contrast": 21.438920974731445,
      "highlight_ratio": 0.07264268398284912,
      "shadow_ratio": 0.23985189199447632,
      "midtone_ratio": 0.6875054240226746,
      "warm_color_ratio": 0.8342963324652778,
      "cool_color_ratio": 0.0076416015625,
      "complementary_color_score": 0.0
    },
    "motion_dynamics": {
      "s_curve_count": 151,
      "motion_blur_score": 8.911781460645823,
      "dominant_direction_deg": -85.0,
      "direction_strength": 0.11795789930523558
    },
    "pattern_rhythm": {
      "repetition_score": 1.0,
      "rhythm_score": 1.0,
      "pattern_breaks": 4
    },
    "visual_mass_focus": {
      "point_of_interest": {
        "x": 0.7402777777777778,
        "y": 0.548828125,
        "strength": 1.0
      },
      "visual_mass_concentration": 0.19996473524305555,
      "mean_visual_weight": 0.1665475070476532,
      "face_count": 0,
      "has_directional_cues": 0
    },
    "framing_breathing": {
      "frame_in_frame_count": 0,
      "breathing_space": {
        "top": 0.294921875,
        "bottom": 0.37890625,
        "left": 0.6166666666666667,
        "right": 0.0,
        "min_margin": 0.0,
        "mean_margin": 0.3226236979166667
      },
      "corner_anchors": {
        "top_left": 0.2719673812389374,
        "top_right": 0.23435252904891968,
        "bottom_left": 0.3362186551094055,
        "bottom_right": 0.2553923726081848,
        "max_corner_weight": 0.3362186551094055,
        "has_corner_subject": 1
      }
    }
  }
}