{
  "meta": {
    "_dataset": "tvm_data",
    "_label": "testImages_artphoto",
    "_relpath": "testImages_artphoto/excitement_0258.jpg",
    "_filename": "excitement_0258.jpg",
    "_width": 387,
    "_height": 517
  },
  "features": {
    "geometric_structural": {
      "leading_lines": {
        "diagonal": 6,
        "vertical": 4,
        "horizontal": 9,
        "curved": 71
      },
      "leading_lines_strength": 0.13157894736842105,
      "symmetry_vertical": 0.5858686181585909,
      "symmetry_horizontal": 0.4863612386593748,
      "symmetry_radial": 0.3929790506503517,
      "rule_of_thirds": {
        "alignment_score": 3,
        "num_salient_objects": 20
      },
      "golden_ratio": {
        "golden_alignment_score": 4
      },
      "balance": {
        "static_balance": 0.9561061859130859,
        "dynamic_balance": 1.0,
        "dominant_quadrant": 2
      },
      "layering": {
        "foreground_ratio": 0.27842596399853803,
        "midground_ratio": 0.34521484375,
        "background_ratio": 0.37635919225146197,
        "depth_complexity": 0.2223269122995645
      }
    },
    "spatial_layout": {
      "negative_space_ratio": 0.2691743192616959,
      "subject_isolation": 0.10000057108918128,
      "depth_of_field": {
        "blur_gradient_strength": 222.13718974135276,
        "sharpness_variance": 140798.84290844903,
        "min_sharpness": 0.21530180699730872,
        "max_sharpness": 1839.1776120177362
      },
      "perspective": {
        "has_vanishing_point": 1,
        "perspective_strength": 0.9608076009501187
      }
    },
    "contrast_color": {
      "high_contrast_ratio": 0.35518606085526316,
      "low_contrast_ratio": 0.6448139391447368,
      "mean_contrast": 23.317228317260742,
      "highlight_ratio": 0.5418037176132202,
      "shadow_ratio": 0.08164576441049576,
      "midtone_ratio": 0.3765505254268646,
      "warm_color_ratio": 0.07831917032163743,
      "cool_color_ratio": 0.2462679322002924,
      "complementary_color_score": 2.5
    },
    "motion_dynamics": {
      "s_curve_count": 105,
      "motion_blur_score": 12.914048151504971,
      "dominant_direction_deg": 4.999999999999995,
      "direction_strength": 0.12680749725840984
    },
    "pattern_rhythm": {
      "repetition_score": 1.0,
      "rhythm_score": 1.0,
      "pattern_breaks": 5
    },
    "visual_mass_focus": {
      "point_of_interest": {
        "x": 0.521484375,
        "y": 0.5,
        "strength": 1.0
      },
      "visual_mass_concentration": 0.19990976790935672,
      "mean_visual_weight": 0.13561595976352692,
      "face_count": 0,
      "has_directional_cues": 0
    },
    "framing_breathing": {
      "frame_in_frame_count": 0,
      "breathing_space": {
        "top": 0.195906432748538,
        "bottom": 0.20175438596491227,
        "left": 0.375,
        "right": 0.314453125,
        "min_margin": 0.195906432748538,
        "mean_margin": 0.27177848592836257
      },
      "corner_anchors": {
        "top_left": 0.16774538159370422,
        "top_right": 0.20805692672729492,
        "bottom_left": 0.22419866919517517,
        "bottom_right": 0.1415145993232727,
        "max_corner_weight": 0.22419866919517517,
        "has_corner_subject": 0
      }
    }
  }
}