{
  "meta": {
    "_dataset": "tvm_data",
    "_label": "emotion_dataset",
    "_relpath": "emotion_dataset/excitement/excitement_0194.jpg",
    "_filename": "excitement_0194.jpg",
    "_width": 500,
    "_height": 333
  },
  "features": {
    "geometric_structural": {
      "leading_lines": {
        "diagonal": 16,
        "vertical": 0,
        "horizontal": 6,
        "curved": 437
      },
      "leading_lines_strength": 0.5968790637191157,
      "symmetry_vertical": 0.12755262062840994,
      "symmetry_horizontal": 0.11486988147018785,
      "symmetry_radial": 0.09155447093939191,
      "rule_of_thirds": {
        "alignment_score": 0,
        "num_salient_objects": 19
      },
      "golden_ratio": {
        "golden_alignment_score": 0
      },
      "balance": {
        "static_balance": 0.9490339159965515,
        "dynamic_balance": 1.0,
        "dominant_quadrant": 2
      },
      "layering": {
        "foreground_ratio": 0.31742471960338103,
        "midground_ratio": 0.2866141092327698,
        "background_ratio": 0.39596117116384916,
        "depth_complexity": 0.5590723861060641
      }
    },
    "spatial_layout": {
      "negative_space_ratio": 0.505950808680104,
      "subject_isolation": 0.10000050796488946,
      "depth_of_field": {
        "blur_gradient_strength": 462.90329370576546,
        "sharpness_variance": 356044.49675547885,
        "min_sharpness": 4.86236063052672,
        "max_sharpness": 4212.647923875433
      },
      "perspective": {
        "has_vanishing_point": 1,
        "perspective_strength": 0.9938159330665697
      }
    },
    "contrast_color": {
      "high_contrast_ratio": 0.4845756461313394,
      "low_contrast_ratio": 0.5154243538686606,
      "mean_contrast": 47.27772521972656,
      "highlight_ratio": 0.0994163453578949,
      "shadow_ratio": 0.2529461979866028,
      "midtone_ratio": 0.6476374268531799,
      "warm_color_ratio": 0.5972625772106632,
      "cool_color_ratio": 0.07626584850455137,
      "complementary_color_score": 2.5
    },
    "motion_dynamics": {
      "s_curve_count": 494,
      "motion_blur_score": 6.109270649102592,
      "dominant_direction_deg": -85.0,
      "direction_strength": 0.04776393855644566
    },
    "pattern_rhythm": {
      "repetition_score": 1.0,
      "rhythm_score": 1.0,
      "pattern_breaks": 4
    },
    "visual_mass_focus": {
      "point_of_interest": {
        "x": 0.45123537061118335,
        "y": 0.892578125,
        "strength": 1.0
      },
      "visual_mass_concentration": 0.19999339645643693,
      "mean_visual_weight": 0.17549245059490204,
      "face_count": 5,
      "has_directional_cues": 1
    },
    "framing_breathing": {
      "frame_in_frame_count": 0,
      "breathing_space": {
        "top": 0.8125,
        "bottom": 0.0,
        "left": 0.0,
        "right": 0.05721716514954486,
        "min_margin": 0.0,
        "mean_margin": 0.21742929128738622
      },
      "corner_anchors": {
        "top_left": 0.3581729829311371,
        "top_right": 0.30639296770095825,
        "bottom_left": 0.4497004449367523,
        "bottom_right": 0.3763121962547302,
        "max_corner_weight": 0.4497004449367523,
        "has_corner_subject": 1
      }
    }
  }
}