{
  "meta": {
    "_dataset": "tvm_data",
    "_label": "emotion_dataset",
    "_relpath": "emotion_dataset/excitement/excitement_0215.jpg",
    "_filename": "excitement_0215.jpg",
    "_width": 500,
    "_height": 333
  },
  "features": {
    "geometric_structural": {
      "leading_lines": {
        "diagonal": 0,
        "vertical": 4,
        "horizontal": 4,
        "curved": 62
      },
      "leading_lines_strength": 0.09102730819245773,
      "symmetry_vertical": 0.5297784354190226,
      "symmetry_horizontal": 0.18861858708747228,
      "symmetry_radial": 0.23386002961554628,
      "rule_of_thirds": {
        "alignment_score": 2,
        "num_salient_objects": 24
      },
      "golden_ratio": {
        "golden_alignment_score": 4
      },
      "balance": {
        "static_balance": 0.9327006936073303,
        "dynamic_balance": 1.0,
        "dominant_quadrant": 0
      },
      "layering": {
        "foreground_ratio": 0.24528100617685306,
        "midground_ratio": 0.22858927990897268,
        "background_ratio": 0.5261297139141743,
        "depth_complexity": 0.249466835693343
      }
    },
    "spatial_layout": {
      "negative_space_ratio": 0.43609293725617687,
      "subject_isolation": 0.10000050796488946,
      "depth_of_field": {
        "blur_gradient_strength": 211.2579254707306,
        "sharpness_variance": 94608.28323655395,
        "min_sharpness": 0.0392156862745098,
        "max_sharpness": 1514.6680274540254
      },
      "perspective": {
        "has_vanishing_point": 1,
        "perspective_strength": 0.9468599033816425
      }
    },
    "contrast_color": {
      "high_contrast_ratio": 0.4711044172626788,
      "low_contrast_ratio": 0.5288955827373212,
      "mean_contrast": 39.06856155395508,
      "highlight_ratio": 0.35155996680259705,
      "shadow_ratio": 0.3421422839164734,
      "midtone_ratio": 0.3062977194786072,
      "warm_color_ratio": 0.25073146944083224,
      "cool_color_ratio": 0.3464828511053316,
      "complementary_color_score": 2.4444444444444446
    },
    "motion_dynamics": {
      "s_curve_count": 90,
      "motion_blur_score": 9.711083525108696,
      "dominant_direction_deg": 4.999999999999995,
      "direction_strength": 0.24610136947271694
    },
    "pattern_rhythm": {
      "repetition_score": 1.0,
      "rhythm_score": 1.0,
      "pattern_breaks": 17
    },
    "visual_mass_focus": {
      "point_of_interest": {
        "x": 0.4486345903771131,
        "y": 0.42578125,
        "strength": 1.0
      },
      "visual_mass_concentration": 0.19997561768530558,
      "mean_visual_weight": 0.10109027475118637,
      "face_count": 0,
      "has_directional_cues": 0
    },
    "framing_breathing": {
      "frame_in_frame_count": 0,
      "breathing_space": {
        "top": 0.126953125,
        "bottom": 0.498046875,
        "left": 0.11313394018205461,
        "right": 0.6410923276983095,
        "min_margin": 0.11313394018205461,
        "mean_margin": 0.34480656697009104
      },
      "corner_anchors": {
        "top_left": 0.7996559739112854,
        "top_right": 0.7432998418807983,
        "bottom_left": 0.6688409447669983,
        "bottom_right": 0.5889389514923096,
        "max_corner_weight": 0.7996559739112854,
        "has_corner_subject": 1
      }
    }
  }
}