{
  "meta": {
    "_dataset": "tvm_data",
    "_label": "testImages_artphoto",
    "_relpath": "testImages_artphoto/excitement_0216.jpg",
    "_filename": "excitement_0216.jpg",
    "_width": 365,
    "_height": 547
  },
  "features": {
    "geometric_structural": {
      "leading_lines": {
        "diagonal": 0,
        "vertical": 0,
        "horizontal": 0,
        "curved": 108
      },
      "leading_lines_strength": 0.1408083441981747,
      "symmetry_vertical": 0.5438804132573267,
      "symmetry_horizontal": 0.44208281291517126,
      "symmetry_radial": 0.3320910318228119,
      "rule_of_thirds": {
        "alignment_score": 2,
        "num_salient_objects": 77
      },
      "golden_ratio": {
        "golden_alignment_score": 3
      },
      "balance": {
        "static_balance": 0.9745470285415649,
        "dynamic_balance": 1.0,
        "dominant_quadrant": 1
      },
      "layering": {
        "foreground_ratio": 0.24461681062581486,
        "midground_ratio": 0.2986269556714472,
        "background_ratio": 0.45675623370273793,
        "depth_complexity": 0.06252237755613223
      }
    },
    "spatial_layout": {
      "negative_space_ratio": 0.45820770860495436,
      "subject_isolation": 0.09999898142112125,
      "depth_of_field": {
        "blur_gradient_strength": 74.62680869787435,
        "sharpness_variance": 33482.86512604455,
        "min_sharpness": 0.0,
        "max_sharpness": 2035.32849740902
      },
      "perspective": {
        "has_vanishing_point": 1,
        "perspective_strength": 0.6666666666666666
      }
    },
    "contrast_color": {
      "high_contrast_ratio": 0.30519169654498046,
      "low_contrast_ratio": 0.6948083034550195,
      "mean_contrast": 16.835084915161133,
      "highlight_ratio": 0.40785425901412964,
      "shadow_ratio": 0.07905954867601395,
      "midtone_ratio": 0.513086199760437,
      "warm_color_ratio": 0.4958136408083442,
      "cool_color_ratio": 0.0,
      "complementary_color_score": 0.0
    },
    "motion_dynamics": {
      "s_curve_count": 135,
      "motion_blur_score": 16.970770213171768,
      "dominant_direction_deg": 4.999999999999995,
      "direction_strength": 0.1991398101363899
    },
    "pattern_rhythm": {
      "repetition_score": 1.0,
      "rhythm_score": 1.0,
      "pattern_breaks": 13
    },
    "visual_mass_focus": {
      "point_of_interest": {
        "x": 0.552734375,
        "y": 0.546284224250326,
        "strength": 1.0
      },
      "visual_mass_concentration": 0.19989865140156454,
      "mean_visual_weight": 0.15809358656406403,
      "face_count": 0,
      "has_directional_cues": 0
    },
    "framing_breathing": {
      "frame_in_frame_count": 0,
      "breathing_space": {
        "top": 0.02346805736636245,
        "bottom": 0.4028683181225554,
        "left": 0.087890625,
        "right": 0.0,
        "min_margin": 0.0,
        "mean_margin": 0.12855675012222945
      },
      "corner_anchors": {
        "top_left": 0.4246837794780731,
        "top_right": 0.6126795411109924,
        "bottom_left": 0.7908766269683838,
        "bottom_right": 0.8261358141899109,
        "max_corner_weight": 0.8261358141899109,
        "has_corner_subject": 1
      }
    }
  }
}