{
  "meta": {
    "_dataset": "tvm_data",
    "_label": "emotion_dataset",
    "_relpath": "emotion_dataset/excitement/excitement_0742.jpg",
    "_filename": "excitement_0742.jpg",
    "_width": 500,
    "_height": 281
  },
  "features": {
    "geometric_structural": {
      "leading_lines": {
        "diagonal": 3,
        "vertical": 0,
        "horizontal": 16,
        "curved": 607
      },
      "leading_lines_strength": 0.6871569703622393,
      "symmetry_vertical": 0.19078001515759757,
      "symmetry_horizontal": 0.1421904432727967,
      "symmetry_radial": 0.10749521484095041,
      "rule_of_thirds": {
        "alignment_score": 1,
        "num_salient_objects": 108
      },
      "golden_ratio": {
        "golden_alignment_score": 2
      },
      "balance": {
        "static_balance": 0.8917748928070068,
        "dynamic_balance": 1.0,
        "dominant_quadrant": 1
      },
      "layering": {
        "foreground_ratio": 0.31804850439077936,
        "midground_ratio": 0.27510976948408344,
        "background_ratio": 0.4068417261251372,
        "depth_complexity": 1.074761445119087
      }
    },
    "spatial_layout": {
      "negative_space_ratio": 0.6625488817233809,
      "subject_isolation": 0.1000017151481888,
      "depth_of_field": {
        "blur_gradient_strength": 871.9302877411376,
        "sharpness_variance": 1726821.0747705759,
        "min_sharpness": 7.203097143750791,
        "max_sharpness": 11026.65431581412
      },
      "perspective": {
        "has_vanishing_point": 1,
        "perspective_strength": 0.9976677895827935
      }
    },
    "contrast_color": {
      "high_contrast_ratio": 0.5469221665751921,
      "low_contrast_ratio": 0.4530778334248079,
      "mean_contrast": 39.949798583984375,
      "highlight_ratio": 0.1066993698477745,
      "shadow_ratio": 0.10416309535503387,
      "midtone_ratio": 0.7891375422477722,
      "warm_color_ratio": 0.19797741149835346,
      "cool_color_ratio": 0.5902425219538968,
      "complementary_color_score": 2.0
    },
    "motion_dynamics": {
      "s_curve_count": 578,
      "motion_blur_score": 5.773374127058458,
      "dominant_direction_deg": -85.0,
      "direction_strength": 0.04136079857290803
    },
    "pattern_rhythm": {
      "repetition_score": 1.0,
      "rhythm_score": 1.0,
      "pattern_breaks": 26
    },
    "visual_mass_focus": {
      "point_of_interest": {
        "x": 0.6267837541163557,
        "y": 0.53515625,
        "strength": 1.0
      },
      "visual_mass_concentration": 0.19984692302414928,
      "mean_visual_weight": 0.2728729546070099,
      "face_count": 1,
      "has_directional_cues": 1
    },
    "framing_breathing": {
      "frame_in_frame_count": 0,
      "breathing_space": {
        "top": 0.38671875,
        "bottom": 0.306640625,
        "left": 0.8551042810098792,
        "right": 0.0,
        "min_margin": 0.0,
        "mean_margin": 0.3871159140024698
      },
      "corner_anchors": {
        "top_left": 0.47530603408813477,
        "top_right": 0.4135526716709137,
        "bottom_left": 0.32414939999580383,
        "bottom_right": 0.3251054286956787,
        "max_corner_weight": 0.47530603408813477,
        "has_corner_subject": 1
      }
    }
  }
}