{
  "meta": {
    "_dataset": "tvm_data",
    "_label": "emotion_dataset",
    "_relpath": "emotion_dataset/excitement/excitement_0101.jpg",
    "_filename": "excitement_0101.jpg",
    "_width": 331,
    "_height": 500
  },
  "features": {
    "geometric_structural": {
      "leading_lines": {
        "diagonal": 59,
        "vertical": 41,
        "horizontal": 32,
        "curved": 451
      },
      "leading_lines_strength": 0.7542043984476067,
      "symmetry_vertical": 0.4194507409318433,
      "symmetry_horizontal": 0.1399806839893063,
      "symmetry_radial": 0.1537101095275407,
      "rule_of_thirds": {
        "alignment_score": 0,
        "num_salient_objects": 11
      },
      "golden_ratio": {
        "golden_alignment_score": 0
      },
      "balance": {
        "static_balance": 0.7647690176963806,
        "dynamic_balance": 1.0,
        "dominant_quadrant": 3
      },
      "layering": {
        "foreground_ratio": 0.32412273609314357,
        "midground_ratio": 0.3458016655886158,
        "background_ratio": 0.3300755983182406,
        "depth_complexity": 0.9107680798404574
      }
    },
    "spatial_layout": {
      "negative_space_ratio": 0.7979639998382924,
      "subject_isolation": 0.10000101067270376,
      "depth_of_field": {
        "blur_gradient_strength": 625.3916347443628,
        "sharpness_variance": 1819050.1127866318,
        "min_sharpness": 0.0,
        "max_sharpness": 7137.23807082746
      },
      "perspective": {
        "has_vanishing_point": 1,
        "perspective_strength": 0.9997404956533021
      }
    },
    "contrast_color": {
      "high_contrast_ratio": 0.3788910899094437,
      "low_contrast_ratio": 0.6211089100905562,
      "mean_contrast": 19.597108840942383,
      "highlight_ratio": 0.011625262908637524,
      "shadow_ratio": 0.6614625453948975,
      "midtone_ratio": 0.32691216468811035,
      "warm_color_ratio": 0.16615964586028462,
      "cool_color_ratio": 0.5729250889391979,
      "complementary_color_score": 2.4444444444444446
    },
    "motion_dynamics": {
      "s_curve_count": 339,
      "motion_blur_score": 3.832850211411278,
      "dominant_direction_deg": 4.999999999999995,
      "direction_strength": 0.12323384944988268
    },
    "pattern_rhythm": {
      "repetition_score": 1.0,
      "rhythm_score": 1.0,
      "pattern_breaks": 3
    },
    "visual_mass_focus": {
      "point_of_interest": {
        "x": 0.6640625,
        "y": 0.8848641655886158,
        "strength": 1.0
      },
      "visual_mass_concentration": 0.1998327336675291,
      "mean_visual_weight": 0.13858966529369354,
      "face_count": 0,
      "has_directional_cues": 0
    },
    "framing_breathing": {
      "frame_in_frame_count": 0,
      "breathing_space": {
        "top": 0.871927554980595,
        "bottom": 0.054333764553686936,
        "left": 0.521484375,
        "right": 0.275390625,
        "min_margin": 0.054333764553686936,
        "mean_margin": 0.4307840798835705
      },
      "corner_anchors": {
        "top_left": 0.08395470678806305,
        "top_right": 0.0618908554315567,
        "bottom_left": 0.25861454010009766,
        "bottom_right": 0.2323358654975891,
        "max_corner_weight": 0.25861454010009766,
        "has_corner_subject": 0
      }
    }
  }
}