{
  "meta": {
    "_dataset": "tvm_data",
    "_label": "testImages_artphoto",
    "_relpath": "testImages_artphoto/excitement_0238.jpg",
    "_filename": "excitement_0238.jpg",
    "_width": 424,
    "_height": 471
  },
  "features": {
    "geometric_structural": {
      "leading_lines": {
        "diagonal": 0,
        "vertical": 8,
        "horizontal": 2,
        "curved": 75
      },
      "leading_lines_strength": 0.14938488576449913,
      "symmetry_vertical": 0.46122157453179163,
      "symmetry_horizontal": 0.2914410285633533,
      "symmetry_radial": 0.2850942732522179,
      "rule_of_thirds": {
        "alignment_score": 3,
        "num_salient_objects": 27
      },
      "golden_ratio": {
        "golden_alignment_score": 9
      },
      "balance": {
        "static_balance": 0.9245781898498535,
        "dynamic_balance": 1.0,
        "dominant_quadrant": 2
      },
      "layering": {
        "foreground_ratio": 0.3236798385325132,
        "midground_ratio": 0.1113761807996485,
        "background_ratio": 0.5649439806678384,
        "depth_complexity": 0.14868286802639977
      }
    },
    "spatial_layout": {
      "negative_space_ratio": 0.5514162730667839,
      "subject_isolation": 0.10000068651142355,
      "depth_of_field": {
        "blur_gradient_strength": 126.32083955882169,
        "sharpness_variance": 41914.41056548958,
        "min_sharpness": 0.0,
        "max_sharpness": 1047.7392896382532
      },
      "perspective": {
        "has_vanishing_point": 1,
        "perspective_strength": 0.9920424403183024
      }
    },
    "contrast_color": {
      "high_contrast_ratio": 0.4471042948154657,
      "low_contrast_ratio": 0.5528957051845342,
      "mean_contrast": 32.093746185302734,
      "highlight_ratio": 0.2335168570280075,
      "shadow_ratio": 0.24789240956306458,
      "midtone_ratio": 0.5185906887054443,
      "warm_color_ratio": 0.0,
      "cool_color_ratio": 0.0,
      "complementary_color_score": 0.0
    },
    "motion_dynamics": {
      "s_curve_count": 97,
      "motion_blur_score": 10.29488395403491,
      "dominant_direction_deg": 4.999999999999995,
      "direction_strength": 0.12598857644947967
    },
    "pattern_rhythm": {
      "repetition_score": 1.0,
      "rhythm_score": 1.0,
      "pattern_breaks": 20
    },
    "visual_mass_focus": {
      "point_of_interest": {
        "x": 0.4375,
        "y": 0.5114235500878734,
        "strength": 1.0
      },
      "visual_mass_concentration": 0.0,
      "mean_visual_weight": 0.0,
      "face_count": 0,
      "has_directional_cues": 0
    },
    "framing_breathing": {
      "frame_in_frame_count": 0,
      "breathing_space": {
        "top": 0.5219683655536028,
        "bottom": 0.0,
        "left": 0.0,
        "right": 0.060546875,
        "min_margin": 0.0,
        "mean_margin": 0.1456288101384007
      },
      "corner_anchors": {
        "top_left": 0.28664934635162354,
        "top_right": 0.0621366947889328,
        "bottom_left": 0.7923586964607239,
        "bottom_right": 0.6150007843971252,
        "max_corner_weight": 0.7923586964607239,
        "has_corner_subject": 1
      }
    }
  }
}