{
  "meta": {
    "_dataset": "tvm_data",
    "_label": "testImages_artphoto",
    "_relpath": "testImages_artphoto/excitement_0217.jpg",
    "_filename": "excitement_0217.jpg",
    "_width": 487,
    "_height": 411
  },
  "features": {
    "geometric_structural": {
      "leading_lines": {
        "diagonal": 0,
        "vertical": 2,
        "horizontal": 0,
        "curved": 89
      },
      "leading_lines_strength": 0.14991762767710048,
      "symmetry_vertical": 0.5650408236439256,
      "symmetry_horizontal": 0.5420771335763307,
      "symmetry_radial": 0.4679673276835889,
      "rule_of_thirds": {
        "alignment_score": 0,
        "num_salient_objects": 5
      },
      "golden_ratio": {
        "golden_alignment_score": 0
      },
      "balance": {
        "static_balance": 0.6534940004348755,
        "dynamic_balance": 1.0,
        "dominant_quadrant": 0
      },
      "layering": {
        "foreground_ratio": 0.2736209071252059,
        "midground_ratio": 0.18073324238056013,
        "background_ratio": 0.545645850494234,
        "depth_complexity": 0.09148426220391523
      }
    },
    "spatial_layout": {
      "negative_space_ratio": 0.12690164229818782,
      "subject_isolation": 0.10000193060131796,
      "depth_of_field": {
        "blur_gradient_strength": 118.22039736974004,
        "sharpness_variance": 30731.893516330125,
        "min_sharpness": 0.0,
        "max_sharpness": 1028.1039658688633
      },
      "perspective": {
        "has_vanishing_point": 1,
        "perspective_strength": 0.9904761904761905
      }
    },
    "contrast_color": {
      "high_contrast_ratio": 0.3004691361202636,
      "low_contrast_ratio": 0.6995308638797364,
      "mean_contrast": 18.49412727355957,
      "highlight_ratio": 0.8385116457939148,
      "shadow_ratio": 0.07527414709329605,
      "midtone_ratio": 0.08621420711278915,
      "warm_color_ratio": 0.005540825782537067,
      "cool_color_ratio": 0.1335557815074135,
      "complementary_color_score": 2.0555555555555554
    },
    "motion_dynamics": {
      "s_curve_count": 119,
      "motion_blur_score": 16.899380722950184,
      "dominant_direction_deg": 4.999999999999995,
      "direction_strength": 0.33375270284077124
    },
    "pattern_rhythm": {
      "repetition_score": 1.0,
      "rhythm_score": 1.0,
      "pattern_breaks": 2
    },
    "visual_mass_focus": {
      "point_of_interest": {
        "x": 0.3393739703459638,
        "y": 0.1640625,
        "strength": 1.0
      },
      "visual_mass_concentration": 0.19980114806425042,
      "mean_visual_weight": 0.07444006204605103,
      "face_count": 0,
      "has_directional_cues": 0
    },
    "framing_breathing": {
      "frame_in_frame_count": 0,
      "breathing_space": {
        "top": 0.0,
        "bottom": 0.615234375,
        "left": 0.14827018121911037,
        "right": 0.44810543657331137,
        "min_margin": 0.0,
        "mean_margin": 0.30290249819810544
      },
      "corner_anchors": {
        "top_left": 0.25748205184936523,
        "top_right": 0.18670162558555603,
        "bottom_left": 0.11260072886943817,
        "bottom_right": 0.17343485355377197,
        "max_corner_weight": 0.25748205184936523,
        "has_corner_subject": 0
      }
    }
  }
}