{
  "meta": {
    "_dataset": "tvm_data",
    "_label": "emotion_dataset",
    "_relpath": "emotion_dataset/excitement/excitement_0745.jpg",
    "_filename": "excitement_0745.jpg",
    "_width": 500,
    "_height": 375
  },
  "features": {
    "geometric_structural": {
      "leading_lines": {
        "diagonal": 12,
        "vertical": 0,
        "horizontal": 51,
        "curved": 251
      },
      "leading_lines_strength": 0.45973645680819913,
      "symmetry_vertical": 0.4483552023355989,
      "symmetry_horizontal": 0.2296135906753823,
      "symmetry_radial": 0.2246452150758181,
      "rule_of_thirds": {
        "alignment_score": 3,
        "num_salient_objects": 49
      },
      "golden_ratio": {
        "golden_alignment_score": 8
      },
      "balance": {
        "static_balance": 0.9171797037124634,
        "dynamic_balance": 1.0,
        "dominant_quadrant": 1
      },
      "layering": {
        "foreground_ratio": 0.3072440062225476,
        "midground_ratio": 0.1643541819180088,
        "background_ratio": 0.5284018118594437,
        "depth_complexity": 0.4051335731350436
      }
    },
    "spatial_layout": {
      "negative_space_ratio": 0.5803326317715959,
      "subject_isolation": 0.10000114385065886,
      "depth_of_field": {
        "blur_gradient_strength": 354.86320450166943,
        "sharpness_variance": 309249.99052547675,
        "min_sharpness": 0.984990985485871,
        "max_sharpness": 2656.1576316801234
      },
      "perspective": {
        "has_vanishing_point": 1,
        "perspective_strength": 0.9990180951045028
      }
    },
    "contrast_color": {
      "high_contrast_ratio": 0.4500651994875549,
      "low_contrast_ratio": 0.5499348005124451,
      "mean_contrast": 21.59840965270996,
      "highlight_ratio": 0.39446547627449036,
      "shadow_ratio": 0.13058485090732574,
      "midtone_ratio": 0.4749497175216675,
      "warm_color_ratio": 0.0007377836749633968,
      "cool_color_ratio": 0.032270886713030744,
      "complementary_color_score": 2.2222222222222223
    },
    "motion_dynamics": {
      "s_curve_count": 234,
      "motion_blur_score": 11.090776259660778,
      "dominant_direction_deg": 4.999999999999995,
      "direction_strength": 0.09532279465565713
    },
    "pattern_rhythm": {
      "repetition_score": 1.0,
      "rhythm_score": 1.0,
      "pattern_breaks": 14
    },
    "visual_mass_focus": {
      "point_of_interest": {
        "x": 0.5446559297218155,
        "y": 0.609375,
        "strength": 1.0
      },
      "visual_mass_concentration": 0.10908045845534407,
      "mean_visual_weight": 0.007595020346343517,
      "face_count": 0,
      "has_directional_cues": 0
    },
    "framing_breathing": {
      "frame_in_frame_count": 0,
      "breathing_space": {
        "top": 0.0,
        "bottom": 0.552734375,
        "left": 0.0,
        "right": 0.0,
        "min_margin": 0.0,
        "mean_margin": 0.13818359375
      },
      "corner_anchors": {
        "top_left": 0.630833089351654,
        "top_right": 0.6019453406333923,
        "bottom_left": 0.532983124256134,
        "bottom_right": 0.6418463587760925,
        "max_corner_weight": 0.6418463587760925,
        "has_corner_subject": 1
      }
    }
  }
}