{
  "meta": {
    "_dataset": "tvm_data",
    "_label": "emotion_dataset",
    "_relpath": "emotion_dataset/excitement/excitement_2893.jpg",
    "_filename": "excitement_2893.jpg",
    "_width": 500,
    "_height": 308
  },
  "features": {
    "geometric_structural": {
      "leading_lines": {
        "diagonal": 3,
        "vertical": 0,
        "horizontal": 3,
        "curved": 229
      },
      "leading_lines_strength": 0.28279181708784595,
      "symmetry_vertical": 0.5393818330992656,
      "symmetry_horizontal": 0.5750614631727966,
      "symmetry_radial": 0.38585115166751205,
      "rule_of_thirds": {
        "alignment_score": 2,
        "num_salient_objects": 17
      },
      "golden_ratio": {
        "golden_alignment_score": 3
      },
      "balance": {
        "static_balance": 0.7386809587478638,
        "dynamic_balance": 1.0,
        "dominant_quadrant": 3
      },
      "layering": {
        "foreground_ratio": 0.2854147864019254,
        "midground_ratio": 0.11716869735258724,
        "background_ratio": 0.5974165162454874,
        "depth_complexity": 0.2879851497415313
      }
    },
    "spatial_layout": {
      "negative_space_ratio": 0.953971119133574,
      "subject_isolation": 0.10000188026474127,
      "depth_of_field": {
        "blur_gradient_strength": 290.6436089097985,
        "sharpness_variance": 477585.86019000167,
        "min_sharpness": 0.2764319936687764,
        "max_sharpness": 5368.610971056145
      },
      "perspective": {
        "has_vanishing_point": 1,
        "perspective_strength": 0.97165991902834
      }
    },
    "contrast_color": {
      "high_contrast_ratio": 0.31788695848375453,
      "low_contrast_ratio": 0.6821130415162455,
      "mean_contrast": 11.261173248291016,
      "highlight_ratio": 0.00988784246146679,
      "shadow_ratio": 0.13112731277942657,
      "midtone_ratio": 0.8589848875999451,
      "warm_color_ratio": 0.0597806671179302,
      "cool_color_ratio": 0.0018591117629362215,
      "complementary_color_score": 2.111111111111111
    },
    "motion_dynamics": {
      "s_curve_count": 219,
      "motion_blur_score": 7.20251414644811,
      "dominant_direction_deg": 4.999999999999995,
      "direction_strength": 0.11912182235230727
    },
    "pattern_rhythm": {
      "repetition_score": 1.0,
      "rhythm_score": 1.0,
      "pattern_breaks": 5
    },
    "visual_mass_focus": {
      "point_of_interest": {
        "x": 0.6847172081829122,
        "y": 0.720703125,
        "strength": 1.0
      },
      "visual_mass_concentration": 0.19982983604091456,
      "mean_visual_weight": 0.03247515484690666,
      "face_count": 0,
      "has_directional_cues": 0
    },
    "framing_breathing": {
      "frame_in_frame_count": 0,
      "breathing_space": {
        "top": 0.599609375,
        "bottom": 0.193359375,
        "left": 0.5439229843561973,
        "right": 0.17448856799037304,
        "min_margin": 0.17448856799037304,
        "mean_margin": 0.3778450755866426
      },
      "corner_anchors": {
        "top_left": 0.060896459966897964,
        "top_right": 0.07891833782196045,
        "bottom_left": 0.07285834848880768,
        "bottom_right": 0.05716568976640701,
        "max_corner_weight": 0.07891833782196045,
        "has_corner_subject": 0
      }
    }
  }
}