{
  "meta": {
    "_dataset": "tvm_data",
    "_label": "emotion_dataset",
    "_relpath": "emotion_dataset/excitement/excitement_2470.jpg",
    "_filename": "excitement_2470.jpg",
    "_width": 500,
    "_height": 375
  },
  "features": {
    "geometric_structural": {
      "leading_lines": {
        "diagonal": 3,
        "vertical": 0,
        "horizontal": 7,
        "curved": 332
      },
      "leading_lines_strength": 0.5007320644216691,
      "symmetry_vertical": 0.31933868736785775,
      "symmetry_horizontal": 0.12520994776763633,
      "symmetry_radial": 0.1344353778253556,
      "rule_of_thirds": {
        "alignment_score": 7,
        "num_salient_objects": 150
      },
      "golden_ratio": {
        "golden_alignment_score": 15
      },
      "balance": {
        "static_balance": 0.9643439054489136,
        "dynamic_balance": 1.0,
        "dominant_quadrant": 2
      },
      "layering": {
        "foreground_ratio": 0.31204245973645683,
        "midground_ratio": 0.21457494509516836,
        "background_ratio": 0.47338259516837483,
        "depth_complexity": 1.674434444443101
      }
    },
    "spatial_layout": {
      "negative_space_ratio": 0.5080412701317716,
      "subject_isolation": 0.10000114385065886,
      "depth_of_field": {
        "blur_gradient_strength": 1191.9562981384543,
        "sharpness_variance": 3975673.984353631,
        "min_sharpness": 3.5319952799628567,
        "max_sharpness": 8906.291125126954
      },
      "perspective": {
        "has_vanishing_point": 1,
        "perspective_strength": 0.9966996699669967
      }
    },
    "contrast_color": {
      "high_contrast_ratio": 0.4566280426427526,
      "low_contrast_ratio": 0.5433719573572474,
      "mean_contrast": 41.99668884277344,
      "highlight_ratio": 0.3083449602127075,
      "shadow_ratio": 0.45085445046424866,
      "midtone_ratio": 0.24080058932304382,
      "warm_color_ratio": 0.12603518484626647,
      "cool_color_ratio": 0.22747472090043924,
      "complementary_color_score": 2.0
    },
    "motion_dynamics": {
      "s_curve_count": 303,
      "motion_blur_score": 5.3982798186202245,
      "dominant_direction_deg": 95.0,
      "direction_strength": 0.061567761712854684
    },
    "pattern_rhythm": {
      "repetition_score": 1.0,
      "rhythm_score": 1.0,
      "pattern_breaks": 33
    },
    "visual_mass_focus": {
      "point_of_interest": {
        "x": 0.3718887262079063,
        "y": 0.560546875,
        "strength": 1.0
      },
      "visual_mass_concentration": 0.19906718978770133,
      "mean_visual_weight": 0.05044166371226311,
      "face_count": 0,
      "has_directional_cues": 0
    },
    "framing_breathing": {
      "frame_in_frame_count": 0,
      "breathing_space": {
        "top": 0.21875,
        "bottom": 0.0,
        "left": 0.0,
        "right": 0.0,
        "min_margin": 0.0,
        "mean_margin": 0.0546875
      },
      "corner_anchors": {
        "top_left": 0.5659631490707397,
        "top_right": 0.5300316214561462,
        "bottom_left": 0.7684983611106873,
        "bottom_right": 0.6363190412521362,
        "max_corner_weight": 0.7684983611106873,
        "has_corner_subject": 1
      }
    }
  }
}