{
  "meta": {
    "_dataset": "tvm_data",
    "_label": "emotion_dataset",
    "_relpath": "emotion_dataset/excitement/excitement_0110.jpg",
    "_filename": "excitement_0110.jpg",
    "_width": 500,
    "_height": 500
  },
  "features": {
    "geometric_structural": {
      "leading_lines": {
        "diagonal": 0,
        "vertical": 0,
        "horizontal": 0,
        "curved": 17
      },
      "leading_lines_strength": 0.033203125,
      "symmetry_vertical": 0.4044866917527429,
      "symmetry_horizontal": 0.3063295446042121,
      "symmetry_radial": 0.30195552444255497,
      "rule_of_thirds": {
        "alignment_score": 1,
        "num_salient_objects": 26
      },
      "golden_ratio": {
        "golden_alignment_score": 3
      },
      "balance": {
        "static_balance": 0.9787250757217407,
        "dynamic_balance": 1.0,
        "dominant_quadrant": 2
      },
      "layering": {
        "foreground_ratio": 0.3117828369140625,
        "midground_ratio": 0.2702674865722656,
        "background_ratio": 0.4179496765136719,
        "depth_complexity": 0.33561401993682377
      }
    },
    "spatial_layout": {
      "negative_space_ratio": 0.6520156860351562,
      "subject_isolation": 0.10000228881835938,
      "depth_of_field": {
        "blur_gradient_strength": 366.1557946235835,
        "sharpness_variance": 253737.31652278668,
        "min_sharpness": 5.716505392818336,
        "max_sharpness": 3201.5497885428686
      },
      "perspective": {
        "has_vanishing_point": 1,
        "perspective_strength": 0.7727272727272727
      }
    },
    "contrast_color": {
      "high_contrast_ratio": 0.5659446716308594,
      "low_contrast_ratio": 0.4340553283691406,
      "mean_contrast": 48.19049835205078,
      "highlight_ratio": 0.008235931396484375,
      "shadow_ratio": 0.5755119323730469,
      "midtone_ratio": 0.41625213623046875,
      "warm_color_ratio": 0.2731895446777344,
      "cool_color_ratio": 0.5449104309082031,
      "complementary_color_score": 2.4444444444444446
    },
    "motion_dynamics": {
      "s_curve_count": 25,
      "motion_blur_score": 4.984533729218292,
      "dominant_direction_deg": 95.0,
      "direction_strength": 0.04302215576155463
    },
    "pattern_rhythm": {
      "repetition_score": 1.0,
      "rhythm_score": 1.0,
      "pattern_breaks": 6
    },
    "visual_mass_focus": {
      "point_of_interest": {
        "x": 0.494140625,
        "y": 0.517578125,
        "strength": 1.0
      },
      "visual_mass_concentration": 0.19998550415039062,
      "mean_visual_weight": 0.1906568706035614,
      "face_count": 0,
      "has_directional_cues": 0
    },
    "framing_breathing": {
      "frame_in_frame_count": 0,
      "breathing_space": {
        "top": 0.01953125,
        "bottom": 0.01171875,
        "left": 0.0,
        "right": 0.009765625,
        "min_margin": 0.0,
        "mean_margin": 0.01025390625
      },
      "corner_anchors": {
        "top_left": 0.2840348482131958,
        "top_right": 0.3000876307487488,
        "bottom_left": 0.39425697922706604,
        "bottom_right": 0.40336886048316956,
        "max_corner_weight": 0.40336886048316956,
        "has_corner_subject": 1
      }
    }
  }
}