{
  "meta": {
    "_dataset": "tvm_data",
    "_label": "emotion_dataset",
    "_relpath": "emotion_dataset/excitement/excitement_2823.jpg",
    "_filename": "excitement_2823.jpg",
    "_width": 500,
    "_height": 500
  },
  "features": {
    "geometric_structural": {
      "leading_lines": {
        "diagonal": 2,
        "vertical": 16,
        "horizontal": 5,
        "curved": 118
      },
      "leading_lines_strength": 0.275390625,
      "symmetry_vertical": 0.5044307734801409,
      "symmetry_horizontal": 0.4767842777121676,
      "symmetry_radial": 0.3822050846497942,
      "rule_of_thirds": {
        "alignment_score": 0,
        "num_salient_objects": 1
      },
      "golden_ratio": {
        "golden_alignment_score": 0
      },
      "balance": {
        "static_balance": 0.9165877103805542,
        "dynamic_balance": 1.0,
        "dominant_quadrant": 3
      },
      "layering": {
        "foreground_ratio": 0.3065834045410156,
        "midground_ratio": 0.2774391174316406,
        "background_ratio": 0.41597747802734375,
        "depth_complexity": 1.2904370880126954
      }
    },
    "spatial_layout": {
      "negative_space_ratio": 0.4756622314453125,
      "subject_isolation": 0.10000228881835938,
      "depth_of_field": {
        "blur_gradient_strength": 1183.1336285264022,
        "sharpness_variance": 2665475.3589499136,
        "min_sharpness": 0.0,
        "max_sharpness": 9579.408848606274
      },
      "perspective": {
        "has_vanishing_point": 1,
        "perspective_strength": 0.9988558352402745
      }
    },
    "contrast_color": {
      "high_contrast_ratio": 0.5159454345703125,
      "low_contrast_ratio": 0.4840545654296875,
      "mean_contrast": 39.52466583251953,
      "highlight_ratio": 0.42572021484375,
      "shadow_ratio": 0.23007965087890625,
      "midtone_ratio": 0.34420013427734375,
      "warm_color_ratio": 0.2746620178222656,
      "cool_color_ratio": 0.22066497802734375,
      "complementary_color_score": 2.5
    },
    "motion_dynamics": {
      "s_curve_count": 103,
      "motion_blur_score": 9.666251577944822,
      "dominant_direction_deg": 4.999999999999995,
      "direction_strength": 0.3481674194322656
    },
    "pattern_rhythm": {
      "repetition_score": 1.0,
      "rhythm_score": 1.0,
      "pattern_breaks": 1
    },
    "visual_mass_focus": {
      "point_of_interest": {
        "x": 0.494140625,
        "y": 0.552734375,
        "strength": 1.0
      },
      "visual_mass_concentration": 0.199951171875,
      "mean_visual_weight": 0.10572416335344315,
      "face_count": 1,
      "has_directional_cues": 1
    },
    "framing_breathing": {
      "frame_in_frame_count": 0,
      "breathing_space": {
        "top": 0.0,
        "bottom": 0.0,
        "left": 0.0,
        "right": 0.0,
        "min_margin": 0.0,
        "mean_margin": 0.0
      },
      "corner_anchors": {
        "top_left": 0.7029667496681213,
        "top_right": 0.7382039427757263,
        "bottom_left": 0.7679942846298218,
        "bottom_right": 0.7624418139457703,
        "max_corner_weight": 0.7679942846298218,
        "has_corner_subject": 1
      }
    }
  }
}