{
  "meta": {
    "_dataset": "tvm_data",
    "_label": "emotion_dataset",
    "_relpath": "emotion_dataset/excitement/excitement_2822.jpg",
    "_filename": "excitement_2822.jpg",
    "_width": 333,
    "_height": 500
  },
  "features": {
    "geometric_structural": {
      "leading_lines": {
        "diagonal": 29,
        "vertical": 5,
        "horizontal": 30,
        "curved": 361
      },
      "leading_lines_strength": 0.552665799739922,
      "symmetry_vertical": 0.30967926320632955,
      "symmetry_horizontal": 0.17919220609061529,
      "symmetry_radial": 0.1329843756711328,
      "rule_of_thirds": {
        "alignment_score": 1,
        "num_salient_objects": 37
      },
      "golden_ratio": {
        "golden_alignment_score": 1
      },
      "balance": {
        "static_balance": 0.8277604579925537,
        "dynamic_balance": 1.0,
        "dominant_quadrant": 1
      },
      "layering": {
        "foreground_ratio": 0.3331995692457737,
        "midground_ratio": 0.2183995042262679,
        "background_ratio": 0.4484009265279584,
        "depth_complexity": 0.9276302999571914
      }
    },
    "spatial_layout": {
      "negative_space_ratio": 0.3888776007802341,
      "subject_isolation": 0.10000050796488946,
      "depth_of_field": {
        "blur_gradient_strength": 665.9508657451718,
        "sharpness_variance": 1053069.0958052136,
        "min_sharpness": 16.642058380822686,
        "max_sharpness": 5129.013386594131
      },
      "perspective": {
        "has_vanishing_point": 1,
        "perspective_strength": 0.9875735775016351
      }
    },
    "contrast_color": {
      "high_contrast_ratio": 0.3974012516254877,
      "low_contrast_ratio": 0.6025987483745123,
      "mean_contrast": 25.657573699951172,
      "highlight_ratio": 0.026406554505228996,
      "shadow_ratio": 0.31463852524757385,
      "midtone_ratio": 0.6589549779891968,
      "warm_color_ratio": 0.5225282428478544,
      "cool_color_ratio": 0.0826027105006502,
      "complementary_color_score": 2.5
    },
    "motion_dynamics": {
      "s_curve_count": 296,
      "motion_blur_score": 5.858191232553334,
      "dominant_direction_deg": 175.0,
      "direction_strength": 0.04297636947323285
    },
    "pattern_rhythm": {
      "repetition_score": 1.0,
      "rhythm_score": 1.0,
      "pattern_breaks": 9
    },
    "visual_mass_focus": {
      "point_of_interest": {
        "x": 0.318359375,
        "y": 0.247074122236671,
        "strength": 1.0
      },
      "visual_mass_concentration": 0.19982576804291288,
      "mean_visual_weight": 0.11953677982091904,
      "face_count": 0,
      "has_directional_cues": 0
    },
    "framing_breathing": {
      "frame_in_frame_count": 0,
      "breathing_space": {
        "top": 0.18075422626788037,
        "bottom": 0.7269180754226268,
        "left": 0.0,
        "right": 0.95703125,
        "min_margin": 0.0,
        "mean_margin": 0.46617588792262676
      },
      "corner_anchors": {
        "top_left": 0.3262968063354492,
        "top_right": 0.3840796947479248,
        "bottom_left": 0.2460646629333496,
        "bottom_right": 0.11883386969566345,
        "max_corner_weight": 0.3840796947479248,
        "has_corner_subject": 1
      }
    }
  }
}