{
  "meta": {
    "_dataset": "tvm_data",
    "_label": "testImages_artphoto",
    "_relpath": "testImages_artphoto/excitement_0215.jpg",
    "_filename": "excitement_0215.jpg",
    "_width": 520,
    "_height": 384
  },
  "features": {
    "geometric_structural": {
      "leading_lines": {
        "diagonal": 0,
        "vertical": 0,
        "horizontal": 3,
        "curved": 82
      },
      "leading_lines_strength": 0.12265512265512266,
      "symmetry_vertical": 0.6449619348949175,
      "symmetry_horizontal": 0.5081694365005905,
      "symmetry_radial": 0.4248557736183802,
      "rule_of_thirds": {
        "alignment_score": 0,
        "num_salient_objects": 5
      },
      "golden_ratio": {
        "golden_alignment_score": 0
      },
      "balance": {
        "static_balance": 0.9243147373199463,
        "dynamic_balance": 1.0,
        "dominant_quadrant": 0
      },
      "layering": {
        "foreground_ratio": 0.28272118506493504,
        "midground_ratio": 0.3097041847041847,
        "background_ratio": 0.40757463023088025,
        "depth_complexity": 0.08553080197896211
      }
    },
    "spatial_layout": {
      "negative_space_ratio": 0.5170623647186147,
      "subject_isolation": 0.10000112734487734,
      "depth_of_field": {
        "blur_gradient_strength": 87.91509462119171,
        "sharpness_variance": 25931.781580863586,
        "min_sharpness": 1.0760117844244392,
        "max_sharpness": 1393.7859924634906
      },
      "perspective": {
        "has_vanishing_point": 1,
        "perspective_strength": 0.9666666666666667
      }
    },
    "contrast_color": {
      "high_contrast_ratio": 0.3360558712121212,
      "low_contrast_ratio": 0.6639441287878788,
      "mean_contrast": 15.20658016204834,
      "highlight_ratio": 0.005989019758999348,
      "shadow_ratio": 0.0118117555975914,
      "midtone_ratio": 0.9821992516517639,
      "warm_color_ratio": 0.09287630772005773,
      "cool_color_ratio": 0.40555950126262624,
      "complementary_color_score": 2.0555555555555554
    },
    "motion_dynamics": {
      "s_curve_count": 129,
      "motion_blur_score": 17.40375578466694,
      "dominant_direction_deg": 95.0,
      "direction_strength": 0.15933892496347588
    },
    "pattern_rhythm": {
      "repetition_score": 1.0,
      "rhythm_score": 1.0,
      "pattern_breaks": 2
    },
    "visual_mass_focus": {
      "point_of_interest": {
        "x": 0.2106782106782107,
        "y": 0.6953125,
        "strength": 1.0
      },
      "visual_mass_concentration": 0.19993743235930736,
      "mean_visual_weight": 0.1308964490890503,
      "face_count": 0,
      "has_directional_cues": 0
    },
    "framing_breathing": {
      "frame_in_frame_count": 0,
      "breathing_space": {
        "top": 0.6171875,
        "bottom": 0.248046875,
        "left": 0.22077922077922077,
        "right": 0.7243867243867244,
        "min_margin": 0.22077922077922077,
        "mean_margin": 0.4526000800414863
      },
      "corner_anchors": {
        "top_left": 0.2311600297689438,
        "top_right": 0.1700821965932846,
        "bottom_left": 0.3566589951515198,
        "bottom_right": 0.27785709500312805,
        "max_corner_weight": 0.3566589951515198,
        "has_corner_subject": 1
      }
    }
  }
}